direction,source_claim_id,source_chunk_id,source_doc_id,source_country,source_topic_space,source_topic,source_topic_code,source_relation_type,source_claim,source_excerpt,matched_claim_id,matched_chunk_id,matched_topic_space,matched_topic,matched_topic_code,matched_claim,matched_excerpt,top1_similarity,topk_mean_similarity,coverage_deficit,embedding_method,below_calibrated_threshold,coverage_threshold,threshold_method
synthetic_to_policy,synthetic_sentiment_claim_00000,sentiment_synthetic_sentiment_press_release_aa_chunk_0001,sentiment_synthetic_sentiment_press_release_aa,synthetic,sentiment,7,S7,requires_or_depends_on,"Public confidence depends on AI literacy, fair access and artificial intelligence.","Public confidence depends on AI literacy, fair access and artificial intelligence.",policy_claim_00032,policy_2025_12_16_first_interim_report_en_chunk_0007,policy,8,P8,"Information for the public on digital literacy and AI, critical thinking, their rights, consent, profiling, bias, scams and bad actors, AI and its potential harms and benefits, how to have a voice in terms of public policy around AI, how to engage in or opt out of AI on their devices, how to ensure their digital rights are being respected and that they can access information on how AI systems are being used in public service bodies.","Information for the public on digital literacy and AI, critical thinking, their rights, consent, profiling, bias, scams and bad actors, AI and its potential harms and benefits, how to have a voice in terms of public policy around AI, how to engage in or opt out of AI on their devices, how to ensure their digital rights are being respected and that they can access information on how AI systems are being used in public service bodies.",0.759412407875061,0.757548987865448,0.242451012134552,sentence_transformer:sentence-transformers/paraphrase-multilingual-MiniLM-L12-v2,False,0.5118606686592102,pooled_empirical_10th_percentile_provisional
synthetic_to_policy,synthetic_sentiment_claim_00001,sentiment_synthetic_sentiment_press_release_aa_chunk_0001,sentiment_synthetic_sentiment_press_release_aa,synthetic,sentiment,7,S7,requires_or_depends_on,"Public confidence depends on privacy and data protection, positive effects and teaching and learning.","Public confidence depends on privacy and data protection, positive effects and teaching and learning.",policy_claim_02003,policy_ai_systems_in_teaching_and_learning_principles_and_practical_exa_chunk_0025,policy,6,P6,"They elaborate by saying, 'Data protection policies should ensure that the collection of data contributes to securing effectiveness and equity in education while protecting students' and teachers' privacy' (p.","They elaborate by saying, 'Data protection policies should ensure that the collection of data contributes to securing effectiveness and equity in education while protecting students' and teachers' privacy' (p.",0.7085334062576294,0.6897056102752686,0.31029438972473145,sentence_transformer:sentence-transformers/paraphrase-multilingual-MiniLM-L12-v2,False,0.5118606686592102,pooled_empirical_10th_percentile_provisional
synthetic_to_policy,synthetic_sentiment_claim_00002,sentiment_synthetic_sentiment_press_release_aa_chunk_0001,sentiment_synthetic_sentiment_press_release_aa,synthetic,sentiment,7,S7,requires_or_depends_on,"Public confidence depends on responsible use, public policy and generative AI.","Public confidence depends on responsible use, public policy and generative AI.",policy_claim_01250,policy_ai_in_australian_education_snapshot_principles_policy_and_practice_august_2023_chunk_0029,policy,6,P6,"Earning the public's trust Including developing technical mechanisms ensuring users know when they are interacting with an AI, a commitment to publicly report on AI systems' capabilities, limitations, and appropriate and inappropriate use, the prioritization of research on risks, and a focus on using the technologies to help address society's greatest challenges.","Earning the public's trust Including developing technical mechanisms ensuring users know when they are interacting with an AI, a commitment to publicly report on AI systems' capabilities, limitations, and appropriate and inappropriate use, the prioritization of research on risks, and a focus on using the technologies to help address society's greatest challenges.",0.7674940824508667,0.7064798474311829,0.29352015256881714,sentence_transformer:sentence-transformers/paraphrase-multilingual-MiniLM-L12-v2,False,0.5118606686592102,pooled_empirical_10th_percentile_provisional
synthetic_to_policy,synthetic_sentiment_claim_00003,sentiment_synthetic_sentiment_press_release_aa_chunk_0001,sentiment_synthetic_sentiment_press_release_aa,synthetic,sentiment,7,S7,causes_or_increases,"While GenAI offers many benefits, such as facilitating artistic exploration and innovation, making language learning more inclusive, and providing personalised feedback and guidance, it also raises important questions about the nature of creativity, human interaction, and the role of the teacher in the learning process.","While GenAI offers many benefits, such as facilitating artistic exploration and innovation, making language learning more inclusive, and providing personalised feedback and guidance, it also raises important questions about the nature of creativity, human interaction, and the role of the teacher in the learning process.",policy_claim_02741,policy_guidance_for_ai_policy_development_chunk_0001,policy,7,P7,"If used appropriately, GenAI has the potential to truly revolutionize the classroom, freeing up instructional time for educators and allowing for greater innovation.","If used appropriately, GenAI has the potential to truly revolutionize the classroom, freeing up instructional time for educators and allowing for greater innovation.",0.7489904165267944,0.735144853591919,0.26485514640808105,sentence_transformer:sentence-transformers/paraphrase-multilingual-MiniLM-L12-v2,False,0.5118606686592102,pooled_empirical_10th_percentile_provisional
synthetic_to_policy,synthetic_sentiment_claim_00004,sentiment_synthetic_sentiment_press_release_aa_chunk_0001,sentiment_synthetic_sentiment_press_release_aa,synthetic,sentiment,7,S7,requires_or_depends_on,"Public confidence depends on professional learning, responsible use and teacher training.","Public confidence depends on professional learning, responsible use and teacher training.",policy_claim_03869,policy_the_new_ai_powered_classroom_implications_for_students_teachers_and_equity_chunk_0045,policy,7,P7,"There is convincing evidence that implies teacher coaching improves instructional practice, student learning, and student achievement when coachers and teachers have defined roles and a relationship of trust 43 .","There is convincing evidence that implies teacher coaching improves instructional practice, student learning, and student achievement when coachers and teachers have defined roles and a relationship of trust 43 .",0.6545858383178711,0.6444600224494934,0.3555399775505066,sentence_transformer:sentence-transformers/paraphrase-multilingual-MiniLM-L12-v2,False,0.5118606686592102,pooled_empirical_10th_percentile_provisional
synthetic_to_policy,synthetic_sentiment_claim_00005,sentiment_synthetic_sentiment_press_release_aa_chunk_0002,sentiment_synthetic_sentiment_press_release_aa,synthetic,sentiment,4,S4,causes_or_increases,"As one study participant argued, 'the new AI trends should not be disregarded and blocked, but rather explored and addressed responsibly because we never know what it could bring us in the end'.","As one study participant argued, 'the new AI trends should not be disregarded and blocked, but rather explored and addressed responsibly because we never know what it could bring us in the end'.",policy_claim_02780,policy_guidance_for_ai_policy_development_chunk_0015,policy,7,P7,Will we need to rethink assessments with AI?,Will we need to rethink assessments with AI?,0.7072840332984924,0.6973779201507568,0.30262207984924316,sentence_transformer:sentence-transformers/paraphrase-multilingual-MiniLM-L12-v2,False,0.5118606686592102,pooled_empirical_10th_percentile_provisional
synthetic_to_policy,synthetic_sentiment_claim_00006,sentiment_synthetic_sentiment_press_release_aa_chunk_0002,sentiment_synthetic_sentiment_press_release_aa,synthetic,sentiment,4,S4,requires_or_depends_on,"Public confidence depends on young people, AI literacy and fair access.","Public confidence depends on young people, AI literacy and fair access.",policy_claim_01250,policy_ai_in_australian_education_snapshot_principles_policy_and_practice_august_2023_chunk_0029,policy,6,P6,"Earning the public's trust Including developing technical mechanisms ensuring users know when they are interacting with an AI, a commitment to publicly report on AI systems' capabilities, limitations, and appropriate and inappropriate use, the prioritization of research on risks, and a focus on using the technologies to help address society's greatest challenges.","Earning the public's trust Including developing technical mechanisms ensuring users know when they are interacting with an AI, a commitment to publicly report on AI systems' capabilities, limitations, and appropriate and inappropriate use, the prioritization of research on risks, and a focus on using the technologies to help address society's greatest challenges.",0.7042208909988403,0.685875654220581,0.31412434577941895,sentence_transformer:sentence-transformers/paraphrase-multilingual-MiniLM-L12-v2,False,0.5118606686592102,pooled_empirical_10th_percentile_provisional
synthetic_to_policy,synthetic_sentiment_claim_00007,sentiment_synthetic_sentiment_press_release_aa_chunk_0002,sentiment_synthetic_sentiment_press_release_aa,synthetic,sentiment,4,S4,causes_or_increases,"When such activities take place, they seem to be primarily driven by young people's interests in the latest technology trends or are grounded in previous experimentation with technologies in youth work settings.","When such activities take place, they seem to be primarily driven by young people's interests in the latest technology trends or are grounded in previous experimentation with technologies in youth work settings.",policy_claim_01607,policy_ai_report_us_gov_chunk_0003,policy,7,P7,"Naturally, educators wonder if the rapid advances in technology in everyday lives could help.","Naturally, educators wonder if the rapid advances in technology in everyday lives could help.",0.6691161394119263,0.6447376608848572,0.3552623391151428,sentence_transformer:sentence-transformers/paraphrase-multilingual-MiniLM-L12-v2,False,0.5118606686592102,pooled_empirical_10th_percentile_provisional
synthetic_to_policy,synthetic_sentiment_claim_00008,sentiment_synthetic_sentiment_press_release_aa_chunk_0002,sentiment_synthetic_sentiment_press_release_aa,synthetic,sentiment,4,S4,requires_or_depends_on,"Public confidence depends on public policy, teaching and learning and negative effects.","Public confidence depends on public policy, teaching and learning and negative effects.",policy_claim_00135,policy_2026_01_20_opening_statement_ruth_kennedy_revenue_commissioner_et_al_office_of_the_revenue_commissioners_en_chunk_0003,policy,8,P8,Revenue 's effectiveness as a tax and customs administration depends on the public's trust and confidence in its fairness and integrity.,Revenue 's effectiveness as a tax and customs administration depends on the public's trust and confidence in its fairness and integrity.,0.5958924293518066,0.5730066895484924,0.42699331045150757,sentence_transformer:sentence-transformers/paraphrase-multilingual-MiniLM-L12-v2,False,0.5118606686592102,pooled_empirical_10th_percentile_provisional
synthetic_to_policy,synthetic_sentiment_claim_00009,sentiment_synthetic_sentiment_press_release_aa_chunk_0003,sentiment_synthetic_sentiment_press_release_aa,synthetic,sentiment,3,S3,causes_or_increases,"AI is important due to its ability to automate tasks, improve efficiency, and enhance decision-making processes.","AI is important due to its ability to automate tasks, improve efficiency, and enhance decision-making processes.",policy_claim_02059,policy_ai_to_support_learning_and_teaching_in_the_re_classroom_chunk_0002,policy,1,P1,"Artificial intelligence (AI) is technology that enables computers and machines to simulate human learning, comprehension, problem solving, decision making, creativity and autonomy.","Artificial intelligence (AI) is technology that enables computers and machines to simulate human learning, comprehension, problem solving, decision making, creativity and autonomy.",0.8182363510131836,0.8126742243766785,0.18732577562332153,sentence_transformer:sentence-transformers/paraphrase-multilingual-MiniLM-L12-v2,False,0.5118606686592102,pooled_empirical_10th_percentile_provisional
synthetic_to_policy,synthetic_sentiment_claim_00010,sentiment_synthetic_sentiment_press_release_aa_chunk_0003,sentiment_synthetic_sentiment_press_release_aa,synthetic,sentiment,3,S3,enables_or_supports,"Its impact in Europe is significant, with investments in research and development and initiatives to promote its adoption.","Its impact in Europe is significant, with investments in research and development and initiatives to promote its adoption.",policy_claim_02408,policy_digital_strategy_for_schools_to_2027_chunk_0080,policy,5,P5,This blended learning approach continues to increase in prominence across Europe and globally.,This blended learning approach continues to increase in prominence across Europe and globally.,0.590180516242981,0.5753454566001892,0.4246545433998108,sentence_transformer:sentence-transformers/paraphrase-multilingual-MiniLM-L12-v2,False,0.5118606686592102,pooled_empirical_10th_percentile_provisional
synthetic_to_policy,synthetic_sentiment_claim_00011,sentiment_synthetic_sentiment_press_release_aa_chunk_0003,sentiment_synthetic_sentiment_press_release_aa,synthetic,sentiment,3,S3,causes_or_increases,"However, the adoption of AI also raises ethical and societal concerns that need to be addressed.","However, the adoption of AI also raises ethical and societal concerns that need to be addressed.",policy_claim_00796,policy_ai_competency_framework_for_teachers_chunk_0043,policy,3,P3,"However, the effective and ethical use of AI in education depends on various factors including, but not limited to, access to digital infrastructure, and to the internet in particular; availability of AI resources; regulations on data security and privacy; policy guidance and incentives; and professional development opportunities.","However, the effective and ethical use of AI in education depends on various factors including, but not limited to, access to digital infrastructure, and to the internet in particular; availability of AI resources; regulations on data security and privacy; policy guidance and incentives; and professional development opportunities.",0.7866019606590271,0.7838099598884583,0.21619004011154175,sentence_transformer:sentence-transformers/paraphrase-multilingual-MiniLM-L12-v2,False,0.5118606686592102,pooled_empirical_10th_percentile_provisional
synthetic_to_policy,synthetic_sentiment_claim_00012,sentiment_synthetic_sentiment_press_release_aa_chunk_0003,sentiment_synthetic_sentiment_press_release_aa,synthetic,sentiment,3,S3,requires_or_depends_on,"Public confidence depends on positive effects, AI literacy and digital education.","Public confidence depends on positive effects, AI literacy and digital education.",policy_claim_00032,policy_2025_12_16_first_interim_report_en_chunk_0007,policy,8,P8,"Information for the public on digital literacy and AI, critical thinking, their rights, consent, profiling, bias, scams and bad actors, AI and its potential harms and benefits, how to have a voice in terms of public policy around AI, how to engage in or opt out of AI on their devices, how to ensure their digital rights are being respected and that they can access information on how AI systems are being used in public service bodies.","Information for the public on digital literacy and AI, critical thinking, their rights, consent, profiling, bias, scams and bad actors, AI and its potential harms and benefits, how to have a voice in terms of public policy around AI, how to engage in or opt out of AI on their devices, how to ensure their digital rights are being respected and that they can access information on how AI systems are being used in public service bodies.",0.707729697227478,0.6936761736869812,0.3063238263130188,sentence_transformer:sentence-transformers/paraphrase-multilingual-MiniLM-L12-v2,False,0.5118606686592102,pooled_empirical_10th_percentile_provisional
synthetic_to_policy,synthetic_sentiment_claim_00013,sentiment_synthetic_sentiment_press_release_aa_chunk_0003,sentiment_synthetic_sentiment_press_release_aa,synthetic,sentiment,3,S3,requires_or_depends_on,"Public confidence depends on AI literacy, generative AI and professional learning.","Public confidence depends on AI literacy, generative AI and professional learning.",policy_claim_01040,policy_ai_guidance_chunk_0043,policy,7,P7,"AI literacy involves more than understanding how AI systems work; it also requires developing critical thinking skills that enable learners to identify misinformation, recognize algorithmic bias, analyze information sources, and maintain a sense of ethical self-direction online.","AI literacy involves more than understanding how AI systems work; it also requires developing critical thinking skills that enable learners to identify misinformation, recognize algorithmic bias, analyze information sources, and maintain a sense of ethical self-direction online.",0.7647430896759033,0.7621752619743347,0.23782473802566528,sentence_transformer:sentence-transformers/paraphrase-multilingual-MiniLM-L12-v2,False,0.5118606686592102,pooled_empirical_10th_percentile_provisional
synthetic_to_policy,synthetic_sentiment_claim_00014,sentiment_synthetic_sentiment_press_release_aa_chunk_0003,sentiment_synthetic_sentiment_press_release_aa,synthetic,sentiment,3,S3,requires_or_depends_on,"Public confidence depends on trust and transparency, assessment and academic integrity and AI tools.","Public confidence depends on trust and transparency, assessment and academic integrity and AI tools.",policy_claim_02713,policy_generative_artificial_intelligence_guidelines_chunk_0007,policy,7,P7,"Transparency Transparency when using AI in schools is essential for building trust, ensuring fairness, promoting accountability, enhancing understanding and safeguarding privacy.","Transparency Transparency when using AI in schools is essential for building trust, ensuring fairness, promoting accountability, enhancing understanding and safeguarding privacy.",0.7545844316482544,0.7395480275154114,0.2604519724845886,sentence_transformer:sentence-transformers/paraphrase-multilingual-MiniLM-L12-v2,False,0.5118606686592102,pooled_empirical_10th_percentile_provisional
synthetic_to_policy,synthetic_sentiment_claim_00015,sentiment_synthetic_sentiment_press_release_aa_chunk_0003,sentiment_synthetic_sentiment_press_release_aa,synthetic,sentiment,3,S3,requires_or_depends_on,"Public confidence depends on fair access, responsible use and teacher training.","Public confidence depends on fair access, responsible use and teacher training.",policy_claim_01910,policy_ai_report_us_gov_chunk_0112,policy,8,P8,"And yet, teachers, students, and their families/caregivers need support to build appropriate levels of trust in systems that affect their work.","And yet, teachers, students, and their families/caregivers need support to build appropriate levels of trust in systems that affect their work.",0.6527924537658691,0.6462584733963013,0.35374152660369873,sentence_transformer:sentence-transformers/paraphrase-multilingual-MiniLM-L12-v2,False,0.5118606686592102,pooled_empirical_10th_percentile_provisional
synthetic_to_policy,synthetic_sentiment_claim_00016,sentiment_synthetic_sentiment_press_release_aa_chunk_0004,sentiment_synthetic_sentiment_press_release_aa,synthetic,sentiment,1,S1,requires_or_depends_on,"Public confidence depends on human oversight, digital education and teacher training.","Public confidence depends on human oversight, digital education and teacher training.",policy_claim_03442,policy_men_dne_brochure_ia_2024_uk_web_chunk_0057,policy,2,P2,Lignes directrices pour les enseignants et les éducateurs en matière de lutte contre la désinformation et de promotion de l'habileté numérique par l'éducation et la formation .,Lignes directrices pour les enseignants et les éducateurs en matière de lutte contre la désinformation et de promotion de l'habileté numérique par l'éducation et la formation .,0.6984012126922607,0.6800961494445801,0.3199038505554199,sentence_transformer:sentence-transformers/paraphrase-multilingual-MiniLM-L12-v2,False,0.5118606686592102,pooled_empirical_10th_percentile_provisional
synthetic_to_policy,synthetic_sentiment_claim_00017,sentiment_synthetic_sentiment_press_release_aa_chunk_0004,sentiment_synthetic_sentiment_press_release_aa,synthetic,sentiment,1,S1,enables_or_supports,"Indicative comment: 'So I think that there was a lot in the MOOC, of course, and I think what the learning day did is that it really helped highlight the important things out of the MOOC.","Indicative comment: 'So I think that there was a lot in the MOOC, of course, and I think what the learning day did is that it really helped highlight the important things out of the MOOC.",policy_claim_03397,policy_men_dne_brochure_ia_2024_uk_web_chunk_0029,policy,5,P5,4.2 How does it contribute to the learning experience?,4.2 How does it contribute to the learning experience?,0.5255917310714722,0.4993263781070709,0.5006736218929291,sentence_transformer:sentence-transformers/paraphrase-multilingual-MiniLM-L12-v2,True,0.5118606686592102,pooled_empirical_10th_percentile_provisional
synthetic_to_policy,synthetic_sentiment_claim_00018,sentiment_synthetic_sentiment_press_release_aa_chunk_0004,sentiment_synthetic_sentiment_press_release_aa,synthetic,sentiment,1,S1,enables_or_supports,It really helped to cement that.,It really helped to cement that.,policy_claim_03098,policy_guidetoaiinschools_chunk_0089,policy,0,P0,That's why contributing to this guide was so important to me.,That's why contributing to this guide was so important to me.,0.4369134306907654,0.4222669303417206,0.5777330696582794,sentence_transformer:sentence-transformers/paraphrase-multilingual-MiniLM-L12-v2,True,0.5118606686592102,pooled_empirical_10th_percentile_provisional
synthetic_to_policy,synthetic_sentiment_claim_00019,sentiment_synthetic_sentiment_press_release_aa_chunk_0004,sentiment_synthetic_sentiment_press_release_aa,synthetic,sentiment,1,S1,requires_or_depends_on,"Public confidence depends on AI literacy, responsible use and teaching and learning.","Public confidence depends on AI literacy, responsible use and teaching and learning.",policy_claim_01040,policy_ai_guidance_chunk_0043,policy,7,P7,"AI literacy involves more than understanding how AI systems work; it also requires developing critical thinking skills that enable learners to identify misinformation, recognize algorithmic bias, analyze information sources, and maintain a sense of ethical self-direction online.","AI literacy involves more than understanding how AI systems work; it also requires developing critical thinking skills that enable learners to identify misinformation, recognize algorithmic bias, analyze information sources, and maintain a sense of ethical self-direction online.",0.771059513092041,0.7632132172584534,0.23678678274154663,sentence_transformer:sentence-transformers/paraphrase-multilingual-MiniLM-L12-v2,False,0.5118606686592102,pooled_empirical_10th_percentile_provisional
synthetic_to_policy,synthetic_sentiment_claim_00020,sentiment_synthetic_sentiment_press_release_ab_chunk_0001,sentiment_synthetic_sentiment_press_release_ab,synthetic,sentiment,1,S1,causes_or_increases,"For consequentialism, the outcomes or consequences of any action takes precedence over any rights or obligations; and acting ethically means undertaking actions that result in the 'best overall result', which is formalised in utilitarianism as being the 'greatest good for the greatest number of people'.","For consequentialism, the outcomes or consequences of any action takes precedence over any rights or obligations; and acting ethically means undertaking actions that result in the 'best overall result', which is formalised in utilitarianism as being the 'greatest good for the greatest number of people'.",policy_claim_01351,policy_ai_in_australian_education_snapshot_principles_policy_and_practice_august_2023_chunk_0084,policy,6,P6,"Generally speaking, 'accountability' implies an ethical, moral, or other expectation (e.g., as set out in management practices or codes of conduct) that guides individuals' or organisations' actions or conduct and allows them to explain reasons for which decisions and actions were taken.","Generally speaking, 'accountability' implies an ethical, moral, or other expectation (e.g., as set out in management practices or codes of conduct) that guides individuals' or organisations' actions or conduct and allows them to explain reasons for which decisions and actions were taken.",0.6569947004318237,0.588053286075592,0.41194671392440796,sentence_transformer:sentence-transformers/paraphrase-multilingual-MiniLM-L12-v2,False,0.5118606686592102,pooled_empirical_10th_percentile_provisional
synthetic_to_policy,synthetic_sentiment_claim_00021,sentiment_synthetic_sentiment_press_release_ab_chunk_0001,sentiment_synthetic_sentiment_press_release_ab,synthetic,sentiment,1,S1,enables_or_supports,"As a consequence, this approach fails to protect individual rights, as it allows for the interests of a minority to be sacrificed for the benefit of the majority.","As a consequence, this approach fails to protect individual rights, as it allows for the interests of a minority to be sacrificed for the benefit of the majority.",policy_claim_02012,policy_ai_systems_in_teaching_and_learning_principles_and_practical_exa_chunk_0029,policy,1,P1,"When considering human rights, for example, it is important to address the right to privacy and recognise the risks of algorithmic bias, which could result in discriminatory outcomes based on factors such as gender, age, or race.","When considering human rights, for example, it is important to address the right to privacy and recognise the risks of algorithmic bias, which could result in discriminatory outcomes based on factors such as gender, age, or race.",0.5041910409927368,0.494936466217041,0.505063533782959,sentence_transformer:sentence-transformers/paraphrase-multilingual-MiniLM-L12-v2,True,0.5118606686592102,pooled_empirical_10th_percentile_provisional
synthetic_to_policy,synthetic_sentiment_claim_00022,sentiment_synthetic_sentiment_press_release_ab_chunk_0001,sentiment_synthetic_sentiment_press_release_ab,synthetic,sentiment,1,S1,requires_or_depends_on,"Public confidence depends on generative AI, negative effects and teacher training.","Public confidence depends on generative AI, negative effects and teacher training.",policy_claim_01793,policy_ai_report_us_gov_chunk_0066,policy,6,P6,"Such explainability helps teachers to develop appropriate levels of trust and distrust in AI, particularly to know where the AI model tends to make poor decisions.","Such explainability helps teachers to develop appropriate levels of trust and distrust in AI, particularly to know where the AI model tends to make poor decisions.",0.7238186597824097,0.7122120261192322,0.2877879738807678,sentence_transformer:sentence-transformers/paraphrase-multilingual-MiniLM-L12-v2,False,0.5118606686592102,pooled_empirical_10th_percentile_provisional
synthetic_to_policy,synthetic_sentiment_claim_00023,sentiment_synthetic_sentiment_press_release_ab_chunk_0001,sentiment_synthetic_sentiment_press_release_ab,synthetic,sentiment,1,S1,causes_or_increases,"The data suggest that educators in the included countries were already using GenAI in various ways shortly after this type of technology entered the consumer market; for example, experimenting with it to generate educational resources such as lesson plans and presentations, to design personalised learning experiences, to analyse student performance data (e.g., learning analytics), to support learning by means of AI assistants (e.g., chatbots) or to design assessment instruments (e.g., AI-generated questions for exams).","The data suggest that educators in the included countries were already using GenAI in various ways shortly after this type of technology entered the consumer market; for example, experimenting with it to generate educational resources such as lesson plans and presentations, to design personalised learning experiences, to analyse student performance data (e.g., learning analytics), to support learning by means of AI assistants (e.g., chatbots) or to design assessment instruments (e.g., AI-generated questions for exams).",policy_claim_02673,policy_generative_artificial_intelligence_ai_in_k_12_classrooms_v2_chunk_0018,policy,5,P5,"Although generative AI is still in its infancy, educators across the world have found beneficial use of these tools to create increased learning opportunities for their students.","Although generative AI is still in its infancy, educators across the world have found beneficial use of these tools to create increased learning opportunities for their students.",0.7145241498947144,0.6854968070983887,0.31450319290161133,sentence_transformer:sentence-transformers/paraphrase-multilingual-MiniLM-L12-v2,False,0.5118606686592102,pooled_empirical_10th_percentile_provisional
synthetic_to_policy,synthetic_sentiment_claim_00024,sentiment_synthetic_sentiment_press_release_ab_chunk_0001,sentiment_synthetic_sentiment_press_release_ab,synthetic,sentiment,1,S1,causes_or_increases,"The educators participating in the study tended to think that GenAI may operate as a tool for teaching and learning enhancement; for example, by supporting personalised learning, increasing student engagement and helping students to achieve intended learning outcomes.","The educators participating in the study tended to think that GenAI may operate as a tool for teaching and learning enhancement; for example, by supporting personalised learning, increasing student engagement and helping students to achieve intended learning outcomes.",policy_claim_02877,policy_guidance_on_artificial_intelligence_in_schools_2025_chunk_0028,policy,5,P5,Personalised learning: GenAI can help teachers to design customised lessons and recommend resources that are responsive to individual learning needs.,Personalised learning: GenAI can help teachers to design customised lessons and recommend resources that are responsive to individual learning needs.,0.8145040273666382,0.7702434659004211,0.22975653409957886,sentence_transformer:sentence-transformers/paraphrase-multilingual-MiniLM-L12-v2,False,0.5118606686592102,pooled_empirical_10th_percentile_provisional
synthetic_to_policy,synthetic_sentiment_claim_00025,sentiment_synthetic_sentiment_press_release_ab_chunk_0002,sentiment_synthetic_sentiment_press_release_ab,synthetic,sentiment,1,S1,risks_or_threatens,"At the same time, there were also concerns about its potential to hinder learning; for instance, by enabling plagiarism and exposing students to biases and inaccurate or even factually wrong content.","At the same time, there were also concerns about its potential to hinder learning; for instance, by enabling plagiarism and exposing students to biases and inaccurate or even factually wrong content.",policy_claim_03346,policy_l_intelligence_artificielle_en_ducation_cadre_d_usage_et_de_confiance_chunk_0014,policy,2,P2,Le flou de l'instruction accroît les risques de voir l'outil insérer des biais dans la réponse générée.,Le flou de l'instruction accroît les risques de voir l'outil insérer des biais dans la réponse générée.,0.727367639541626,0.7174815535545349,0.2825184464454651,sentence_transformer:sentence-transformers/paraphrase-multilingual-MiniLM-L12-v2,False,0.5118606686592102,pooled_empirical_10th_percentile_provisional
synthetic_to_policy,synthetic_sentiment_claim_00026,sentiment_synthetic_sentiment_press_release_ab_chunk_0002,sentiment_synthetic_sentiment_press_release_ab,synthetic,sentiment,1,S1,enables_or_supports,"Beyond getting support for specific learning activities, some students already perceived GenAI as a personal assistant that was there to be used to support them as they performed academic and everyday personal tasks.","Beyond getting support for specific learning activities, some students already perceived GenAI as a personal assistant that was there to be used to support them as they performed academic and everyday personal tasks.",policy_claim_02877,policy_guidance_on_artificial_intelligence_in_schools_2025_chunk_0028,policy,5,P5,Personalised learning: GenAI can help teachers to design customised lessons and recommend resources that are responsive to individual learning needs.,Personalised learning: GenAI can help teachers to design customised lessons and recommend resources that are responsive to individual learning needs.,0.7354585528373718,0.679061233997345,0.32093876600265503,sentence_transformer:sentence-transformers/paraphrase-multilingual-MiniLM-L12-v2,False,0.5118606686592102,pooled_empirical_10th_percentile_provisional
synthetic_to_policy,synthetic_sentiment_claim_00027,sentiment_synthetic_sentiment_press_release_ab_chunk_0002,sentiment_synthetic_sentiment_press_release_ab,synthetic,sentiment,1,S1,enables_or_supports,"Overall, there was concern among educators, teachers and school leaders about a generalised lack of guidelines, policies, and infrastructure to support an effective early adoption of GenAI in secondary schools and, more generally, education at large.","Overall, there was concern among educators, teachers and school leaders about a generalised lack of guidelines, policies, and infrastructure to support an effective early adoption of GenAI in secondary schools and, more generally, education at large.",policy_claim_02886,policy_guidance_on_artificial_intelligence_in_schools_2025_chunk_0030,policy,7,P7,Policy development and review: GenAI can assist with the draft ing and review of school policies.,Policy development and review: GenAI can assist with the draft ing and review of school policies.,0.6816909909248352,0.666741669178009,0.33325833082199097,sentence_transformer:sentence-transformers/paraphrase-multilingual-MiniLM-L12-v2,False,0.5118606686592102,pooled_empirical_10th_percentile_provisional
synthetic_to_policy,synthetic_sentiment_claim_00028,sentiment_synthetic_sentiment_press_release_ab_chunk_0002,sentiment_synthetic_sentiment_press_release_ab,synthetic,sentiment,1,S1,enables_or_supports,"Teachers, school leaders and policymakers across these countries highlighted the need for clear policies, professional development, and support to ensure that teachers are equipped to adequately incorporate GenAI into their practice and know when and how to use it effectively and appropriately.","Teachers, school leaders and policymakers across these countries highlighted the need for clear policies, professional development, and support to ensure that teachers are equipped to adequately incorporate GenAI into their practice and know when and how to use it effectively and appropriately.",policy_claim_00723,policy_ai_competency_framework_for_teachers_chunk_0027,policy,3,P3,"National educational authorities need to dynamically review and redefine teachers' roles and required competencies, strengthen teacher-training institutions, and establish appropriate capacity-building programmes to prepare teachers to work with AI in an effective and ethical manner.","National educational authorities need to dynamically review and redefine teachers' roles and required competencies, strengthen teacher-training institutions, and establish appropriate capacity-building programmes to prepare teachers to work with AI in an effective and ethical manner.",0.7178642749786377,0.714552104473114,0.285447895526886,sentence_transformer:sentence-transformers/paraphrase-multilingual-MiniLM-L12-v2,False,0.5118606686592102,pooled_empirical_10th_percentile_provisional
synthetic_to_policy,synthetic_sentiment_claim_00029,sentiment_synthetic_sentiment_press_release_ab_chunk_0003,sentiment_synthetic_sentiment_press_release_ab,synthetic,sentiment,5,S5,requires_or_depends_on,"educators and policymakers in these countries recognise the need for ongoing relevant professional Public confidence depends on digital education, public policy and AI tools.","educators and policymakers in these countries recognise the need for ongoing relevant professional Public confidence depends on digital education, public policy and AI tools.",policy_claim_02690,policy_generative_artificial_intelligence_ai_in_k_12_classrooms_v2_chunk_0024,policy,7,P7,"What is equally important is for schools and districts to reflect on the larger digital learning ecosystem in order to ensure that generative AI platforms, if used, are done so in culturally responsive and sustaining ways and supported by strong professional development for teachers, transparent communication with families and the larger school community as well as ongoing education for students.","What is equally important is for schools and districts to reflect on the larger digital learning ecosystem in order to ensure that generative AI platforms, if used, are done so in culturally responsive and sustaining ways and supported by strong professional development for teachers, transparent communication with families and the larger school community as well as ongoing education for students.",0.6564234495162964,0.6539649963378906,0.3460350036621094,sentence_transformer:sentence-transformers/paraphrase-multilingual-MiniLM-L12-v2,False,0.5118606686592102,pooled_empirical_10th_percentile_provisional
synthetic_to_policy,synthetic_sentiment_claim_00030,sentiment_synthetic_sentiment_press_release_ab_chunk_0003,sentiment_synthetic_sentiment_press_release_ab,synthetic,sentiment,5,S5,requires_or_depends_on,And what do teachers rely on AI for the most?,And what do teachers rely on AI for the most?,policy_claim_03324,policy_l_intelligence_artificielle_dans_les_tablissements_scolaires_sur_le_plan_administratif_et_p_dagogique_chunk_0135,policy,2,P2,"Loin de remettre en cause le rô le de l'enseignant et de l'école, l'IA renforce l'importance de l'éducation et le rôle fondamental des enseignants pour former les générations futures à un usage éthique, critique et créatif de l'IA mais aussi pour délimiter les usages pédagogiques pertinents de l'IA à l'école afin que l'IA soit véritablement un outil au service d'une école plus juste et plus performante.","Loin de remettre en cause le rô le de l'enseignant et de l'école, l'IA renforce l'importance de l'éducation et le rôle fondamental des enseignants pour former les générations futures à un usage éthique, critique et créatif de l'IA mais aussi pour délimiter les usages pédagogiques pertinents de l'IA à l'école afin que l'IA soit véritablement un outil au service d'une école plus juste et plus performante.",0.8461966514587402,0.8354526162147522,0.1645473837852478,sentence_transformer:sentence-transformers/paraphrase-multilingual-MiniLM-L12-v2,False,0.5118606686592102,pooled_empirical_10th_percentile_provisional
synthetic_to_policy,synthetic_sentiment_claim_00031,sentiment_synthetic_sentiment_press_release_ab_chunk_0003,sentiment_synthetic_sentiment_press_release_ab,synthetic,sentiment,5,S5,requires_or_depends_on,"Public confidence depends on privacy and data protection, fair access and classroom practice.","Public confidence depends on privacy and data protection, fair access and classroom practice.",policy_claim_01542,policy_ai_policy_june_2025_chunk_0009,policy,6,P6,"Privacy and Data Considerations As a Data Controller, the School is legally required under the Data Protection Act 2018 and the General Data Protection Regulation to ensure the security and confidentiality of all personal data it processes.","Privacy and Data Considerations As a Data Controller, the School is legally required under the Data Protection Act 2018 and the General Data Protection Regulation to ensure the security and confidentiality of all personal data it processes.",0.750685453414917,0.7237253785133362,0.2762746214866638,sentence_transformer:sentence-transformers/paraphrase-multilingual-MiniLM-L12-v2,False,0.5118606686592102,pooled_empirical_10th_percentile_provisional
synthetic_to_policy,synthetic_sentiment_claim_00032,sentiment_synthetic_sentiment_press_release_ab_chunk_0003,sentiment_synthetic_sentiment_press_release_ab,synthetic,sentiment,5,S5,causes_or_increases,"It must be noted that the sample is made up of volunteer teachers and, due to the nature of the project, we expect that these teachers have a greater than average interest in digital technologies.","It must be noted that the sample is made up of volunteer teachers and, due to the nature of the project, we expect that these teachers have a greater than average interest in digital technologies.",policy_claim_02316,policy_digital_strategy_for_schools_to_2027_chunk_0044,policy,5,P5,"In order for this to happen teachers will need to be supported within a learning culture that encourages them to work with others critically and purposefully use a range of digital technologies for teaching, learning and assessment 21","In order for this to happen teachers will need to be supported within a learning culture that encourages them to work with others critically and purposefully use a range of digital technologies for teaching, learning and assessment 21",0.73900306224823,0.7129688262939453,0.2870311737060547,sentence_transformer:sentence-transformers/paraphrase-multilingual-MiniLM-L12-v2,False,0.5118606686592102,pooled_empirical_10th_percentile_provisional
synthetic_to_policy,synthetic_sentiment_claim_00033,sentiment_synthetic_sentiment_press_release_ab_chunk_0003,sentiment_synthetic_sentiment_press_release_ab,synthetic,sentiment,5,S5,requires_or_depends_on,"Public confidence depends on fair access, responsible use and classroom practice.","Public confidence depends on fair access, responsible use and classroom practice.",policy_claim_01084,policy_ai_guidance_chunk_0061,policy,7,P7,This consideration is important as schools work to create cultures where honesty is normalized and met with trust-not suspicion.,This consideration is important as schools work to create cultures where honesty is normalized and met with trust-not suspicion.,0.6653608083724976,0.6458521485328674,0.35414785146713257,sentence_transformer:sentence-transformers/paraphrase-multilingual-MiniLM-L12-v2,False,0.5118606686592102,pooled_empirical_10th_percentile_provisional
synthetic_to_policy,synthetic_sentiment_claim_00034,sentiment_synthetic_sentiment_press_release_ab_chunk_0003,sentiment_synthetic_sentiment_press_release_ab,synthetic,sentiment,5,S5,causes_or_increases,"The use of AI in the public sector can improve the efficiency and effectiveness of government operations, leading to better service delivery and decision-making (Maalla, ).","The use of AI in the public sector can improve the efficiency and effectiveness of government operations, leading to better service delivery and decision-making (Maalla, ).",policy_claim_00010,policy_2025_11_18_opening_statement_dr_deepak_padmanabhan_senior_lecturer_in_computer_science_at_the_school_of_electronics_electrical_engineering_and_computer_science_et_al_queens_university_belfast_en_chunk_0001,policy,8,P8,"It is purported that AI will bring efficiency and productivity to government activities, bring new insights to bear on policy problems, while also enhancing capacity for objective and data-driven decision making.","It is purported that AI will bring efficiency and productivity to government activities, bring new insights to bear on policy problems, while also enhancing capacity for objective and data-driven decision making.",0.8000789880752563,0.7705897688865662,0.22941023111343384,sentence_transformer:sentence-transformers/paraphrase-multilingual-MiniLM-L12-v2,False,0.5118606686592102,pooled_empirical_10th_percentile_provisional
synthetic_to_policy,synthetic_sentiment_claim_00035,sentiment_synthetic_sentiment_press_release_ab_chunk_0003,sentiment_synthetic_sentiment_press_release_ab,synthetic,sentiment,5,S5,expected_to_improve,"AI technologies can be utilized in areas such as healthcare, transportation, public safety, and urban planning to enhance the quality of services and optimize resource allocation (Kurhayadi, ).","AI technologies can be utilized in areas such as healthcare, transportation, public safety, and urban planning to enhance the quality of services and optimize resource allocation (Kurhayadi, ).",policy_claim_03692,policy_our_ai_our_ambition_for_france_chunk_0008,policy,8,P8,"Artificial intelligence can improve public services, by helping to personalize education, give patients more time, better support and anticipate professional transitions, and reduce bureaucracy We can achieve these gains only if we transform our institutions Not only do public administrations need to strengthen their infrastructure and pilot AI projects We need to accelerate, deepen and scale AI interest in each and every public services","Artificial intelligence can improve public services, by helping to personalize education, give patients more time, better support and anticipate professional transitions, and reduce bureaucracy We can achieve these gains only if we transform our institutions Not only do public administrations need to strengthen their infrastructure and pilot AI projects We need to accelerate, deepen and scale AI interest in each and every public services",0.7422385215759277,0.7348842620849609,0.26511573791503906,sentence_transformer:sentence-transformers/paraphrase-multilingual-MiniLM-L12-v2,False,0.5118606686592102,pooled_empirical_10th_percentile_provisional
synthetic_to_policy,synthetic_sentiment_claim_00036,sentiment_synthetic_sentiment_press_release_ab_chunk_0004,sentiment_synthetic_sentiment_press_release_ab,synthetic,sentiment,6,S6,expected_to_improve,"For example, AI can be used to analyze large datasets in healthcare to improve diagnosis and treatment outcomes (Kurhayadi, ).","For example, AI can be used to analyze large datasets in healthcare to improve diagnosis and treatment outcomes (Kurhayadi, ).",policy_claim_01497,policy_ai_policy_april_2025_v2_chunk_0020,policy,6,P6,Generative AI tools often require access to a large dataset to function effectively.,Generative AI tools often require access to a large dataset to function effectively.,0.6787762641906738,0.6771076321601868,0.32289236783981323,sentence_transformer:sentence-transformers/paraphrase-multilingual-MiniLM-L12-v2,False,0.5118606686592102,pooled_empirical_10th_percentile_provisional
synthetic_to_policy,synthetic_sentiment_claim_00037,sentiment_synthetic_sentiment_press_release_ab_chunk_0004,sentiment_synthetic_sentiment_press_release_ab,synthetic,sentiment,6,S6,requires_or_depends_on,"Public confidence depends on young people, positive effects and human oversight.","Public confidence depends on young people, positive effects and human oversight.",policy_claim_00135,policy_2026_01_20_opening_statement_ruth_kennedy_revenue_commissioner_et_al_office_of_the_revenue_commissioners_en_chunk_0003,policy,8,P8,Revenue 's effectiveness as a tax and customs administration depends on the public's trust and confidence in its fairness and integrity.,Revenue 's effectiveness as a tax and customs administration depends on the public's trust and confidence in its fairness and integrity.,0.5966311097145081,0.5468267798423767,0.4531732201576233,sentence_transformer:sentence-transformers/paraphrase-multilingual-MiniLM-L12-v2,False,0.5118606686592102,pooled_empirical_10th_percentile_provisional
synthetic_to_policy,synthetic_sentiment_claim_00038,sentiment_synthetic_sentiment_press_release_ab_chunk_0004,sentiment_synthetic_sentiment_press_release_ab,synthetic,sentiment,6,S6,requires_or_depends_on,"Public confidence depends on young people, public policy and negative effects.","Public confidence depends on young people, public policy and negative effects.",policy_claim_00194,policy_ahisa_member_survey_report_gen_ai_in_australian_independent_schools_chunk_0033,policy,7,P7,It could also create grading inequities between students and across schools and undermine employer or public confidence in students' achievement.,It could also create grading inequities between students and across schools and undermine employer or public confidence in students' achievement.,0.5507600903511047,0.549235999584198,0.450764000415802,sentence_transformer:sentence-transformers/paraphrase-multilingual-MiniLM-L12-v2,False,0.5118606686592102,pooled_empirical_10th_percentile_provisional
synthetic_to_policy,synthetic_sentiment_claim_00039,sentiment_synthetic_sentiment_press_release_ab_chunk_0004,sentiment_synthetic_sentiment_press_release_ab,synthetic,sentiment,6,S6,requires_or_depends_on,"Public confidence depends on fair access, classroom practice and responsible use.","Public confidence depends on fair access, classroom practice and responsible use.",policy_claim_01084,policy_ai_guidance_chunk_0061,policy,7,P7,This consideration is important as schools work to create cultures where honesty is normalized and met with trust-not suspicion.,This consideration is important as schools work to create cultures where honesty is normalized and met with trust-not suspicion.,0.6719727516174316,0.6514113545417786,0.34858864545822144,sentence_transformer:sentence-transformers/paraphrase-multilingual-MiniLM-L12-v2,False,0.5118606686592102,pooled_empirical_10th_percentile_provisional
synthetic_to_policy,synthetic_sentiment_claim_00040,sentiment_synthetic_sentiment_press_release_ac_chunk_0001,sentiment_synthetic_sentiment_press_release_ac,synthetic,sentiment,3,S3,requires_or_depends_on,"Public confidence depends on digital education, young people and teaching and learning.","Public confidence depends on digital education, young people and teaching and learning.",policy_claim_02218,policy_digital_strategy_for_schools_to_2027_chunk_0009,policy,5,P5,The voice of young learners will be important to inform and advance curricular change for which digital technology will be a key enabler.,The voice of young learners will be important to inform and advance curricular change for which digital technology will be a key enabler.,0.7072383761405945,0.7004863619804382,0.29951363801956177,sentence_transformer:sentence-transformers/paraphrase-multilingual-MiniLM-L12-v2,False,0.5118606686592102,pooled_empirical_10th_percentile_provisional
synthetic_to_policy,synthetic_sentiment_claim_00041,sentiment_synthetic_sentiment_press_release_ac_chunk_0001,sentiment_synthetic_sentiment_press_release_ac,synthetic,sentiment,3,S3,requires_or_depends_on,"'At its best, artificial intelligence can provide personal learning and act as a study coach.' (School director in Finland, translation) Public confidence depends on classroom practice, public confidence and privacy and data protection.","'At its best, artificial intelligence can provide personal learning and act as a study coach.' (School director in Finland, translation) Public confidence depends on classroom practice, public confidence and privacy and data protection.",policy_claim_00163,policy_ahisa_member_survey_report_gen_ai_in_australian_independent_schools_chunk_0023,policy,7,P7,"The variety and nuance apparent in respondents' comments suggest that schools need a large measure of autonomy in directing the use of generative AI tools by their students if they are to take account of student, parent and staff needs and expectations within their communities.","The variety and nuance apparent in respondents' comments suggest that schools need a large measure of autonomy in directing the use of generative AI tools by their students if they are to take account of student, parent and staff needs and expectations within their communities.",0.6974273920059204,0.6816039681434631,0.31839603185653687,sentence_transformer:sentence-transformers/paraphrase-multilingual-MiniLM-L12-v2,False,0.5118606686592102,pooled_empirical_10th_percentile_provisional
synthetic_to_policy,synthetic_sentiment_claim_00042,sentiment_synthetic_sentiment_press_release_ac_chunk_0001,sentiment_synthetic_sentiment_press_release_ac,synthetic,sentiment,3,S3,requires_or_depends_on,"Public confidence depends on public confidence, professional learning and negative effects.","Public confidence depends on public confidence, professional learning and negative effects.",policy_claim_00135,policy_2026_01_20_opening_statement_ruth_kennedy_revenue_commissioner_et_al_office_of_the_revenue_commissioners_en_chunk_0003,policy,8,P8,Revenue 's effectiveness as a tax and customs administration depends on the public's trust and confidence in its fairness and integrity.,Revenue 's effectiveness as a tax and customs administration depends on the public's trust and confidence in its fairness and integrity.,0.5880298018455505,0.5662782192230225,0.43372178077697754,sentence_transformer:sentence-transformers/paraphrase-multilingual-MiniLM-L12-v2,False,0.5118606686592102,pooled_empirical_10th_percentile_provisional
synthetic_to_policy,synthetic_sentiment_claim_00043,sentiment_synthetic_sentiment_press_release_ac_chunk_0001,sentiment_synthetic_sentiment_press_release_ac,synthetic,sentiment,3,S3,enables_or_supports,"his section explores how AI works and different real-life situations where AI has been used to help readers grasp better the implications of AI technologies on human rights, and young people's rights in particular.","his section explores how AI works and different real-life situations where AI has been used to help readers grasp better the implications of AI technologies on human rights, and young people's rights in particular.",policy_claim_03478,policy_oco_ai_policy_spotlight_report_chunk_0016,policy,1,P1,There is a need for research on the impact of AI on the rights of children and to map AI technologies that have the greatest potential to create a positive and negative impact on children's rights.,There is a need for research on the impact of AI on the rights of children and to map AI technologies that have the greatest potential to create a positive and negative impact on children's rights.,0.766440212726593,0.7527317404747009,0.24726825952529907,sentence_transformer:sentence-transformers/paraphrase-multilingual-MiniLM-L12-v2,False,0.5118606686592102,pooled_empirical_10th_percentile_provisional
synthetic_to_policy,synthetic_sentiment_claim_00044,sentiment_synthetic_sentiment_press_release_ac_chunk_0001,sentiment_synthetic_sentiment_press_release_ac,synthetic,sentiment,3,S3,requires_or_depends_on,"Public confidence depends on trust and transparency, AI tools and privacy and data protection.","Public confidence depends on trust and transparency, AI tools and privacy and data protection.",policy_claim_02713,policy_generative_artificial_intelligence_guidelines_chunk_0007,policy,7,P7,"Transparency Transparency when using AI in schools is essential for building trust, ensuring fairness, promoting accountability, enhancing understanding and safeguarding privacy.","Transparency Transparency when using AI in schools is essential for building trust, ensuring fairness, promoting accountability, enhancing understanding and safeguarding privacy.",0.7466115951538086,0.7365057468414307,0.26349425315856934,sentence_transformer:sentence-transformers/paraphrase-multilingual-MiniLM-L12-v2,False,0.5118606686592102,pooled_empirical_10th_percentile_provisional
synthetic_to_policy,synthetic_sentiment_claim_00045,sentiment_synthetic_sentiment_press_release_ac_chunk_0002,sentiment_synthetic_sentiment_press_release_ac,synthetic,sentiment,1,S1,reduces_or_prevents,"Child rights and data extraction : Preventing corporate harvesting of student interactions for model development and commercialisation (i.e., preventing minors being commercially exploited)..","Child rights and data extraction : Preventing corporate harvesting of student interactions for model development and commercialisation (i.e., preventing minors being commercially exploited)..",policy_claim_02121,policy_australian_framework_for_generative_ai_in_schools_chunk_0011,policy,6,P6,"6.3 Protection of student inputs: students, teachers and staff take appropriate care when entering information into generative AI tools which may compromise any individual's data privacy.","6.3 Protection of student inputs: students, teachers and staff take appropriate care when entering information into generative AI tools which may compromise any individual's data privacy.",0.6023150682449341,0.5979288816452026,0.40207111835479736,sentence_transformer:sentence-transformers/paraphrase-multilingual-MiniLM-L12-v2,False,0.5118606686592102,pooled_empirical_10th_percentile_provisional
synthetic_to_policy,synthetic_sentiment_claim_00046,sentiment_synthetic_sentiment_press_release_ac_chunk_0002,sentiment_synthetic_sentiment_press_release_ac,synthetic,sentiment,1,S1,causes_or_increases,"Anthropomorphisation : The systemic risk that, due to how AI systems are described and how AI outputs are presented, students are misled into attributing human consciousness, intentionality, and moral agency to AI systems..","Anthropomorphisation : The systemic risk that, due to how AI systems are described and how AI outputs are presented, students are misled into attributing human consciousness, intentionality, and moral agency to AI systems..",policy_claim_01639,policy_ai_report_us_gov_chunk_0010,policy,6,P6,"enable examination of how particular AI technologies, as part of larger edtech or educational systems, may increase or undermine equity for students; and 4.","enable examination of how particular AI technologies, as part of larger edtech or educational systems, may increase or undermine equity for students; and 4.",0.7405297756195068,0.7390047907829285,0.26099520921707153,sentence_transformer:sentence-transformers/paraphrase-multilingual-MiniLM-L12-v2,False,0.5118606686592102,pooled_empirical_10th_percentile_provisional
synthetic_to_policy,synthetic_sentiment_claim_00047,sentiment_synthetic_sentiment_press_release_ac_chunk_0002,sentiment_synthetic_sentiment_press_release_ac,synthetic,sentiment,1,S1,requires_or_depends_on,"The AI divide and flipped AI divide : The gap in access to technology between learners from higher- and lower-socio-economic groups, which is morphing into a gap in access to human teachers: while students from higher socio-economic Public confidence depends on public policy, young people and generative AI.","The AI divide and flipped AI divide : The gap in access to technology between learners from higher- and lower-socio-economic groups, which is morphing into a gap in access to human teachers: while students from higher socio-economic Public confidence depends on public policy, young people and generative AI.",policy_claim_03904,policy_using_generative_ai_chunk_0004,policy,6,P6,"Students and institutions with limited resources may not be able to fully utilise the advanced features of generative AI, thereby widening the gap between those who can afford such technologies and those who cannot, leading to significant inequalities in the quality of education received by students from different socioeconomic backgrounds (sciencedirect, Unveiling the shadows: Beyond the hype of AI in education).","Students and institutions with limited resources may not be able to fully utilise the advanced features of generative AI, thereby widening the gap between those who can afford such technologies and those who cannot, leading to significant inequalities in the quality of education received by students from different socioeconomic backgrounds (sciencedirect, Unveiling the shadows: Beyond the hype of AI in education).",0.7875769138336182,0.7797956466674805,0.22020435333251953,sentence_transformer:sentence-transformers/paraphrase-multilingual-MiniLM-L12-v2,False,0.5118606686592102,pooled_empirical_10th_percentile_provisional
synthetic_to_policy,synthetic_sentiment_claim_00048,sentiment_synthetic_sentiment_press_release_ac_chunk_0002,sentiment_synthetic_sentiment_press_release_ac,synthetic,sentiment,1,S1,causes_or_increases,"Right afterwards there was a quiz, and to be honest, I said this during my face-to-face day, that a lot of it I was just almost guessing, because I literally had just looked at it, and I was supposed to be tested on it, and I hadn't really had time to consume it all.","Right afterwards there was a quiz, and to be honest, I said this during my face-to-face day, that a lot of it I was just almost guessing, because I literally had just looked at it, and I was supposed to be tested on it, and I hadn't really had time to consume it all.",policy_claim_03060,policy_guidetoaiinschools_chunk_0070,policy,0,P0,"And now there's a quiz and you have no idea how to do it because all you did was copy down the answer, and you didn't use it to look at the steps or understand the steps.","And now there's a quiz and you have no idea how to do it because all you did was copy down the answer, and you didn't use it to look at the steps or understand the steps.",0.5746235847473145,0.527515172958374,0.472484827041626,sentence_transformer:sentence-transformers/paraphrase-multilingual-MiniLM-L12-v2,False,0.5118606686592102,pooled_empirical_10th_percentile_provisional
synthetic_to_policy,synthetic_sentiment_claim_00049,sentiment_synthetic_sentiment_press_release_ac_chunk_0002,sentiment_synthetic_sentiment_press_release_ac,synthetic,sentiment,1,S1,requires_or_depends_on,"Public confidence depends on teacher training, responsible use and assessment and academic integrity.","Public confidence depends on teacher training, responsible use and assessment and academic integrity.",policy_claim_03869,policy_the_new_ai_powered_classroom_implications_for_students_teachers_and_equity_chunk_0045,policy,7,P7,"There is convincing evidence that implies teacher coaching improves instructional practice, student learning, and student achievement when coachers and teachers have defined roles and a relationship of trust 43 .","There is convincing evidence that implies teacher coaching improves instructional practice, student learning, and student achievement when coachers and teachers have defined roles and a relationship of trust 43 .",0.6625723838806152,0.6495460867881775,0.3504539132118225,sentence_transformer:sentence-transformers/paraphrase-multilingual-MiniLM-L12-v2,False,0.5118606686592102,pooled_empirical_10th_percentile_provisional
synthetic_to_policy,synthetic_sentiment_claim_00050,sentiment_synthetic_sentiment_press_release_ac_chunk_0003,sentiment_synthetic_sentiment_press_release_ac,synthetic,sentiment,6,S6,causes_or_increases,"An AI system is a machine-based system that, for explicit or implicit objectives, infers, from the input it receives, how to generate outputs such as predictions, content, recommendations or decisions that may influence physical or virtual environments.","An AI system is a machine-based system that, for explicit or implicit objectives, infers, from the input it receives, how to generate outputs such as predictions, content, recommendations or decisions that may influence physical or virtual environments.",policy_claim_01949,policy_ai_systems_in_teaching_and_learning_principles_and_practical_exa_chunk_0003,policy,0,P0,"Here, we use the following definition: An AI system is a machine-based system that, for explicit or implicit objectives, infers, from the input it receives, how to generate outputs such as predictions, content, recommendations, or decisions that can influence physical or virtual environments.","Here, we use the following definition: An AI system is a machine-based system that, for explicit or implicit objectives, infers, from the input it receives, how to generate outputs such as predictions, content, recommendations, or decisions that can influence physical or virtual environments.",0.9769397974014282,0.9385024905204773,0.061497509479522705,sentence_transformer:sentence-transformers/paraphrase-multilingual-MiniLM-L12-v2,False,0.5118606686592102,pooled_empirical_10th_percentile_provisional
synthetic_to_policy,synthetic_sentiment_claim_00051,sentiment_synthetic_sentiment_press_release_ac_chunk_0003,sentiment_synthetic_sentiment_press_release_ac,synthetic,sentiment,6,S6,requires_or_depends_on,"Public confidence depends on human oversight, AI tools and trust and transparency.","Public confidence depends on human oversight, AI tools and trust and transparency.",policy_claim_01250,policy_ai_in_australian_education_snapshot_principles_policy_and_practice_august_2023_chunk_0029,policy,6,P6,"Earning the public's trust Including developing technical mechanisms ensuring users know when they are interacting with an AI, a commitment to publicly report on AI systems' capabilities, limitations, and appropriate and inappropriate use, the prioritization of research on risks, and a focus on using the technologies to help address society's greatest challenges.","Earning the public's trust Including developing technical mechanisms ensuring users know when they are interacting with an AI, a commitment to publicly report on AI systems' capabilities, limitations, and appropriate and inappropriate use, the prioritization of research on risks, and a focus on using the technologies to help address society's greatest challenges.",0.7826207876205444,0.7501862645149231,0.2498137354850769,sentence_transformer:sentence-transformers/paraphrase-multilingual-MiniLM-L12-v2,False,0.5118606686592102,pooled_empirical_10th_percentile_provisional
synthetic_to_policy,synthetic_sentiment_claim_00052,sentiment_synthetic_sentiment_press_release_ac_chunk_0003,sentiment_synthetic_sentiment_press_release_ac,synthetic,sentiment,6,S6,causes_or_increases,"For instance, the Demographics section serves as an indispensable stratifying agent for subsequent analytical procedures, though it is not without its limitations; the age categories are notably expansive and may fail to isolate perceptual differences within these ranges, while the gender categories, though inclusive, may not be universally applicable due to their Western-centric design.","For instance, the Demographics section serves as an indispensable stratifying agent for subsequent analytical procedures, though it is not without its limitations; the age categories are notably expansive and may fail to isolate perceptual differences within these ranges, while the gender categories, though inclusive, may not be universally applicable due to their Western-centric design.",policy_claim_00096,policy_2025_12_16_first_interim_report_en_chunk_0036,policy,8,P8,"Age Action highlighted the ageist discrimination involved when digitalisation to reduce costs doesn't consider the needs of older customers, who may no longer be able to access a service, may have to pay more, or may be exposed to safeguarding risks as a result.","Age Action highlighted the ageist discrimination involved when digitalisation to reduce costs doesn't consider the needs of older customers, who may no longer be able to access a service, may have to pay more, or may be exposed to safeguarding risks as a result.",0.5606513619422913,0.54621422290802,0.45378577709198,sentence_transformer:sentence-transformers/paraphrase-multilingual-MiniLM-L12-v2,False,0.5118606686592102,pooled_empirical_10th_percentile_provisional
synthetic_to_policy,synthetic_sentiment_claim_00053,sentiment_synthetic_sentiment_press_release_ac_chunk_0003,sentiment_synthetic_sentiment_press_release_ac,synthetic,sentiment,6,S6,requires_or_depends_on,"While this section provides pivotal context for interpreting survey responses, the binary delineation of 'hope versus fear' could obfuscate the nuanced emotional undertones, thereby necessitating the use of more refined statistical techniques, such as logistic regression, for comprehensive interpretation.","While this section provides pivotal context for interpreting survey responses, the binary delineation of 'hope versus fear' could obfuscate the nuanced emotional undertones, thereby necessitating the use of more refined statistical techniques, such as logistic regression, for comprehensive interpretation.",policy_claim_03436,policy_men_dne_brochure_ia_2024_uk_web_chunk_0053,policy,0,P0,Arguments and data that supported the responses.,Arguments and data that supported the responses.,0.5602704286575317,0.5538483262062073,0.4461516737937927,sentence_transformer:sentence-transformers/paraphrase-multilingual-MiniLM-L12-v2,False,0.5118606686592102,pooled_empirical_10th_percentile_provisional
synthetic_to_policy,synthetic_sentiment_claim_00054,sentiment_synthetic_sentiment_press_release_ac_chunk_0004,sentiment_synthetic_sentiment_press_release_ac,synthetic,sentiment,3,S3,requires_or_depends_on,"The section on Policy and Development employs a Likert scale to gauge public sentiment Public confidence depends on generative AI, AI literacy and teacher training.","The section on Policy and Development employs a Likert scale to gauge public sentiment Public confidence depends on generative AI, AI literacy and teacher training.",policy_claim_02147,policy_developing_policy_and_protocols_for_the_use_of_generative_ai_in_k_12_classrooms_march_2025_chunk_0008,policy,6,P6,"Part of AI literacy is helping staff and students understand this and develop practices to notice, call out, and react appropriately to biased outputs.","Part of AI literacy is helping staff and students understand this and develop practices to notice, call out, and react appropriately to biased outputs.",0.6414370536804199,0.6377074122428894,0.3622925877571106,sentence_transformer:sentence-transformers/paraphrase-multilingual-MiniLM-L12-v2,False,0.5118606686592102,pooled_empirical_10th_percentile_provisional
synthetic_to_policy,synthetic_sentiment_claim_00055,sentiment_synthetic_sentiment_press_release_ac_chunk_0004,sentiment_synthetic_sentiment_press_release_ac,synthetic,sentiment,3,S3,risks_or_threatens,"Key findings and recommendations emphasise that AI should remain humancentred (although what that means is never elaborated), serving as a tool to enhance rather than replace the teacher's role (which is not what most AIED tools do), while addressing generic AI risks such as algorithmic bias and data privacy, as well as the potential for over-reliance.","Key findings and recommendations emphasise that AI should remain humancentred (although what that means is never elaborated), serving as a tool to enhance rather than replace the teacher's role (which is not what most AIED tools do), while addressing generic AI risks such as algorithmic bias and data privacy, as well as the potential for over-reliance.",policy_claim_03861,policy_the_new_ai_powered_classroom_implications_for_students_teachers_and_equity_chunk_0044,policy,7,P7,(1) AI should support but not replace the role as an educator.,(1) AI should support but not replace the role as an educator.,0.8119313716888428,0.8067099452018738,0.19329005479812622,sentence_transformer:sentence-transformers/paraphrase-multilingual-MiniLM-L12-v2,False,0.5118606686592102,pooled_empirical_10th_percentile_provisional
synthetic_to_policy,synthetic_sentiment_claim_00056,sentiment_synthetic_sentiment_press_release_ac_chunk_0004,sentiment_synthetic_sentiment_press_release_ac,synthetic,sentiment,3,S3,enables_or_supports,"The document also highlights five deontological ethical considerations (human dignity, fairness, trustworthiness, academic integrity, and justified choice) that it argues are essential for ensuring that AI technologies respect human rights and promote the best interests of all students (although human rights implications and the impact on disadvantaged students are rarely addressed by AIED developers).","The document also highlights five deontological ethical considerations (human dignity, fairness, trustworthiness, academic integrity, and justified choice) that it argues are essential for ensuring that AI technologies respect human rights and promote the best interests of all students (although human rights implications and the impact on disadvantaged students are rarely addressed by AIED developers).",policy_claim_03393,policy_men_dne_brochure_ia_2024_uk_web_chunk_0024,policy,4,P4,"3.2 The diversity of ethical issues identified by research 'The ethical and critical issues raised by AI in education are manifold and of diverse origin: use of big data , which can have an impact on the respect of privacy of students and school staff, production by private companies rather than school authorities, research in computer science or sciences, technology, engineering and mathematics rather than educational sciences, cognitive bias due to lack of diversity within design teams.'","3.2 The diversity of ethical issues identified by research 'The ethical and critical issues raised by AI in education are manifold and of diverse origin: use of big data , which can have an impact on the respect of privacy of students and school staff, production by private companies rather than school authorities, research in computer science or sciences, technology, engineering and mathematics rather than educational sciences, cognitive bias due to lack of diversity within design teams.'",0.7624406814575195,0.7557988166809082,0.2442011833190918,sentence_transformer:sentence-transformers/paraphrase-multilingual-MiniLM-L12-v2,False,0.5118606686592102,pooled_empirical_10th_percentile_provisional
synthetic_to_policy,synthetic_sentiment_claim_00057,sentiment_synthetic_sentiment_press_release_ac_chunk_0004,sentiment_synthetic_sentiment_press_release_ac,synthetic,sentiment,3,S3,causes_or_increases,"Unfortunately, however, the document also includes some unhelpful anthropomorphisms (such as using the inaccurate word 'hallucination' to mean the nonsense or confabulations that are frequently generated by GenAI).","Unfortunately, however, the document also includes some unhelpful anthropomorphisms (such as using the inaccurate word 'hallucination' to mean the nonsense or confabulations that are frequently generated by GenAI).",policy_claim_03347,policy_l_intelligence_artificielle_en_ducation_cadre_d_usage_et_de_confiance_chunk_0015,policy,2,P2,"Le prompt structuré limite ainsi les réponses imprécises ou incorrectes, souvent qualifiées d'hallucinations ou confabulations .","Le prompt structuré limite ainsi les réponses imprécises ou incorrectes, souvent qualifiées d'hallucinations ou confabulations .",0.6250165700912476,0.5960704684257507,0.40392953157424927,sentence_transformer:sentence-transformers/paraphrase-multilingual-MiniLM-L12-v2,False,0.5118606686592102,pooled_empirical_10th_percentile_provisional
synthetic_to_policy,synthetic_sentiment_claim_00058,sentiment_synthetic_sentiment_press_release_ac_chunk_0005,sentiment_synthetic_sentiment_press_release_ac,synthetic,sentiment,3,S3,causes_or_increases,"Anthropomorphising AI misleads users into over-estimating the capabilities and empathy of AI systems, and it could be argued has contributed to young people around the world committing suicide (Chatterjee, ) or dying by other means (e.g., drug overdoses, Black & Council, ).","Anthropomorphising AI misleads users into over-estimating the capabilities and empathy of AI systems, and it could be argued has contributed to young people around the world committing suicide (Chatterjee, ) or dying by other means (e.g., drug overdoses, Black & Council, ).",policy_claim_00837,policy_ai_competency_framework_for_teachers_chunk_0054,policy,3,P3,CG1.1.3 Highlight how overreliance on AI can undermine thinking skills and human agency.,CG1.1.3 Highlight how overreliance on AI can undermine thinking skills and human agency.,0.751535952091217,0.7448943257331848,0.2551056742668152,sentence_transformer:sentence-transformers/paraphrase-multilingual-MiniLM-L12-v2,False,0.5118606686592102,pooled_empirical_10th_percentile_provisional
synthetic_to_policy,synthetic_sentiment_claim_00059,sentiment_synthetic_sentiment_press_release_ac_chunk_0005,sentiment_synthetic_sentiment_press_release_ac,synthetic,sentiment,3,S3,requires_or_depends_on,"Public confidence depends on privacy and data protection, digital education and trust and transparency.","Public confidence depends on privacy and data protection, digital education and trust and transparency.",policy_claim_02003,policy_ai_systems_in_teaching_and_learning_principles_and_practical_exa_chunk_0025,policy,6,P6,"They elaborate by saying, 'Data protection policies should ensure that the collection of data contributes to securing effectiveness and equity in education while protecting students' and teachers' privacy' (p.","They elaborate by saying, 'Data protection policies should ensure that the collection of data contributes to securing effectiveness and equity in education while protecting students' and teachers' privacy' (p.",0.6750631928443909,0.6723484992980957,0.3276515007019043,sentence_transformer:sentence-transformers/paraphrase-multilingual-MiniLM-L12-v2,False,0.5118606686592102,pooled_empirical_10th_percentile_provisional
synthetic_to_policy,synthetic_sentiment_claim_00060,sentiment_synthetic_sentiment_press_release_ad_chunk_0001,sentiment_synthetic_sentiment_press_release_ad,synthetic,sentiment,7,S7,requires_or_depends_on,"For example, before, I could ask each person for their opinion and everyone would do their part, but now with artificial intelligence, for example, everyone just looks it up on ChatGPT or some other tool, and the answer just comes up directly, so no one really has their own original idea, so to speak.' (Student in Spain, translation) Public confidence depends on digital skills, negative effects and classroom practice.","For example, before, I could ask each person for their opinion and everyone would do their part, but now with artificial intelligence, for example, everyone just looks it up on ChatGPT or some other tool, and the answer just comes up directly, so no one really has their own original idea, so to speak.' (Student in Spain, translation) Public confidence depends on digital skills, negative effects and classroom practice.",policy_claim_03290,policy_l_intelligence_artificielle_dans_les_tablissements_scolaires_sur_le_plan_administratif_et_p_dagogique_chunk_0107,policy,2,P2,"Par exemple, être attentif à la question d es biais (linguistiques, culturels, etc.) permet d'utiliser à bon escient l'IA, mais la question est d'autant mieux prise en compte qu'elle repose sur les bases scientifiques que l'élève aura acquises.","Par exemple, être attentif à la question d es biais (linguistiques, culturels, etc.) permet d'utiliser à bon escient l'IA, mais la question est d'autant mieux prise en compte qu'elle repose sur les bases scientifiques que l'élève aura acquises.",0.6593663692474365,0.6424607634544373,0.35753923654556274,sentence_transformer:sentence-transformers/paraphrase-multilingual-MiniLM-L12-v2,False,0.5118606686592102,pooled_empirical_10th_percentile_provisional
synthetic_to_policy,synthetic_sentiment_claim_00061,sentiment_synthetic_sentiment_press_release_ad_chunk_0001,sentiment_synthetic_sentiment_press_release_ad,synthetic,sentiment,7,S7,requires_or_depends_on,"And I can only show them if I know how to use AI.' (Secondary education teacher in Germany, translation) Public confidence depends on negative effects, responsible use and public confidence.","And I can only show them if I know how to use AI.' (Secondary education teacher in Germany, translation) Public confidence depends on negative effects, responsible use and public confidence.",policy_claim_01793,policy_ai_report_us_gov_chunk_0066,policy,6,P6,"Such explainability helps teachers to develop appropriate levels of trust and distrust in AI, particularly to know where the AI model tends to make poor decisions.","Such explainability helps teachers to develop appropriate levels of trust and distrust in AI, particularly to know where the AI model tends to make poor decisions.",0.6682925224304199,0.6630619168281555,0.3369380831718445,sentence_transformer:sentence-transformers/paraphrase-multilingual-MiniLM-L12-v2,False,0.5118606686592102,pooled_empirical_10th_percentile_provisional
synthetic_to_policy,synthetic_sentiment_claim_00062,sentiment_synthetic_sentiment_press_release_ad_chunk_0001,sentiment_synthetic_sentiment_press_release_ad,synthetic,sentiment,7,S7,requires_or_depends_on,"Well, I just want to know, tell me what you need to know how to do.","Well, I just want to know, tell me what you need to know how to do.",policy_claim_03079,policy_guidetoaiinschools_chunk_0082,policy,0,P0,And so you need to know how to adapt to it.,And so you need to know how to adapt to it.,0.5456240773200989,0.4613868296146393,0.5386131703853607,sentence_transformer:sentence-transformers/paraphrase-multilingual-MiniLM-L12-v2,True,0.5118606686592102,pooled_empirical_10th_percentile_provisional
synthetic_to_policy,synthetic_sentiment_claim_00063,sentiment_synthetic_sentiment_press_release_ad_chunk_0001,sentiment_synthetic_sentiment_press_release_ad,synthetic,sentiment,7,S7,enables_or_supports,"So, you're trying to help them to define this isn't working and explain why it's not working at that this piece of code is supposed to just present an average of this and it's not working.","So, you're trying to help them to define this isn't working and explain why it's not working at that this piece of code is supposed to just present an average of this and it's not working.",policy_claim_03060,policy_guidetoaiinschools_chunk_0070,policy,0,P0,"And now there's a quiz and you have no idea how to do it because all you did was copy down the answer, and you didn't use it to look at the steps or understand the steps.","And now there's a quiz and you have no idea how to do it because all you did was copy down the answer, and you didn't use it to look at the steps or understand the steps.",0.5370224714279175,0.46926307678222656,0.5307369232177734,sentence_transformer:sentence-transformers/paraphrase-multilingual-MiniLM-L12-v2,True,0.5118606686592102,pooled_empirical_10th_percentile_provisional
synthetic_to_policy,synthetic_sentiment_claim_00064,sentiment_synthetic_sentiment_press_release_ad_chunk_0002,sentiment_synthetic_sentiment_press_release_ad,synthetic,sentiment,7,S7,requires_or_depends_on,"But you're learning in the process.' (Teacher in Ireland, original quote) Public confidence depends on AI literacy, public confidence and fair access.","But you're learning in the process.' (Teacher in Ireland, original quote) Public confidence depends on AI literacy, public confidence and fair access.",policy_claim_02901,policy_guidance_on_artificial_intelligence_in_schools_2025_chunk_0038,policy,5,P5,How would AI literacy be promoted in teaching and learning?,How would AI literacy be promoted in teaching and learning?,0.663041353225708,0.6512474417686462,0.34875255823135376,sentence_transformer:sentence-transformers/paraphrase-multilingual-MiniLM-L12-v2,False,0.5118606686592102,pooled_empirical_10th_percentile_provisional
synthetic_to_policy,synthetic_sentiment_claim_00065,sentiment_synthetic_sentiment_press_release_ad_chunk_0002,sentiment_synthetic_sentiment_press_release_ad,synthetic,sentiment,7,S7,requires_or_depends_on,"But I suppose maybe the more we talk about it the more people will understand, actually, you're using it all the time.","But I suppose maybe the more we talk about it the more people will understand, actually, you're using it all the time.",policy_claim_01938,policy_ai_resources_chunk_0005,policy,6,P6,"However, unlike most tools you need to acknowledge using it.","However, unlike most tools you need to acknowledge using it.",0.5622423887252808,0.5446534752845764,0.4553465247154236,sentence_transformer:sentence-transformers/paraphrase-multilingual-MiniLM-L12-v2,False,0.5118606686592102,pooled_empirical_10th_percentile_provisional
synthetic_to_policy,synthetic_sentiment_claim_00066,sentiment_synthetic_sentiment_press_release_ad_chunk_0002,sentiment_synthetic_sentiment_press_release_ad,synthetic,sentiment,7,S7,requires_or_depends_on,"Public confidence depends on public policy, young people and teacher training.","Public confidence depends on public policy, young people and teacher training.",policy_claim_02732,policy_generative_artificial_intelligence_in_schools_information_for_students_and_parents_chunk_0001,policy,0,P0,Schools may develop their own processes and expectations to help the school community meet these policy expectations.,Schools may develop their own processes and expectations to help the school community meet these policy expectations.,0.600203275680542,0.5863215327262878,0.41367846727371216,sentence_transformer:sentence-transformers/paraphrase-multilingual-MiniLM-L12-v2,False,0.5118606686592102,pooled_empirical_10th_percentile_provisional
synthetic_to_policy,synthetic_sentiment_claim_00067,sentiment_synthetic_sentiment_press_release_ad_chunk_0002,sentiment_synthetic_sentiment_press_release_ad,synthetic,sentiment,7,S7,enables_or_supports,"The participants recruited in all Member States, except in Germany, were not restricted to any specific regional or local education system, allowing for a diverse range of perspectives and experiences to be covered.","The participants recruited in all Member States, except in Germany, were not restricted to any specific regional or local education system, allowing for a diverse range of perspectives and experiences to be covered.",policy_claim_03327,policy_l_intelligence_artificielle_dans_les_tablissements_scolaires_sur_le_plan_administratif_et_p_dagogique_chunk_0155,policy,2,P2,"Cette personnalisation permettrait ainsi de répondre plus efficacement à divers profils et niveaux scolaires, optimisant les résultats pédagogiques globaux.","Cette personnalisation permettrait ainsi de répondre plus efficacement à divers profils et niveaux scolaires, optimisant les résultats pédagogiques globaux.",0.4922746419906616,0.4728354513645172,0.5271645486354828,sentence_transformer:sentence-transformers/paraphrase-multilingual-MiniLM-L12-v2,True,0.5118606686592102,pooled_empirical_10th_percentile_provisional
synthetic_to_policy,synthetic_sentiment_claim_00068,sentiment_synthetic_sentiment_press_release_ad_chunk_0002,sentiment_synthetic_sentiment_press_release_ad,synthetic,sentiment,7,S7,causes_or_increases,"However, in the case of Germany, the research participants were recruited exclusively from the federal state of Baden-Württemberg, due to the country's complex federal structure and the significant differences in education systems across its federal states.","However, in the case of Germany, the research participants were recruited exclusively from the federal state of Baden-Württemberg, due to the country's complex federal structure and the significant differences in education systems across its federal states.",policy_claim_03273,policy_l_intelligence_artificielle_dans_les_tablissements_scolaires_sur_le_plan_administratif_et_p_dagogique_chunk_0089,policy,2,P2,"À l'international, les partenariats entre établissements scolaires et universités sont souvent encouragés, comme en Slovénie 34 , en Autriche 35 ou encore en Israël 36 où la coopération entre praticiens et chercheurs est renforcée par la présence de développeurs de solutions techniques et commerciales.","À l'international, les partenariats entre établissements scolaires et universités sont souvent encouragés, comme en Slovénie 34 , en Autriche 35 ou encore en Israël 36 où la coopération entre praticiens et chercheurs est renforcée par la présence de développeurs de solutions techniques et commerciales.",0.4201488494873047,0.41009655594825745,0.5899034440517426,sentence_transformer:sentence-transformers/paraphrase-multilingual-MiniLM-L12-v2,True,0.5118606686592102,pooled_empirical_10th_percentile_provisional
synthetic_to_policy,synthetic_sentiment_claim_00069,sentiment_synthetic_sentiment_press_release_ad_chunk_0002,sentiment_synthetic_sentiment_press_release_ad,synthetic,sentiment,7,S7,enables_or_supports,"This decision was made to ensure a more manageable and focused sampling approach, given the constraints of the study, and to allow for a deeper exploration of the issues and challenges related to GenAI in education within a specific regional context.","This decision was made to ensure a more manageable and focused sampling approach, given the constraints of the study, and to allow for a deeper exploration of the issues and challenges related to GenAI in education within a specific regional context.",policy_claim_02868,policy_guidance_on_artificial_intelligence_in_schools_2025_chunk_0027,policy,5,P5,The GenAI tool processes the data to generate a summary of which criteria most students have mastered (Feed-Back) and which require further teaching (Feed-Forward).,The GenAI tool processes the data to generate a summary of which criteria most students have mastered (Feed-Back) and which require further teaching (Feed-Forward).,0.678949236869812,0.6512077450752258,0.34879225492477417,sentence_transformer:sentence-transformers/paraphrase-multilingual-MiniLM-L12-v2,False,0.5118606686592102,pooled_empirical_10th_percentile_provisional
synthetic_to_policy,synthetic_sentiment_claim_00070,sentiment_synthetic_sentiment_press_release_ad_chunk_0002,sentiment_synthetic_sentiment_press_release_ad,synthetic,sentiment,7,S7,requires_or_depends_on,"Public confidence depends on professional learning, digital skills and trust and transparency.","Public confidence depends on professional learning, digital skills and trust and transparency.",policy_claim_01871,policy_ai_report_us_gov_chunk_0094,policy,7,P7,"More transparency and authentic dialogue can foster trust, which was mentioned by a researcher as a chief concern for all teachers and students.","More transparency and authentic dialogue can foster trust, which was mentioned by a researcher as a chief concern for all teachers and students.",0.6657627820968628,0.6402359008789062,0.35976409912109375,sentence_transformer:sentence-transformers/paraphrase-multilingual-MiniLM-L12-v2,False,0.5118606686592102,pooled_empirical_10th_percentile_provisional
synthetic_to_policy,synthetic_sentiment_claim_00071,sentiment_synthetic_sentiment_press_release_ad_chunk_0003,sentiment_synthetic_sentiment_press_release_ad,synthetic,sentiment,6,S6,causes_or_increases,"The use of AI in the public sector can improve the efficiency and effectiveness of government operations, leading to better service delivery and decision-making (Maalla, ).","The use of AI in the public sector can improve the efficiency and effectiveness of government operations, leading to better service delivery and decision-making (Maalla, ).",policy_claim_00010,policy_2025_11_18_opening_statement_dr_deepak_padmanabhan_senior_lecturer_in_computer_science_at_the_school_of_electronics_electrical_engineering_and_computer_science_et_al_queens_university_belfast_en_chunk_0001,policy,8,P8,"It is purported that AI will bring efficiency and productivity to government activities, bring new insights to bear on policy problems, while also enhancing capacity for objective and data-driven decision making.","It is purported that AI will bring efficiency and productivity to government activities, bring new insights to bear on policy problems, while also enhancing capacity for objective and data-driven decision making.",0.8000789880752563,0.7705897688865662,0.22941023111343384,sentence_transformer:sentence-transformers/paraphrase-multilingual-MiniLM-L12-v2,False,0.5118606686592102,pooled_empirical_10th_percentile_provisional
synthetic_to_policy,synthetic_sentiment_claim_00072,sentiment_synthetic_sentiment_press_release_ad_chunk_0003,sentiment_synthetic_sentiment_press_release_ad,synthetic,sentiment,6,S6,expected_to_improve,"AI technologies can be utilized in areas such as healthcare, transportation, public safety, and urban planning to enhance the quality of services and optimize resource allocation (Kurhayadi, ).","AI technologies can be utilized in areas such as healthcare, transportation, public safety, and urban planning to enhance the quality of services and optimize resource allocation (Kurhayadi, ).",policy_claim_03692,policy_our_ai_our_ambition_for_france_chunk_0008,policy,8,P8,"Artificial intelligence can improve public services, by helping to personalize education, give patients more time, better support and anticipate professional transitions, and reduce bureaucracy We can achieve these gains only if we transform our institutions Not only do public administrations need to strengthen their infrastructure and pilot AI projects We need to accelerate, deepen and scale AI interest in each and every public services","Artificial intelligence can improve public services, by helping to personalize education, give patients more time, better support and anticipate professional transitions, and reduce bureaucracy We can achieve these gains only if we transform our institutions Not only do public administrations need to strengthen their infrastructure and pilot AI projects We need to accelerate, deepen and scale AI interest in each and every public services",0.7422385215759277,0.7348842620849609,0.26511573791503906,sentence_transformer:sentence-transformers/paraphrase-multilingual-MiniLM-L12-v2,False,0.5118606686592102,pooled_empirical_10th_percentile_provisional
synthetic_to_policy,synthetic_sentiment_claim_00073,sentiment_synthetic_sentiment_press_release_ad_chunk_0003,sentiment_synthetic_sentiment_press_release_ad,synthetic,sentiment,6,S6,expected_to_improve,"For example, AI can be used to analyze large datasets in healthcare to improve diagnosis and treatment outcomes (Kurhayadi, ).","For example, AI can be used to analyze large datasets in healthcare to improve diagnosis and treatment outcomes (Kurhayadi, ).",policy_claim_01497,policy_ai_policy_april_2025_v2_chunk_0020,policy,6,P6,Generative AI tools often require access to a large dataset to function effectively.,Generative AI tools often require access to a large dataset to function effectively.,0.6787762641906738,0.6771076321601868,0.32289236783981323,sentence_transformer:sentence-transformers/paraphrase-multilingual-MiniLM-L12-v2,False,0.5118606686592102,pooled_empirical_10th_percentile_provisional
synthetic_to_policy,synthetic_sentiment_claim_00074,sentiment_synthetic_sentiment_press_release_ad_chunk_0003,sentiment_synthetic_sentiment_press_release_ad,synthetic,sentiment,6,S6,requires_or_depends_on,"Public confidence depends on human oversight, artificial intelligence and AI literacy.","Public confidence depends on human oversight, artificial intelligence and AI literacy.",policy_claim_01250,policy_ai_in_australian_education_snapshot_principles_policy_and_practice_august_2023_chunk_0029,policy,6,P6,"Earning the public's trust Including developing technical mechanisms ensuring users know when they are interacting with an AI, a commitment to publicly report on AI systems' capabilities, limitations, and appropriate and inappropriate use, the prioritization of research on risks, and a focus on using the technologies to help address society's greatest challenges.","Earning the public's trust Including developing technical mechanisms ensuring users know when they are interacting with an AI, a commitment to publicly report on AI systems' capabilities, limitations, and appropriate and inappropriate use, the prioritization of research on risks, and a focus on using the technologies to help address society's greatest challenges.",0.7595552206039429,0.7379856705665588,0.26201432943344116,sentence_transformer:sentence-transformers/paraphrase-multilingual-MiniLM-L12-v2,False,0.5118606686592102,pooled_empirical_10th_percentile_provisional
synthetic_to_policy,synthetic_sentiment_claim_00075,sentiment_synthetic_sentiment_press_release_ad_chunk_0003,sentiment_synthetic_sentiment_press_release_ad,synthetic,sentiment,6,S6,enables_or_supports,"generating learning materials and activities, preparing assessment, facilitate the marking of exercises).","generating learning materials and activities, preparing assessment, facilitate the marking of exercises).",policy_claim_03331,policy_l_intelligence_artificielle_en_ducation_cadre_d_usage_et_de_confiance_chunk_0004,policy,2,P2,Les sensibiliser sur l'importance de développer une posture réflexive et métacognitive sur leurs apprentissages permet d'accorder aux élèves une place privilégiée dans la régulation des savoirs à acquérir.,Les sensibiliser sur l'importance de développer une posture réflexive et métacognitive sur leurs apprentissages permet d'accorder aux élèves une place privilégiée dans la régulation des savoirs à acquérir.,0.6214710474014282,0.6163150072097778,0.38368499279022217,sentence_transformer:sentence-transformers/paraphrase-multilingual-MiniLM-L12-v2,False,0.5118606686592102,pooled_empirical_10th_percentile_provisional
synthetic_to_policy,synthetic_sentiment_claim_00076,sentiment_synthetic_sentiment_press_release_ad_chunk_0003,sentiment_synthetic_sentiment_press_release_ad,synthetic,sentiment,6,S6,requires_or_depends_on,"Public confidence depends on public policy, generative AI and trust and transparency.","Public confidence depends on public policy, generative AI and trust and transparency.",policy_claim_01337,policy_ai_in_australian_education_snapshot_principles_policy_and_practice_august_2023_chunk_0079,policy,6,P6,"An additional aspect of transparency concerns facilitating public, multi-stakeholder discourse and the establishment of dedicated entities, as necessary, to foster general awareness and understanding of AI systems and increase acceptance and trust.","An additional aspect of transparency concerns facilitating public, multi-stakeholder discourse and the establishment of dedicated entities, as necessary, to foster general awareness and understanding of AI systems and increase acceptance and trust.",0.7386728525161743,0.7277495265007019,0.2722504734992981,sentence_transformer:sentence-transformers/paraphrase-multilingual-MiniLM-L12-v2,False,0.5118606686592102,pooled_empirical_10th_percentile_provisional
synthetic_to_policy,synthetic_sentiment_claim_00077,sentiment_synthetic_sentiment_press_release_ad_chunk_0003,sentiment_synthetic_sentiment_press_release_ad,synthetic,sentiment,6,S6,requires_or_depends_on,"Public confidence depends on responsible use, assessment and academic integrity and public confidence.","Public confidence depends on responsible use, assessment and academic integrity and public confidence.",policy_claim_00135,policy_2026_01_20_opening_statement_ruth_kennedy_revenue_commissioner_et_al_office_of_the_revenue_commissioners_en_chunk_0003,policy,8,P8,Revenue 's effectiveness as a tax and customs administration depends on the public's trust and confidence in its fairness and integrity.,Revenue 's effectiveness as a tax and customs administration depends on the public's trust and confidence in its fairness and integrity.,0.723342776298523,0.6236798763275146,0.37632012367248535,sentence_transformer:sentence-transformers/paraphrase-multilingual-MiniLM-L12-v2,False,0.5118606686592102,pooled_empirical_10th_percentile_provisional
synthetic_to_policy,synthetic_sentiment_claim_00078,sentiment_synthetic_sentiment_press_release_ad_chunk_0004,sentiment_synthetic_sentiment_press_release_ad,synthetic,sentiment,6,S6,requires_or_depends_on,"Public confidence depends on digital skills, public policy and AI literacy.","Public confidence depends on digital skills, public policy and AI literacy.",policy_claim_00032,policy_2025_12_16_first_interim_report_en_chunk_0007,policy,8,P8,"Information for the public on digital literacy and AI, critical thinking, their rights, consent, profiling, bias, scams and bad actors, AI and its potential harms and benefits, how to have a voice in terms of public policy around AI, how to engage in or opt out of AI on their devices, how to ensure their digital rights are being respected and that they can access information on how AI systems are being used in public service bodies.","Information for the public on digital literacy and AI, critical thinking, their rights, consent, profiling, bias, scams and bad actors, AI and its potential harms and benefits, how to have a voice in terms of public policy around AI, how to engage in or opt out of AI on their devices, how to ensure their digital rights are being respected and that they can access information on how AI systems are being used in public service bodies.",0.7508633136749268,0.732560396194458,0.267439603805542,sentence_transformer:sentence-transformers/paraphrase-multilingual-MiniLM-L12-v2,False,0.5118606686592102,pooled_empirical_10th_percentile_provisional
synthetic_to_policy,synthetic_sentiment_claim_00079,sentiment_synthetic_sentiment_press_release_ad_chunk_0004,sentiment_synthetic_sentiment_press_release_ad,synthetic,sentiment,6,S6,causes_or_increases,"In terms of employment, heightened fear scores were markedly pervasive among individuals employed in the Retail and Food Service industries, likely signalling concerns over employment obsolescence due to automation.","In terms of employment, heightened fear scores were markedly pervasive among individuals employed in the Retail and Food Service industries, likely signalling concerns over employment obsolescence due to automation.",policy_claim_03189,policy_l_intelligence_artificielle_dans_les_tablissements_scolaires_sur_le_plan_administratif_et_p_dagogique_chunk_0013,policy,2,P2,"Un contexte marqué par une effervescence institutionnelle à tous les niveaux, au risque de la confusion l'IA et l'a venir des compétences, etc.).","Un contexte marqué par une effervescence institutionnelle à tous les niveaux, au risque de la confusion l'IA et l'a venir des compétences, etc.).",0.56866055727005,0.5509279370307922,0.44907206296920776,sentence_transformer:sentence-transformers/paraphrase-multilingual-MiniLM-L12-v2,False,0.5118606686592102,pooled_empirical_10th_percentile_provisional
synthetic_to_policy,synthetic_sentiment_claim_00080,sentiment_synthetic_sentiment_press_release_ad_chunk_0005,sentiment_synthetic_sentiment_press_release_ad,synthetic,sentiment,6,S6,requires_or_depends_on,"Public confidence depends on negative effects, digital education and privacy and data protection.","Public confidence depends on negative effects, digital education and privacy and data protection.",policy_claim_03681,policy_oco_ai_policy_spotlight_report_chunk_0125,policy,1,P1,"Educational apps risk undermining privacy rights, with the selection of apps by schools focusing on curriculum and financial considerations over privacy and parents and children lacking capacity to challenge companies' privacy arrangements.","Educational apps risk undermining privacy rights, with the selection of apps by schools focusing on curriculum and financial considerations over privacy and parents and children lacking capacity to challenge companies' privacy arrangements.",0.6474568843841553,0.6389825344085693,0.36101746559143066,sentence_transformer:sentence-transformers/paraphrase-multilingual-MiniLM-L12-v2,False,0.5118606686592102,pooled_empirical_10th_percentile_provisional
synthetic_to_policy,synthetic_sentiment_claim_00081,sentiment_synthetic_sentiment_press_release_ae_chunk_0001,sentiment_synthetic_sentiment_press_release_ae,synthetic,sentiment,3,S3,requires_or_depends_on,"Public confidence depends on professional learning, digital skills and assessment and academic integrity.","Public confidence depends on professional learning, digital skills and assessment and academic integrity.",policy_claim_02308,policy_digital_strategy_for_schools_to_2027_chunk_0043,policy,5,P5,Professional digital competence refers to both the ability to use digital technologies and the use of digital technologies to enhance classroom practice.,Professional digital competence refers to both the ability to use digital technologies and the use of digital technologies to enhance classroom practice.,0.6815463304519653,0.6490609049797058,0.3509390950202942,sentence_transformer:sentence-transformers/paraphrase-multilingual-MiniLM-L12-v2,False,0.5118606686592102,pooled_empirical_10th_percentile_provisional
synthetic_to_policy,synthetic_sentiment_claim_00082,sentiment_synthetic_sentiment_press_release_ae_chunk_0001,sentiment_synthetic_sentiment_press_release_ae,synthetic,sentiment,3,S3,requires_or_depends_on,"Public confidence depends on public confidence, trust and transparency and digital skills.","Public confidence depends on public confidence, trust and transparency and digital skills.",policy_claim_00135,policy_2026_01_20_opening_statement_ruth_kennedy_revenue_commissioner_et_al_office_of_the_revenue_commissioners_en_chunk_0003,policy,8,P8,Revenue 's effectiveness as a tax and customs administration depends on the public's trust and confidence in its fairness and integrity.,Revenue 's effectiveness as a tax and customs administration depends on the public's trust and confidence in its fairness and integrity.,0.6823244094848633,0.6377517580986023,0.3622482419013977,sentence_transformer:sentence-transformers/paraphrase-multilingual-MiniLM-L12-v2,False,0.5118606686592102,pooled_empirical_10th_percentile_provisional
synthetic_to_policy,synthetic_sentiment_claim_00083,sentiment_synthetic_sentiment_press_release_ae_chunk_0001,sentiment_synthetic_sentiment_press_release_ae,synthetic,sentiment,3,S3,requires_or_depends_on,"Public confidence depends on assessment and academic integrity, classroom practice and positive effects.","Public confidence depends on assessment and academic integrity, classroom practice and positive effects.",policy_claim_00135,policy_2026_01_20_opening_statement_ruth_kennedy_revenue_commissioner_et_al_office_of_the_revenue_commissioners_en_chunk_0003,policy,8,P8,Revenue 's effectiveness as a tax and customs administration depends on the public's trust and confidence in its fairness and integrity.,Revenue 's effectiveness as a tax and customs administration depends on the public's trust and confidence in its fairness and integrity.,0.6479446887969971,0.6294209361076355,0.3705790638923645,sentence_transformer:sentence-transformers/paraphrase-multilingual-MiniLM-L12-v2,False,0.5118606686592102,pooled_empirical_10th_percentile_provisional
synthetic_to_policy,synthetic_sentiment_claim_00084,sentiment_synthetic_sentiment_press_release_ae_chunk_0001,sentiment_synthetic_sentiment_press_release_ae,synthetic,sentiment,3,S3,requires_or_depends_on,"Public confidence depends on responsible use, classroom practice and public confidence.","Public confidence depends on responsible use, classroom practice and public confidence.",policy_claim_00135,policy_2026_01_20_opening_statement_ruth_kennedy_revenue_commissioner_et_al_office_of_the_revenue_commissioners_en_chunk_0003,policy,8,P8,Revenue 's effectiveness as a tax and customs administration depends on the public's trust and confidence in its fairness and integrity.,Revenue 's effectiveness as a tax and customs administration depends on the public's trust and confidence in its fairness and integrity.,0.6311236023902893,0.6229533553123474,0.3770466446876526,sentence_transformer:sentence-transformers/paraphrase-multilingual-MiniLM-L12-v2,False,0.5118606686592102,pooled_empirical_10th_percentile_provisional
synthetic_to_policy,synthetic_sentiment_claim_00085,sentiment_synthetic_sentiment_press_release_ae_chunk_0001,sentiment_synthetic_sentiment_press_release_ae,synthetic,sentiment,3,S3,requires_or_depends_on,"Numbers/percentages of teachers who have used the following AI tools for teaching and learning this school year Public confidence depends on assessment and academic integrity, artificial intelligence and human oversight.","Numbers/percentages of teachers who have used the following AI tools for teaching and learning this school year Public confidence depends on assessment and academic integrity, artificial intelligence and human oversight.",policy_claim_00163,policy_ahisa_member_survey_report_gen_ai_in_australian_independent_schools_chunk_0023,policy,7,P7,"The variety and nuance apparent in respondents' comments suggest that schools need a large measure of autonomy in directing the use of generative AI tools by their students if they are to take account of student, parent and staff needs and expectations within their communities.","The variety and nuance apparent in respondents' comments suggest that schools need a large measure of autonomy in directing the use of generative AI tools by their students if they are to take account of student, parent and staff needs and expectations within their communities.",0.7773388028144836,0.7671863436698914,0.23281365633010864,sentence_transformer:sentence-transformers/paraphrase-multilingual-MiniLM-L12-v2,False,0.5118606686592102,pooled_empirical_10th_percentile_provisional
synthetic_to_policy,synthetic_sentiment_claim_00086,sentiment_synthetic_sentiment_press_release_ae_chunk_0001,sentiment_synthetic_sentiment_press_release_ae,synthetic,sentiment,3,S3,requires_or_depends_on,"Public confidence depends on generative AI, student support and human oversight.","Public confidence depends on generative AI, student support and human oversight.",policy_claim_01250,policy_ai_in_australian_education_snapshot_principles_policy_and_practice_august_2023_chunk_0029,policy,6,P6,"Earning the public's trust Including developing technical mechanisms ensuring users know when they are interacting with an AI, a commitment to publicly report on AI systems' capabilities, limitations, and appropriate and inappropriate use, the prioritization of research on risks, and a focus on using the technologies to help address society's greatest challenges.","Earning the public's trust Including developing technical mechanisms ensuring users know when they are interacting with an AI, a commitment to publicly report on AI systems' capabilities, limitations, and appropriate and inappropriate use, the prioritization of research on risks, and a focus on using the technologies to help address society's greatest challenges.",0.7299258708953857,0.7145919799804688,0.28540802001953125,sentence_transformer:sentence-transformers/paraphrase-multilingual-MiniLM-L12-v2,False,0.5118606686592102,pooled_empirical_10th_percentile_provisional
synthetic_to_policy,synthetic_sentiment_claim_00087,sentiment_synthetic_sentiment_press_release_ae_chunk_0002,sentiment_synthetic_sentiment_press_release_ae,synthetic,sentiment,1,S1,enables_or_supports,"GenAI may also prove to be helpful as a tool for self-assessment, enabling students to receive timely feedback that allows them to refine their work before submission.","GenAI may also prove to be helpful as a tool for self-assessment, enabling students to receive timely feedback that allows them to refine their work before submission.",policy_claim_02868,policy_guidance_on_artificial_intelligence_in_schools_2025_chunk_0027,policy,5,P5,The GenAI tool processes the data to generate a summary of which criteria most students have mastered (Feed-Back) and which require further teaching (Feed-Forward).,The GenAI tool processes the data to generate a summary of which criteria most students have mastered (Feed-Back) and which require further teaching (Feed-Forward).,0.7180477380752563,0.6995064616203308,0.3004935383796692,sentence_transformer:sentence-transformers/paraphrase-multilingual-MiniLM-L12-v2,False,0.5118606686592102,pooled_empirical_10th_percentile_provisional
synthetic_to_policy,synthetic_sentiment_claim_00088,sentiment_synthetic_sentiment_press_release_ae_chunk_0002,sentiment_synthetic_sentiment_press_release_ae,synthetic,sentiment,1,S1,requires_or_depends_on,"For example, this was the opinion of one of the STEM teachers in Ireland, who commented on how students can use GenAI to self-assess their own work and this can result in their work being of a much higher standard when the teacher evaluates it: Public confidence depends on teacher training, digital education and public confidence.","For example, this was the opinion of one of the STEM teachers in Ireland, who commented on how students can use GenAI to self-assess their own work and this can result in their work being of a much higher standard when the teacher evaluates it: Public confidence depends on teacher training, digital education and public confidence.",policy_claim_00163,policy_ahisa_member_survey_report_gen_ai_in_australian_independent_schools_chunk_0023,policy,7,P7,"The variety and nuance apparent in respondents' comments suggest that schools need a large measure of autonomy in directing the use of generative AI tools by their students if they are to take account of student, parent and staff needs and expectations within their communities.","The variety and nuance apparent in respondents' comments suggest that schools need a large measure of autonomy in directing the use of generative AI tools by their students if they are to take account of student, parent and staff needs and expectations within their communities.",0.6608657240867615,0.6319730877876282,0.3680269122123718,sentence_transformer:sentence-transformers/paraphrase-multilingual-MiniLM-L12-v2,False,0.5118606686592102,pooled_empirical_10th_percentile_provisional
synthetic_to_policy,synthetic_sentiment_claim_00089,sentiment_synthetic_sentiment_press_release_ae_chunk_0002,sentiment_synthetic_sentiment_press_release_ae,synthetic,sentiment,1,S1,requires_or_depends_on,"Public confidence depends on teacher training, AI tools and human oversight.","Public confidence depends on teacher training, AI tools and human oversight.",policy_claim_00735,policy_ai_competency_framework_for_teachers_chunk_0030,policy,3,P3,This potential of AI to usurp the autonomous decision-making capacity of teachers necessitates a stronger emphasis on teacher agency and on a human-centred mindset that can help ensure that the use of AI serves human capacity development.,This potential of AI to usurp the autonomous decision-making capacity of teachers necessitates a stronger emphasis on teacher agency and on a human-centred mindset that can help ensure that the use of AI serves human capacity development.,0.7485402822494507,0.7237446904182434,0.2762553095817566,sentence_transformer:sentence-transformers/paraphrase-multilingual-MiniLM-L12-v2,False,0.5118606686592102,pooled_empirical_10th_percentile_provisional
synthetic_to_policy,synthetic_sentiment_claim_00090,sentiment_synthetic_sentiment_press_release_ae_chunk_0002,sentiment_synthetic_sentiment_press_release_ae,synthetic,sentiment,1,S1,requires_or_depends_on,"Public confidence depends on human oversight, public policy and AI tools.","Public confidence depends on human oversight, public policy and AI tools.",policy_claim_01250,policy_ai_in_australian_education_snapshot_principles_policy_and_practice_august_2023_chunk_0029,policy,6,P6,"Earning the public's trust Including developing technical mechanisms ensuring users know when they are interacting with an AI, a commitment to publicly report on AI systems' capabilities, limitations, and appropriate and inappropriate use, the prioritization of research on risks, and a focus on using the technologies to help address society's greatest challenges.","Earning the public's trust Including developing technical mechanisms ensuring users know when they are interacting with an AI, a commitment to publicly report on AI systems' capabilities, limitations, and appropriate and inappropriate use, the prioritization of research on risks, and a focus on using the technologies to help address society's greatest challenges.",0.7486196756362915,0.7110342979431152,0.28896570205688477,sentence_transformer:sentence-transformers/paraphrase-multilingual-MiniLM-L12-v2,False,0.5118606686592102,pooled_empirical_10th_percentile_provisional
synthetic_to_policy,synthetic_sentiment_claim_00091,sentiment_synthetic_sentiment_press_release_ae_chunk_0002,sentiment_synthetic_sentiment_press_release_ae,synthetic,sentiment,1,S1,requires_or_depends_on,"Public confidence depends on trust and transparency, generative AI and student support.","Public confidence depends on trust and transparency, generative AI and student support.",policy_claim_02713,policy_generative_artificial_intelligence_guidelines_chunk_0007,policy,7,P7,"Transparency Transparency when using AI in schools is essential for building trust, ensuring fairness, promoting accountability, enhancing understanding and safeguarding privacy.","Transparency Transparency when using AI in schools is essential for building trust, ensuring fairness, promoting accountability, enhancing understanding and safeguarding privacy.",0.7863304615020752,0.7415849566459656,0.2584150433540344,sentence_transformer:sentence-transformers/paraphrase-multilingual-MiniLM-L12-v2,False,0.5118606686592102,pooled_empirical_10th_percentile_provisional
synthetic_to_policy,synthetic_sentiment_claim_00092,sentiment_synthetic_sentiment_press_release_ae_chunk_0003,sentiment_synthetic_sentiment_press_release_ae,synthetic,sentiment,0,S0,requires_or_depends_on,"Public confidence depends on privacy and data protection, professional learning and responsible use.","Public confidence depends on privacy and data protection, professional learning and responsible use.",policy_claim_02003,policy_ai_systems_in_teaching_and_learning_principles_and_practical_exa_chunk_0025,policy,6,P6,"They elaborate by saying, 'Data protection policies should ensure that the collection of data contributes to securing effectiveness and equity in education while protecting students' and teachers' privacy' (p.","They elaborate by saying, 'Data protection policies should ensure that the collection of data contributes to securing effectiveness and equity in education while protecting students' and teachers' privacy' (p.",0.6831046342849731,0.6737785339355469,0.3262214660644531,sentence_transformer:sentence-transformers/paraphrase-multilingual-MiniLM-L12-v2,False,0.5118606686592102,pooled_empirical_10th_percentile_provisional
synthetic_to_policy,synthetic_sentiment_claim_00093,sentiment_synthetic_sentiment_press_release_ae_chunk_0003,sentiment_synthetic_sentiment_press_release_ae,synthetic,sentiment,0,S0,requires_or_depends_on,"Public confidence depends on teaching and learning, artificial intelligence and public policy.","Public confidence depends on teaching and learning, artificial intelligence and public policy.",policy_claim_01250,policy_ai_in_australian_education_snapshot_principles_policy_and_practice_august_2023_chunk_0029,policy,6,P6,"Earning the public's trust Including developing technical mechanisms ensuring users know when they are interacting with an AI, a commitment to publicly report on AI systems' capabilities, limitations, and appropriate and inappropriate use, the prioritization of research on risks, and a focus on using the technologies to help address society's greatest challenges.","Earning the public's trust Including developing technical mechanisms ensuring users know when they are interacting with an AI, a commitment to publicly report on AI systems' capabilities, limitations, and appropriate and inappropriate use, the prioritization of research on risks, and a focus on using the technologies to help address society's greatest challenges.",0.6396300792694092,0.629612922668457,0.37038707733154297,sentence_transformer:sentence-transformers/paraphrase-multilingual-MiniLM-L12-v2,False,0.5118606686592102,pooled_empirical_10th_percentile_provisional
synthetic_to_policy,synthetic_sentiment_claim_00094,sentiment_synthetic_sentiment_press_release_ae_chunk_0004,sentiment_synthetic_sentiment_press_release_ae,synthetic,sentiment,4,S4,requires_or_depends_on,"Public confidence depends on digital skills, public confidence and professional learning.","Public confidence depends on digital skills, public confidence and professional learning.",policy_claim_02308,policy_digital_strategy_for_schools_to_2027_chunk_0043,policy,5,P5,Professional digital competence refers to both the ability to use digital technologies and the use of digital technologies to enhance classroom practice.,Professional digital competence refers to both the ability to use digital technologies and the use of digital technologies to enhance classroom practice.,0.6533557176589966,0.632442057132721,0.36755794286727905,sentence_transformer:sentence-transformers/paraphrase-multilingual-MiniLM-L12-v2,False,0.5118606686592102,pooled_empirical_10th_percentile_provisional
synthetic_to_policy,synthetic_sentiment_claim_00095,sentiment_synthetic_sentiment_press_release_ae_chunk_0004,sentiment_synthetic_sentiment_press_release_ae,synthetic,sentiment,4,S4,requires_or_depends_on,"Public confidence depends on public policy, digital education and fair access.","Public confidence depends on public policy, digital education and fair access.",policy_claim_00135,policy_2026_01_20_opening_statement_ruth_kennedy_revenue_commissioner_et_al_office_of_the_revenue_commissioners_en_chunk_0003,policy,8,P8,Revenue 's effectiveness as a tax and customs administration depends on the public's trust and confidence in its fairness and integrity.,Revenue 's effectiveness as a tax and customs administration depends on the public's trust and confidence in its fairness and integrity.,0.6756305694580078,0.6355342268943787,0.36446577310562134,sentence_transformer:sentence-transformers/paraphrase-multilingual-MiniLM-L12-v2,False,0.5118606686592102,pooled_empirical_10th_percentile_provisional
synthetic_to_policy,synthetic_sentiment_claim_00096,sentiment_synthetic_sentiment_press_release_af_chunk_0001,sentiment_synthetic_sentiment_press_release_af,synthetic,sentiment,5,S5,requires_or_depends_on,"Public confidence depends on teacher training, classroom practice and digital education.","Public confidence depends on teacher training, classroom practice and digital education.",policy_claim_03442,policy_men_dne_brochure_ia_2024_uk_web_chunk_0057,policy,2,P2,Lignes directrices pour les enseignants et les éducateurs en matière de lutte contre la désinformation et de promotion de l'habileté numérique par l'éducation et la formation .,Lignes directrices pour les enseignants et les éducateurs en matière de lutte contre la désinformation et de promotion de l'habileté numérique par l'éducation et la formation .,0.7411291003227234,0.7319368720054626,0.26806312799453735,sentence_transformer:sentence-transformers/paraphrase-multilingual-MiniLM-L12-v2,False,0.5118606686592102,pooled_empirical_10th_percentile_provisional
synthetic_to_policy,synthetic_sentiment_claim_00097,sentiment_synthetic_sentiment_press_release_af_chunk_0001,sentiment_synthetic_sentiment_press_release_af,synthetic,sentiment,5,S5,causes_or_increases,"So it's really helpful for that, because in languages very often what you hear is not necessarily what you see.","So it's really helpful for that, because in languages very often what you hear is not necessarily what you see.",policy_claim_03434,policy_men_dne_brochure_ia_2024_uk_web_chunk_0052,policy,0,P0,"The perspectives of large language models for people with disabilities 'To empower learners with disabilities, large language models can be used in combination with speech-to-text or text-to-speech solutions to help people with visual impairment.","The perspectives of large language models for people with disabilities 'To empower learners with disabilities, large language models can be used in combination with speech-to-text or text-to-speech solutions to help people with visual impairment.",0.518410325050354,0.5157505869865417,0.48424941301345825,sentence_transformer:sentence-transformers/paraphrase-multilingual-MiniLM-L12-v2,False,0.5118606686592102,pooled_empirical_10th_percentile_provisional
synthetic_to_policy,synthetic_sentiment_claim_00098,sentiment_synthetic_sentiment_press_release_af_chunk_0001,sentiment_synthetic_sentiment_press_release_af,synthetic,sentiment,5,S5,requires_or_depends_on,"Public confidence depends on professional learning, responsible use and digital education.","Public confidence depends on professional learning, responsible use and digital education.",policy_claim_02308,policy_digital_strategy_for_schools_to_2027_chunk_0043,policy,5,P5,Professional digital competence refers to both the ability to use digital technologies and the use of digital technologies to enhance classroom practice.,Professional digital competence refers to both the ability to use digital technologies and the use of digital technologies to enhance classroom practice.,0.7024198770523071,0.6800082325935364,0.3199917674064636,sentence_transformer:sentence-transformers/paraphrase-multilingual-MiniLM-L12-v2,False,0.5118606686592102,pooled_empirical_10th_percentile_provisional
synthetic_to_policy,synthetic_sentiment_claim_00099,sentiment_synthetic_sentiment_press_release_af_chunk_0001,sentiment_synthetic_sentiment_press_release_af,synthetic,sentiment,5,S5,causes_or_increases,"Initiated by a young graduate of the MIT Media Lab in and rooted in her own accidental research of how AI technologies are generating biased results (based on gender or race), the Algorithmic Justice League has become a strong advocate for digital rights by combining research and art.","Initiated by a young graduate of the MIT Media Lab in and rooted in her own accidental research of how AI technologies are generating biased results (based on gender or race), the Algorithmic Justice League has become a strong advocate for digital rights by combining research and art.",policy_claim_02518,policy_four_states_guiding_principles_for_ai_in_education_2_chunk_0007,policy,7,P7,"Ensuring ethical, equitable, and safe use of AI by protecting the privacy and security of data, addressing potential biases and harms, and promoting digital citizenship and responsibility.","Ensuring ethical, equitable, and safe use of AI by protecting the privacy and security of data, addressing potential biases and harms, and promoting digital citizenship and responsibility.",0.6232079267501831,0.610322892665863,0.38967710733413696,sentence_transformer:sentence-transformers/paraphrase-multilingual-MiniLM-L12-v2,False,0.5118606686592102,pooled_empirical_10th_percentile_provisional
synthetic_to_policy,synthetic_sentiment_claim_00100,sentiment_synthetic_sentiment_press_release_af_chunk_0001,sentiment_synthetic_sentiment_press_release_af,synthetic,sentiment,5,S5,requires_or_depends_on,"Public confidence depends on professional learning, AI literacy and public confidence.","Public confidence depends on professional learning, AI literacy and public confidence.",policy_claim_01250,policy_ai_in_australian_education_snapshot_principles_policy_and_practice_august_2023_chunk_0029,policy,6,P6,"Earning the public's trust Including developing technical mechanisms ensuring users know when they are interacting with an AI, a commitment to publicly report on AI systems' capabilities, limitations, and appropriate and inappropriate use, the prioritization of research on risks, and a focus on using the technologies to help address society's greatest challenges.","Earning the public's trust Including developing technical mechanisms ensuring users know when they are interacting with an AI, a commitment to publicly report on AI systems' capabilities, limitations, and appropriate and inappropriate use, the prioritization of research on risks, and a focus on using the technologies to help address society's greatest challenges.",0.6893010139465332,0.6642569303512573,0.3357430696487427,sentence_transformer:sentence-transformers/paraphrase-multilingual-MiniLM-L12-v2,False,0.5118606686592102,pooled_empirical_10th_percentile_provisional
synthetic_to_policy,synthetic_sentiment_claim_00101,sentiment_synthetic_sentiment_press_release_af_chunk_0001,sentiment_synthetic_sentiment_press_release_af,synthetic,sentiment,5,S5,requires_or_depends_on,"Numbers/percentages of teachers who completed the following parts of the AIT professional learning pathway Public confidence depends on public confidence, artificial intelligence and human oversight.","Numbers/percentages of teachers who completed the following parts of the AIT professional learning pathway Public confidence depends on public confidence, artificial intelligence and human oversight.",policy_claim_01808,policy_ai_report_us_gov_chunk_0072,policy,0,P0,"Student feelings of safety, confidence, and trust in the feedback generated by these AI-enabled systems and tools are essential to showcase their learning.","Student feelings of safety, confidence, and trust in the feedback generated by these AI-enabled systems and tools are essential to showcase their learning.",0.6452973484992981,0.639146089553833,0.360853910446167,sentence_transformer:sentence-transformers/paraphrase-multilingual-MiniLM-L12-v2,False,0.5118606686592102,pooled_empirical_10th_percentile_provisional
synthetic_to_policy,synthetic_sentiment_claim_00102,sentiment_synthetic_sentiment_press_release_af_chunk_0001,sentiment_synthetic_sentiment_press_release_af,synthetic,sentiment,5,S5,enables_or_supports,What is encouraging is that all teachers reported that they would recommend the AIT professional learning materials to their colleagues.,What is encouraging is that all teachers reported that they would recommend the AIT professional learning materials to their colleagues.,policy_claim_01810,policy_ai_report_us_gov_chunk_0073,policy,0,P0,AIenhanced assessments may also benefit teachers if they provide detailed insights about student strengths or needs that may not be visible and if they support instructional adaptation or improvement by suggesting a small set of evidence-based recommendations for helping students master content.,AIenhanced assessments may also benefit teachers if they provide detailed insights about student strengths or needs that may not be visible and if they support instructional adaptation or improvement by suggesting a small set of evidence-based recommendations for helping students master content.,0.6723411679267883,0.6637570261955261,0.3362429738044739,sentence_transformer:sentence-transformers/paraphrase-multilingual-MiniLM-L12-v2,False,0.5118606686592102,pooled_empirical_10th_percentile_provisional
synthetic_to_policy,synthetic_sentiment_claim_00103,sentiment_synthetic_sentiment_press_release_af_chunk_0002,sentiment_synthetic_sentiment_press_release_af,synthetic,sentiment,3,S3,requires_or_depends_on,"Public confidence depends on trust and transparency, AI literacy and human oversight.","Public confidence depends on trust and transparency, AI literacy and human oversight.",policy_claim_01250,policy_ai_in_australian_education_snapshot_principles_policy_and_practice_august_2023_chunk_0029,policy,6,P6,"Earning the public's trust Including developing technical mechanisms ensuring users know when they are interacting with an AI, a commitment to publicly report on AI systems' capabilities, limitations, and appropriate and inappropriate use, the prioritization of research on risks, and a focus on using the technologies to help address society's greatest challenges.","Earning the public's trust Including developing technical mechanisms ensuring users know when they are interacting with an AI, a commitment to publicly report on AI systems' capabilities, limitations, and appropriate and inappropriate use, the prioritization of research on risks, and a focus on using the technologies to help address society's greatest challenges.",0.7685945630073547,0.7616651654243469,0.23833483457565308,sentence_transformer:sentence-transformers/paraphrase-multilingual-MiniLM-L12-v2,False,0.5118606686592102,pooled_empirical_10th_percentile_provisional
synthetic_to_policy,synthetic_sentiment_claim_00104,sentiment_synthetic_sentiment_press_release_af_chunk_0002,sentiment_synthetic_sentiment_press_release_af,synthetic,sentiment,3,S3,requires_or_depends_on,"Public confidence depends on teacher training, digital education and young people.","Public confidence depends on teacher training, digital education and young people.",policy_claim_03442,policy_men_dne_brochure_ia_2024_uk_web_chunk_0057,policy,2,P2,Lignes directrices pour les enseignants et les éducateurs en matière de lutte contre la désinformation et de promotion de l'habileté numérique par l'éducation et la formation .,Lignes directrices pour les enseignants et les éducateurs en matière de lutte contre la désinformation et de promotion de l'habileté numérique par l'éducation et la formation .,0.7203264236450195,0.7110325694084167,0.28896743059158325,sentence_transformer:sentence-transformers/paraphrase-multilingual-MiniLM-L12-v2,False,0.5118606686592102,pooled_empirical_10th_percentile_provisional
synthetic_to_policy,synthetic_sentiment_claim_00105,sentiment_synthetic_sentiment_press_release_af_chunk_0002,sentiment_synthetic_sentiment_press_release_af,synthetic,sentiment,3,S3,enables_or_supports,"Finnish teachers, educators, and students acknowledged AI's opportunities, focusing on its capacity to assist in creative and routine tasks like lesson planning and content creation.","Finnish teachers, educators, and students acknowledged AI's opportunities, focusing on its capacity to assist in creative and routine tasks like lesson planning and content creation.",policy_claim_03251,policy_l_intelligence_artificielle_dans_les_tablissements_scolaires_sur_le_plan_administratif_et_p_dagogique_chunk_0074,policy,2,P2,"Or l'IA, en s'adaptant aux besoins des élèves et en assistant l'enseignant dans ses préparations, permet d'aller vers de nouvelles pratiques pédagogiques au service de l'autonomie et de la créativité d es élèves, et notamment de renforcer la pédagogie de projet, facilitée par les outils d'IA.","Or l'IA, en s'adaptant aux besoins des élèves et en assistant l'enseignant dans ses préparations, permet d'aller vers de nouvelles pratiques pédagogiques au service de l'autonomie et de la créativité d es élèves, et notamment de renforcer la pédagogie de projet, facilitée par les outils d'IA.",0.7894974946975708,0.778357207775116,0.22164279222488403,sentence_transformer:sentence-transformers/paraphrase-multilingual-MiniLM-L12-v2,False,0.5118606686592102,pooled_empirical_10th_percentile_provisional
synthetic_to_policy,synthetic_sentiment_claim_00106,sentiment_synthetic_sentiment_press_release_af_chunk_0002,sentiment_synthetic_sentiment_press_release_af,synthetic,sentiment,3,S3,causes_or_increases,"GenAI was mainly used for specific tasks, often related to producing visual or digital products, while teachers maintained a focus on fostering students' higher-order thinking skills essential for national final examinations.","GenAI was mainly used for specific tasks, often related to producing visual or digital products, while teachers maintained a focus on fostering students' higher-order thinking skills essential for national final examinations.",policy_claim_02882,policy_guidance_on_artificial_intelligence_in_schools_2025_chunk_0029,policy,0,P0,"Teaching resources: GenAI can assist teachers in the process of producing a variety of teaching materials, including text summaries adapted to different reading abilities, texts that reflect diverse or opposing viewpoints, localised texts, writing examples across varied genres, and assessment tools such as quizzes aligned with the curriculum.","Teaching resources: GenAI can assist teachers in the process of producing a variety of teaching materials, including text summaries adapted to different reading abilities, texts that reflect diverse or opposing viewpoints, localised texts, writing examples across varied genres, and assessment tools such as quizzes aligned with the curriculum.",0.7388207316398621,0.709541380405426,0.290458619594574,sentence_transformer:sentence-transformers/paraphrase-multilingual-MiniLM-L12-v2,False,0.5118606686592102,pooled_empirical_10th_percentile_provisional
synthetic_to_policy,synthetic_sentiment_claim_00107,sentiment_synthetic_sentiment_press_release_af_chunk_0002,sentiment_synthetic_sentiment_press_release_af,synthetic,sentiment,3,S3,enables_or_supports,"Concerns about academic integrity and the need for reliable detection tools were prevalent, highlighting the necessity for ongoing professional development and infrastructure to support AI-based learning.","Concerns about academic integrity and the need for reliable detection tools were prevalent, highlighting the necessity for ongoing professional development and infrastructure to support AI-based learning.",policy_claim_00952,policy_ai_competency_framework_for_teachers_chunk_0102,policy,3,P3,"If we are to ensure effective, meaningful and sustainable use of AI in education, teacher competency frameworks need to be developed and endorsed by governmental agencies.","If we are to ensure effective, meaningful and sustainable use of AI in education, teacher competency frameworks need to be developed and endorsed by governmental agencies.",0.7468510866165161,0.7436744570732117,0.25632554292678833,sentence_transformer:sentence-transformers/paraphrase-multilingual-MiniLM-L12-v2,False,0.5118606686592102,pooled_empirical_10th_percentile_provisional
synthetic_to_policy,synthetic_sentiment_claim_00108,sentiment_synthetic_sentiment_press_release_af_chunk_0002,sentiment_synthetic_sentiment_press_release_af,synthetic,sentiment,3,S3,enables_or_supports,"While AI tools assist in routine tasks and enhance teaching efficiency, ethical concerns about academic integrity and overreliance on technology persist.","While AI tools assist in routine tasks and enhance teaching efficiency, ethical concerns about academic integrity and overreliance on technology persist.",policy_claim_00740,policy_ai_competency_framework_for_teachers_chunk_0031,policy,3,P3,"1.4 Technological advances in AI and implications for teacher competencies and controversial technological advance heightens the urgency of empowering teachers to understand the ethical issues related to interacting with various AI tools in their teaching, in order to ensure safe and responsible use among students.","1.4 Technological advances in AI and implications for teacher competencies and controversial technological advance heightens the urgency of empowering teachers to understand the ethical issues related to interacting with various AI tools in their teaching, in order to ensure safe and responsible use among students.",0.8029031753540039,0.7955058217048645,0.2044941782951355,sentence_transformer:sentence-transformers/paraphrase-multilingual-MiniLM-L12-v2,False,0.5118606686592102,pooled_empirical_10th_percentile_provisional
synthetic_to_policy,synthetic_sentiment_claim_00109,sentiment_synthetic_sentiment_press_release_af_chunk_0002,sentiment_synthetic_sentiment_press_release_af,synthetic,sentiment,3,S3,enables_or_supports,The need for continuous professional development was emphasised to ensure teachers can integrate AI effectively while maintaining ethical standards.,The need for continuous professional development was emphasised to ensure teachers can integrate AI effectively while maintaining ethical standards.,policy_claim_00792,policy_ai_competency_framework_for_teachers_chunk_0041,policy,3,P3," The AI for professional development aspect outlines competencies teachers need to develop in order to use AI properly in driving their lifelong professional learning, supporting collaborative professional development and exploring professional transformation."," The AI for professional development aspect outlines competencies teachers need to develop in order to use AI properly in driving their lifelong professional learning, supporting collaborative professional development and exploring professional transformation.",0.8284741640090942,0.8011490702629089,0.19885092973709106,sentence_transformer:sentence-transformers/paraphrase-multilingual-MiniLM-L12-v2,False,0.5118606686592102,pooled_empirical_10th_percentile_provisional
synthetic_to_policy,synthetic_sentiment_claim_00110,sentiment_synthetic_sentiment_press_release_af_chunk_0002,sentiment_synthetic_sentiment_press_release_af,synthetic,sentiment,3,S3,requires_or_depends_on,"Public confidence depends on trust and transparency, responsible use and teacher training.","Public confidence depends on trust and transparency, responsible use and teacher training.",policy_claim_01871,policy_ai_report_us_gov_chunk_0094,policy,7,P7,"More transparency and authentic dialogue can foster trust, which was mentioned by a researcher as a chief concern for all teachers and students.","More transparency and authentic dialogue can foster trust, which was mentioned by a researcher as a chief concern for all teachers and students.",0.756352424621582,0.719654381275177,0.280345618724823,sentence_transformer:sentence-transformers/paraphrase-multilingual-MiniLM-L12-v2,False,0.5118606686592102,pooled_empirical_10th_percentile_provisional
synthetic_to_policy,synthetic_sentiment_claim_00111,sentiment_synthetic_sentiment_press_release_af_chunk_0002,sentiment_synthetic_sentiment_press_release_af,synthetic,sentiment,3,S3,requires_or_depends_on,"To benefit from this technology, students need to be able to craft prompts that can produce the desired outputs: Public confidence depends on public confidence, privacy and data protection and positive effects.","To benefit from this technology, students need to be able to craft prompts that can produce the desired outputs: Public confidence depends on public confidence, privacy and data protection and positive effects.",policy_claim_01808,policy_ai_report_us_gov_chunk_0072,policy,0,P0,"Student feelings of safety, confidence, and trust in the feedback generated by these AI-enabled systems and tools are essential to showcase their learning.","Student feelings of safety, confidence, and trust in the feedback generated by these AI-enabled systems and tools are essential to showcase their learning.",0.6899764537811279,0.6664158701896667,0.33358412981033325,sentence_transformer:sentence-transformers/paraphrase-multilingual-MiniLM-L12-v2,False,0.5118606686592102,pooled_empirical_10th_percentile_provisional
synthetic_to_policy,synthetic_sentiment_claim_00112,sentiment_synthetic_sentiment_press_release_af_chunk_0003,sentiment_synthetic_sentiment_press_release_af,synthetic,sentiment,3,S3,requires_or_depends_on,"Public confidence depends on student support, classroom practice and positive effects.","Public confidence depends on student support, classroom practice and positive effects.",policy_claim_03869,policy_the_new_ai_powered_classroom_implications_for_students_teachers_and_equity_chunk_0045,policy,7,P7,"There is convincing evidence that implies teacher coaching improves instructional practice, student learning, and student achievement when coachers and teachers have defined roles and a relationship of trust 43 .","There is convincing evidence that implies teacher coaching improves instructional practice, student learning, and student achievement when coachers and teachers have defined roles and a relationship of trust 43 .",0.6342273354530334,0.63202303647995,0.36797696352005005,sentence_transformer:sentence-transformers/paraphrase-multilingual-MiniLM-L12-v2,False,0.5118606686592102,pooled_empirical_10th_percentile_provisional
synthetic_to_policy,synthetic_sentiment_claim_00113,sentiment_synthetic_sentiment_press_release_af_chunk_0003,sentiment_synthetic_sentiment_press_release_af,synthetic,sentiment,3,S3,enables_or_supports,"Claude's Anthropic, for instance, does not allow users under the age of to use its services.","Claude's Anthropic, for instance, does not allow users under the age of to use its services.",policy_claim_00096,policy_2025_12_16_first_interim_report_en_chunk_0036,policy,8,P8,"Age Action highlighted the ageist discrimination involved when digitalisation to reduce costs doesn't consider the needs of older customers, who may no longer be able to access a service, may have to pay more, or may be exposed to safeguarding risks as a result.","Age Action highlighted the ageist discrimination involved when digitalisation to reduce costs doesn't consider the needs of older customers, who may no longer be able to access a service, may have to pay more, or may be exposed to safeguarding risks as a result.",0.5445472002029419,0.5020918250083923,0.49790817499160767,sentence_transformer:sentence-transformers/paraphrase-multilingual-MiniLM-L12-v2,True,0.5118606686592102,pooled_empirical_10th_percentile_provisional
synthetic_to_policy,synthetic_sentiment_claim_00114,sentiment_synthetic_sentiment_press_release_af_chunk_0003,sentiment_synthetic_sentiment_press_release_af,synthetic,sentiment,3,S3,requires_or_depends_on,"Public confidence depends on student support, teaching and learning and professional learning.","Public confidence depends on student support, teaching and learning and professional learning.",policy_claim_01871,policy_ai_report_us_gov_chunk_0094,policy,7,P7,"More transparency and authentic dialogue can foster trust, which was mentioned by a researcher as a chief concern for all teachers and students.","More transparency and authentic dialogue can foster trust, which was mentioned by a researcher as a chief concern for all teachers and students.",0.632919192314148,0.6213874220848083,0.37861257791519165,sentence_transformer:sentence-transformers/paraphrase-multilingual-MiniLM-L12-v2,False,0.5118606686592102,pooled_empirical_10th_percentile_provisional
synthetic_to_policy,synthetic_sentiment_claim_00115,sentiment_synthetic_sentiment_press_release_af_chunk_0003,sentiment_synthetic_sentiment_press_release_af,synthetic,sentiment,3,S3,causes_or_increases,"As debates about AI governance have intensified during the past years, even before the major international human rights organisations started working on it, many companies developing AI technologies recognised the importance of engaging wider social groups in their design process.","As debates about AI governance have intensified during the past years, even before the major international human rights organisations started working on it, many companies developing AI technologies recognised the importance of engaging wider social groups in their design process.",policy_claim_00593,policy_ai_competency_framework_for_students_chunk_0087,policy,3,P3,"Develop their sense of belonging to the larger AI community, and encourage them to critically analyse the long- term impacts of AI systems on social relations and individual behaviours by drawing on real experiences of designing and building AI systems.","Develop their sense of belonging to the larger AI community, and encourage them to critically analyse the long- term impacts of AI systems on social relations and individual behaviours by drawing on real experiences of designing and building AI systems.",0.7843865156173706,0.7794243693351746,0.22057563066482544,sentence_transformer:sentence-transformers/paraphrase-multilingual-MiniLM-L12-v2,False,0.5118606686592102,pooled_empirical_10th_percentile_provisional
synthetic_to_policy,synthetic_sentiment_claim_00116,sentiment_synthetic_sentiment_press_release_af_chunk_0003,sentiment_synthetic_sentiment_press_release_af,synthetic,sentiment,3,S3,enables_or_supports,"This brief analysis does not allow for an in-depth understanding of how advanced the practices are (for example to what extent all technology companies set up such structures, who is part of them, what is the selection procedure of such boards, or even what their role is).","This brief analysis does not allow for an in-depth understanding of how advanced the practices are (for example to what extent all technology companies set up such structures, who is part of them, what is the selection procedure of such boards, or even what their role is).",policy_claim_03235,policy_l_intelligence_artificielle_dans_les_tablissements_scolaires_sur_le_plan_administratif_et_p_dagogique_chunk_0057,policy,2,P2,"Au vu des usages observés sur le terrain et des limites constatés, il apparait que jamais le besoin d'un regard expert sur les contenus scientifiques, les choix didactiques et pédagogiques n'a été autant nécessaire.","Au vu des usages observés sur le terrain et des limites constatés, il apparait que jamais le besoin d'un regard expert sur les contenus scientifiques, les choix didactiques et pédagogiques n'a été autant nécessaire.",0.5438461303710938,0.5359227061271667,0.46407729387283325,sentence_transformer:sentence-transformers/paraphrase-multilingual-MiniLM-L12-v2,False,0.5118606686592102,pooled_empirical_10th_percentile_provisional
synthetic_to_policy,synthetic_sentiment_claim_00117,sentiment_synthetic_sentiment_press_release_af_chunk_0004,sentiment_synthetic_sentiment_press_release_af,synthetic,sentiment,3,S3,enables_or_supports,"IBM also mentions AI Ethics Board 'as a central, cross-disciplinary body to support a culture of ethical, responsible, and trustworthy AI throughout IBM'.","IBM also mentions AI Ethics Board 'as a central, cross-disciplinary body to support a culture of ethical, responsible, and trustworthy AI throughout IBM'.",policy_claim_00832,policy_ai_competency_framework_for_teachers_chunk_0053,policy,3,P3,"Champion the ethics of AI through critical advocacy and empathy, leading discussions and actions that address ethical, sociocultural and environmental concerns from design to the use of AI and contribute to the co-creation of ethical standards for AI practices in education.","Champion the ethics of AI through critical advocacy and empathy, leading discussions and actions that address ethical, sociocultural and environmental concerns from design to the use of AI and contribute to the co-creation of ethical standards for AI practices in education.",0.7747989892959595,0.7342181205749512,0.26578187942504883,sentence_transformer:sentence-transformers/paraphrase-multilingual-MiniLM-L12-v2,False,0.5118606686592102,pooled_empirical_10th_percentile_provisional
synthetic_to_policy,synthetic_sentiment_claim_00118,sentiment_synthetic_sentiment_press_release_af_chunk_0004,sentiment_synthetic_sentiment_press_release_af,synthetic,sentiment,3,S3,enables_or_supports,"Even if data do not allow for a precise identification of all the organisations or target groups involved, at first sight, these initiatives seem dominated by representatives of academia, think tanks and other specialists with specific backgrounds in technology or law.","Even if data do not allow for a precise identification of all the organisations or target groups involved, at first sight, these initiatives seem dominated by representatives of academia, think tanks and other specialists with specific backgrounds in technology or law.",policy_claim_02590,policy_generative_ai_in_the_australian_education_system_an_open_data_set_of_stakeholder_recommendations_and_emerging_analysis_from_a_public_inquiry_chunk_0050,policy,8,P8,"Nevertheless, it is significant that across stakeholders there were themes regarding resourcing, calls for evidence generation and calls for stakeholder-engaged capacity-building through the sharing of evidence and practices.","Nevertheless, it is significant that across stakeholders there were themes regarding resourcing, calls for evidence generation and calls for stakeholder-engaged capacity-building through the sharing of evidence and practices.",0.5853415131568909,0.5773245692253113,0.4226754307746887,sentence_transformer:sentence-transformers/paraphrase-multilingual-MiniLM-L12-v2,False,0.5118606686592102,pooled_empirical_10th_percentile_provisional
synthetic_to_policy,synthetic_sentiment_claim_00119,sentiment_synthetic_sentiment_press_release_af_chunk_0004,sentiment_synthetic_sentiment_press_release_af,synthetic,sentiment,3,S3,requires_or_depends_on,"Public confidence depends on professional learning, digital education and trust and transparency.","Public confidence depends on professional learning, digital education and trust and transparency.",policy_claim_01871,policy_ai_report_us_gov_chunk_0094,policy,7,P7,"More transparency and authentic dialogue can foster trust, which was mentioned by a researcher as a chief concern for all teachers and students.","More transparency and authentic dialogue can foster trust, which was mentioned by a researcher as a chief concern for all teachers and students.",0.6829534769058228,0.6492453217506409,0.35075467824935913,sentence_transformer:sentence-transformers/paraphrase-multilingual-MiniLM-L12-v2,False,0.5118606686592102,pooled_empirical_10th_percentile_provisional
synthetic_to_policy,synthetic_sentiment_claim_00120,sentiment_synthetic_sentiment_press_release_ag_chunk_0001,sentiment_synthetic_sentiment_press_release_ag,synthetic,sentiment,0,S0,enables_or_supports,"Makerspaces bring a great added value in educating young people on how technologies work, empowering them to co-create their small AI-powered projects (from software applications to robots).","Makerspaces bring a great added value in educating young people on how technologies work, empowering them to co-create their small AI-powered projects (from software applications to robots).",policy_claim_00492,policy_ai_competency_framework_for_students_chunk_0039,policy,3,P3,"Throughout the iterative process of customizing and testing AI technologies, students are expected to reinforce the sense of being an AI co-creator and belonging within a broader community, helping to lead the human-centred design and use of AI.","Throughout the iterative process of customizing and testing AI technologies, students are expected to reinforce the sense of being an AI co-creator and belonging within a broader community, helping to lead the human-centred design and use of AI.",0.627543568611145,0.6166300773620605,0.38336992263793945,sentence_transformer:sentence-transformers/paraphrase-multilingual-MiniLM-L12-v2,False,0.5118606686592102,pooled_empirical_10th_percentile_provisional
synthetic_to_policy,synthetic_sentiment_claim_00121,sentiment_synthetic_sentiment_press_release_ag_chunk_0001,sentiment_synthetic_sentiment_press_release_ag,synthetic,sentiment,0,S0,causes_or_increases,The 'Setting up makerspaces in youth work organisations - A guide' created by the National Youth Council of Ireland can serve as an inspiration.,The 'Setting up makerspaces in youth work organisations - A guide' created by the National Youth Council of Ireland can serve as an inspiration.,policy_claim_02341,policy_digital_strategy_for_schools_to_2027_chunk_0054,policy,5,P5,"1.12 Curriculum As referenced in Harnessing Digital: The Digital Ireland Framework, 33 'the OECD have emphasised the need for the school system to prepare young people, enabling them to adapt to changes in the labour market, and become informed and responsible citizens.","1.12 Curriculum As referenced in Harnessing Digital: The Digital Ireland Framework, 33 'the OECD have emphasised the need for the school system to prepare young people, enabling them to adapt to changes in the labour market, and become informed and responsible citizens.",0.5514556169509888,0.544838011264801,0.455161988735199,sentence_transformer:sentence-transformers/paraphrase-multilingual-MiniLM-L12-v2,False,0.5118606686592102,pooled_empirical_10th_percentile_provisional
synthetic_to_policy,synthetic_sentiment_claim_00122,sentiment_synthetic_sentiment_press_release_ag_chunk_0001,sentiment_synthetic_sentiment_press_release_ag,synthetic,sentiment,0,S0,requires_or_depends_on,"Public confidence depends on classroom practice, teacher training and teaching and learning.","Public confidence depends on classroom practice, teacher training and teaching and learning.",policy_claim_03869,policy_the_new_ai_powered_classroom_implications_for_students_teachers_and_equity_chunk_0045,policy,7,P7,"There is convincing evidence that implies teacher coaching improves instructional practice, student learning, and student achievement when coachers and teachers have defined roles and a relationship of trust 43 .","There is convincing evidence that implies teacher coaching improves instructional practice, student learning, and student achievement when coachers and teachers have defined roles and a relationship of trust 43 .",0.680915355682373,0.6515762805938721,0.34842371940612793,sentence_transformer:sentence-transformers/paraphrase-multilingual-MiniLM-L12-v2,False,0.5118606686592102,pooled_empirical_10th_percentile_provisional
synthetic_to_policy,synthetic_sentiment_claim_00123,sentiment_synthetic_sentiment_press_release_ag_chunk_0001,sentiment_synthetic_sentiment_press_release_ag,synthetic,sentiment,0,S0,requires_or_depends_on,"Public confidence depends on generative AI, negative effects and young people.","Public confidence depends on generative AI, negative effects and young people.",policy_claim_01250,policy_ai_in_australian_education_snapshot_principles_policy_and_practice_august_2023_chunk_0029,policy,6,P6,"Earning the public's trust Including developing technical mechanisms ensuring users know when they are interacting with an AI, a commitment to publicly report on AI systems' capabilities, limitations, and appropriate and inappropriate use, the prioritization of research on risks, and a focus on using the technologies to help address society's greatest challenges.","Earning the public's trust Including developing technical mechanisms ensuring users know when they are interacting with an AI, a commitment to publicly report on AI systems' capabilities, limitations, and appropriate and inappropriate use, the prioritization of research on risks, and a focus on using the technologies to help address society's greatest challenges.",0.6628106832504272,0.6560153961181641,0.34398460388183594,sentence_transformer:sentence-transformers/paraphrase-multilingual-MiniLM-L12-v2,False,0.5118606686592102,pooled_empirical_10th_percentile_provisional
synthetic_to_policy,synthetic_sentiment_claim_00124,sentiment_synthetic_sentiment_press_release_ag_chunk_0002,sentiment_synthetic_sentiment_press_release_ag,synthetic,sentiment,0,S0,reduces_or_prevents,"The guidelines also offer a practical framework with seven mainly deontological requirements: AI systems should support fundamental rights and allow for human intervention; be technically robust and safe; ensure full respect for privacy and data protection; be transparent, focusing on traceability, explainability of decisions, and clarity about the AI system's capabilities; avoid unfair bias and ensure accessibility and universal design for all users; promote sustainability and consider the impact on society, democracy, and the environment; and include mechanisms for responsibility, auditability, and the reporting of negative impacts.","The guidelines also offer a practical framework with seven mainly deontological requirements: AI systems should support fundamental rights and allow for human intervention; be technically robust and safe; ensure full respect for privacy and data protection; be transparent, focusing on traceability, explainability of decisions, and clarity about the AI system's capabilities; avoid unfair bias and ensure accessibility and universal design for all users; promote sustainability and consider the impact on society, democracy, and the environment; and include mechanisms for responsibility, auditability, and the reporting of negative impacts.",policy_claim_00226,policy_ai_advisory_council_ai_on_education_paper_chunk_0009,policy,7,P7,"These should cover both principles and use cases in order to ensure the safe, ethical and responsible use of AI.","These should cover both principles and use cases in order to ensure the safe, ethical and responsible use of AI.",0.7429386973381042,0.7390539050102234,0.2609460949897766,sentence_transformer:sentence-transformers/paraphrase-multilingual-MiniLM-L12-v2,False,0.5118606686592102,pooled_empirical_10th_percentile_provisional
synthetic_to_policy,synthetic_sentiment_claim_00125,sentiment_synthetic_sentiment_press_release_ag_chunk_0002,sentiment_synthetic_sentiment_press_release_ag,synthetic,sentiment,0,S0,requires_or_depends_on,"Public confidence depends on classroom practice, digital education and generative AI.","Public confidence depends on classroom practice, digital education and generative AI.",policy_claim_02690,policy_generative_artificial_intelligence_ai_in_k_12_classrooms_v2_chunk_0024,policy,7,P7,"What is equally important is for schools and districts to reflect on the larger digital learning ecosystem in order to ensure that generative AI platforms, if used, are done so in culturally responsive and sustaining ways and supported by strong professional development for teachers, transparent communication with families and the larger school community as well as ongoing education for students.","What is equally important is for schools and districts to reflect on the larger digital learning ecosystem in order to ensure that generative AI platforms, if used, are done so in culturally responsive and sustaining ways and supported by strong professional development for teachers, transparent communication with families and the larger school community as well as ongoing education for students.",0.6992018222808838,0.6883165836334229,0.31168341636657715,sentence_transformer:sentence-transformers/paraphrase-multilingual-MiniLM-L12-v2,False,0.5118606686592102,pooled_empirical_10th_percentile_provisional
synthetic_to_policy,synthetic_sentiment_claim_00126,sentiment_synthetic_sentiment_press_release_ag_chunk_0002,sentiment_synthetic_sentiment_press_release_ag,synthetic,sentiment,0,S0,requires_or_depends_on,"Public confidence depends on generative AI, AI tools and assessment and academic integrity.","Public confidence depends on generative AI, AI tools and assessment and academic integrity.",policy_claim_01250,policy_ai_in_australian_education_snapshot_principles_policy_and_practice_august_2023_chunk_0029,policy,6,P6,"Earning the public's trust Including developing technical mechanisms ensuring users know when they are interacting with an AI, a commitment to publicly report on AI systems' capabilities, limitations, and appropriate and inappropriate use, the prioritization of research on risks, and a focus on using the technologies to help address society's greatest challenges.","Earning the public's trust Including developing technical mechanisms ensuring users know when they are interacting with an AI, a commitment to publicly report on AI systems' capabilities, limitations, and appropriate and inappropriate use, the prioritization of research on risks, and a focus on using the technologies to help address society's greatest challenges.",0.7427454590797424,0.7248498797416687,0.2751501202583313,sentence_transformer:sentence-transformers/paraphrase-multilingual-MiniLM-L12-v2,False,0.5118606686592102,pooled_empirical_10th_percentile_provisional
synthetic_to_policy,synthetic_sentiment_claim_00127,sentiment_synthetic_sentiment_press_release_ag_chunk_0002,sentiment_synthetic_sentiment_press_release_ag,synthetic,sentiment,0,S0,causes_or_increases,They worried that banning AI would lead to unregulated markets that could be very unsafe for children.,They worried that banning AI would lead to unregulated markets that could be very unsafe for children.,policy_claim_03513,policy_oco_ai_policy_spotlight_report_chunk_0031,policy,1,P1,"While children were excited about the uses of AI to improve lives, they remained highly concerned about risks associated with AI systems creating outcomes without sufficient human oversight.","While children were excited about the uses of AI to improve lives, they remained highly concerned about risks associated with AI systems creating outcomes without sufficient human oversight.",0.7167066931724548,0.7117884755134583,0.28821152448654175,sentence_transformer:sentence-transformers/paraphrase-multilingual-MiniLM-L12-v2,False,0.5118606686592102,pooled_empirical_10th_percentile_provisional
synthetic_to_policy,synthetic_sentiment_claim_00128,sentiment_synthetic_sentiment_press_release_ag_chunk_0002,sentiment_synthetic_sentiment_press_release_ag,synthetic,sentiment,0,S0,requires_or_depends_on,"Public confidence depends on privacy and data protection, artificial intelligence and student support.","Public confidence depends on privacy and data protection, artificial intelligence and student support.",policy_claim_03009,policy_guidetoaiinschools_chunk_0034,policy,7,P7,"F Does our current student data privacy policy adequately address the AI tools that we are using or might use in the future, or do we need to make adjustments?","F Does our current student data privacy policy adequately address the AI tools that we are using or might use in the future, or do we need to make adjustments?",0.6885149478912354,0.686400830745697,0.313599169254303,sentence_transformer:sentence-transformers/paraphrase-multilingual-MiniLM-L12-v2,False,0.5118606686592102,pooled_empirical_10th_percentile_provisional
synthetic_to_policy,synthetic_sentiment_claim_00129,sentiment_synthetic_sentiment_press_release_ag_chunk_0002,sentiment_synthetic_sentiment_press_release_ag,synthetic,sentiment,0,S0,causes_or_increases,"'surveillance ads, algorithms that shape what we see or not in the internet and deceptive design practicesreduce our young peoples' ability to organi se among young people for the causes we care about, such as climate change, social justice, access to fair remuneration and employment, democratic engagement, etc.","'surveillance ads, algorithms that shape what we see or not in the internet and deceptive design practicesreduce our young peoples' ability to organi se among young people for the causes we care about, such as climate change, social justice, access to fair remuneration and employment, democratic engagement, etc.",policy_claim_01768,policy_ai_report_us_gov_chunk_0058,policy,6,P6,Those concerns go beyond data privacy and security; they raise attention to how technologies may unfairly direct or limit some students' opportunities to learn.,Those concerns go beyond data privacy and security; they raise attention to how technologies may unfairly direct or limit some students' opportunities to learn.,0.6385565400123596,0.6207696795463562,0.3792303204536438,sentence_transformer:sentence-transformers/paraphrase-multilingual-MiniLM-L12-v2,False,0.5118606686592102,pooled_empirical_10th_percentile_provisional
synthetic_to_policy,synthetic_sentiment_claim_00130,sentiment_synthetic_sentiment_press_release_ag_chunk_0003,sentiment_synthetic_sentiment_press_release_ag,synthetic,sentiment,0,S0,requires_or_depends_on,"Public confidence depends on assessment and academic integrity, young people and human oversight.","Public confidence depends on assessment and academic integrity, young people and human oversight.",policy_claim_00135,policy_2026_01_20_opening_statement_ruth_kennedy_revenue_commissioner_et_al_office_of_the_revenue_commissioners_en_chunk_0003,policy,8,P8,Revenue 's effectiveness as a tax and customs administration depends on the public's trust and confidence in its fairness and integrity.,Revenue 's effectiveness as a tax and customs administration depends on the public's trust and confidence in its fairness and integrity.,0.6452516317367554,0.5892845988273621,0.41071540117263794,sentence_transformer:sentence-transformers/paraphrase-multilingual-MiniLM-L12-v2,False,0.5118606686592102,pooled_empirical_10th_percentile_provisional
synthetic_to_policy,synthetic_sentiment_claim_00131,sentiment_synthetic_sentiment_press_release_ag_chunk_0003,sentiment_synthetic_sentiment_press_release_ag,synthetic,sentiment,0,S0,requires_or_depends_on,"Public confidence depends on teacher training, AI tools and responsible use.","Public confidence depends on teacher training, AI tools and responsible use.",policy_claim_00735,policy_ai_competency_framework_for_teachers_chunk_0030,policy,3,P3,This potential of AI to usurp the autonomous decision-making capacity of teachers necessitates a stronger emphasis on teacher agency and on a human-centred mindset that can help ensure that the use of AI serves human capacity development.,This potential of AI to usurp the autonomous decision-making capacity of teachers necessitates a stronger emphasis on teacher agency and on a human-centred mindset that can help ensure that the use of AI serves human capacity development.,0.7382931709289551,0.729037344455719,0.270962655544281,sentence_transformer:sentence-transformers/paraphrase-multilingual-MiniLM-L12-v2,False,0.5118606686592102,pooled_empirical_10th_percentile_provisional
synthetic_to_policy,synthetic_sentiment_claim_00132,sentiment_synthetic_sentiment_press_release_ag_chunk_0003,sentiment_synthetic_sentiment_press_release_ag,synthetic,sentiment,0,S0,requires_or_depends_on,"Public confidence depends on responsible use, young people and privacy and data protection.","Public confidence depends on responsible use, young people and privacy and data protection.",policy_claim_02003,policy_ai_systems_in_teaching_and_learning_principles_and_practical_exa_chunk_0025,policy,6,P6,"They elaborate by saying, 'Data protection policies should ensure that the collection of data contributes to securing effectiveness and equity in education while protecting students' and teachers' privacy' (p.","They elaborate by saying, 'Data protection policies should ensure that the collection of data contributes to securing effectiveness and equity in education while protecting students' and teachers' privacy' (p.",0.6535567045211792,0.6469717025756836,0.3530282974243164,sentence_transformer:sentence-transformers/paraphrase-multilingual-MiniLM-L12-v2,False,0.5118606686592102,pooled_empirical_10th_percentile_provisional
synthetic_to_policy,synthetic_sentiment_claim_00133,sentiment_synthetic_sentiment_press_release_ag_chunk_0003,sentiment_synthetic_sentiment_press_release_ag,synthetic,sentiment,0,S0,requires_or_depends_on,"Public confidence depends on positive effects, negative effects and assessment and academic integrity.","Public confidence depends on positive effects, negative effects and assessment and academic integrity.",policy_claim_00135,policy_2026_01_20_opening_statement_ruth_kennedy_revenue_commissioner_et_al_office_of_the_revenue_commissioners_en_chunk_0003,policy,8,P8,Revenue 's effectiveness as a tax and customs administration depends on the public's trust and confidence in its fairness and integrity.,Revenue 's effectiveness as a tax and customs administration depends on the public's trust and confidence in its fairness and integrity.,0.6342743635177612,0.5960331559181213,0.40396684408187866,sentence_transformer:sentence-transformers/paraphrase-multilingual-MiniLM-L12-v2,False,0.5118606686592102,pooled_empirical_10th_percentile_provisional
synthetic_to_policy,synthetic_sentiment_claim_00134,sentiment_synthetic_sentiment_press_release_ag_chunk_0004,sentiment_synthetic_sentiment_press_release_ag,synthetic,sentiment,3,S3,requires_or_depends_on,"Public confidence depends on teaching and learning, classroom practice and AI tools.","Public confidence depends on teaching and learning, classroom practice and AI tools.",policy_claim_01250,policy_ai_in_australian_education_snapshot_principles_policy_and_practice_august_2023_chunk_0029,policy,6,P6,"Earning the public's trust Including developing technical mechanisms ensuring users know when they are interacting with an AI, a commitment to publicly report on AI systems' capabilities, limitations, and appropriate and inappropriate use, the prioritization of research on risks, and a focus on using the technologies to help address society's greatest challenges.","Earning the public's trust Including developing technical mechanisms ensuring users know when they are interacting with an AI, a commitment to publicly report on AI systems' capabilities, limitations, and appropriate and inappropriate use, the prioritization of research on risks, and a focus on using the technologies to help address society's greatest challenges.",0.7167037725448608,0.6991386413574219,0.3008613586425781,sentence_transformer:sentence-transformers/paraphrase-multilingual-MiniLM-L12-v2,False,0.5118606686592102,pooled_empirical_10th_percentile_provisional
synthetic_to_policy,synthetic_sentiment_claim_00135,sentiment_synthetic_sentiment_press_release_ag_chunk_0004,sentiment_synthetic_sentiment_press_release_ag,synthetic,sentiment,3,S3,requires_or_depends_on,"In Spain , research participants pointed that, as students increasingly rely on GenAI, teachers must rethink their approaches by designing assignments that are less amenable to AI-generated responses.","In Spain , research participants pointed that, as students increasingly rely on GenAI, teachers must rethink their approaches by designing assignments that are less amenable to AI-generated responses.",policy_claim_02853,policy_guidance_on_artificial_intelligence_in_schools_2025_chunk_0023,policy,1,P1,"If, following such reflections, an AI solution is deemed to op ti mise the opportunity for teaching and learning and school leadership, then when using GenAI, queries and prompts should be carefully considered to limit their number and op ti mise their output.","If, following such reflections, an AI solution is deemed to op ti mise the opportunity for teaching and learning and school leadership, then when using GenAI, queries and prompts should be carefully considered to limit their number and op ti mise their output.",0.6759323477745056,0.6657068133354187,0.3342931866645813,sentence_transformer:sentence-transformers/paraphrase-multilingual-MiniLM-L12-v2,False,0.5118606686592102,pooled_empirical_10th_percentile_provisional
synthetic_to_policy,synthetic_sentiment_claim_00136,sentiment_synthetic_sentiment_press_release_ag_chunk_0004,sentiment_synthetic_sentiment_press_release_ag,synthetic,sentiment,3,S3,causes_or_increases,Teachers recognised GenAI's potential to create personalised educational resources and streamline administrative tasks.,Teachers recognised GenAI's potential to create personalised educational resources and streamline administrative tasks.,policy_claim_02877,policy_guidance_on_artificial_intelligence_in_schools_2025_chunk_0028,policy,5,P5,Personalised learning: GenAI can help teachers to design customised lessons and recommend resources that are responsive to individual learning needs.,Personalised learning: GenAI can help teachers to design customised lessons and recommend resources that are responsive to individual learning needs.,0.8020501136779785,0.7430703043937683,0.2569296956062317,sentence_transformer:sentence-transformers/paraphrase-multilingual-MiniLM-L12-v2,False,0.5118606686592102,pooled_empirical_10th_percentile_provisional
synthetic_to_policy,synthetic_sentiment_claim_00137,sentiment_synthetic_sentiment_press_release_ag_chunk_0004,sentiment_synthetic_sentiment_press_release_ag,synthetic,sentiment,3,S3,enables_or_supports,The need for institutional guidelines to ensure responsible and ethical AI use was emphasised.,The need for institutional guidelines to ensure responsible and ethical AI use was emphasised.,policy_claim_02157,policy_developing_policy_and_protocols_for_the_use_of_generative_ai_in_k_12_classrooms_march_2025_chunk_0011,policy,7,P7,The overall goal of guidance or policy is to ensure safe and ethical use of AI.,The overall goal of guidance or policy is to ensure safe and ethical use of AI.,0.8329524397850037,0.8026501536369324,0.19734984636306763,sentence_transformer:sentence-transformers/paraphrase-multilingual-MiniLM-L12-v2,False,0.5118606686592102,pooled_empirical_10th_percentile_provisional
synthetic_to_policy,synthetic_sentiment_claim_00138,sentiment_synthetic_sentiment_press_release_ag_chunk_0004,sentiment_synthetic_sentiment_press_release_ag,synthetic,sentiment,3,S3,requires_or_depends_on,"Public confidence depends on privacy and data protection, AI tools and fair access.","Public confidence depends on privacy and data protection, AI tools and fair access.",policy_claim_01250,policy_ai_in_australian_education_snapshot_principles_policy_and_practice_august_2023_chunk_0029,policy,6,P6,"Earning the public's trust Including developing technical mechanisms ensuring users know when they are interacting with an AI, a commitment to publicly report on AI systems' capabilities, limitations, and appropriate and inappropriate use, the prioritization of research on risks, and a focus on using the technologies to help address society's greatest challenges.","Earning the public's trust Including developing technical mechanisms ensuring users know when they are interacting with an AI, a commitment to publicly report on AI systems' capabilities, limitations, and appropriate and inappropriate use, the prioritization of research on risks, and a focus on using the technologies to help address society's greatest challenges.",0.7554530501365662,0.7453619837760925,0.25463801622390747,sentence_transformer:sentence-transformers/paraphrase-multilingual-MiniLM-L12-v2,False,0.5118606686592102,pooled_empirical_10th_percentile_provisional
synthetic_to_policy,synthetic_sentiment_claim_00139,sentiment_synthetic_sentiment_press_release_ah_chunk_0001,sentiment_synthetic_sentiment_press_release_ah,synthetic,sentiment,1,S1,causes_or_increases,"Participants also talked about how algorithmically curated content might distort young people's vision of reality (e.g., by pushing radical content or disinformation th eir way) and leading to radicalisation and social isolation (Schlegel, ; UN Counter Terrorism-Centre, ).","Participants also talked about how algorithmically curated content might distort young people's vision of reality (e.g., by pushing radical content or disinformation th eir way) and leading to radicalisation and social isolation (Schlegel, ; UN Counter Terrorism-Centre, ).",policy_claim_01183,policy_ai_guidance_classroom_considerations_chunk_0020,policy,0,P0,"Social Studies Social discourse is increasingly contending with company-designed, bias-promoting algorithms as well as user-side bots that exacerbate the spread of disinformation and misinformation.","Social Studies Social discourse is increasingly contending with company-designed, bias-promoting algorithms as well as user-side bots that exacerbate the spread of disinformation and misinformation.",0.6487889289855957,0.602167010307312,0.397832989692688,sentence_transformer:sentence-transformers/paraphrase-multilingual-MiniLM-L12-v2,False,0.5118606686592102,pooled_empirical_10th_percentile_provisional
synthetic_to_policy,synthetic_sentiment_claim_00140,sentiment_synthetic_sentiment_press_release_ah_chunk_0001,sentiment_synthetic_sentiment_press_release_ah,synthetic,sentiment,1,S1,causes_or_increases,"Finally, the loss of meaningful relationship-building and an increased sense of disconnectedness (Pawluczuk & Serban, ) was described as problematic due to the increased use of AI-based communication technologies.","Finally, the loss of meaningful relationship-building and an increased sense of disconnectedness (Pawluczuk & Serban, ) was described as problematic due to the increased use of AI-based communication technologies.",policy_claim_03480,policy_oco_ai_policy_spotlight_report_chunk_0016,policy,1,P1,"AI also presents several significant challenges that may hinder growth and learning, including risks of data breaches and misuse of sensitive data, exacerbation of existing inequalities in accessing technology, overreliance on technology leading to diminished interpersonal interactions, social and emotional skills.","AI also presents several significant challenges that may hinder growth and learning, including risks of data breaches and misuse of sensitive data, exacerbation of existing inequalities in accessing technology, overreliance on technology leading to diminished interpersonal interactions, social and emotional skills.",0.6329721212387085,0.6178999543190002,0.38210004568099976,sentence_transformer:sentence-transformers/paraphrase-multilingual-MiniLM-L12-v2,False,0.5118606686592102,pooled_empirical_10th_percentile_provisional
synthetic_to_policy,synthetic_sentiment_claim_00141,sentiment_synthetic_sentiment_press_release_ah_chunk_0001,sentiment_synthetic_sentiment_press_release_ah,synthetic,sentiment,1,S1,causes_or_increases,Some argued that the increasing use of AI and automation of the youth sector has already led to social isolation of those who might already have been digitally and socially excluded.,Some argued that the increasing use of AI and automation of the youth sector has already led to social isolation of those who might already have been digitally and socially excluded.,policy_claim_00241,policy_ai_cognitive_offloading_and_implications_for_education_chunk_0006,policy,4,P4,"This cognitive offloading from human to AI is especially risky for school students ('novice' learners who are building foundational knowledge and skills) when they turn to AI as a tempting substitute, not an amplifier, increase their dependency on the tool and lose access to deeper learning.","This cognitive offloading from human to AI is especially risky for school students ('novice' learners who are building foundational knowledge and skills) when they turn to AI as a tempting substitute, not an amplifier, increase their dependency on the tool and lose access to deeper learning.",0.7123695015907288,0.7077423930168152,0.2922576069831848,sentence_transformer:sentence-transformers/paraphrase-multilingual-MiniLM-L12-v2,False,0.5118606686592102,pooled_empirical_10th_percentile_provisional
synthetic_to_policy,synthetic_sentiment_claim_00142,sentiment_synthetic_sentiment_press_release_ah_chunk_0001,sentiment_synthetic_sentiment_press_release_ah,synthetic,sentiment,1,S1,requires_or_depends_on,"Public confidence depends on public confidence, digital education and responsible use.","Public confidence depends on public confidence, digital education and responsible use.",policy_claim_00135,policy_2026_01_20_opening_statement_ruth_kennedy_revenue_commissioner_et_al_office_of_the_revenue_commissioners_en_chunk_0003,policy,8,P8,Revenue 's effectiveness as a tax and customs administration depends on the public's trust and confidence in its fairness and integrity.,Revenue 's effectiveness as a tax and customs administration depends on the public's trust and confidence in its fairness and integrity.,0.6423145532608032,0.6119896173477173,0.3880103826522827,sentence_transformer:sentence-transformers/paraphrase-multilingual-MiniLM-L12-v2,False,0.5118606686592102,pooled_empirical_10th_percentile_provisional
synthetic_to_policy,synthetic_sentiment_claim_00143,sentiment_synthetic_sentiment_press_release_ah_chunk_0001,sentiment_synthetic_sentiment_press_release_ah,synthetic,sentiment,1,S1,enables_or_supports,"It can facilitate artistic exploration and innovation, enabling students to focus on higher-level creative decisions, while helping teachers to provide personalised feedback and guidance to support student learning in arts education.","It can facilitate artistic exploration and innovation, enabling students to focus on higher-level creative decisions, while helping teachers to provide personalised feedback and guidance to support student learning in arts education.",policy_claim_00176,policy_ahisa_member_survey_report_gen_ai_in_australian_independent_schools_chunk_0027,policy,0,P0,"From increased engagement and exposure to diverse perspectives to enhanced creativity and personalised learning experiences, these tools have proven to be valuable in nurturing students' intellectual growth and development.'","From increased engagement and exposure to diverse perspectives to enhanced creativity and personalised learning experiences, these tools have proven to be valuable in nurturing students' intellectual growth and development.'",0.7319272756576538,0.7214484214782715,0.2785515785217285,sentence_transformer:sentence-transformers/paraphrase-multilingual-MiniLM-L12-v2,False,0.5118606686592102,pooled_empirical_10th_percentile_provisional
synthetic_to_policy,synthetic_sentiment_claim_00144,sentiment_synthetic_sentiment_press_release_ah_chunk_0001,sentiment_synthetic_sentiment_press_release_ah,synthetic,sentiment,1,S1,reduces_or_prevents,"On the other hand, it can also limit true creativity by reinforcing homogeneity if misused.","On the other hand, it can also limit true creativity by reinforcing homogeneity if misused.",policy_claim_03231,policy_l_intelligence_artificielle_dans_les_tablissements_scolaires_sur_le_plan_administratif_et_p_dagogique_chunk_0056,policy,2,P2,"Des usages qui risquent d'appauvrir la créativité des élèves La pensée créative est une séquence de pensées et d'actions menant à une production nouvelle et adaptée au contexte, ce qui permet aux élèves de développer leur capacité à innover et à imaginer des solutions nouvelles, tout en tenant compte des ressources dont ils disposent.","Des usages qui risquent d'appauvrir la créativité des élèves La pensée créative est une séquence de pensées et d'actions menant à une production nouvelle et adaptée au contexte, ce qui permet aux élèves de développer leur capacité à innover et à imaginer des solutions nouvelles, tout en tenant compte des ressources dont ils disposent.",0.6235402822494507,0.6080045104026794,0.39199548959732056,sentence_transformer:sentence-transformers/paraphrase-multilingual-MiniLM-L12-v2,False,0.5118606686592102,pooled_empirical_10th_percentile_provisional
synthetic_to_policy,synthetic_sentiment_claim_00145,sentiment_synthetic_sentiment_press_release_ah_chunk_0001,sentiment_synthetic_sentiment_press_release_ah,synthetic,sentiment,1,S1,requires_or_depends_on,"Public confidence depends on professional learning, trust and transparency and classroom practice.","Public confidence depends on professional learning, trust and transparency and classroom practice.",policy_claim_01871,policy_ai_report_us_gov_chunk_0094,policy,7,P7,"More transparency and authentic dialogue can foster trust, which was mentioned by a researcher as a chief concern for all teachers and students.","More transparency and authentic dialogue can foster trust, which was mentioned by a researcher as a chief concern for all teachers and students.",0.7523531913757324,0.6909604668617249,0.30903953313827515,sentence_transformer:sentence-transformers/paraphrase-multilingual-MiniLM-L12-v2,False,0.5118606686592102,pooled_empirical_10th_percentile_provisional
synthetic_to_policy,synthetic_sentiment_claim_00146,sentiment_synthetic_sentiment_press_release_ah_chunk_0002,sentiment_synthetic_sentiment_press_release_ah,synthetic,sentiment,5,S5,requires_or_depends_on,"Along with the main authors, the following persons contributed to the research presented in this report: Public confidence depends on negative effects, privacy and data protection and trust and transparency.","Along with the main authors, the following persons contributed to the research presented in this report: Public confidence depends on negative effects, privacy and data protection and trust and transparency.",policy_claim_01871,policy_ai_report_us_gov_chunk_0094,policy,7,P7,"More transparency and authentic dialogue can foster trust, which was mentioned by a researcher as a chief concern for all teachers and students.","More transparency and authentic dialogue can foster trust, which was mentioned by a researcher as a chief concern for all teachers and students.",0.5926738977432251,0.587039053440094,0.412960946559906,sentence_transformer:sentence-transformers/paraphrase-multilingual-MiniLM-L12-v2,False,0.5118606686592102,pooled_empirical_10th_percentile_provisional
synthetic_to_policy,synthetic_sentiment_claim_00147,sentiment_synthetic_sentiment_press_release_ah_chunk_0002,sentiment_synthetic_sentiment_press_release_ah,synthetic,sentiment,5,S5,requires_or_depends_on,"Public confidence depends on assessment and academic integrity, AI literacy and young people.","Public confidence depends on assessment and academic integrity, AI literacy and young people.",policy_claim_03161,policy_k_12_artificial_intelligence_ai_use_guidelines_chunk_0021,policy,7,P7,"Academic Integrity Students, teachers, staff, administrators, and affiliates will use AI to advance the fundamental values of academic integrity - honesty, trust, fairness, respect, and responsibility.","Academic Integrity Students, teachers, staff, administrators, and affiliates will use AI to advance the fundamental values of academic integrity - honesty, trust, fairness, respect, and responsibility.",0.6935213804244995,0.6819484233856201,0.3180515766143799,sentence_transformer:sentence-transformers/paraphrase-multilingual-MiniLM-L12-v2,False,0.5118606686592102,pooled_empirical_10th_percentile_provisional
synthetic_to_policy,synthetic_sentiment_claim_00148,sentiment_synthetic_sentiment_press_release_ah_chunk_0003,sentiment_synthetic_sentiment_press_release_ah,synthetic,sentiment,3,S3,causes_or_increases,During the two online webinars the content of the MOOC was discussed and facilitated by a member of the PDST facilitation team to deepen understandings of the MOOC content and discuss usage of the AI tools being used in the classrooms (Duolingo and Photomath).,During the two online webinars the content of the MOOC was discussed and facilitated by a member of the PDST facilitation team to deepen understandings of the MOOC content and discuss usage of the AI tools being used in the classrooms (Duolingo and Photomath).,policy_claim_00954,policy_ai_competency_framework_for_teachers_chunk_0104,policy,3,P3,Box 4: Examples of training and support programmes on AI for teachers The EU's AI4T programme has a specific massive open online course (MOOC) designed to improve teachers' AI competencies.3 This MOOC has four modules: (1) 'AI in education' provides a general introduction; (2) 'What is meant by AI' offers content on AI foundations and applications; (3) 'How does AI work' explores the technical aspects of AI and ethics; and (4) 'AI at our service as teachers' presents material on the human-centred mindset and ethics of AI.,Box 4: Examples of training and support programmes on AI for teachers The EU's AI4T programme has a specific massive open online course (MOOC) designed to improve teachers' AI competencies.3 This MOOC has four modules: (1) 'AI in education' provides a general introduction; (2) 'What is meant by AI' offers content on AI foundations and applications; (3) 'How does AI work' explores the technical aspects of AI and ethics; and (4) 'AI at our service as teachers' presents material on the human-centred mindset and ethics of AI.,0.620792031288147,0.5892825722694397,0.4107174277305603,sentence_transformer:sentence-transformers/paraphrase-multilingual-MiniLM-L12-v2,False,0.5118606686592102,pooled_empirical_10th_percentile_provisional
synthetic_to_policy,synthetic_sentiment_claim_00149,sentiment_synthetic_sentiment_press_release_ah_chunk_0003,sentiment_synthetic_sentiment_press_release_ah,synthetic,sentiment,3,S3,requires_or_depends_on,"Public confidence depends on generative AI, public policy and digital skills.","Public confidence depends on generative AI, public policy and digital skills.",policy_claim_01250,policy_ai_in_australian_education_snapshot_principles_policy_and_practice_august_2023_chunk_0029,policy,6,P6,"Earning the public's trust Including developing technical mechanisms ensuring users know when they are interacting with an AI, a commitment to publicly report on AI systems' capabilities, limitations, and appropriate and inappropriate use, the prioritization of research on risks, and a focus on using the technologies to help address society's greatest challenges.","Earning the public's trust Including developing technical mechanisms ensuring users know when they are interacting with an AI, a commitment to publicly report on AI systems' capabilities, limitations, and appropriate and inappropriate use, the prioritization of research on risks, and a focus on using the technologies to help address society's greatest challenges.",0.7371781468391418,0.7091900706291199,0.2908099293708801,sentence_transformer:sentence-transformers/paraphrase-multilingual-MiniLM-L12-v2,False,0.5118606686592102,pooled_empirical_10th_percentile_provisional
synthetic_to_policy,synthetic_sentiment_claim_00150,sentiment_synthetic_sentiment_press_release_ah_chunk_0003,sentiment_synthetic_sentiment_press_release_ah,synthetic,sentiment,3,S3,requires_or_depends_on,"Public confidence depends on digital skills, negative effects and artificial intelligence.","Public confidence depends on digital skills, negative effects and artificial intelligence.",policy_claim_00032,policy_2025_12_16_first_interim_report_en_chunk_0007,policy,8,P8,"Information for the public on digital literacy and AI, critical thinking, their rights, consent, profiling, bias, scams and bad actors, AI and its potential harms and benefits, how to have a voice in terms of public policy around AI, how to engage in or opt out of AI on their devices, how to ensure their digital rights are being respected and that they can access information on how AI systems are being used in public service bodies.","Information for the public on digital literacy and AI, critical thinking, their rights, consent, profiling, bias, scams and bad actors, AI and its potential harms and benefits, how to have a voice in terms of public policy around AI, how to engage in or opt out of AI on their devices, how to ensure their digital rights are being respected and that they can access information on how AI systems are being used in public service bodies.",0.661806583404541,0.6522054672241211,0.3477945327758789,sentence_transformer:sentence-transformers/paraphrase-multilingual-MiniLM-L12-v2,False,0.5118606686592102,pooled_empirical_10th_percentile_provisional
synthetic_to_policy,synthetic_sentiment_claim_00151,sentiment_synthetic_sentiment_press_release_ah_chunk_0003,sentiment_synthetic_sentiment_press_release_ah,synthetic,sentiment,3,S3,enables_or_supports,"Key competences mentioned include a foundational understanding of GenAI's underlying mechanics, enabling students to critically assess the quality and reliability of AI-generated content.","Key competences mentioned include a foundational understanding of GenAI's underlying mechanics, enabling students to critically assess the quality and reliability of AI-generated content.",policy_claim_00743,policy_ai_competency_framework_for_teachers_chunk_0031,policy,3,P3,They also need the capacity to critically examine the accuracy of AI outputs and to design appropriate pedagogical methodologies to guide the use of AI-synthesized content in teaching and learning.,They also need the capacity to critically examine the accuracy of AI outputs and to design appropriate pedagogical methodologies to guide the use of AI-synthesized content in teaching and learning.,0.7621569633483887,0.7395944595336914,0.2604055404663086,sentence_transformer:sentence-transformers/paraphrase-multilingual-MiniLM-L12-v2,False,0.5118606686592102,pooled_empirical_10th_percentile_provisional
synthetic_to_policy,synthetic_sentiment_claim_00152,sentiment_synthetic_sentiment_press_release_ah_chunk_0003,sentiment_synthetic_sentiment_press_release_ah,synthetic,sentiment,3,S3,enables_or_supports,"Participants mentioned that AI literacy should include examples of effective and constructive use of GenAI, promoting self-regulation and autonomy.","Participants mentioned that AI literacy should include examples of effective and constructive use of GenAI, promoting self-regulation and autonomy.",policy_claim_01988,policy_ai_systems_in_teaching_and_learning_principles_and_practical_exa_chunk_0018,policy,3,P3,"For students, AI literacy is important for 'Fostering a critical approach to AI', which 'Prioritizes human-centered interactions with AI systems,' and contributes to 'Encouraging environmentally sustainable AI' (UNESCO, 2024a, pp.","For students, AI literacy is important for 'Fostering a critical approach to AI', which 'Prioritizes human-centered interactions with AI systems,' and contributes to 'Encouraging environmentally sustainable AI' (UNESCO, 2024a, pp.",0.7661198377609253,0.7642710208892822,0.23572897911071777,sentence_transformer:sentence-transformers/paraphrase-multilingual-MiniLM-L12-v2,False,0.5118606686592102,pooled_empirical_10th_percentile_provisional
synthetic_to_policy,synthetic_sentiment_claim_00153,sentiment_synthetic_sentiment_press_release_ah_chunk_0003,sentiment_synthetic_sentiment_press_release_ah,synthetic,sentiment,3,S3,enables_or_supports,"In this regard, the overall goal would be to empower students to become lifelong learners who are mindful of when and how to use these tools effectively and responsibly.","In this regard, the overall goal would be to empower students to become lifelong learners who are mindful of when and how to use these tools effectively and responsibly.",policy_claim_01136,policy_ai_guidance_classroom_considerations_chunk_0001,policy,7,P7,This initiative is not just about staying current with technology-it's about enriching the learning journey of every student and empowering our educators with the most effective tools available.,This initiative is not just about staying current with technology-it's about enriching the learning journey of every student and empowering our educators with the most effective tools available.,0.7520596981048584,0.7377171516418457,0.2622828483581543,sentence_transformer:sentence-transformers/paraphrase-multilingual-MiniLM-L12-v2,False,0.5118606686592102,pooled_empirical_10th_percentile_provisional
synthetic_to_policy,synthetic_sentiment_claim_00154,sentiment_synthetic_sentiment_press_release_ah_chunk_0003,sentiment_synthetic_sentiment_press_release_ah,synthetic,sentiment,3,S3,requires_or_depends_on,"Public confidence depends on digital skills, AI tools and public policy.","Public confidence depends on digital skills, AI tools and public policy.",policy_claim_01250,policy_ai_in_australian_education_snapshot_principles_policy_and_practice_august_2023_chunk_0029,policy,6,P6,"Earning the public's trust Including developing technical mechanisms ensuring users know when they are interacting with an AI, a commitment to publicly report on AI systems' capabilities, limitations, and appropriate and inappropriate use, the prioritization of research on risks, and a focus on using the technologies to help address society's greatest challenges.","Earning the public's trust Including developing technical mechanisms ensuring users know when they are interacting with an AI, a commitment to publicly report on AI systems' capabilities, limitations, and appropriate and inappropriate use, the prioritization of research on risks, and a focus on using the technologies to help address society's greatest challenges.",0.7388914823532104,0.7264807224273682,0.27351927757263184,sentence_transformer:sentence-transformers/paraphrase-multilingual-MiniLM-L12-v2,False,0.5118606686592102,pooled_empirical_10th_percentile_provisional
synthetic_to_policy,synthetic_sentiment_claim_00155,sentiment_synthetic_sentiment_press_release_ah_chunk_0004,sentiment_synthetic_sentiment_press_release_ah,synthetic,sentiment,3,S3,requires_or_depends_on,"Public confidence depends on fair access, teacher training and professional learning.","Public confidence depends on fair access, teacher training and professional learning.",policy_claim_01084,policy_ai_guidance_chunk_0061,policy,7,P7,This consideration is important as schools work to create cultures where honesty is normalized and met with trust-not suspicion.,This consideration is important as schools work to create cultures where honesty is normalized and met with trust-not suspicion.,0.641633152961731,0.6312680840492249,0.36873191595077515,sentence_transformer:sentence-transformers/paraphrase-multilingual-MiniLM-L12-v2,False,0.5118606686592102,pooled_empirical_10th_percentile_provisional
synthetic_to_policy,synthetic_sentiment_claim_00156,sentiment_synthetic_sentiment_press_release_ah_chunk_0004,sentiment_synthetic_sentiment_press_release_ah,synthetic,sentiment,3,S3,requires_or_depends_on,"Public confidence depends on AI literacy, assessment and academic integrity and artificial intelligence.","Public confidence depends on AI literacy, assessment and academic integrity and artificial intelligence.",policy_claim_02747,policy_guidance_for_ai_policy_development_chunk_0003,policy,7,P7,AI literacy is having the competencies and skills required to use AI technologies and applications effectively.,AI literacy is having the competencies and skills required to use AI technologies and applications effectively.,0.7505119442939758,0.7459996342658997,0.25400036573410034,sentence_transformer:sentence-transformers/paraphrase-multilingual-MiniLM-L12-v2,False,0.5118606686592102,pooled_empirical_10th_percentile_provisional
synthetic_to_policy,synthetic_sentiment_claim_00157,sentiment_synthetic_sentiment_press_release_ai_chunk_0001,sentiment_synthetic_sentiment_press_release_ai,synthetic,sentiment,6,S6,requires_or_depends_on,"Public confidence depends on positive effects, teacher training and assessment and academic integrity.","Public confidence depends on positive effects, teacher training and assessment and academic integrity.",policy_claim_03869,policy_the_new_ai_powered_classroom_implications_for_students_teachers_and_equity_chunk_0045,policy,7,P7,"There is convincing evidence that implies teacher coaching improves instructional practice, student learning, and student achievement when coachers and teachers have defined roles and a relationship of trust 43 .","There is convincing evidence that implies teacher coaching improves instructional practice, student learning, and student achievement when coachers and teachers have defined roles and a relationship of trust 43 .",0.6711863279342651,0.6365605592727661,0.3634394407272339,sentence_transformer:sentence-transformers/paraphrase-multilingual-MiniLM-L12-v2,False,0.5118606686592102,pooled_empirical_10th_percentile_provisional
synthetic_to_policy,synthetic_sentiment_claim_00158,sentiment_synthetic_sentiment_press_release_ai_chunk_0001,sentiment_synthetic_sentiment_press_release_ai,synthetic,sentiment,6,S6,requires_or_depends_on,"Public confidence depends on privacy and data protection, responsible use and negative effects.","Public confidence depends on privacy and data protection, responsible use and negative effects.",policy_claim_02002,policy_ai_systems_in_teaching_and_learning_principles_and_practical_exa_chunk_0025,policy,6,P6,"section on privacy discusses balancing the trade-offs of privacy with other interests, considering parents and data privacy, and limiting exposure to commercial advertising.","section on privacy discusses balancing the trade-offs of privacy with other interests, considering parents and data privacy, and limiting exposure to commercial advertising.",0.6713883876800537,0.6593198180198669,0.34068018198013306,sentence_transformer:sentence-transformers/paraphrase-multilingual-MiniLM-L12-v2,False,0.5118606686592102,pooled_empirical_10th_percentile_provisional
synthetic_to_policy,synthetic_sentiment_claim_00159,sentiment_synthetic_sentiment_press_release_ai_chunk_0001,sentiment_synthetic_sentiment_press_release_ai,synthetic,sentiment,6,S6,requires_or_depends_on,"Public confidence depends on classroom practice, artificial intelligence and digital skills.","Public confidence depends on classroom practice, artificial intelligence and digital skills.",policy_claim_02312,policy_digital_strategy_for_schools_to_2027_chunk_0044,policy,5,P5,"This will include enhancing the skills development of teachers and school leaders to ensure a digitally competent and confident education system, which will in turn foster the development of digital skills, knowledge and understanding in our student population as provided for in the curriculum.","This will include enhancing the skills development of teachers and school leaders to ensure a digitally competent and confident education system, which will in turn foster the development of digital skills, knowledge and understanding in our student population as provided for in the curriculum.",0.6961354613304138,0.685882568359375,0.314117431640625,sentence_transformer:sentence-transformers/paraphrase-multilingual-MiniLM-L12-v2,False,0.5118606686592102,pooled_empirical_10th_percentile_provisional
synthetic_to_policy,synthetic_sentiment_claim_00160,sentiment_synthetic_sentiment_press_release_ai_chunk_0001,sentiment_synthetic_sentiment_press_release_ai,synthetic,sentiment,6,S6,requires_or_depends_on,"Public confidence depends on responsible use, digital education and public policy.","Public confidence depends on responsible use, digital education and public policy.",policy_claim_02267,policy_digital_strategy_for_schools_to_2027_chunk_0030,policy,5,P5,"In order for digital technologies to be effectively used in teaching and learning at school level, their use has to be part of the school vision and must be supported by specific national policies'.","In order for digital technologies to be effectively used in teaching and learning at school level, their use has to be part of the school vision and must be supported by specific national policies'.",0.6558415293693542,0.6501957774162292,0.34980422258377075,sentence_transformer:sentence-transformers/paraphrase-multilingual-MiniLM-L12-v2,False,0.5118606686592102,pooled_empirical_10th_percentile_provisional
synthetic_to_policy,synthetic_sentiment_claim_00161,sentiment_synthetic_sentiment_press_release_ai_chunk_0001,sentiment_synthetic_sentiment_press_release_ai,synthetic,sentiment,6,S6,requires_or_depends_on,"Public confidence depends on generative AI, trust and transparency and teaching and learning.","Public confidence depends on generative AI, trust and transparency and teaching and learning.",policy_claim_02713,policy_generative_artificial_intelligence_guidelines_chunk_0007,policy,7,P7,"Transparency Transparency when using AI in schools is essential for building trust, ensuring fairness, promoting accountability, enhancing understanding and safeguarding privacy.","Transparency Transparency when using AI in schools is essential for building trust, ensuring fairness, promoting accountability, enhancing understanding and safeguarding privacy.",0.7770076990127563,0.7573390007019043,0.2426609992980957,sentence_transformer:sentence-transformers/paraphrase-multilingual-MiniLM-L12-v2,False,0.5118606686592102,pooled_empirical_10th_percentile_provisional
synthetic_to_policy,synthetic_sentiment_claim_00162,sentiment_synthetic_sentiment_press_release_ai_chunk_0002,sentiment_synthetic_sentiment_press_release_ai,synthetic,sentiment,4,S4,expected_to_improve,"AI competences and critical digital literacy - all reviewed documents, including most national AI strategies, refer to developing AI competences and jobs of the future, including advanced skills for experts or future engineers, but also basic AI literacy.","AI competences and critical digital literacy - all reviewed documents, including most national AI strategies, refer to developing AI competences and jobs of the future, including advanced skills for experts or future engineers, but also basic AI literacy.",policy_claim_02747,policy_guidance_for_ai_policy_development_chunk_0003,policy,7,P7,AI literacy is having the competencies and skills required to use AI technologies and applications effectively.,AI literacy is having the competencies and skills required to use AI technologies and applications effectively.,0.8364592790603638,0.8091229796409607,0.1908770203590393,sentence_transformer:sentence-transformers/paraphrase-multilingual-MiniLM-L12-v2,False,0.5118606686592102,pooled_empirical_10th_percentile_provisional
synthetic_to_policy,synthetic_sentiment_claim_00163,sentiment_synthetic_sentiment_press_release_ai_chunk_0002,sentiment_synthetic_sentiment_press_release_ai,synthetic,sentiment,4,S4,causes_or_increases,"While formal education focuses on advancing technical skills and creating more ICT experts, new resources are needed to support young people in understanding the everyday impact of technology.","While formal education focuses on advancing technical skills and creating more ICT experts, new resources are needed to support young people in understanding the everyday impact of technology.",policy_claim_02203,policy_digital_strategy_for_schools_to_2027_chunk_0005,policy,5,P5,By combining excellence in teaching practises with technology we can equip or students and young people with the key digital skills required to enhance and enrich their pathway through life.,By combining excellence in teaching practises with technology we can equip or students and young people with the key digital skills required to enhance and enrich their pathway through life.,0.7534257173538208,0.742962658405304,0.25703734159469604,sentence_transformer:sentence-transformers/paraphrase-multilingual-MiniLM-L12-v2,False,0.5118606686592102,pooled_empirical_10th_percentile_provisional
synthetic_to_policy,synthetic_sentiment_claim_00164,sentiment_synthetic_sentiment_press_release_ai_chunk_0002,sentiment_synthetic_sentiment_press_release_ai,synthetic,sentiment,4,S4,requires_or_depends_on,"Public confidence depends on student support, classroom practice and public policy.","Public confidence depends on student support, classroom practice and public policy.",policy_claim_00190,policy_ahisa_member_survey_report_gen_ai_in_australian_independent_schools_chunk_0033,policy,7,P7,There needs to be consistency and clarity from government and educational leaders to support schools in their decision making.,There needs to be consistency and clarity from government and educational leaders to support schools in their decision making.,0.6419087052345276,0.6205217838287354,0.37947821617126465,sentence_transformer:sentence-transformers/paraphrase-multilingual-MiniLM-L12-v2,False,0.5118606686592102,pooled_empirical_10th_percentile_provisional
synthetic_to_policy,synthetic_sentiment_claim_00165,sentiment_synthetic_sentiment_press_release_ai_chunk_0002,sentiment_synthetic_sentiment_press_release_ai,synthetic,sentiment,4,S4,requires_or_depends_on,"Public confidence depends on young people, teacher training and privacy and data protection.","Public confidence depends on young people, teacher training and privacy and data protection.",policy_claim_02003,policy_ai_systems_in_teaching_and_learning_principles_and_practical_exa_chunk_0025,policy,6,P6,"They elaborate by saying, 'Data protection policies should ensure that the collection of data contributes to securing effectiveness and equity in education while protecting students' and teachers' privacy' (p.","They elaborate by saying, 'Data protection policies should ensure that the collection of data contributes to securing effectiveness and equity in education while protecting students' and teachers' privacy' (p.",0.6966986060142517,0.6709889769554138,0.3290110230445862,sentence_transformer:sentence-transformers/paraphrase-multilingual-MiniLM-L12-v2,False,0.5118606686592102,pooled_empirical_10th_percentile_provisional
synthetic_to_policy,synthetic_sentiment_claim_00166,sentiment_synthetic_sentiment_press_release_ai_chunk_0003,sentiment_synthetic_sentiment_press_release_ai,synthetic,sentiment,0,S0,requires_or_depends_on,"Public confidence depends on trust and transparency, classroom practice and human oversight.","Public confidence depends on trust and transparency, classroom practice and human oversight.",policy_claim_01871,policy_ai_report_us_gov_chunk_0094,policy,7,P7,"More transparency and authentic dialogue can foster trust, which was mentioned by a researcher as a chief concern for all teachers and students.","More transparency and authentic dialogue can foster trust, which was mentioned by a researcher as a chief concern for all teachers and students.",0.7503002882003784,0.7134695053100586,0.2865304946899414,sentence_transformer:sentence-transformers/paraphrase-multilingual-MiniLM-L12-v2,False,0.5118606686592102,pooled_empirical_10th_percentile_provisional
synthetic_to_policy,synthetic_sentiment_claim_00167,sentiment_synthetic_sentiment_press_release_ai_chunk_0003,sentiment_synthetic_sentiment_press_release_ai,synthetic,sentiment,0,S0,requires_or_depends_on,"A total of Public confidence depends on student support, positive effects and public policy.","A total of Public confidence depends on student support, positive effects and public policy.",policy_claim_00135,policy_2026_01_20_opening_statement_ruth_kennedy_revenue_commissioner_et_al_office_of_the_revenue_commissioners_en_chunk_0003,policy,8,P8,Revenue 's effectiveness as a tax and customs administration depends on the public's trust and confidence in its fairness and integrity.,Revenue 's effectiveness as a tax and customs administration depends on the public's trust and confidence in its fairness and integrity.,0.5904920697212219,0.5704174637794495,0.42958253622055054,sentence_transformer:sentence-transformers/paraphrase-multilingual-MiniLM-L12-v2,False,0.5118606686592102,pooled_empirical_10th_percentile_provisional
synthetic_to_policy,synthetic_sentiment_claim_00168,sentiment_synthetic_sentiment_press_release_ai_chunk_0003,sentiment_synthetic_sentiment_press_release_ai,synthetic,sentiment,0,S0,requires_or_depends_on,"Public confidence depends on privacy and data protection, young people and negative effects.","Public confidence depends on privacy and data protection, young people and negative effects.",policy_claim_02002,policy_ai_systems_in_teaching_and_learning_principles_and_practical_exa_chunk_0025,policy,6,P6,"section on privacy discusses balancing the trade-offs of privacy with other interests, considering parents and data privacy, and limiting exposure to commercial advertising.","section on privacy discusses balancing the trade-offs of privacy with other interests, considering parents and data privacy, and limiting exposure to commercial advertising.",0.6786882281303406,0.6490837931632996,0.35091620683670044,sentence_transformer:sentence-transformers/paraphrase-multilingual-MiniLM-L12-v2,False,0.5118606686592102,pooled_empirical_10th_percentile_provisional
synthetic_to_policy,synthetic_sentiment_claim_00169,sentiment_synthetic_sentiment_press_release_ai_chunk_0003,sentiment_synthetic_sentiment_press_release_ai,synthetic,sentiment,0,S0,requires_or_depends_on,"Public confidence depends on negative effects, teacher training and AI tools.","Public confidence depends on negative effects, teacher training and AI tools.",policy_claim_01462,policy_ai_policy_april_2025_v2_chunk_0004,policy,6,P6,"Where AI tools are having a negative impact on pupils' education, they will be picked up through the evaluation cycle and support will be put in place, whether this is to support the teacher to use the platform more effectively, or to remove the tool.","Where AI tools are having a negative impact on pupils' education, they will be picked up through the evaluation cycle and support will be put in place, whether this is to support the teacher to use the platform more effectively, or to remove the tool.",0.7145438194274902,0.7012302875518799,0.2987697124481201,sentence_transformer:sentence-transformers/paraphrase-multilingual-MiniLM-L12-v2,False,0.5118606686592102,pooled_empirical_10th_percentile_provisional
synthetic_to_policy,synthetic_sentiment_claim_00170,sentiment_synthetic_sentiment_press_release_ai_chunk_0004,sentiment_synthetic_sentiment_press_release_ai,synthetic,sentiment,3,S3,requires_or_depends_on,"feedback generation, learning hints, tutoring support) Public confidence depends on AI literacy, public policy and teaching and learning.","feedback generation, learning hints, tutoring support) Public confidence depends on AI literacy, public policy and teaching and learning.",policy_claim_01808,policy_ai_report_us_gov_chunk_0072,policy,0,P0,"Student feelings of safety, confidence, and trust in the feedback generated by these AI-enabled systems and tools are essential to showcase their learning.","Student feelings of safety, confidence, and trust in the feedback generated by these AI-enabled systems and tools are essential to showcase their learning.",0.7218316793441772,0.7163558006286621,0.2836441993713379,sentence_transformer:sentence-transformers/paraphrase-multilingual-MiniLM-L12-v2,False,0.5118606686592102,pooled_empirical_10th_percentile_provisional
synthetic_to_policy,synthetic_sentiment_claim_00171,sentiment_synthetic_sentiment_press_release_ai_chunk_0004,sentiment_synthetic_sentiment_press_release_ai,synthetic,sentiment,3,S3,requires_or_depends_on,"Public confidence depends on artificial intelligence, negative effects and digital education.","Public confidence depends on artificial intelligence, negative effects and digital education.",policy_claim_03831,policy_the_new_ai_powered_classroom_implications_for_students_teachers_and_equity_chunk_0021,policy,1,P1,This recommendation reflects the concern over the bias and harmful content AI can present if schools are not enforcing regulation and neglecting to teach AI literacy courses on the information generated by artificial intelligence systems.,This recommendation reflects the concern over the bias and harmful content AI can present if schools are not enforcing regulation and neglecting to teach AI literacy courses on the information generated by artificial intelligence systems.,0.6664535999298096,0.6552191376686096,0.3447808623313904,sentence_transformer:sentence-transformers/paraphrase-multilingual-MiniLM-L12-v2,False,0.5118606686592102,pooled_empirical_10th_percentile_provisional
synthetic_to_policy,synthetic_sentiment_claim_00172,sentiment_synthetic_sentiment_press_release_ai_chunk_0004,sentiment_synthetic_sentiment_press_release_ai,synthetic,sentiment,3,S3,causes_or_increases,"Ultimately, we need to ask ourselves: do we want to move towards a school system where students produce AI-generated assessments and are then handed back AI-generated grades and comments in a bizarre feedback loop where humans sit on the margins of education?","Ultimately, we need to ask ourselves: do we want to move towards a school system where students produce AI-generated assessments and are then handed back AI-generated grades and comments in a bizarre feedback loop where humans sit on the margins of education?",policy_claim_01901,policy_ai_report_us_gov_chunk_0108,policy,6,P6,"Human Alternatives, Consideration and Feedback: AI models that support transparent, accountable, and responsible use of AI in education by involving humans in the loop to ensure that educational values and principles are prioritized.","Human Alternatives, Consideration and Feedback: AI models that support transparent, accountable, and responsible use of AI in education by involving humans in the loop to ensure that educational values and principles are prioritized.",0.7343766689300537,0.7264278531074524,0.2735721468925476,sentence_transformer:sentence-transformers/paraphrase-multilingual-MiniLM-L12-v2,False,0.5118606686592102,pooled_empirical_10th_percentile_provisional
synthetic_to_policy,synthetic_sentiment_claim_00173,sentiment_synthetic_sentiment_press_release_ai_chunk_0004,sentiment_synthetic_sentiment_press_release_ai,synthetic,sentiment,3,S3,requires_or_depends_on,"Public confidence depends on generative AI, digital skills and assessment and academic integrity.","Public confidence depends on generative AI, digital skills and assessment and academic integrity.",policy_claim_01250,policy_ai_in_australian_education_snapshot_principles_policy_and_practice_august_2023_chunk_0029,policy,6,P6,"Earning the public's trust Including developing technical mechanisms ensuring users know when they are interacting with an AI, a commitment to publicly report on AI systems' capabilities, limitations, and appropriate and inappropriate use, the prioritization of research on risks, and a focus on using the technologies to help address society's greatest challenges.","Earning the public's trust Including developing technical mechanisms ensuring users know when they are interacting with an AI, a commitment to publicly report on AI systems' capabilities, limitations, and appropriate and inappropriate use, the prioritization of research on risks, and a focus on using the technologies to help address society's greatest challenges.",0.700955867767334,0.6794578433036804,0.3205421566963196,sentence_transformer:sentence-transformers/paraphrase-multilingual-MiniLM-L12-v2,False,0.5118606686592102,pooled_empirical_10th_percentile_provisional
synthetic_to_policy,synthetic_sentiment_claim_00174,sentiment_synthetic_sentiment_press_release_aj_chunk_0001,sentiment_synthetic_sentiment_press_release_aj,synthetic,sentiment,6,S6,requires_or_depends_on,"Public confidence depends on teacher training, student support and positive effects.","Public confidence depends on teacher training, student support and positive effects.",policy_claim_03869,policy_the_new_ai_powered_classroom_implications_for_students_teachers_and_equity_chunk_0045,policy,7,P7,"There is convincing evidence that implies teacher coaching improves instructional practice, student learning, and student achievement when coachers and teachers have defined roles and a relationship of trust 43 .","There is convincing evidence that implies teacher coaching improves instructional practice, student learning, and student achievement when coachers and teachers have defined roles and a relationship of trust 43 .",0.7263086438179016,0.6718223690986633,0.32817763090133667,sentence_transformer:sentence-transformers/paraphrase-multilingual-MiniLM-L12-v2,False,0.5118606686592102,pooled_empirical_10th_percentile_provisional
synthetic_to_policy,synthetic_sentiment_claim_00175,sentiment_synthetic_sentiment_press_release_aj_chunk_0001,sentiment_synthetic_sentiment_press_release_aj,synthetic,sentiment,6,S6,requires_or_depends_on,"Public confidence depends on student support, digital education and teacher training.","Public confidence depends on student support, digital education and teacher training.",policy_claim_02247,policy_digital_strategy_for_schools_to_2027_chunk_0024,policy,5,P5,"In tandem, supporting school leaders to guide and build capacity and increase teacher confidence through appropriate teacher professional learning (TPL), to ensure appropriate developmental learning experiences for all learners to enable them develop the necessary digital competence.","In tandem, supporting school leaders to guide and build capacity and increase teacher confidence through appropriate teacher professional learning (TPL), to ensure appropriate developmental learning experiences for all learners to enable them develop the necessary digital competence.",0.6960633397102356,0.6878606677055359,0.3121393322944641,sentence_transformer:sentence-transformers/paraphrase-multilingual-MiniLM-L12-v2,False,0.5118606686592102,pooled_empirical_10th_percentile_provisional
synthetic_to_policy,synthetic_sentiment_claim_00176,sentiment_synthetic_sentiment_press_release_aj_chunk_0001,sentiment_synthetic_sentiment_press_release_aj,synthetic,sentiment,6,S6,requires_or_depends_on,"Public confidence depends on trust and transparency, classroom practice and student support.","Public confidence depends on trust and transparency, classroom practice and student support.",policy_claim_01871,policy_ai_report_us_gov_chunk_0094,policy,7,P7,"More transparency and authentic dialogue can foster trust, which was mentioned by a researcher as a chief concern for all teachers and students.","More transparency and authentic dialogue can foster trust, which was mentioned by a researcher as a chief concern for all teachers and students.",0.7701561450958252,0.7224670052528381,0.27753299474716187,sentence_transformer:sentence-transformers/paraphrase-multilingual-MiniLM-L12-v2,False,0.5118606686592102,pooled_empirical_10th_percentile_provisional
synthetic_to_policy,synthetic_sentiment_claim_00177,sentiment_synthetic_sentiment_press_release_aj_chunk_0001,sentiment_synthetic_sentiment_press_release_aj,synthetic,sentiment,6,S6,causes_or_increases,"Job Security Discourse: The lexicon deployed within this thematic concern is saturated with affective terms such as 'unemployment,' 'job insecurity,' and 'redundancy,' amplifying the level of exigency surrounding the issue.","Job Security Discourse: The lexicon deployed within this thematic concern is saturated with affective terms such as 'unemployment,' 'job insecurity,' and 'redundancy,' amplifying the level of exigency surrounding the issue.",policy_claim_01522,policy_ai_policy_considerations_for_schools_and_mats_chunk_0006,policy,7,P7,Example wording: Staff are expected to engage with guidance and raise concerns where they are unsure about appropriate AI use.,Example wording: Staff are expected to engage with guidance and raise concerns where they are unsure about appropriate AI use.,0.48985910415649414,0.4850268065929413,0.5149731934070587,sentence_transformer:sentence-transformers/paraphrase-multilingual-MiniLM-L12-v2,True,0.5118606686592102,pooled_empirical_10th_percentile_provisional
synthetic_to_policy,synthetic_sentiment_claim_00178,sentiment_synthetic_sentiment_press_release_aj_chunk_0001,sentiment_synthetic_sentiment_press_release_aj,synthetic,sentiment,6,S6,causes_or_increases,"Narratives: Within sectors like retail and healthcare, apprehensions centre around robotic automation superseding human tasks, leading to disquietude about the future role and relevance of human labour.","Narratives: Within sectors like retail and healthcare, apprehensions centre around robotic automation superseding human tasks, leading to disquietude about the future role and relevance of human labour.",policy_claim_00520,policy_ai_competency_framework_for_students_chunk_0054,policy,3,P3,"Debating the dynamic boundary between human agency and machine agency: Based on the real-world cases of dilemmas surrounding humans'reliance on machine agency, encourage students to conduct a debate on the changing roles humans and AI may play in AI-supported problem-solving and decision-making processes.","Debating the dynamic boundary between human agency and machine agency: Based on the real-world cases of dilemmas surrounding humans'reliance on machine agency, encourage students to conduct a debate on the changing roles humans and AI may play in AI-supported problem-solving and decision-making processes.",0.6649616956710815,0.6208217740058899,0.3791782259941101,sentence_transformer:sentence-transformers/paraphrase-multilingual-MiniLM-L12-v2,False,0.5118606686592102,pooled_empirical_10th_percentile_provisional
synthetic_to_policy,synthetic_sentiment_claim_00179,sentiment_synthetic_sentiment_press_release_aj_chunk_0001,sentiment_synthetic_sentiment_press_release_aj,synthetic,sentiment,6,S6,causes_or_increases,This invariably raises existential questions concerning the intrinsic worth of human endeavour in a rapidly mechanising landscape.,This invariably raises existential questions concerning the intrinsic worth of human endeavour in a rapidly mechanising landscape.,policy_claim_03289,policy_l_intelligence_artificielle_dans_les_tablissements_scolaires_sur_le_plan_administratif_et_p_dagogique_chunk_0106,policy,2,P2,"Ne présenter que partiellement ces éléments risque de donner une vision faussée et stérile, mais les considérer dans leur globalité nécessite de relever le défi du travail interdisciplinaire.","Ne présenter que partiellement ces éléments risque de donner une vision faussée et stérile, mais les considérer dans leur globalité nécessite de relever le défi du travail interdisciplinaire.",0.5132609009742737,0.5007300972938538,0.49926990270614624,sentence_transformer:sentence-transformers/paraphrase-multilingual-MiniLM-L12-v2,True,0.5118606686592102,pooled_empirical_10th_percentile_provisional
synthetic_to_policy,synthetic_sentiment_claim_00180,sentiment_synthetic_sentiment_press_release_aj_chunk_0002,sentiment_synthetic_sentiment_press_release_aj,synthetic,sentiment,6,S6,reduces_or_prevents,"Implications: This pervasive sense of vulnerability could significantly decelerate the societal acceptance and integration of AI technologies, thereby mitigating the potential benefits they could bring.","Implications: This pervasive sense of vulnerability could significantly decelerate the societal acceptance and integration of AI technologies, thereby mitigating the potential benefits they could bring.",policy_claim_03480,policy_oco_ai_policy_spotlight_report_chunk_0016,policy,1,P1,"AI also presents several significant challenges that may hinder growth and learning, including risks of data breaches and misuse of sensitive data, exacerbation of existing inequalities in accessing technology, overreliance on technology leading to diminished interpersonal interactions, social and emotional skills.","AI also presents several significant challenges that may hinder growth and learning, including risks of data breaches and misuse of sensitive data, exacerbation of existing inequalities in accessing technology, overreliance on technology leading to diminished interpersonal interactions, social and emotional skills.",0.7940401434898376,0.780214250087738,0.21978574991226196,sentence_transformer:sentence-transformers/paraphrase-multilingual-MiniLM-L12-v2,False,0.5118606686592102,pooled_empirical_10th_percentile_provisional
synthetic_to_policy,synthetic_sentiment_claim_00181,sentiment_synthetic_sentiment_press_release_aj_chunk_0002,sentiment_synthetic_sentiment_press_release_aj,synthetic,sentiment,6,S6,causes_or_increases,"Techno Phobia due to Housing Crisis Discourse: The lexis here is fraught with socio-economic indicators like 'inequality,' 'disparity,' and 'social divide.'","Techno Phobia due to Housing Crisis Discourse: The lexis here is fraught with socio-economic indicators like 'inequality,' 'disparity,' and 'social divide.'",policy_claim_03487,policy_oco_ai_policy_spotlight_report_chunk_0017,policy,1,P1,"Such challenges include risks of data breaches and misuse of sensitive data, exacerbation of existing inequalities in accessing technology, over-reliance on technology leading to diminished interpersonal interactions, social and emotional skills, and impacts on social, emotional and cognitive development and maturation.","Such challenges include risks of data breaches and misuse of sensitive data, exacerbation of existing inequalities in accessing technology, over-reliance on technology leading to diminished interpersonal interactions, social and emotional skills, and impacts on social, emotional and cognitive development and maturation.",0.5350803732872009,0.5264195203781128,0.4735804796218872,sentence_transformer:sentence-transformers/paraphrase-multilingual-MiniLM-L12-v2,False,0.5118606686592102,pooled_empirical_10th_percentile_provisional
synthetic_to_policy,synthetic_sentiment_claim_00182,sentiment_synthetic_sentiment_press_release_aj_chunk_0002,sentiment_synthetic_sentiment_press_release_aj,synthetic,sentiment,6,S6,requires_or_depends_on,"Implications: Such concerns could precipitate public resistance against AI, compelling policymakers to adopt more conservative stances in technological Public confidence depends on human oversight, responsible use and teaching and learning.","Implications: Such concerns could precipitate public resistance against AI, compelling policymakers to adopt more conservative stances in technological Public confidence depends on human oversight, responsible use and teaching and learning.",policy_claim_03013,policy_guidetoaiinschools_chunk_0034,policy,7,P7,"F Will we require students and/or teachers who have principled objections (e.g., over environmental impacts or data privacy concerns) to use AI tools, or will we have a procedure for opting out?","F Will we require students and/or teachers who have principled objections (e.g., over environmental impacts or data privacy concerns) to use AI tools, or will we have a procedure for opting out?",0.7249719500541687,0.7211820483207703,0.27881795167922974,sentence_transformer:sentence-transformers/paraphrase-multilingual-MiniLM-L12-v2,False,0.5118606686592102,pooled_empirical_10th_percentile_provisional
synthetic_to_policy,synthetic_sentiment_claim_00183,sentiment_synthetic_sentiment_press_release_aj_chunk_0003,sentiment_synthetic_sentiment_press_release_aj,synthetic,sentiment,3,S3,enables_or_supports,"The different elements coupled with the excellent quality of facilitation during the pathway (e.g., the pedagogical team was very responsive to participants' questions) enabled them to take an active role in the pathway, including sharing their professional experiences with the other participants.","The different elements coupled with the excellent quality of facilitation during the pathway (e.g., the pedagogical team was very responsive to participants' questions) enabled them to take an active role in the pathway, including sharing their professional experiences with the other participants.",policy_claim_00965,policy_ai_competency_framework_for_teachers_chunk_0109,policy,3,P3,"Stakeholders involved in teacher professional development are encouraged to engage and share their experiences with peer trainers and UNESCO, with a view to co-creating subsequent iterations of this framework.","Stakeholders involved in teacher professional development are encouraged to engage and share their experiences with peer trainers and UNESCO, with a view to co-creating subsequent iterations of this framework.",0.6135212182998657,0.5945223569869995,0.4054776430130005,sentence_transformer:sentence-transformers/paraphrase-multilingual-MiniLM-L12-v2,False,0.5118606686592102,pooled_empirical_10th_percentile_provisional
synthetic_to_policy,synthetic_sentiment_claim_00184,sentiment_synthetic_sentiment_press_release_aj_chunk_0003,sentiment_synthetic_sentiment_press_release_aj,synthetic,sentiment,3,S3,requires_or_depends_on,"Public confidence depends on teaching and learning, student support and responsible use.","Public confidence depends on teaching and learning, student support and responsible use.",policy_claim_01910,policy_ai_report_us_gov_chunk_0112,policy,8,P8,"And yet, teachers, students, and their families/caregivers need support to build appropriate levels of trust in systems that affect their work.","And yet, teachers, students, and their families/caregivers need support to build appropriate levels of trust in systems that affect their work.",0.6602873802185059,0.6394143104553223,0.36058568954467773,sentence_transformer:sentence-transformers/paraphrase-multilingual-MiniLM-L12-v2,False,0.5118606686592102,pooled_empirical_10th_percentile_provisional
synthetic_to_policy,synthetic_sentiment_claim_00185,sentiment_synthetic_sentiment_press_release_aj_chunk_0003,sentiment_synthetic_sentiment_press_release_aj,synthetic,sentiment,3,S3,reduces_or_prevents,"Research participants highlighted the importance of developing AI literacy among both in-service and pre-service teachers, in order for them to be able to harness the potential of GenAI in their teaching and minimise potential risks.","Research participants highlighted the importance of developing AI literacy among both in-service and pre-service teachers, in order for them to be able to harness the potential of GenAI in their teaching and minimise potential risks.",policy_claim_02762,policy_guidance_for_ai_policy_development_chunk_0008,policy,7,P7,"Students, parents, and community members will all need some level of training in AI Literacy.","Students, parents, and community members will all need some level of training in AI Literacy.",0.8104756474494934,0.8017592430114746,0.1982407569885254,sentence_transformer:sentence-transformers/paraphrase-multilingual-MiniLM-L12-v2,False,0.5118606686592102,pooled_empirical_10th_percentile_provisional
synthetic_to_policy,synthetic_sentiment_claim_00186,sentiment_synthetic_sentiment_press_release_aj_chunk_0003,sentiment_synthetic_sentiment_press_release_aj,synthetic,sentiment,3,S3,requires_or_depends_on,"Public confidence depends on responsible use, public policy and human oversight.","Public confidence depends on responsible use, public policy and human oversight.",policy_claim_00135,policy_2026_01_20_opening_statement_ruth_kennedy_revenue_commissioner_et_al_office_of_the_revenue_commissioners_en_chunk_0003,policy,8,P8,Revenue 's effectiveness as a tax and customs administration depends on the public's trust and confidence in its fairness and integrity.,Revenue 's effectiveness as a tax and customs administration depends on the public's trust and confidence in its fairness and integrity.,0.7154196500778198,0.6437134146690369,0.35628658533096313,sentence_transformer:sentence-transformers/paraphrase-multilingual-MiniLM-L12-v2,False,0.5118606686592102,pooled_empirical_10th_percentile_provisional
synthetic_to_policy,synthetic_sentiment_claim_00187,sentiment_synthetic_sentiment_press_release_aj_chunk_0003,sentiment_synthetic_sentiment_press_release_aj,synthetic,sentiment,3,S3,requires_or_depends_on,"Public confidence depends on trust and transparency, professional learning and negative effects.","Public confidence depends on trust and transparency, professional learning and negative effects.",policy_claim_01871,policy_ai_report_us_gov_chunk_0094,policy,7,P7,"More transparency and authentic dialogue can foster trust, which was mentioned by a researcher as a chief concern for all teachers and students.","More transparency and authentic dialogue can foster trust, which was mentioned by a researcher as a chief concern for all teachers and students.",0.6813144087791443,0.6741763949394226,0.3258236050605774,sentence_transformer:sentence-transformers/paraphrase-multilingual-MiniLM-L12-v2,False,0.5118606686592102,pooled_empirical_10th_percentile_provisional
synthetic_to_policy,synthetic_sentiment_claim_00188,sentiment_synthetic_sentiment_press_release_aj_chunk_0003,sentiment_synthetic_sentiment_press_release_aj,synthetic,sentiment,3,S3,requires_or_depends_on,"Public confidence depends on negative effects, assessment and academic integrity and public confidence.","Public confidence depends on negative effects, assessment and academic integrity and public confidence.",policy_claim_00135,policy_2026_01_20_opening_statement_ruth_kennedy_revenue_commissioner_et_al_office_of_the_revenue_commissioners_en_chunk_0003,policy,8,P8,Revenue 's effectiveness as a tax and customs administration depends on the public's trust and confidence in its fairness and integrity.,Revenue 's effectiveness as a tax and customs administration depends on the public's trust and confidence in its fairness and integrity.,0.6103335022926331,0.5928154587745667,0.40718454122543335,sentence_transformer:sentence-transformers/paraphrase-multilingual-MiniLM-L12-v2,False,0.5118606686592102,pooled_empirical_10th_percentile_provisional
synthetic_to_policy,synthetic_sentiment_claim_00189,sentiment_synthetic_sentiment_press_release_aj_chunk_0004,sentiment_synthetic_sentiment_press_release_aj,synthetic,sentiment,5,S5,requires_or_depends_on,"e Public confidence depends on digital education, young people and public policy.","e Public confidence depends on digital education, young people and public policy.",policy_claim_02218,policy_digital_strategy_for_schools_to_2027_chunk_0009,policy,5,P5,The voice of young learners will be important to inform and advance curricular change for which digital technology will be a key enabler.,The voice of young learners will be important to inform and advance curricular change for which digital technology will be a key enabler.,0.6721473336219788,0.6660242080688477,0.33397579193115234,sentence_transformer:sentence-transformers/paraphrase-multilingual-MiniLM-L12-v2,False,0.5118606686592102,pooled_empirical_10th_percentile_provisional
synthetic_to_policy,synthetic_sentiment_claim_00190,sentiment_synthetic_sentiment_press_release_ak_chunk_0001,sentiment_synthetic_sentiment_press_release_ak,synthetic,sentiment,0,S0,requires_or_depends_on,"Public confidence depends on privacy and data protection, digital education and trust and transparency.","Public confidence depends on privacy and data protection, digital education and trust and transparency.",policy_claim_02003,policy_ai_systems_in_teaching_and_learning_principles_and_practical_exa_chunk_0025,policy,6,P6,"They elaborate by saying, 'Data protection policies should ensure that the collection of data contributes to securing effectiveness and equity in education while protecting students' and teachers' privacy' (p.","They elaborate by saying, 'Data protection policies should ensure that the collection of data contributes to securing effectiveness and equity in education while protecting students' and teachers' privacy' (p.",0.6750631928443909,0.6723484992980957,0.3276515007019043,sentence_transformer:sentence-transformers/paraphrase-multilingual-MiniLM-L12-v2,False,0.5118606686592102,pooled_empirical_10th_percentile_provisional
synthetic_to_policy,synthetic_sentiment_claim_00191,sentiment_synthetic_sentiment_press_release_ak_chunk_0001,sentiment_synthetic_sentiment_press_release_ak,synthetic,sentiment,0,S0,requires_or_depends_on,"AI education as part of the school curriculum, supported by consultation with schools, experts, AI and tech companies, and young people themselves - Engaging public awareness campaigns around AI, that meets young people where they are Public confidence depends on human oversight, AI tools and professional learning.","AI education as part of the school curriculum, supported by consultation with schools, experts, AI and tech companies, and young people themselves - Engaging public awareness campaigns around AI, that meets young people where they are Public confidence depends on human oversight, AI tools and professional learning.",policy_claim_02763,policy_guidance_for_ai_policy_development_chunk_0008,policy,7,P7,"What is the strategy to ensure that students, teachers, parents, and community members understand AI and the importance of utilizing AI in our educational system?","What is the strategy to ensure that students, teachers, parents, and community members understand AI and the importance of utilizing AI in our educational system?",0.8311432600021362,0.8217385411262512,0.17826145887374878,sentence_transformer:sentence-transformers/paraphrase-multilingual-MiniLM-L12-v2,False,0.5118606686592102,pooled_empirical_10th_percentile_provisional
synthetic_to_policy,synthetic_sentiment_claim_00192,sentiment_synthetic_sentiment_press_release_ak_chunk_0001,sentiment_synthetic_sentiment_press_release_ak,synthetic,sentiment,0,S0,requires_or_depends_on,"Public confidence depends on trust and transparency, young people and artificial intelligence.","Public confidence depends on trust and transparency, young people and artificial intelligence.",policy_claim_02713,policy_generative_artificial_intelligence_guidelines_chunk_0007,policy,7,P7,"Transparency Transparency when using AI in schools is essential for building trust, ensuring fairness, promoting accountability, enhancing understanding and safeguarding privacy.","Transparency Transparency when using AI in schools is essential for building trust, ensuring fairness, promoting accountability, enhancing understanding and safeguarding privacy.",0.7102605104446411,0.6937035918235779,0.3062964081764221,sentence_transformer:sentence-transformers/paraphrase-multilingual-MiniLM-L12-v2,False,0.5118606686592102,pooled_empirical_10th_percentile_provisional
synthetic_to_policy,synthetic_sentiment_claim_00193,sentiment_synthetic_sentiment_press_release_ak_chunk_0002,sentiment_synthetic_sentiment_press_release_ak,synthetic,sentiment,0,S0,requires_or_depends_on,The current situation might require a redefinition of the role national youth institutions could have in these processes.,The current situation might require a redefinition of the role national youth institutions could have in these processes.,policy_claim_02476,policy_digital_strategy_for_schools_to_2027_chunk_0111,policy,5,P5,"The potential for industry to support digital transformation and capacity building in schools, and their willingness to engage on that basis with the Department and with schools has already been referenced and in order to bring a stronger, more coherent focus on this, an Industry Group will also be constituted to harness that input.","The potential for industry to support digital transformation and capacity building in schools, and their willingness to engage on that basis with the Department and with schools has already been referenced and in order to bring a stronger, more coherent focus on this, an Industry Group will also be constituted to harness that input.",0.5834023356437683,0.577960729598999,0.422039270401001,sentence_transformer:sentence-transformers/paraphrase-multilingual-MiniLM-L12-v2,False,0.5118606686592102,pooled_empirical_10th_percentile_provisional
synthetic_to_policy,synthetic_sentiment_claim_00194,sentiment_synthetic_sentiment_press_release_ak_chunk_0002,sentiment_synthetic_sentiment_press_release_ak,synthetic,sentiment,0,S0,requires_or_depends_on,"Public confidence depends on positive effects, public policy and artificial intelligence.","Public confidence depends on positive effects, public policy and artificial intelligence.",policy_claim_01250,policy_ai_in_australian_education_snapshot_principles_policy_and_practice_august_2023_chunk_0029,policy,6,P6,"Earning the public's trust Including developing technical mechanisms ensuring users know when they are interacting with an AI, a commitment to publicly report on AI systems' capabilities, limitations, and appropriate and inappropriate use, the prioritization of research on risks, and a focus on using the technologies to help address society's greatest challenges.","Earning the public's trust Including developing technical mechanisms ensuring users know when they are interacting with an AI, a commitment to publicly report on AI systems' capabilities, limitations, and appropriate and inappropriate use, the prioritization of research on risks, and a focus on using the technologies to help address society's greatest challenges.",0.6640625,0.6540378928184509,0.3459621071815491,sentence_transformer:sentence-transformers/paraphrase-multilingual-MiniLM-L12-v2,False,0.5118606686592102,pooled_empirical_10th_percentile_provisional
synthetic_to_policy,synthetic_sentiment_claim_00195,sentiment_synthetic_sentiment_press_release_ak_chunk_0002,sentiment_synthetic_sentiment_press_release_ak,synthetic,sentiment,0,S0,requires_or_depends_on,"(Policymaker in Spain, translation) Public confidence depends on responsible use, fair access and young people.","(Policymaker in Spain, translation) Public confidence depends on responsible use, fair access and young people.",policy_claim_00135,policy_2026_01_20_opening_statement_ruth_kennedy_revenue_commissioner_et_al_office_of_the_revenue_commissioners_en_chunk_0003,policy,8,P8,Revenue 's effectiveness as a tax and customs administration depends on the public's trust and confidence in its fairness and integrity.,Revenue 's effectiveness as a tax and customs administration depends on the public's trust and confidence in its fairness and integrity.,0.6053036451339722,0.5253382325172424,0.47466176748275757,sentence_transformer:sentence-transformers/paraphrase-multilingual-MiniLM-L12-v2,False,0.5118606686592102,pooled_empirical_10th_percentile_provisional
synthetic_to_policy,synthetic_sentiment_claim_00196,sentiment_synthetic_sentiment_press_release_ak_chunk_0003,sentiment_synthetic_sentiment_press_release_ak,synthetic,sentiment,3,S3,requires_or_depends_on,"Public confidence depends on negative effects, human oversight and AI tools.","Public confidence depends on negative effects, human oversight and AI tools.",policy_claim_01250,policy_ai_in_australian_education_snapshot_principles_policy_and_practice_august_2023_chunk_0029,policy,6,P6,"Earning the public's trust Including developing technical mechanisms ensuring users know when they are interacting with an AI, a commitment to publicly report on AI systems' capabilities, limitations, and appropriate and inappropriate use, the prioritization of research on risks, and a focus on using the technologies to help address society's greatest challenges.","Earning the public's trust Including developing technical mechanisms ensuring users know when they are interacting with an AI, a commitment to publicly report on AI systems' capabilities, limitations, and appropriate and inappropriate use, the prioritization of research on risks, and a focus on using the technologies to help address society's greatest challenges.",0.6969892978668213,0.68622225522995,0.31377774477005005,sentence_transformer:sentence-transformers/paraphrase-multilingual-MiniLM-L12-v2,False,0.5118606686592102,pooled_empirical_10th_percentile_provisional
synthetic_to_policy,synthetic_sentiment_claim_00197,sentiment_synthetic_sentiment_press_release_ak_chunk_0003,sentiment_synthetic_sentiment_press_release_ak,synthetic,sentiment,3,S3,requires_or_depends_on,"Public confidence depends on negative effects, classroom practice and positive effects.","Public confidence depends on negative effects, classroom practice and positive effects.",policy_claim_00194,policy_ahisa_member_survey_report_gen_ai_in_australian_independent_schools_chunk_0033,policy,7,P7,It could also create grading inequities between students and across schools and undermine employer or public confidence in students' achievement.,It could also create grading inequities between students and across schools and undermine employer or public confidence in students' achievement.,0.6148999929428101,0.6073101758956909,0.3926898241043091,sentence_transformer:sentence-transformers/paraphrase-multilingual-MiniLM-L12-v2,False,0.5118606686592102,pooled_empirical_10th_percentile_provisional
synthetic_to_policy,synthetic_sentiment_claim_00198,sentiment_synthetic_sentiment_press_release_ak_chunk_0003,sentiment_synthetic_sentiment_press_release_ak,synthetic,sentiment,3,S3,requires_or_depends_on,"'Artificial intelligence can help differentiate teaching and provide the right level of tasks for students.' (Teacher educator in Finland, translation) Public confidence depends on human oversight, artificial intelligence and teacher training.","'Artificial intelligence can help differentiate teaching and provide the right level of tasks for students.' (Teacher educator in Finland, translation) Public confidence depends on human oversight, artificial intelligence and teacher training.",policy_claim_00735,policy_ai_competency_framework_for_teachers_chunk_0030,policy,3,P3,This potential of AI to usurp the autonomous decision-making capacity of teachers necessitates a stronger emphasis on teacher agency and on a human-centred mindset that can help ensure that the use of AI serves human capacity development.,This potential of AI to usurp the autonomous decision-making capacity of teachers necessitates a stronger emphasis on teacher agency and on a human-centred mindset that can help ensure that the use of AI serves human capacity development.,0.7662149667739868,0.739858865737915,0.26014113426208496,sentence_transformer:sentence-transformers/paraphrase-multilingual-MiniLM-L12-v2,False,0.5118606686592102,pooled_empirical_10th_percentile_provisional
synthetic_to_policy,synthetic_sentiment_claim_00199,sentiment_synthetic_sentiment_press_release_ak_chunk_0004,sentiment_synthetic_sentiment_press_release_ak,synthetic,sentiment,0,S0,requires_or_depends_on,"The dataset is structured along seven dimensions: Public confidence depends on classroom practice, professional learning and young people.","The dataset is structured along seven dimensions: Public confidence depends on classroom practice, professional learning and young people.",policy_claim_02867,policy_guidance_on_artificial_intelligence_in_schools_2025_chunk_0027,policy,5,P5,Insights from this data can assist teachers and school leaders in their evidence ­ informed decision ­ making.,Insights from this data can assist teachers and school leaders in their evidence ­ informed decision ­ making.,0.6100211143493652,0.5901415348052979,0.40985846519470215,sentence_transformer:sentence-transformers/paraphrase-multilingual-MiniLM-L12-v2,False,0.5118606686592102,pooled_empirical_10th_percentile_provisional
synthetic_to_policy,synthetic_sentiment_claim_00200,sentiment_synthetic_sentiment_press_release_ak_chunk_0004,sentiment_synthetic_sentiment_press_release_ak,synthetic,sentiment,0,S0,enables_or_supports,It covers the use of AI in teaching or to facilitate student learning in the months prior to the survey.,It covers the use of AI in teaching or to facilitate student learning in the months prior to the survey.,policy_claim_03200,policy_l_intelligence_artificielle_dans_les_tablissements_scolaires_sur_le_plan_administratif_et_p_dagogique_chunk_0024,policy,2,P2,"L'IA comme outil d'aide à la révision Des d'élèves déclarent se servir de l'IA comme assistant de révision de leur cours : génération de résumés, de questions / réponses pour pouvoir s'interroger, autant de fonctionnalités qui leur permettent de vérifier leur degré de maitrise des contenus.","L'IA comme outil d'aide à la révision Des d'élèves déclarent se servir de l'IA comme assistant de révision de leur cours : génération de résumés, de questions / réponses pour pouvoir s'interroger, autant de fonctionnalités qui leur permettent de vérifier leur degré de maitrise des contenus.",0.7245686054229736,0.7232488989830017,0.2767511010169983,sentence_transformer:sentence-transformers/paraphrase-multilingual-MiniLM-L12-v2,False,0.5118606686592102,pooled_empirical_10th_percentile_provisional
synthetic_to_policy,synthetic_sentiment_claim_00201,sentiment_synthetic_sentiment_press_release_ak_chunk_0004,sentiment_synthetic_sentiment_press_release_ak,synthetic,sentiment,0,S0,requires_or_depends_on,"Public confidence depends on trust and transparency, professional learning and young people.","Public confidence depends on trust and transparency, professional learning and young people.",policy_claim_01871,policy_ai_report_us_gov_chunk_0094,policy,7,P7,"More transparency and authentic dialogue can foster trust, which was mentioned by a researcher as a chief concern for all teachers and students.","More transparency and authentic dialogue can foster trust, which was mentioned by a researcher as a chief concern for all teachers and students.",0.7072323560714722,0.6698474884033203,0.3301525115966797,sentence_transformer:sentence-transformers/paraphrase-multilingual-MiniLM-L12-v2,False,0.5118606686592102,pooled_empirical_10th_percentile_provisional
synthetic_to_policy,synthetic_sentiment_claim_00202,sentiment_synthetic_sentiment_press_release_al_chunk_0001,sentiment_synthetic_sentiment_press_release_al,synthetic,sentiment,7,S7,enables_or_supports,All data was anonymized during the analysis phase to ensure the privacy and confidentiality of the respondents.,All data was anonymized during the analysis phase to ensure the privacy and confidentiality of the respondents.,policy_claim_01499,policy_ai_policy_april_2025_v2_chunk_0020,policy,6,P6,Data used or generated by generative AI tools will be anonymised where possible and stored securely.,Data used or generated by generative AI tools will be anonymised where possible and stored securely.,0.6650558710098267,0.5793406367301941,0.4206593632698059,sentence_transformer:sentence-transformers/paraphrase-multilingual-MiniLM-L12-v2,False,0.5118606686592102,pooled_empirical_10th_percentile_provisional
synthetic_to_policy,synthetic_sentiment_claim_00203,sentiment_synthetic_sentiment_press_release_al_chunk_0001,sentiment_synthetic_sentiment_press_release_al,synthetic,sentiment,7,S7,requires_or_depends_on,"Public confidence depends on privacy and data protection, human oversight and public policy.","Public confidence depends on privacy and data protection, human oversight and public policy.",policy_claim_00135,policy_2026_01_20_opening_statement_ruth_kennedy_revenue_commissioner_et_al_office_of_the_revenue_commissioners_en_chunk_0003,policy,8,P8,Revenue 's effectiveness as a tax and customs administration depends on the public's trust and confidence in its fairness and integrity.,Revenue 's effectiveness as a tax and customs administration depends on the public's trust and confidence in its fairness and integrity.,0.684883177280426,0.6706681251525879,0.3293318748474121,sentence_transformer:sentence-transformers/paraphrase-multilingual-MiniLM-L12-v2,False,0.5118606686592102,pooled_empirical_10th_percentile_provisional
synthetic_to_policy,synthetic_sentiment_claim_00204,sentiment_synthetic_sentiment_press_release_al_chunk_0001,sentiment_synthetic_sentiment_press_release_al,synthetic,sentiment,7,S7,requires_or_depends_on,"Numbers/percentages of teachers who agreed with the following statements about the AIT professional learning experience Public confidence depends on digital education, responsible use and student support.","Numbers/percentages of teachers who agreed with the following statements about the AIT professional learning experience Public confidence depends on digital education, responsible use and student support.",policy_claim_02247,policy_digital_strategy_for_schools_to_2027_chunk_0024,policy,5,P5,"In tandem, supporting school leaders to guide and build capacity and increase teacher confidence through appropriate teacher professional learning (TPL), to ensure appropriate developmental learning experiences for all learners to enable them develop the necessary digital competence.","In tandem, supporting school leaders to guide and build capacity and increase teacher confidence through appropriate teacher professional learning (TPL), to ensure appropriate developmental learning experiences for all learners to enable them develop the necessary digital competence.",0.7106665372848511,0.6726887226104736,0.32731127738952637,sentence_transformer:sentence-transformers/paraphrase-multilingual-MiniLM-L12-v2,False,0.5118606686592102,pooled_empirical_10th_percentile_provisional
synthetic_to_policy,synthetic_sentiment_claim_00205,sentiment_synthetic_sentiment_press_release_al_chunk_0001,sentiment_synthetic_sentiment_press_release_al,synthetic,sentiment,7,S7,causes_or_increases,"And for it to be clear, because it wasn't clear.","And for it to be clear, because it wasn't clear.",policy_claim_01322,policy_ai_in_australian_education_snapshot_principles_policy_and_practice_august_2023_chunk_0071,policy,6,P6,"There is reasonable clarity about the required action of informed consent, however, it is not clear what 'proactively informed' implies leaving scope interpretation e.g.","There is reasonable clarity about the required action of informed consent, however, it is not clear what 'proactively informed' implies leaving scope interpretation e.g.",0.4511842131614685,0.40075528621673584,0.5992447137832642,sentence_transformer:sentence-transformers/paraphrase-multilingual-MiniLM-L12-v2,True,0.5118606686592102,pooled_empirical_10th_percentile_provisional
synthetic_to_policy,synthetic_sentiment_claim_00206,sentiment_synthetic_sentiment_press_release_al_chunk_0001,sentiment_synthetic_sentiment_press_release_al,synthetic,sentiment,7,S7,requires_or_depends_on,"Public confidence depends on public confidence, negative effects and privacy and data protection.","Public confidence depends on public confidence, negative effects and privacy and data protection.",policy_claim_00135,policy_2026_01_20_opening_statement_ruth_kennedy_revenue_commissioner_et_al_office_of_the_revenue_commissioners_en_chunk_0003,policy,8,P8,Revenue 's effectiveness as a tax and customs administration depends on the public's trust and confidence in its fairness and integrity.,Revenue 's effectiveness as a tax and customs administration depends on the public's trust and confidence in its fairness and integrity.,0.6464859843254089,0.6220559477806091,0.37794405221939087,sentence_transformer:sentence-transformers/paraphrase-multilingual-MiniLM-L12-v2,False,0.5118606686592102,pooled_empirical_10th_percentile_provisional
synthetic_to_policy,synthetic_sentiment_claim_00207,sentiment_synthetic_sentiment_press_release_al_chunk_0001,sentiment_synthetic_sentiment_press_release_al,synthetic,sentiment,7,S7,requires_or_depends_on,"Teacher responses on whether they plan to use AI in the following settings in the next five years Public confidence depends on responsible use, generative AI and public confidence.","Teacher responses on whether they plan to use AI in the following settings in the next five years Public confidence depends on responsible use, generative AI and public confidence.",policy_claim_00163,policy_ahisa_member_survey_report_gen_ai_in_australian_independent_schools_chunk_0023,policy,7,P7,"The variety and nuance apparent in respondents' comments suggest that schools need a large measure of autonomy in directing the use of generative AI tools by their students if they are to take account of student, parent and staff needs and expectations within their communities.","The variety and nuance apparent in respondents' comments suggest that schools need a large measure of autonomy in directing the use of generative AI tools by their students if they are to take account of student, parent and staff needs and expectations within their communities.",0.7387269735336304,0.7314651608467102,0.2685348391532898,sentence_transformer:sentence-transformers/paraphrase-multilingual-MiniLM-L12-v2,False,0.5118606686592102,pooled_empirical_10th_percentile_provisional
synthetic_to_policy,synthetic_sentiment_claim_00208,sentiment_synthetic_sentiment_press_release_al_chunk_0001,sentiment_synthetic_sentiment_press_release_al,synthetic,sentiment,7,S7,causes_or_increases,Reading Progress is brilliant because the student can work individually at their pace … You can choose different passages for different students.,Reading Progress is brilliant because the student can work individually at their pace … You can choose different passages for different students.,policy_claim_00173,policy_ahisa_member_survey_report_gen_ai_in_australian_independent_schools_chunk_0026,policy,0,P0,"Another commented, 'Students have been engaged in learning more often and are able to produce better specific work'.","Another commented, 'Students have been engaged in learning more often and are able to produce better specific work'.",0.651922345161438,0.6173780560493469,0.3826219439506531,sentence_transformer:sentence-transformers/paraphrase-multilingual-MiniLM-L12-v2,False,0.5118606686592102,pooled_empirical_10th_percentile_provisional
synthetic_to_policy,synthetic_sentiment_claim_00209,sentiment_synthetic_sentiment_press_release_al_chunk_0002,sentiment_synthetic_sentiment_press_release_al,synthetic,sentiment,1,S1,requires_or_depends_on,"Public confidence depends on classroom practice, responsible use and human oversight.","Public confidence depends on classroom practice, responsible use and human oversight.",policy_claim_02119,policy_australian_framework_for_generative_ai_in_schools_chunk_0010,policy,6,P6,Guiding Statements - 5.1 Human responsibility: teachers and school leaders retain control of decision making and remain accountable for decisions that are supported by the use of generative AI tools.,Guiding Statements - 5.1 Human responsibility: teachers and school leaders retain control of decision making and remain accountable for decisions that are supported by the use of generative AI tools.,0.674666166305542,0.659432053565979,0.340567946434021,sentence_transformer:sentence-transformers/paraphrase-multilingual-MiniLM-L12-v2,False,0.5118606686592102,pooled_empirical_10th_percentile_provisional
synthetic_to_policy,synthetic_sentiment_claim_00210,sentiment_synthetic_sentiment_press_release_al_chunk_0002,sentiment_synthetic_sentiment_press_release_al,synthetic,sentiment,1,S1,requires_or_depends_on,"In Spain , research participants pointed that, as students increasingly rely on GenAI, teachers must rethink their approaches by designing assignments that are less amenable to AI-generated responses.","In Spain , research participants pointed that, as students increasingly rely on GenAI, teachers must rethink their approaches by designing assignments that are less amenable to AI-generated responses.",policy_claim_02853,policy_guidance_on_artificial_intelligence_in_schools_2025_chunk_0023,policy,1,P1,"If, following such reflections, an AI solution is deemed to op ti mise the opportunity for teaching and learning and school leadership, then when using GenAI, queries and prompts should be carefully considered to limit their number and op ti mise their output.","If, following such reflections, an AI solution is deemed to op ti mise the opportunity for teaching and learning and school leadership, then when using GenAI, queries and prompts should be carefully considered to limit their number and op ti mise their output.",0.6759323477745056,0.6657068133354187,0.3342931866645813,sentence_transformer:sentence-transformers/paraphrase-multilingual-MiniLM-L12-v2,False,0.5118606686592102,pooled_empirical_10th_percentile_provisional
synthetic_to_policy,synthetic_sentiment_claim_00211,sentiment_synthetic_sentiment_press_release_al_chunk_0002,sentiment_synthetic_sentiment_press_release_al,synthetic,sentiment,1,S1,causes_or_increases,Teachers recognised GenAI's potential to create personalised educational resources and streamline administrative tasks.,Teachers recognised GenAI's potential to create personalised educational resources and streamline administrative tasks.,policy_claim_02877,policy_guidance_on_artificial_intelligence_in_schools_2025_chunk_0028,policy,5,P5,Personalised learning: GenAI can help teachers to design customised lessons and recommend resources that are responsive to individual learning needs.,Personalised learning: GenAI can help teachers to design customised lessons and recommend resources that are responsive to individual learning needs.,0.8020502328872681,0.7430703639984131,0.2569296360015869,sentence_transformer:sentence-transformers/paraphrase-multilingual-MiniLM-L12-v2,False,0.5118606686592102,pooled_empirical_10th_percentile_provisional
synthetic_to_policy,synthetic_sentiment_claim_00212,sentiment_synthetic_sentiment_press_release_al_chunk_0002,sentiment_synthetic_sentiment_press_release_al,synthetic,sentiment,1,S1,enables_or_supports,The need for institutional guidelines to ensure responsible and ethical AI use was emphasised.,The need for institutional guidelines to ensure responsible and ethical AI use was emphasised.,policy_claim_02157,policy_developing_policy_and_protocols_for_the_use_of_generative_ai_in_k_12_classrooms_march_2025_chunk_0011,policy,7,P7,The overall goal of guidance or policy is to ensure safe and ethical use of AI.,The overall goal of guidance or policy is to ensure safe and ethical use of AI.,0.8329524397850037,0.8026501536369324,0.19734984636306763,sentence_transformer:sentence-transformers/paraphrase-multilingual-MiniLM-L12-v2,False,0.5118606686592102,pooled_empirical_10th_percentile_provisional
synthetic_to_policy,synthetic_sentiment_claim_00213,sentiment_synthetic_sentiment_press_release_al_chunk_0002,sentiment_synthetic_sentiment_press_release_al,synthetic,sentiment,1,S1,requires_or_depends_on,"Public confidence depends on negative effects, public policy and classroom practice.","Public confidence depends on negative effects, public policy and classroom practice.",policy_claim_00194,policy_ahisa_member_survey_report_gen_ai_in_australian_independent_schools_chunk_0033,policy,7,P7,It could also create grading inequities between students and across schools and undermine employer or public confidence in students' achievement.,It could also create grading inequities between students and across schools and undermine employer or public confidence in students' achievement.,0.624932050704956,0.6067882776260376,0.3932117223739624,sentence_transformer:sentence-transformers/paraphrase-multilingual-MiniLM-L12-v2,False,0.5118606686592102,pooled_empirical_10th_percentile_provisional
synthetic_to_policy,synthetic_sentiment_claim_00214,sentiment_synthetic_sentiment_press_release_al_chunk_0003,sentiment_synthetic_sentiment_press_release_al,synthetic,sentiment,3,S3,requires_or_depends_on,"Public confidence depends on AI literacy, digital skills and negative effects.","Public confidence depends on AI literacy, digital skills and negative effects.",policy_claim_00032,policy_2025_12_16_first_interim_report_en_chunk_0007,policy,8,P8,"Information for the public on digital literacy and AI, critical thinking, their rights, consent, profiling, bias, scams and bad actors, AI and its potential harms and benefits, how to have a voice in terms of public policy around AI, how to engage in or opt out of AI on their devices, how to ensure their digital rights are being respected and that they can access information on how AI systems are being used in public service bodies.","Information for the public on digital literacy and AI, critical thinking, their rights, consent, profiling, bias, scams and bad actors, AI and its potential harms and benefits, how to have a voice in terms of public policy around AI, how to engage in or opt out of AI on their devices, how to ensure their digital rights are being respected and that they can access information on how AI systems are being used in public service bodies.",0.7486760020256042,0.731570303440094,0.268429696559906,sentence_transformer:sentence-transformers/paraphrase-multilingual-MiniLM-L12-v2,False,0.5118606686592102,pooled_empirical_10th_percentile_provisional
synthetic_to_policy,synthetic_sentiment_claim_00215,sentiment_synthetic_sentiment_press_release_al_chunk_0003,sentiment_synthetic_sentiment_press_release_al,synthetic,sentiment,3,S3,enables_or_supports,"As the first legal framework for AI, it aims to promote responsible AI development and deployment in the EU.","As the first legal framework for AI, it aims to promote responsible AI development and deployment in the EU.",policy_claim_03603,policy_oco_ai_policy_spotlight_report_chunk_0080,policy,6,P6,"AI Act and AI policy lay down a uniform legal framework for the development, placing on the market, putting into service, and use, of AI systems in the EU, promote the uptake of human centric and trustworthy AI, while ensuring a high level of protection of fundamental rights, protecting against harmful effects and supporting innovation.","AI Act and AI policy lay down a uniform legal framework for the development, placing on the market, putting into service, and use, of AI systems in the EU, promote the uptake of human centric and trustworthy AI, while ensuring a high level of protection of fundamental rights, protecting against harmful effects and supporting innovation.",0.8509525656700134,0.8289330005645752,0.1710669994354248,sentence_transformer:sentence-transformers/paraphrase-multilingual-MiniLM-L12-v2,False,0.5118606686592102,pooled_empirical_10th_percentile_provisional
synthetic_to_policy,synthetic_sentiment_claim_00216,sentiment_synthetic_sentiment_press_release_al_chunk_0003,sentiment_synthetic_sentiment_press_release_al,synthetic,sentiment,3,S3,enables_or_supports,"Notably, the AI Act includes provisions on AI literacy, recognising the importance of equipping workers and citizens with a foundational understanding of AI technologies, including both their opportunities and risks, to ensure effective and responsible interaction with AI systems (EC: JRC, ).","Notably, the AI Act includes provisions on AI literacy, recognising the importance of equipping workers and citizens with a foundational understanding of AI technologies, including both their opportunities and risks, to ensure effective and responsible interaction with AI systems (EC: JRC, ).",policy_claim_03463,policy_oco_ai_policy_spotlight_report_chunk_0006,policy,1,P1,"They see AI literacy as crucial and want a deeper understanding of AI, including on how to ensure they can benefit most from it while protecting themselves from any potential harms.","They see AI literacy as crucial and want a deeper understanding of AI, including on how to ensure they can benefit most from it while protecting themselves from any potential harms.",0.8218152523040771,0.8065314888954163,0.19346851110458374,sentence_transformer:sentence-transformers/paraphrase-multilingual-MiniLM-L12-v2,False,0.5118606686592102,pooled_empirical_10th_percentile_provisional
synthetic_to_policy,synthetic_sentiment_claim_00217,sentiment_synthetic_sentiment_press_release_al_chunk_0003,sentiment_synthetic_sentiment_press_release_al,synthetic,sentiment,3,S3,requires_or_depends_on,"Public confidence depends on AI tools, positive effects and young people.","Public confidence depends on AI tools, positive effects and young people.",policy_claim_01250,policy_ai_in_australian_education_snapshot_principles_policy_and_practice_august_2023_chunk_0029,policy,6,P6,"Earning the public's trust Including developing technical mechanisms ensuring users know when they are interacting with an AI, a commitment to publicly report on AI systems' capabilities, limitations, and appropriate and inappropriate use, the prioritization of research on risks, and a focus on using the technologies to help address society's greatest challenges.","Earning the public's trust Including developing technical mechanisms ensuring users know when they are interacting with an AI, a commitment to publicly report on AI systems' capabilities, limitations, and appropriate and inappropriate use, the prioritization of research on risks, and a focus on using the technologies to help address society's greatest challenges.",0.7359192371368408,0.7097650170326233,0.2902349829673767,sentence_transformer:sentence-transformers/paraphrase-multilingual-MiniLM-L12-v2,False,0.5118606686592102,pooled_empirical_10th_percentile_provisional
synthetic_to_policy,synthetic_sentiment_claim_00218,sentiment_synthetic_sentiment_press_release_al_chunk_0003,sentiment_synthetic_sentiment_press_release_al,synthetic,sentiment,3,S3,requires_or_depends_on,"Public confidence depends on digital skills, positive effects and generative AI.","Public confidence depends on digital skills, positive effects and generative AI.",policy_claim_01250,policy_ai_in_australian_education_snapshot_principles_policy_and_practice_august_2023_chunk_0029,policy,6,P6,"Earning the public's trust Including developing technical mechanisms ensuring users know when they are interacting with an AI, a commitment to publicly report on AI systems' capabilities, limitations, and appropriate and inappropriate use, the prioritization of research on risks, and a focus on using the technologies to help address society's greatest challenges.","Earning the public's trust Including developing technical mechanisms ensuring users know when they are interacting with an AI, a commitment to publicly report on AI systems' capabilities, limitations, and appropriate and inappropriate use, the prioritization of research on risks, and a focus on using the technologies to help address society's greatest challenges.",0.7151272892951965,0.6843299269676208,0.31567007303237915,sentence_transformer:sentence-transformers/paraphrase-multilingual-MiniLM-L12-v2,False,0.5118606686592102,pooled_empirical_10th_percentile_provisional
synthetic_to_policy,synthetic_sentiment_claim_00219,sentiment_synthetic_sentiment_press_release_al_chunk_0004,sentiment_synthetic_sentiment_press_release_al,synthetic,sentiment,0,S0,requires_or_depends_on,"Public confidence depends on human oversight, fair access and responsible use.","Public confidence depends on human oversight, fair access and responsible use.",policy_claim_00135,policy_2026_01_20_opening_statement_ruth_kennedy_revenue_commissioner_et_al_office_of_the_revenue_commissioners_en_chunk_0003,policy,8,P8,Revenue 's effectiveness as a tax and customs administration depends on the public's trust and confidence in its fairness and integrity.,Revenue 's effectiveness as a tax and customs administration depends on the public's trust and confidence in its fairness and integrity.,0.7259172201156616,0.6613462567329407,0.3386537432670593,sentence_transformer:sentence-transformers/paraphrase-multilingual-MiniLM-L12-v2,False,0.5118606686592102,pooled_empirical_10th_percentile_provisional
synthetic_to_policy,synthetic_sentiment_claim_00220,sentiment_synthetic_sentiment_press_release_al_chunk_0004,sentiment_synthetic_sentiment_press_release_al,synthetic,sentiment,0,S0,requires_or_depends_on,"Public confidence depends on responsible use, positive effects and negative effects.","Public confidence depends on responsible use, positive effects and negative effects.",policy_claim_00135,policy_2026_01_20_opening_statement_ruth_kennedy_revenue_commissioner_et_al_office_of_the_revenue_commissioners_en_chunk_0003,policy,8,P8,Revenue 's effectiveness as a tax and customs administration depends on the public's trust and confidence in its fairness and integrity.,Revenue 's effectiveness as a tax and customs administration depends on the public's trust and confidence in its fairness and integrity.,0.6379163265228271,0.5856743454933167,0.41432565450668335,sentence_transformer:sentence-transformers/paraphrase-multilingual-MiniLM-L12-v2,False,0.5118606686592102,pooled_empirical_10th_percentile_provisional
synthetic_to_policy,synthetic_sentiment_claim_00221,sentiment_synthetic_sentiment_press_release_am_chunk_0001,sentiment_synthetic_sentiment_press_release_am,synthetic,sentiment,3,S3,requires_or_depends_on,"Public confidence depends on privacy and data protection, public policy and public confidence.","Public confidence depends on privacy and data protection, public policy and public confidence.",policy_claim_00135,policy_2026_01_20_opening_statement_ruth_kennedy_revenue_commissioner_et_al_office_of_the_revenue_commissioners_en_chunk_0003,policy,8,P8,Revenue 's effectiveness as a tax and customs administration depends on the public's trust and confidence in its fairness and integrity.,Revenue 's effectiveness as a tax and customs administration depends on the public's trust and confidence in its fairness and integrity.,0.6801787614822388,0.6497790217399597,0.3502209782600403,sentence_transformer:sentence-transformers/paraphrase-multilingual-MiniLM-L12-v2,False,0.5118606686592102,pooled_empirical_10th_percentile_provisional
synthetic_to_policy,synthetic_sentiment_claim_00222,sentiment_synthetic_sentiment_press_release_am_chunk_0001,sentiment_synthetic_sentiment_press_release_am,synthetic,sentiment,3,S3,requires_or_depends_on,"Public confidence depends on trust and transparency, teacher training and artificial intelligence.","Public confidence depends on trust and transparency, teacher training and artificial intelligence.",policy_claim_02713,policy_generative_artificial_intelligence_guidelines_chunk_0007,policy,7,P7,"Transparency Transparency when using AI in schools is essential for building trust, ensuring fairness, promoting accountability, enhancing understanding and safeguarding privacy.","Transparency Transparency when using AI in schools is essential for building trust, ensuring fairness, promoting accountability, enhancing understanding and safeguarding privacy.",0.7639579176902771,0.7163820862770081,0.28361791372299194,sentence_transformer:sentence-transformers/paraphrase-multilingual-MiniLM-L12-v2,False,0.5118606686592102,pooled_empirical_10th_percentile_provisional
synthetic_to_policy,synthetic_sentiment_claim_00223,sentiment_synthetic_sentiment_press_release_am_chunk_0001,sentiment_synthetic_sentiment_press_release_am,synthetic,sentiment,3,S3,requires_or_depends_on,"Public confidence depends on human oversight, artificial intelligence and teacher training.","Public confidence depends on human oversight, artificial intelligence and teacher training.",policy_claim_00735,policy_ai_competency_framework_for_teachers_chunk_0030,policy,3,P3,This potential of AI to usurp the autonomous decision-making capacity of teachers necessitates a stronger emphasis on teacher agency and on a human-centred mindset that can help ensure that the use of AI serves human capacity development.,This potential of AI to usurp the autonomous decision-making capacity of teachers necessitates a stronger emphasis on teacher agency and on a human-centred mindset that can help ensure that the use of AI serves human capacity development.,0.682844877243042,0.6700506806373596,0.3299493193626404,sentence_transformer:sentence-transformers/paraphrase-multilingual-MiniLM-L12-v2,False,0.5118606686592102,pooled_empirical_10th_percentile_provisional
synthetic_to_policy,synthetic_sentiment_claim_00224,sentiment_synthetic_sentiment_press_release_am_chunk_0001,sentiment_synthetic_sentiment_press_release_am,synthetic,sentiment,3,S3,requires_or_depends_on,"Numbers/percentages of teachers who reported that the following obstacles hindered their participation in the AIT professional learning pathway Public confidence depends on artificial intelligence, AI literacy and public confidence.","Numbers/percentages of teachers who reported that the following obstacles hindered their participation in the AIT professional learning pathway Public confidence depends on artificial intelligence, AI literacy and public confidence.",policy_claim_03192,policy_l_intelligence_artificielle_dans_les_tablissements_scolaires_sur_le_plan_administratif_et_p_dagogique_chunk_0018,policy,2,P2,"Les réponses révèlent une crainte que l'IA remplace certain es fonctions pédagogiques essentielles, un risque perçu de creuser les écarts entre élèves (fractures entre les élèves, fractures entre les territoires) et des réserves sur l'efficacité de l'IA pour aider à évaluer les élèves.","Les réponses révèlent une crainte que l'IA remplace certain es fonctions pédagogiques essentielles, un risque perçu de creuser les écarts entre élèves (fractures entre les élèves, fractures entre les territoires) et des réserves sur l'efficacité de l'IA pour aider à évaluer les élèves.",0.7391983270645142,0.728858470916748,0.27114152908325195,sentence_transformer:sentence-transformers/paraphrase-multilingual-MiniLM-L12-v2,False,0.5118606686592102,pooled_empirical_10th_percentile_provisional
synthetic_to_policy,synthetic_sentiment_claim_00225,sentiment_synthetic_sentiment_press_release_am_chunk_0002,sentiment_synthetic_sentiment_press_release_am,synthetic,sentiment,3,S3,requires_or_depends_on,"Public confidence depends on teaching and learning, AI tools and public policy.","Public confidence depends on teaching and learning, AI tools and public policy.",policy_claim_01250,policy_ai_in_australian_education_snapshot_principles_policy_and_practice_august_2023_chunk_0029,policy,6,P6,"Earning the public's trust Including developing technical mechanisms ensuring users know when they are interacting with an AI, a commitment to publicly report on AI systems' capabilities, limitations, and appropriate and inappropriate use, the prioritization of research on risks, and a focus on using the technologies to help address society's greatest challenges.","Earning the public's trust Including developing technical mechanisms ensuring users know when they are interacting with an AI, a commitment to publicly report on AI systems' capabilities, limitations, and appropriate and inappropriate use, the prioritization of research on risks, and a focus on using the technologies to help address society's greatest challenges.",0.7160754799842834,0.6856434345245361,0.31435656547546387,sentence_transformer:sentence-transformers/paraphrase-multilingual-MiniLM-L12-v2,False,0.5118606686592102,pooled_empirical_10th_percentile_provisional
synthetic_to_policy,synthetic_sentiment_claim_00226,sentiment_synthetic_sentiment_press_release_am_chunk_0002,sentiment_synthetic_sentiment_press_release_am,synthetic,sentiment,3,S3,requires_or_depends_on,"Public confidence depends on responsible use, generative AI and teaching and learning.","Public confidence depends on responsible use, generative AI and teaching and learning.",policy_claim_01250,policy_ai_in_australian_education_snapshot_principles_policy_and_practice_august_2023_chunk_0029,policy,6,P6,"Earning the public's trust Including developing technical mechanisms ensuring users know when they are interacting with an AI, a commitment to publicly report on AI systems' capabilities, limitations, and appropriate and inappropriate use, the prioritization of research on risks, and a focus on using the technologies to help address society's greatest challenges.","Earning the public's trust Including developing technical mechanisms ensuring users know when they are interacting with an AI, a commitment to publicly report on AI systems' capabilities, limitations, and appropriate and inappropriate use, the prioritization of research on risks, and a focus on using the technologies to help address society's greatest challenges.",0.7655258178710938,0.7223713994026184,0.2776286005973816,sentence_transformer:sentence-transformers/paraphrase-multilingual-MiniLM-L12-v2,False,0.5118606686592102,pooled_empirical_10th_percentile_provisional
synthetic_to_policy,synthetic_sentiment_claim_00227,sentiment_synthetic_sentiment_press_release_am_chunk_0002,sentiment_synthetic_sentiment_press_release_am,synthetic,sentiment,3,S3,enables_or_supports,AI will enhance teachers' ability to support individual pupils .,AI will enhance teachers' ability to support individual pupils .,policy_claim_01077,policy_ai_guidance_chunk_0059,policy,7,P7,"It details how AI can support teachers in areas like lesson planning, differentiation, assessment analysis, and providing timely feedback, while also outlining student uses for personalization, research, and accessibility.","It details how AI can support teachers in areas like lesson planning, differentiation, assessment analysis, and providing timely feedback, while also outlining student uses for personalization, research, and accessibility.",0.8648885488510132,0.8606612086296082,0.13933879137039185,sentence_transformer:sentence-transformers/paraphrase-multilingual-MiniLM-L12-v2,False,0.5118606686592102,pooled_empirical_10th_percentile_provisional
synthetic_to_policy,synthetic_sentiment_claim_00228,sentiment_synthetic_sentiment_press_release_am_chunk_0002,sentiment_synthetic_sentiment_press_release_am,synthetic,sentiment,3,S3,causes_or_increases,AI will increase stress due to new responsibilities (e.g.,AI will increase stress due to new responsibilities (e.g.,policy_claim_01976,policy_ai_systems_in_teaching_and_learning_principles_and_practical_exa_chunk_0015,policy,6,P6,"Rather than increasing pressure around homework and assessments, AI should be considered to help alleviate these stressors.","Rather than increasing pressure around homework and assessments, AI should be considered to help alleviate these stressors.",0.7927075624465942,0.7390186786651611,0.26098132133483887,sentence_transformer:sentence-transformers/paraphrase-multilingual-MiniLM-L12-v2,False,0.5118606686592102,pooled_empirical_10th_percentile_provisional
synthetic_to_policy,synthetic_sentiment_claim_00229,sentiment_synthetic_sentiment_press_release_am_chunk_0002,sentiment_synthetic_sentiment_press_release_am,synthetic,sentiment,3,S3,requires_or_depends_on,"monitoring pupils' AI use, ensuring ethical and appropriate use, managing data protection and privacy, or adapting teaching and assessment practices) Public confidence depends on negative effects, AI literacy and positive effects.","monitoring pupils' AI use, ensuring ethical and appropriate use, managing data protection and privacy, or adapting teaching and assessment practices) Public confidence depends on negative effects, AI literacy and positive effects.",policy_claim_00694,policy_ai_competency_framework_for_students_chunk_0132,policy,5,P5,"While the opportunities being enabled by AI to enhance assessments should be dynamically reviewed and properly leveraged, it is critical to examine and regulate ethical issues concerning the collection and use of students' data; the risks of using AI recommendations and predictions in assessments, especially those with high stakes; and the reduction of teachers' agency in assessments, particularly the opportunities for teachers to gain insights from analysing learning processes.","While the opportunities being enabled by AI to enhance assessments should be dynamically reviewed and properly leveraged, it is critical to examine and regulate ethical issues concerning the collection and use of students' data; the risks of using AI recommendations and predictions in assessments, especially those with high stakes; and the reduction of teachers' agency in assessments, particularly the opportunities for teachers to gain insights from analysing learning processes.",0.7968294620513916,0.7772004008293152,0.22279959917068481,sentence_transformer:sentence-transformers/paraphrase-multilingual-MiniLM-L12-v2,False,0.5118606686592102,pooled_empirical_10th_percentile_provisional
synthetic_to_policy,synthetic_sentiment_claim_00230,sentiment_synthetic_sentiment_press_release_am_chunk_0002,sentiment_synthetic_sentiment_press_release_am,synthetic,sentiment,3,S3,requires_or_depends_on,"Public confidence depends on teacher training, digital skills and classroom practice.","Public confidence depends on teacher training, digital skills and classroom practice.",policy_claim_03442,policy_men_dne_brochure_ia_2024_uk_web_chunk_0057,policy,2,P2,Lignes directrices pour les enseignants et les éducateurs en matière de lutte contre la désinformation et de promotion de l'habileté numérique par l'éducation et la formation .,Lignes directrices pour les enseignants et les éducateurs en matière de lutte contre la désinformation et de promotion de l'habileté numérique par l'éducation et la formation .,0.7399723529815674,0.7322015762329102,0.26779842376708984,sentence_transformer:sentence-transformers/paraphrase-multilingual-MiniLM-L12-v2,False,0.5118606686592102,pooled_empirical_10th_percentile_provisional
synthetic_to_policy,synthetic_sentiment_claim_00231,sentiment_synthetic_sentiment_press_release_am_chunk_0002,sentiment_synthetic_sentiment_press_release_am,synthetic,sentiment,3,S3,enables_or_supports,All interviews and focus groups followed a strict protocol to ensure comparability and scientific rigour.,All interviews and focus groups followed a strict protocol to ensure comparability and scientific rigour.,policy_claim_02200,policy_digital_strategy_for_schools_to_2027_chunk_0004,policy,5,P5,This Strategy aims to ensure this happens effectively for all learners.,This Strategy aims to ensure this happens effectively for all learners.,0.4921487867832184,0.4637068808078766,0.5362931191921234,sentence_transformer:sentence-transformers/paraphrase-multilingual-MiniLM-L12-v2,True,0.5118606686592102,pooled_empirical_10th_percentile_provisional
synthetic_to_policy,synthetic_sentiment_claim_00232,sentiment_synthetic_sentiment_press_release_am_chunk_0003,sentiment_synthetic_sentiment_press_release_am,synthetic,sentiment,6,S6,causes_or_increases,A short video was specifically produced to introduce the concept and key aspects for discussion at the beginning of focus groups.,A short video was specifically produced to introduce the concept and key aspects for discussion at the beginning of focus groups.,policy_claim_02231,policy_digital_strategy_for_schools_to_2027_chunk_0018,policy,5,P5,It facilitated the discussion of various themes and issues in detail so as to help inform the new Strategy.,It facilitated the discussion of various themes and issues in detail so as to help inform the new Strategy.,0.5436335206031799,0.5370482802391052,0.4629517197608948,sentence_transformer:sentence-transformers/paraphrase-multilingual-MiniLM-L12-v2,False,0.5118606686592102,pooled_empirical_10th_percentile_provisional
synthetic_to_policy,synthetic_sentiment_claim_00233,sentiment_synthetic_sentiment_press_release_am_chunk_0003,sentiment_synthetic_sentiment_press_release_am,synthetic,sentiment,6,S6,requires_or_depends_on,"Public confidence depends on human oversight, artificial intelligence and public confidence.","Public confidence depends on human oversight, artificial intelligence and public confidence.",policy_claim_01250,policy_ai_in_australian_education_snapshot_principles_policy_and_practice_august_2023_chunk_0029,policy,6,P6,"Earning the public's trust Including developing technical mechanisms ensuring users know when they are interacting with an AI, a commitment to publicly report on AI systems' capabilities, limitations, and appropriate and inappropriate use, the prioritization of research on risks, and a focus on using the technologies to help address society's greatest challenges.","Earning the public's trust Including developing technical mechanisms ensuring users know when they are interacting with an AI, a commitment to publicly report on AI systems' capabilities, limitations, and appropriate and inappropriate use, the prioritization of research on risks, and a focus on using the technologies to help address society's greatest challenges.",0.6943669319152832,0.663210391998291,0.336789608001709,sentence_transformer:sentence-transformers/paraphrase-multilingual-MiniLM-L12-v2,False,0.5118606686592102,pooled_empirical_10th_percentile_provisional
synthetic_to_policy,synthetic_sentiment_claim_00234,sentiment_synthetic_sentiment_press_release_am_chunk_0003,sentiment_synthetic_sentiment_press_release_am,synthetic,sentiment,6,S6,requires_or_depends_on,"Public confidence depends on trust and transparency, artificial intelligence and privacy and data protection.","Public confidence depends on trust and transparency, artificial intelligence and privacy and data protection.",policy_claim_00135,policy_2026_01_20_opening_statement_ruth_kennedy_revenue_commissioner_et_al_office_of_the_revenue_commissioners_en_chunk_0003,policy,8,P8,Revenue 's effectiveness as a tax and customs administration depends on the public's trust and confidence in its fairness and integrity.,Revenue 's effectiveness as a tax and customs administration depends on the public's trust and confidence in its fairness and integrity.,0.6934337019920349,0.6888524889945984,0.3111475110054016,sentence_transformer:sentence-transformers/paraphrase-multilingual-MiniLM-L12-v2,False,0.5118606686592102,pooled_empirical_10th_percentile_provisional
synthetic_to_policy,synthetic_sentiment_claim_00235,sentiment_synthetic_sentiment_press_release_am_chunk_0003,sentiment_synthetic_sentiment_press_release_am,synthetic,sentiment,6,S6,requires_or_depends_on,"Public confidence depends on negative effects, positive effects and assessment and academic integrity.","Public confidence depends on negative effects, positive effects and assessment and academic integrity.",policy_claim_00135,policy_2026_01_20_opening_statement_ruth_kennedy_revenue_commissioner_et_al_office_of_the_revenue_commissioners_en_chunk_0003,policy,8,P8,Revenue 's effectiveness as a tax and customs administration depends on the public's trust and confidence in its fairness and integrity.,Revenue 's effectiveness as a tax and customs administration depends on the public's trust and confidence in its fairness and integrity.,0.5997024774551392,0.5881099700927734,0.41189002990722656,sentence_transformer:sentence-transformers/paraphrase-multilingual-MiniLM-L12-v2,False,0.5118606686592102,pooled_empirical_10th_percentile_provisional
synthetic_to_policy,synthetic_sentiment_claim_00236,sentiment_synthetic_sentiment_press_release_am_chunk_0004,sentiment_synthetic_sentiment_press_release_am,synthetic,sentiment,3,S3,requires_or_depends_on,"Public confidence depends on trust and transparency, assessment and academic integrity and classroom practice.","Public confidence depends on trust and transparency, assessment and academic integrity and classroom practice.",policy_claim_01871,policy_ai_report_us_gov_chunk_0094,policy,7,P7,"More transparency and authentic dialogue can foster trust, which was mentioned by a researcher as a chief concern for all teachers and students.","More transparency and authentic dialogue can foster trust, which was mentioned by a researcher as a chief concern for all teachers and students.",0.7521624565124512,0.7126734852790833,0.28732651472091675,sentence_transformer:sentence-transformers/paraphrase-multilingual-MiniLM-L12-v2,False,0.5118606686592102,pooled_empirical_10th_percentile_provisional
synthetic_to_policy,synthetic_sentiment_claim_00237,sentiment_synthetic_sentiment_press_release_am_chunk_0004,sentiment_synthetic_sentiment_press_release_am,synthetic,sentiment,3,S3,requires_or_depends_on,"Finally, participants discussed how the AIT project had made them aware of skills that students are likely to need in the future as AI becomes more prominent, particularly analytical skills .","Finally, participants discussed how the AIT project had made them aware of skills that students are likely to need in the future as AI becomes more prominent, particularly analytical skills .",policy_claim_01151,policy_ai_guidance_classroom_considerations_chunk_0006,policy,7,P7,This approach encourages students to critically assess the role and impact of AI in their assignments while progressively building their skills in navigating AI tools.,This approach encourages students to critically assess the role and impact of AI in their assignments while progressively building their skills in navigating AI tools.,0.8012157678604126,0.7799517512321472,0.22004824876785278,sentence_transformer:sentence-transformers/paraphrase-multilingual-MiniLM-L12-v2,False,0.5118606686592102,pooled_empirical_10th_percentile_provisional
synthetic_to_policy,synthetic_sentiment_claim_00238,sentiment_synthetic_sentiment_press_release_am_chunk_0004,sentiment_synthetic_sentiment_press_release_am,synthetic,sentiment,3,S3,requires_or_depends_on,"Public confidence depends on fair access, classroom practice and public confidence.","Public confidence depends on fair access, classroom practice and public confidence.",policy_claim_01084,policy_ai_guidance_chunk_0061,policy,7,P7,This consideration is important as schools work to create cultures where honesty is normalized and met with trust-not suspicion.,This consideration is important as schools work to create cultures where honesty is normalized and met with trust-not suspicion.,0.6635546684265137,0.6500498652458191,0.3499501347541809,sentence_transformer:sentence-transformers/paraphrase-multilingual-MiniLM-L12-v2,False,0.5118606686592102,pooled_empirical_10th_percentile_provisional
synthetic_to_policy,synthetic_sentiment_claim_00239,sentiment_synthetic_sentiment_press_release_an_chunk_0001,sentiment_synthetic_sentiment_press_release_an,synthetic,sentiment,3,S3,requires_or_depends_on,"Public confidence depends on responsible use, AI literacy and public policy.","Public confidence depends on responsible use, AI literacy and public policy.",policy_claim_01250,policy_ai_in_australian_education_snapshot_principles_policy_and_practice_august_2023_chunk_0029,policy,6,P6,"Earning the public's trust Including developing technical mechanisms ensuring users know when they are interacting with an AI, a commitment to publicly report on AI systems' capabilities, limitations, and appropriate and inappropriate use, the prioritization of research on risks, and a focus on using the technologies to help address society's greatest challenges.","Earning the public's trust Including developing technical mechanisms ensuring users know when they are interacting with an AI, a commitment to publicly report on AI systems' capabilities, limitations, and appropriate and inappropriate use, the prioritization of research on risks, and a focus on using the technologies to help address society's greatest challenges.",0.7600290775299072,0.7348689436912537,0.26513105630874634,sentence_transformer:sentence-transformers/paraphrase-multilingual-MiniLM-L12-v2,False,0.5118606686592102,pooled_empirical_10th_percentile_provisional
synthetic_to_policy,synthetic_sentiment_claim_00240,sentiment_synthetic_sentiment_press_release_an_chunk_0001,sentiment_synthetic_sentiment_press_release_an,synthetic,sentiment,3,S3,causes_or_increases,"Evelyn Ansah Karkkulainen contributed to the study in Finland (FI), conducted by the University of Helsinki.","Evelyn Ansah Karkkulainen contributed to the study in Finland (FI), conducted by the University of Helsinki.",policy_claim_02407,policy_digital_strategy_for_schools_to_2027_chunk_0079,policy,5,P5,"Considerable research and an extensive consultation process informed the EU DEAP and it can guide and assist approaches for the Irish context based on the experience in other EU jurisdictions, as well as research and expertise.","Considerable research and an extensive consultation process informed the EU DEAP and it can guide and assist approaches for the Irish context based on the experience in other EU jurisdictions, as well as research and expertise.",0.40990808606147766,0.4000673294067383,0.5999326705932617,sentence_transformer:sentence-transformers/paraphrase-multilingual-MiniLM-L12-v2,True,0.5118606686592102,pooled_empirical_10th_percentile_provisional
synthetic_to_policy,synthetic_sentiment_claim_00241,sentiment_synthetic_sentiment_press_release_an_chunk_0001,sentiment_synthetic_sentiment_press_release_an,synthetic,sentiment,3,S3,requires_or_depends_on,"Public confidence depends on classroom practice, fair access and AI literacy.","Public confidence depends on classroom practice, fair access and AI literacy.",policy_claim_02713,policy_generative_artificial_intelligence_guidelines_chunk_0007,policy,7,P7,"Transparency Transparency when using AI in schools is essential for building trust, ensuring fairness, promoting accountability, enhancing understanding and safeguarding privacy.","Transparency Transparency when using AI in schools is essential for building trust, ensuring fairness, promoting accountability, enhancing understanding and safeguarding privacy.",0.7281832098960876,0.7154828906059265,0.2845171093940735,sentence_transformer:sentence-transformers/paraphrase-multilingual-MiniLM-L12-v2,False,0.5118606686592102,pooled_empirical_10th_percentile_provisional
synthetic_to_policy,synthetic_sentiment_claim_00242,sentiment_synthetic_sentiment_press_release_an_chunk_0001,sentiment_synthetic_sentiment_press_release_an,synthetic,sentiment,3,S3,requires_or_depends_on,"Public confidence depends on assessment and academic integrity, professional learning and teaching and learning.","Public confidence depends on assessment and academic integrity, professional learning and teaching and learning.",policy_claim_00135,policy_2026_01_20_opening_statement_ruth_kennedy_revenue_commissioner_et_al_office_of_the_revenue_commissioners_en_chunk_0003,policy,8,P8,Revenue 's effectiveness as a tax and customs administration depends on the public's trust and confidence in its fairness and integrity.,Revenue 's effectiveness as a tax and customs administration depends on the public's trust and confidence in its fairness and integrity.,0.6480737924575806,0.6052746772766113,0.39472532272338867,sentence_transformer:sentence-transformers/paraphrase-multilingual-MiniLM-L12-v2,False,0.5118606686592102,pooled_empirical_10th_percentile_provisional
synthetic_to_policy,synthetic_sentiment_claim_00243,sentiment_synthetic_sentiment_press_release_an_chunk_0001,sentiment_synthetic_sentiment_press_release_an,synthetic,sentiment,3,S3,requires_or_depends_on,"Public confidence depends on human oversight, AI literacy and young people.","Public confidence depends on human oversight, AI literacy and young people.",policy_claim_01250,policy_ai_in_australian_education_snapshot_principles_policy_and_practice_august_2023_chunk_0029,policy,6,P6,"Earning the public's trust Including developing technical mechanisms ensuring users know when they are interacting with an AI, a commitment to publicly report on AI systems' capabilities, limitations, and appropriate and inappropriate use, the prioritization of research on risks, and a focus on using the technologies to help address society's greatest challenges.","Earning the public's trust Including developing technical mechanisms ensuring users know when they are interacting with an AI, a commitment to publicly report on AI systems' capabilities, limitations, and appropriate and inappropriate use, the prioritization of research on risks, and a focus on using the technologies to help address society's greatest challenges.",0.7280848026275635,0.704317033290863,0.29568296670913696,sentence_transformer:sentence-transformers/paraphrase-multilingual-MiniLM-L12-v2,False,0.5118606686592102,pooled_empirical_10th_percentile_provisional
synthetic_to_policy,synthetic_sentiment_claim_00244,sentiment_synthetic_sentiment_press_release_an_chunk_0002,sentiment_synthetic_sentiment_press_release_an,synthetic,sentiment,3,S3,reduces_or_prevents,"The European Commission has put forward the Ethical guidelines on the use of artificial intelligence (AI) and data in teaching and learning for educators to mitigate potential problems, such as those listed above.","The European Commission has put forward the Ethical guidelines on the use of artificial intelligence (AI) and data in teaching and learning for educators to mitigate potential problems, such as those listed above.",policy_claim_00789,policy_ai_competency_framework_for_teachers_chunk_0041,policy,3,P3," The Ethics of AI aspect delineates essential ethical principles, regulations, institutional laws and practical ethical rules that teachers need to understand, apply and help adapt."," The Ethics of AI aspect delineates essential ethical principles, regulations, institutional laws and practical ethical rules that teachers need to understand, apply and help adapt.",0.7235247492790222,0.7156731486320496,0.28432685136795044,sentence_transformer:sentence-transformers/paraphrase-multilingual-MiniLM-L12-v2,False,0.5118606686592102,pooled_empirical_10th_percentile_provisional
synthetic_to_policy,synthetic_sentiment_claim_00245,sentiment_synthetic_sentiment_press_release_an_chunk_0002,sentiment_synthetic_sentiment_press_release_an,synthetic,sentiment,3,S3,requires_or_depends_on,"Public confidence depends on generative AI, public confidence and privacy and data protection.","Public confidence depends on generative AI, public confidence and privacy and data protection.",policy_claim_01250,policy_ai_in_australian_education_snapshot_principles_policy_and_practice_august_2023_chunk_0029,policy,6,P6,"Earning the public's trust Including developing technical mechanisms ensuring users know when they are interacting with an AI, a commitment to publicly report on AI systems' capabilities, limitations, and appropriate and inappropriate use, the prioritization of research on risks, and a focus on using the technologies to help address society's greatest challenges.","Earning the public's trust Including developing technical mechanisms ensuring users know when they are interacting with an AI, a commitment to publicly report on AI systems' capabilities, limitations, and appropriate and inappropriate use, the prioritization of research on risks, and a focus on using the technologies to help address society's greatest challenges.",0.7502926588058472,0.7197928428649902,0.28020715713500977,sentence_transformer:sentence-transformers/paraphrase-multilingual-MiniLM-L12-v2,False,0.5118606686592102,pooled_empirical_10th_percentile_provisional
synthetic_to_policy,synthetic_sentiment_claim_00246,sentiment_synthetic_sentiment_press_release_an_chunk_0002,sentiment_synthetic_sentiment_press_release_an,synthetic,sentiment,3,S3,requires_or_depends_on,"Public confidence depends on trust and transparency, privacy and data protection and public policy.","Public confidence depends on trust and transparency, privacy and data protection and public policy.",policy_claim_00135,policy_2026_01_20_opening_statement_ruth_kennedy_revenue_commissioner_et_al_office_of_the_revenue_commissioners_en_chunk_0003,policy,8,P8,Revenue 's effectiveness as a tax and customs administration depends on the public's trust and confidence in its fairness and integrity.,Revenue 's effectiveness as a tax and customs administration depends on the public's trust and confidence in its fairness and integrity.,0.7245122194290161,0.6676375269889832,0.33236247301101685,sentence_transformer:sentence-transformers/paraphrase-multilingual-MiniLM-L12-v2,False,0.5118606686592102,pooled_empirical_10th_percentile_provisional
synthetic_to_policy,synthetic_sentiment_claim_00247,sentiment_synthetic_sentiment_press_release_an_chunk_0002,sentiment_synthetic_sentiment_press_release_an,synthetic,sentiment,3,S3,requires_or_depends_on,"Nos marques Ifop Opinion Ifop Marketing Sociovision Occurrence Deep Opinion Brainvalue Notre identité Public confidence depends on AI tools, positive effects and digital skills.","Nos marques Ifop Opinion Ifop Marketing Sociovision Occurrence Deep Opinion Brainvalue Notre identité Public confidence depends on AI tools, positive effects and digital skills.",policy_claim_00471,policy_ai_competency_framework_for_students_chunk_0031,policy,3,P3,"When recommending specific AI tools for educational purposes, rigorous public validation mechanisms must be applied to avoid algorithms with bias(es) related to gender, ability, socio-economic status, language, ethnicity and/or culture.","When recommending specific AI tools for educational purposes, rigorous public validation mechanisms must be applied to avoid algorithms with bias(es) related to gender, ability, socio-economic status, language, ethnicity and/or culture.",0.5788372755050659,0.5673888325691223,0.4326111674308777,sentence_transformer:sentence-transformers/paraphrase-multilingual-MiniLM-L12-v2,False,0.5118606686592102,pooled_empirical_10th_percentile_provisional
synthetic_to_policy,synthetic_sentiment_claim_00248,sentiment_synthetic_sentiment_press_release_an_chunk_0002,sentiment_synthetic_sentiment_press_release_an,synthetic,sentiment,3,S3,requires_or_depends_on,"Public confidence depends on human oversight, young people and AI literacy.","Public confidence depends on human oversight, young people and AI literacy.",policy_claim_01250,policy_ai_in_australian_education_snapshot_principles_policy_and_practice_august_2023_chunk_0029,policy,6,P6,"Earning the public's trust Including developing technical mechanisms ensuring users know when they are interacting with an AI, a commitment to publicly report on AI systems' capabilities, limitations, and appropriate and inappropriate use, the prioritization of research on risks, and a focus on using the technologies to help address society's greatest challenges.","Earning the public's trust Including developing technical mechanisms ensuring users know when they are interacting with an AI, a commitment to publicly report on AI systems' capabilities, limitations, and appropriate and inappropriate use, the prioritization of research on risks, and a focus on using the technologies to help address society's greatest challenges.",0.7318925261497498,0.7071079611778259,0.2928920388221741,sentence_transformer:sentence-transformers/paraphrase-multilingual-MiniLM-L12-v2,False,0.5118606686592102,pooled_empirical_10th_percentile_provisional
synthetic_to_policy,synthetic_sentiment_claim_00249,sentiment_synthetic_sentiment_press_release_an_chunk_0002,sentiment_synthetic_sentiment_press_release_an,synthetic,sentiment,3,S3,causes_or_increases,"Finally, having established this foundational overview of ethical questions emerging from the development and deployment of AI, it is also important to acknowledge that each domain in which AI is applied also raises specific ethical issues.","Finally, having established this foundational overview of ethical questions emerging from the development and deployment of AI, it is also important to acknowledge that each domain in which AI is applied also raises specific ethical issues.",policy_claim_00476,policy_ai_competency_framework_for_students_chunk_0033,policy,3,P3,"The competencies also reflect the need to understand controversies surrounding AI and the key ethical principles that guide regulation, as well as foster practical skills to combat bias, protect privacy, promote transparency and accountability, and adopt an ethics-bydesign approach to the co-creation of AI.","The competencies also reflect the need to understand controversies surrounding AI and the key ethical principles that guide regulation, as well as foster practical skills to combat bias, protect privacy, promote transparency and accountability, and adopt an ethics-bydesign approach to the co-creation of AI.",0.7938798069953918,0.7857938408851624,0.21420615911483765,sentence_transformer:sentence-transformers/paraphrase-multilingual-MiniLM-L12-v2,False,0.5118606686592102,pooled_empirical_10th_percentile_provisional
synthetic_to_policy,synthetic_sentiment_claim_00250,sentiment_synthetic_sentiment_press_release_an_chunk_0003,sentiment_synthetic_sentiment_press_release_an,synthetic,sentiment,3,S3,causes_or_increases,"For example, the ethics of AI in healthcare also raises ethical issues centred on, for example, patient choice; while the ethics of autonomous vehicles also involves ethical issues focused on assigning responsibility.","For example, the ethics of AI in healthcare also raises ethical issues centred on, for example, patient choice; while the ethics of autonomous vehicles also involves ethical issues focused on assigning responsibility.",policy_claim_00832,policy_ai_competency_framework_for_teachers_chunk_0053,policy,3,P3,"Champion the ethics of AI through critical advocacy and empathy, leading discussions and actions that address ethical, sociocultural and environmental concerns from design to the use of AI and contribute to the co-creation of ethical standards for AI practices in education.","Champion the ethics of AI through critical advocacy and empathy, leading discussions and actions that address ethical, sociocultural and environmental concerns from design to the use of AI and contribute to the co-creation of ethical standards for AI practices in education.",0.7275398969650269,0.7204771041870117,0.2795228958129883,sentence_transformer:sentence-transformers/paraphrase-multilingual-MiniLM-L12-v2,False,0.5118606686592102,pooled_empirical_10th_percentile_provisional
synthetic_to_policy,synthetic_sentiment_claim_00251,sentiment_synthetic_sentiment_press_release_an_chunk_0003,sentiment_synthetic_sentiment_press_release_an,synthetic,sentiment,3,S3,requires_or_depends_on,"Public confidence depends on assessment and academic integrity, responsible use and teacher training.","Public confidence depends on assessment and academic integrity, responsible use and teacher training.",policy_claim_00135,policy_2026_01_20_opening_statement_ruth_kennedy_revenue_commissioner_et_al_office_of_the_revenue_commissioners_en_chunk_0003,policy,8,P8,Revenue 's effectiveness as a tax and customs administration depends on the public's trust and confidence in its fairness and integrity.,Revenue 's effectiveness as a tax and customs administration depends on the public's trust and confidence in its fairness and integrity.,0.6451413631439209,0.6299591660499573,0.3700408339500427,sentence_transformer:sentence-transformers/paraphrase-multilingual-MiniLM-L12-v2,False,0.5118606686592102,pooled_empirical_10th_percentile_provisional
synthetic_to_policy,synthetic_sentiment_claim_00252,sentiment_synthetic_sentiment_press_release_an_chunk_0003,sentiment_synthetic_sentiment_press_release_an,synthetic,sentiment,3,S3,requires_or_depends_on,"Public confidence depends on AI literacy, teaching and learning and fair access.","Public confidence depends on AI literacy, teaching and learning and fair access.",policy_claim_01040,policy_ai_guidance_chunk_0043,policy,7,P7,"AI literacy involves more than understanding how AI systems work; it also requires developing critical thinking skills that enable learners to identify misinformation, recognize algorithmic bias, analyze information sources, and maintain a sense of ethical self-direction online.","AI literacy involves more than understanding how AI systems work; it also requires developing critical thinking skills that enable learners to identify misinformation, recognize algorithmic bias, analyze information sources, and maintain a sense of ethical self-direction online.",0.7543800473213196,0.7475226521492004,0.25247734785079956,sentence_transformer:sentence-transformers/paraphrase-multilingual-MiniLM-L12-v2,False,0.5118606686592102,pooled_empirical_10th_percentile_provisional
synthetic_to_policy,synthetic_sentiment_claim_00253,sentiment_synthetic_sentiment_press_release_an_chunk_0003,sentiment_synthetic_sentiment_press_release_an,synthetic,sentiment,3,S3,requires_or_depends_on,"Public confidence depends on privacy and data protection, public policy and classroom practice.","Public confidence depends on privacy and data protection, public policy and classroom practice.",policy_claim_01542,policy_ai_policy_june_2025_chunk_0009,policy,6,P6,"Privacy and Data Considerations As a Data Controller, the School is legally required under the Data Protection Act 2018 and the General Data Protection Regulation to ensure the security and confidentiality of all personal data it processes.","Privacy and Data Considerations As a Data Controller, the School is legally required under the Data Protection Act 2018 and the General Data Protection Regulation to ensure the security and confidentiality of all personal data it processes.",0.7469523549079895,0.7139546275138855,0.2860453724861145,sentence_transformer:sentence-transformers/paraphrase-multilingual-MiniLM-L12-v2,False,0.5118606686592102,pooled_empirical_10th_percentile_provisional
synthetic_to_policy,synthetic_sentiment_claim_00254,sentiment_synthetic_sentiment_press_release_an_chunk_0003,sentiment_synthetic_sentiment_press_release_an,synthetic,sentiment,3,S3,requires_or_depends_on,"Public confidence depends on public confidence, young people and AI literacy.","Public confidence depends on public confidence, young people and AI literacy.",policy_claim_01250,policy_ai_in_australian_education_snapshot_principles_policy_and_practice_august_2023_chunk_0029,policy,6,P6,"Earning the public's trust Including developing technical mechanisms ensuring users know when they are interacting with an AI, a commitment to publicly report on AI systems' capabilities, limitations, and appropriate and inappropriate use, the prioritization of research on risks, and a focus on using the technologies to help address society's greatest challenges.","Earning the public's trust Including developing technical mechanisms ensuring users know when they are interacting with an AI, a commitment to publicly report on AI systems' capabilities, limitations, and appropriate and inappropriate use, the prioritization of research on risks, and a focus on using the technologies to help address society's greatest challenges.",0.6916626691818237,0.6557559370994568,0.3442440629005432,sentence_transformer:sentence-transformers/paraphrase-multilingual-MiniLM-L12-v2,False,0.5118606686592102,pooled_empirical_10th_percentile_provisional
synthetic_to_policy,synthetic_sentiment_claim_00255,sentiment_synthetic_sentiment_press_release_an_chunk_0004,sentiment_synthetic_sentiment_press_release_an,synthetic,sentiment,3,S3,requires_or_depends_on,"Public confidence depends on fair access, digital skills and responsible use.","Public confidence depends on fair access, digital skills and responsible use.",policy_claim_00135,policy_2026_01_20_opening_statement_ruth_kennedy_revenue_commissioner_et_al_office_of_the_revenue_commissioners_en_chunk_0003,policy,8,P8,Revenue 's effectiveness as a tax and customs administration depends on the public's trust and confidence in its fairness and integrity.,Revenue 's effectiveness as a tax and customs administration depends on the public's trust and confidence in its fairness and integrity.,0.66792893409729,0.6478367447853088,0.35216325521469116,sentence_transformer:sentence-transformers/paraphrase-multilingual-MiniLM-L12-v2,False,0.5118606686592102,pooled_empirical_10th_percentile_provisional
synthetic_to_policy,synthetic_sentiment_claim_00256,sentiment_synthetic_sentiment_press_release_an_chunk_0004,sentiment_synthetic_sentiment_press_release_an,synthetic,sentiment,3,S3,expected_to_improve,"Research participants from all stakeholder groups emphasised the importance of ensuring that secondary education teachers and school leaders possess the capacity to harness the potential of GenAI to enhance education while mitigating associated risks and challenges, such as bias, academic dishonesty, and data privacy concerns.","Research participants from all stakeholder groups emphasised the importance of ensuring that secondary education teachers and school leaders possess the capacity to harness the potential of GenAI to enhance education while mitigating associated risks and challenges, such as bias, academic dishonesty, and data privacy concerns.",policy_claim_02879,policy_guidance_on_artificial_intelligence_in_schools_2025_chunk_0028,policy,5,P5,Inclusion: GenAI can support inclusive practices by tailoring tasks to better ensure that all learners are appropriately challenged and able to progress at their own pace.,Inclusion: GenAI can support inclusive practices by tailoring tasks to better ensure that all learners are appropriately challenged and able to progress at their own pace.,0.7018070220947266,0.6909337043762207,0.3090662956237793,sentence_transformer:sentence-transformers/paraphrase-multilingual-MiniLM-L12-v2,False,0.5118606686592102,pooled_empirical_10th_percentile_provisional
synthetic_to_policy,synthetic_sentiment_claim_00257,sentiment_synthetic_sentiment_press_release_an_chunk_0004,sentiment_synthetic_sentiment_press_release_an,synthetic,sentiment,3,S3,enables_or_supports,"Moreover, participants considered it essential to ensure that students are able to engage with this technology in a responsible and effective way but noted that this goal is contingent upon first establishing the necessary capabilities and competencies needed by teachers.","Moreover, participants considered it essential to ensure that students are able to engage with this technology in a responsible and effective way but noted that this goal is contingent upon first establishing the necessary capabilities and competencies needed by teachers.",policy_claim_02442,policy_digital_strategy_for_schools_to_2027_chunk_0097,policy,5,P5,"When used appropriately, technology can be leveraged to enhance access, participation, engagement, and the development and application of skills in the classroom.","When used appropriately, technology can be leveraged to enhance access, participation, engagement, and the development and application of skills in the classroom.",0.7388657927513123,0.731633186340332,0.26836681365966797,sentence_transformer:sentence-transformers/paraphrase-multilingual-MiniLM-L12-v2,False,0.5118606686592102,pooled_empirical_10th_percentile_provisional
synthetic_to_policy,synthetic_sentiment_claim_00258,sentiment_synthetic_sentiment_press_release_an_chunk_0004,sentiment_synthetic_sentiment_press_release_an,synthetic,sentiment,3,S3,requires_or_depends_on,"Public confidence depends on classroom practice, negative effects and teaching and learning.","Public confidence depends on classroom practice, negative effects and teaching and learning.",policy_claim_00194,policy_ahisa_member_survey_report_gen_ai_in_australian_independent_schools_chunk_0033,policy,7,P7,It could also create grading inequities between students and across schools and undermine employer or public confidence in students' achievement.,It could also create grading inequities between students and across schools and undermine employer or public confidence in students' achievement.,0.6336489915847778,0.6193132400512695,0.38068675994873047,sentence_transformer:sentence-transformers/paraphrase-multilingual-MiniLM-L12-v2,False,0.5118606686592102,pooled_empirical_10th_percentile_provisional
synthetic_to_policy,synthetic_sentiment_claim_00259,sentiment_synthetic_sentiment_press_release_ao_chunk_0001,sentiment_synthetic_sentiment_press_release_ao,synthetic,sentiment,3,S3,risks_or_threatens,"However, with pedagogical decisions increasingly being delegated to algorithms, there is a significant risk that children are reduced to mere data points, undermined by systems that lack the human empathy and intuition essential for responding to their emotional and psychological needs.","However, with pedagogical decisions increasingly being delegated to algorithms, there is a significant risk that children are reduced to mere data points, undermined by systems that lack the human empathy and intuition essential for responding to their emotional and psychological needs.",policy_claim_03650,policy_oco_ai_policy_spotlight_report_chunk_0111,policy,1,P1,"The absence of children's views in policy was raised by several participants, who recommended that children should have a say in AI policy and decision-making, particularly children in more vulnerable groups.","The absence of children's views in policy was raised by several participants, who recommended that children should have a say in AI policy and decision-making, particularly children in more vulnerable groups.",0.6711913347244263,0.665625810623169,0.33437418937683105,sentence_transformer:sentence-transformers/paraphrase-multilingual-MiniLM-L12-v2,False,0.5118606686592102,pooled_empirical_10th_percentile_provisional
synthetic_to_policy,synthetic_sentiment_claim_00260,sentiment_synthetic_sentiment_press_release_ao_chunk_0001,sentiment_synthetic_sentiment_press_release_ao,synthetic,sentiment,3,S3,risks_or_threatens,"The deployment of AI systems in education also threatens a child's right to be protected from discrimination, as biased data and historical stereotypes often perpetuate existing inequalities.","The deployment of AI systems in education also threatens a child's right to be protected from discrimination, as biased data and historical stereotypes often perpetuate existing inequalities.",policy_claim_01937,policy_ai_resources_chunk_0005,policy,6,P6,AI is vulnerable to discrimination because it can inadvertently (or intentionally) perpetuate existing biases present in the data it is trained on.,AI is vulnerable to discrimination because it can inadvertently (or intentionally) perpetuate existing biases present in the data it is trained on.,0.7942702770233154,0.7814515233039856,0.2185484766960144,sentence_transformer:sentence-transformers/paraphrase-multilingual-MiniLM-L12-v2,False,0.5118606686592102,pooled_empirical_10th_percentile_provisional
synthetic_to_policy,synthetic_sentiment_claim_00261,sentiment_synthetic_sentiment_press_release_ao_chunk_0001,sentiment_synthetic_sentiment_press_release_ao,synthetic,sentiment,3,S3,causes_or_increases,"And, finally, the invasive nature of AIED systems, which continuously monitor student behaviour and emotions, also creates a panoptic effect that compromises the right to privacy.","And, finally, the invasive nature of AIED systems, which continuously monitor student behaviour and emotions, also creates a panoptic effect that compromises the right to privacy.",policy_claim_03902,policy_using_generative_ai_chunk_0003,policy,0,P0,"Another significant issue is data privacy, as generative AI often requires and ingests large amounts of personal data, raising concerns about the security and privacy of student information and the serious consequences of improper handling or data breaches.","Another significant issue is data privacy, as generative AI often requires and ingests large amounts of personal data, raising concerns about the security and privacy of student information and the serious consequences of improper handling or data breaches.",0.6848437190055847,0.6761675477027893,0.3238324522972107,sentence_transformer:sentence-transformers/paraphrase-multilingual-MiniLM-L12-v2,False,0.5118606686592102,pooled_empirical_10th_percentile_provisional
synthetic_to_policy,synthetic_sentiment_claim_00262,sentiment_synthetic_sentiment_press_release_ao_chunk_0001,sentiment_synthetic_sentiment_press_release_ao,synthetic,sentiment,3,S3,enables_or_supports,"Perhaps most critically, AIED systems also facilitate the commercial exploitation of children's data.","Perhaps most critically, AIED systems also facilitate the commercial exploitation of children's data.",policy_claim_03363,policy_men_dne_brochure_ia_2024_uk_web_chunk_0006,policy,0,P0,"Data-driven AI might have great potential in education, depending on the intentions of the system, but knowledgebased AI still underpins most existing AIED systems.","Data-driven AI might have great potential in education, depending on the intentions of the system, but knowledgebased AI still underpins most existing AIED systems.",0.7138071060180664,0.7108896374702454,0.28911036252975464,sentence_transformer:sentence-transformers/paraphrase-multilingual-MiniLM-L12-v2,False,0.5118606686592102,pooled_empirical_10th_percentile_provisional
synthetic_to_policy,synthetic_sentiment_claim_00263,sentiment_synthetic_sentiment_press_release_ao_chunk_0001,sentiment_synthetic_sentiment_press_release_ao,synthetic,sentiment,3,S3,requires_or_depends_on,"Public confidence depends on assessment and academic integrity, professional learning and classroom practice.","Public confidence depends on assessment and academic integrity, professional learning and classroom practice.",policy_claim_00135,policy_2026_01_20_opening_statement_ruth_kennedy_revenue_commissioner_et_al_office_of_the_revenue_commissioners_en_chunk_0003,policy,8,P8,Revenue 's effectiveness as a tax and customs administration depends on the public's trust and confidence in its fairness and integrity.,Revenue 's effectiveness as a tax and customs administration depends on the public's trust and confidence in its fairness and integrity.,0.63985276222229,0.6178968548774719,0.3821031451225281,sentence_transformer:sentence-transformers/paraphrase-multilingual-MiniLM-L12-v2,False,0.5118606686592102,pooled_empirical_10th_percentile_provisional
synthetic_to_policy,synthetic_sentiment_claim_00264,sentiment_synthetic_sentiment_press_release_ao_chunk_0001,sentiment_synthetic_sentiment_press_release_ao,synthetic,sentiment,3,S3,requires_or_depends_on,"Public confidence depends on professional learning, digital skills and responsible use.","Public confidence depends on professional learning, digital skills and responsible use.",policy_claim_02308,policy_digital_strategy_for_schools_to_2027_chunk_0043,policy,5,P5,Professional digital competence refers to both the ability to use digital technologies and the use of digital technologies to enhance classroom practice.,Professional digital competence refers to both the ability to use digital technologies and the use of digital technologies to enhance classroom practice.,0.707280158996582,0.6728623509407043,0.32713764905929565,sentence_transformer:sentence-transformers/paraphrase-multilingual-MiniLM-L12-v2,False,0.5118606686592102,pooled_empirical_10th_percentile_provisional
synthetic_to_policy,synthetic_sentiment_claim_00265,sentiment_synthetic_sentiment_press_release_ao_chunk_0001,sentiment_synthetic_sentiment_press_release_ao,synthetic,sentiment,3,S3,expected_to_improve,"Most European education authorities consider artificial intelligence as a priority topic, aiming to improve teaching and learning and prepare learners for an increasingly digital future.","Most European education authorities consider artificial intelligence as a priority topic, aiming to improve teaching and learning and prepare learners for an increasingly digital future.",policy_claim_03601,policy_oco_ai_policy_spotlight_report_chunk_0079,policy,1,P1,"The EU's Digital Education Action Plan 2021-2027 Resetting education and training for the digital age states that everyone should acquire a basic understanding of new and emerging technologies including AI, stronger representation and participation of young people in AI research and the AI industry should be encouraged, and that education and training institutions need to be aware of the opportunities and challenges created by AI.","The EU's Digital Education Action Plan 2021-2027 Resetting education and training for the digital age states that everyone should acquire a basic understanding of new and emerging technologies including AI, stronger representation and participation of young people in AI research and the AI industry should be encouraged, and that education and training institutions need to be aware of the opportunities and challenges created by AI.",0.8045392036437988,0.7362397313117981,0.2637602686882019,sentence_transformer:sentence-transformers/paraphrase-multilingual-MiniLM-L12-v2,False,0.5118606686592102,pooled_empirical_10th_percentile_provisional
synthetic_to_policy,synthetic_sentiment_claim_00266,sentiment_synthetic_sentiment_press_release_ao_chunk_0001,sentiment_synthetic_sentiment_press_release_ao,synthetic,sentiment,3,S3,enables_or_supports,It is equally important to ensure pupils' and educators' wellbeing and provide guidance on the opportunities and limitations of AI in education .,It is equally important to ensure pupils' and educators' wellbeing and provide guidance on the opportunities and limitations of AI in education .,policy_claim_01957,policy_ai_systems_in_teaching_and_learning_principles_and_practical_exa_chunk_0005,policy,6,P6,Use AI to support the wellbeing and social interaction of both educators and learners.,Use AI to support the wellbeing and social interaction of both educators and learners.,0.8412927389144897,0.8347094655036926,0.16529053449630737,sentence_transformer:sentence-transformers/paraphrase-multilingual-MiniLM-L12-v2,False,0.5118606686592102,pooled_empirical_10th_percentile_provisional
synthetic_to_policy,synthetic_sentiment_claim_00267,sentiment_synthetic_sentiment_press_release_ao_chunk_0002,sentiment_synthetic_sentiment_press_release_ao,synthetic,sentiment,3,S3,requires_or_depends_on,"Public confidence depends on digital skills, generative AI and responsible use.","Public confidence depends on digital skills, generative AI and responsible use.",policy_claim_01250,policy_ai_in_australian_education_snapshot_principles_policy_and_practice_august_2023_chunk_0029,policy,6,P6,"Earning the public's trust Including developing technical mechanisms ensuring users know when they are interacting with an AI, a commitment to publicly report on AI systems' capabilities, limitations, and appropriate and inappropriate use, the prioritization of research on risks, and a focus on using the technologies to help address society's greatest challenges.","Earning the public's trust Including developing technical mechanisms ensuring users know when they are interacting with an AI, a commitment to publicly report on AI systems' capabilities, limitations, and appropriate and inappropriate use, the prioritization of research on risks, and a focus on using the technologies to help address society's greatest challenges.",0.7488792538642883,0.7131093144416809,0.2868906855583191,sentence_transformer:sentence-transformers/paraphrase-multilingual-MiniLM-L12-v2,False,0.5118606686592102,pooled_empirical_10th_percentile_provisional
synthetic_to_policy,synthetic_sentiment_claim_00268,sentiment_synthetic_sentiment_press_release_ao_chunk_0002,sentiment_synthetic_sentiment_press_release_ao,synthetic,sentiment,3,S3,requires_or_depends_on,"Public confidence depends on responsible use, AI literacy and public policy.","Public confidence depends on responsible use, AI literacy and public policy.",policy_claim_01250,policy_ai_in_australian_education_snapshot_principles_policy_and_practice_august_2023_chunk_0029,policy,6,P6,"Earning the public's trust Including developing technical mechanisms ensuring users know when they are interacting with an AI, a commitment to publicly report on AI systems' capabilities, limitations, and appropriate and inappropriate use, the prioritization of research on risks, and a focus on using the technologies to help address society's greatest challenges.","Earning the public's trust Including developing technical mechanisms ensuring users know when they are interacting with an AI, a commitment to publicly report on AI systems' capabilities, limitations, and appropriate and inappropriate use, the prioritization of research on risks, and a focus on using the technologies to help address society's greatest challenges.",0.7600290775299072,0.7348689436912537,0.26513105630874634,sentence_transformer:sentence-transformers/paraphrase-multilingual-MiniLM-L12-v2,False,0.5118606686592102,pooled_empirical_10th_percentile_provisional
synthetic_to_policy,synthetic_sentiment_claim_00269,sentiment_synthetic_sentiment_press_release_ao_chunk_0002,sentiment_synthetic_sentiment_press_release_ao,synthetic,sentiment,3,S3,causes_or_increases,"Indicative comment: 'I probably found the learning day at the beginning super interesting, because it kind of helped me understand what it was that they were explaining.","Indicative comment: 'I probably found the learning day at the beginning super interesting, because it kind of helped me understand what it was that they were explaining.",policy_claim_03397,policy_men_dne_brochure_ia_2024_uk_web_chunk_0029,policy,5,P5,4.2 How does it contribute to the learning experience?,4.2 How does it contribute to the learning experience?,0.5954333543777466,0.5474600195884705,0.45253998041152954,sentence_transformer:sentence-transformers/paraphrase-multilingual-MiniLM-L12-v2,False,0.5118606686592102,pooled_empirical_10th_percentile_provisional
synthetic_to_policy,synthetic_sentiment_claim_00270,sentiment_synthetic_sentiment_press_release_ao_chunk_0002,sentiment_synthetic_sentiment_press_release_ao,synthetic,sentiment,3,S3,requires_or_depends_on,"Public confidence depends on professional learning, assessment and academic integrity and privacy and data protection.","Public confidence depends on professional learning, assessment and academic integrity and privacy and data protection.",policy_claim_00135,policy_2026_01_20_opening_statement_ruth_kennedy_revenue_commissioner_et_al_office_of_the_revenue_commissioners_en_chunk_0003,policy,8,P8,Revenue 's effectiveness as a tax and customs administration depends on the public's trust and confidence in its fairness and integrity.,Revenue 's effectiveness as a tax and customs administration depends on the public's trust and confidence in its fairness and integrity.,0.6535290479660034,0.6439850926399231,0.3560149073600769,sentence_transformer:sentence-transformers/paraphrase-multilingual-MiniLM-L12-v2,False,0.5118606686592102,pooled_empirical_10th_percentile_provisional
synthetic_to_policy,synthetic_sentiment_claim_00271,sentiment_synthetic_sentiment_press_release_ao_chunk_0003,sentiment_synthetic_sentiment_press_release_ao,synthetic,sentiment,6,S6,causes_or_increases,"Narratives: Hypothetical scenarios and real-life case studies often parallel each other, heralding a future where AI can mitigate diagnostic errors, accelerate drug discovery, or even pave the way for curing hitherto incurable diseases.","Narratives: Hypothetical scenarios and real-life case studies often parallel each other, heralding a future where AI can mitigate diagnostic errors, accelerate drug discovery, or even pave the way for curing hitherto incurable diseases.",policy_claim_00553,policy_ai_competency_framework_for_students_chunk_0070,policy,6,P6,"Expose students to simulated scenarios containing typical AI incidents, so they can practise precautionary and interactive strategies for the safe use of AI and become familiar with regulations that can protect their safety or mitigate the negative impacts of AI incidents.","Expose students to simulated scenarios containing typical AI incidents, so they can practise precautionary and interactive strategies for the safe use of AI and become familiar with regulations that can protect their safety or mitigate the negative impacts of AI incidents.",0.6394198536872864,0.6202504634857178,0.3797495365142822,sentence_transformer:sentence-transformers/paraphrase-multilingual-MiniLM-L12-v2,False,0.5118606686592102,pooled_empirical_10th_percentile_provisional
synthetic_to_policy,synthetic_sentiment_claim_00272,sentiment_synthetic_sentiment_press_release_ao_chunk_0003,sentiment_synthetic_sentiment_press_release_ao,synthetic,sentiment,6,S6,requires_or_depends_on,"Public confidence depends on AI literacy, teacher training and artificial intelligence.","Public confidence depends on AI literacy, teacher training and artificial intelligence.",policy_claim_01040,policy_ai_guidance_chunk_0043,policy,7,P7,"AI literacy involves more than understanding how AI systems work; it also requires developing critical thinking skills that enable learners to identify misinformation, recognize algorithmic bias, analyze information sources, and maintain a sense of ethical self-direction online.","AI literacy involves more than understanding how AI systems work; it also requires developing critical thinking skills that enable learners to identify misinformation, recognize algorithmic bias, analyze information sources, and maintain a sense of ethical self-direction online.",0.7812486290931702,0.7758616805076599,0.2241383194923401,sentence_transformer:sentence-transformers/paraphrase-multilingual-MiniLM-L12-v2,False,0.5118606686592102,pooled_empirical_10th_percentile_provisional
synthetic_to_policy,synthetic_sentiment_claim_00273,sentiment_synthetic_sentiment_press_release_ao_chunk_0003,sentiment_synthetic_sentiment_press_release_ao,synthetic,sentiment,6,S6,risks_or_threatens,Much of the talk around AI in schools has understandably centred on students' use of it and the ways in which this might undermine the academic integrity of State exams.,Much of the talk around AI in schools has understandably centred on students' use of it and the ways in which this might undermine the academic integrity of State exams.,policy_claim_00707,policy_ai_competency_framework_for_teachers_chunk_0004,policy,3,P3,The use of AI in education is raising fundamental questions about teacher agency and their capacity to determine how and when to make judicious use of this technology.,The use of AI in education is raising fundamental questions about teacher agency and their capacity to determine how and when to make judicious use of this technology.,0.8095353841781616,0.8028602004051208,0.19713979959487915,sentence_transformer:sentence-transformers/paraphrase-multilingual-MiniLM-L12-v2,False,0.5118606686592102,pooled_empirical_10th_percentile_provisional
synthetic_to_policy,synthetic_sentiment_claim_00274,sentiment_synthetic_sentiment_press_release_ao_chunk_0004,sentiment_synthetic_sentiment_press_release_ao,synthetic,sentiment,1,S1,enables_or_supports,"Given the potential for students to use AI tools to assist with their AACs, the State Examinations Commission (SEC) has, belatedly, issued guidance to students and their teachers on the use of AI for these projects.","Given the potential for students to use AI tools to assist with their AACs, the State Examinations Commission (SEC) has, belatedly, issued guidance to students and their teachers on the use of AI for these projects.",policy_claim_03200,policy_l_intelligence_artificielle_dans_les_tablissements_scolaires_sur_le_plan_administratif_et_p_dagogique_chunk_0024,policy,2,P2,"L'IA comme outil d'aide à la révision Des d'élèves déclarent se servir de l'IA comme assistant de révision de leur cours : génération de résumés, de questions / réponses pour pouvoir s'interroger, autant de fonctionnalités qui leur permettent de vérifier leur degré de maitrise des contenus.","L'IA comme outil d'aide à la révision Des d'élèves déclarent se servir de l'IA comme assistant de révision de leur cours : génération de résumés, de questions / réponses pour pouvoir s'interroger, autant de fonctionnalités qui leur permettent de vérifier leur degré de maitrise des contenus.",0.7402551174163818,0.7354395389556885,0.2645604610443115,sentence_transformer:sentence-transformers/paraphrase-multilingual-MiniLM-L12-v2,False,0.5118606686592102,pooled_empirical_10th_percentile_provisional
synthetic_to_policy,synthetic_sentiment_claim_00275,sentiment_synthetic_sentiment_press_release_ao_chunk_0004,sentiment_synthetic_sentiment_press_release_ao,synthetic,sentiment,1,S1,requires_or_depends_on,"Public confidence depends on privacy and data protection, trust and transparency and artificial intelligence.","Public confidence depends on privacy and data protection, trust and transparency and artificial intelligence.",policy_claim_02710,policy_generative_artificial_intelligence_guidelines_chunk_0004,policy,6,P6,"Privacy and security When interacting with generative AI tools, it is essential to be aware of the potential privacy risks associated with the storage and analysis of conversations and personal data, to ensure compliance with the Information Privacy Principles as set out in the Information Act 2002 .","Privacy and security When interacting with generative AI tools, it is essential to be aware of the potential privacy risks associated with the storage and analysis of conversations and personal data, to ensure compliance with the Information Privacy Principles as set out in the Information Act 2002 .",0.6870527267456055,0.6852781772613525,0.31472182273864746,sentence_transformer:sentence-transformers/paraphrase-multilingual-MiniLM-L12-v2,False,0.5118606686592102,pooled_empirical_10th_percentile_provisional
synthetic_to_policy,synthetic_sentiment_claim_00276,sentiment_synthetic_sentiment_press_release_ap_chunk_0001,sentiment_synthetic_sentiment_press_release_ap,synthetic,sentiment,3,S3,requires_or_depends_on,"Public confidence depends on artificial intelligence, AI literacy and positive effects.","Public confidence depends on artificial intelligence, AI literacy and positive effects.",policy_claim_01250,policy_ai_in_australian_education_snapshot_principles_policy_and_practice_august_2023_chunk_0029,policy,6,P6,"Earning the public's trust Including developing technical mechanisms ensuring users know when they are interacting with an AI, a commitment to publicly report on AI systems' capabilities, limitations, and appropriate and inappropriate use, the prioritization of research on risks, and a focus on using the technologies to help address society's greatest challenges.","Earning the public's trust Including developing technical mechanisms ensuring users know when they are interacting with an AI, a commitment to publicly report on AI systems' capabilities, limitations, and appropriate and inappropriate use, the prioritization of research on risks, and a focus on using the technologies to help address society's greatest challenges.",0.731777012348175,0.7236129641532898,0.2763870358467102,sentence_transformer:sentence-transformers/paraphrase-multilingual-MiniLM-L12-v2,False,0.5118606686592102,pooled_empirical_10th_percentile_provisional
synthetic_to_policy,synthetic_sentiment_claim_00277,sentiment_synthetic_sentiment_press_release_ap_chunk_0001,sentiment_synthetic_sentiment_press_release_ap,synthetic,sentiment,3,S3,requires_or_depends_on,"Public confidence depends on artificial intelligence, responsible use and assessment and academic integrity.","Public confidence depends on artificial intelligence, responsible use and assessment and academic integrity.",policy_claim_01250,policy_ai_in_australian_education_snapshot_principles_policy_and_practice_august_2023_chunk_0029,policy,6,P6,"Earning the public's trust Including developing technical mechanisms ensuring users know when they are interacting with an AI, a commitment to publicly report on AI systems' capabilities, limitations, and appropriate and inappropriate use, the prioritization of research on risks, and a focus on using the technologies to help address society's greatest challenges.","Earning the public's trust Including developing technical mechanisms ensuring users know when they are interacting with an AI, a commitment to publicly report on AI systems' capabilities, limitations, and appropriate and inappropriate use, the prioritization of research on risks, and a focus on using the technologies to help address society's greatest challenges.",0.7022491097450256,0.687081515789032,0.312918484210968,sentence_transformer:sentence-transformers/paraphrase-multilingual-MiniLM-L12-v2,False,0.5118606686592102,pooled_empirical_10th_percentile_provisional
synthetic_to_policy,synthetic_sentiment_claim_00278,sentiment_synthetic_sentiment_press_release_ap_chunk_0001,sentiment_synthetic_sentiment_press_release_ap,synthetic,sentiment,3,S3,causes_or_increases,"From a gender perspective, the Organisation for Economic Co-operation and Development (OECD) highlights that AI may exacerbate gender disparities if gender equality issues are not addressed adequately when the AI tools are trained.","From a gender perspective, the Organisation for Economic Co-operation and Development (OECD) highlights that AI may exacerbate gender disparities if gender equality issues are not addressed adequately when the AI tools are trained.",policy_claim_03797,policy_the_new_ai_powered_classroom_implications_for_students_teachers_and_equity_chunk_0001,policy,8,P8,"While many AI enthusiasts may call this an opportunity to bridge the achievement gap, I propose that AI instruction is likely to exacerbate current structural inequalities pertaining to unequal funding, infrastructure, and support.","While many AI enthusiasts may call this an opportunity to bridge the achievement gap, I propose that AI instruction is likely to exacerbate current structural inequalities pertaining to unequal funding, infrastructure, and support.",0.7080155611038208,0.7008438110351562,0.29915618896484375,sentence_transformer:sentence-transformers/paraphrase-multilingual-MiniLM-L12-v2,False,0.5118606686592102,pooled_empirical_10th_percentile_provisional
synthetic_to_policy,synthetic_sentiment_claim_00279,sentiment_synthetic_sentiment_press_release_ap_chunk_0001,sentiment_synthetic_sentiment_press_release_ap,synthetic,sentiment,3,S3,reduces_or_prevents,"Moreover, AI tools are mainly trained on the world's three most spoken languages (Chinese, English and Spanish), thereby making AI less safe for people who speak low-resource languages (those for which limited linguistic data for training AI models are available), since AI tools are less precise in those languages.","Moreover, AI tools are mainly trained on the world's three most spoken languages (Chinese, English and Spanish), thereby making AI less safe for people who speak low-resource languages (those for which limited linguistic data for training AI models are available), since AI tools are less precise in those languages.",policy_claim_02685,policy_generative_artificial_intelligence_ai_in_k_12_classrooms_v2_chunk_0022,policy,0,P0,Multilingual learners can benefit through language conversations with AI in order to practice speaking and writing skills.,Multilingual learners can benefit through language conversations with AI in order to practice speaking and writing skills.,0.6751700639724731,0.6692902445793152,0.3307097554206848,sentence_transformer:sentence-transformers/paraphrase-multilingual-MiniLM-L12-v2,False,0.5118606686592102,pooled_empirical_10th_percentile_provisional
synthetic_to_policy,synthetic_sentiment_claim_00280,sentiment_synthetic_sentiment_press_release_ap_chunk_0001,sentiment_synthetic_sentiment_press_release_ap,synthetic,sentiment,3,S3,requires_or_depends_on,"Public confidence depends on artificial intelligence, digital education and public policy.","Public confidence depends on artificial intelligence, digital education and public policy.",policy_claim_00032,policy_2025_12_16_first_interim_report_en_chunk_0007,policy,8,P8,"Information for the public on digital literacy and AI, critical thinking, their rights, consent, profiling, bias, scams and bad actors, AI and its potential harms and benefits, how to have a voice in terms of public policy around AI, how to engage in or opt out of AI on their devices, how to ensure their digital rights are being respected and that they can access information on how AI systems are being used in public service bodies.","Information for the public on digital literacy and AI, critical thinking, their rights, consent, profiling, bias, scams and bad actors, AI and its potential harms and benefits, how to have a voice in terms of public policy around AI, how to engage in or opt out of AI on their devices, how to ensure their digital rights are being respected and that they can access information on how AI systems are being used in public service bodies.",0.6818747520446777,0.6700050830841064,0.32999491691589355,sentence_transformer:sentence-transformers/paraphrase-multilingual-MiniLM-L12-v2,False,0.5118606686592102,pooled_empirical_10th_percentile_provisional
synthetic_to_policy,synthetic_sentiment_claim_00281,sentiment_synthetic_sentiment_press_release_ap_chunk_0002,sentiment_synthetic_sentiment_press_release_ap,synthetic,sentiment,6,S6,requires_or_depends_on,"Public confidence depends on teaching and learning, artificial intelligence and public policy.","Public confidence depends on teaching and learning, artificial intelligence and public policy.",policy_claim_01250,policy_ai_in_australian_education_snapshot_principles_policy_and_practice_august_2023_chunk_0029,policy,6,P6,"Earning the public's trust Including developing technical mechanisms ensuring users know when they are interacting with an AI, a commitment to publicly report on AI systems' capabilities, limitations, and appropriate and inappropriate use, the prioritization of research on risks, and a focus on using the technologies to help address society's greatest challenges.","Earning the public's trust Including developing technical mechanisms ensuring users know when they are interacting with an AI, a commitment to publicly report on AI systems' capabilities, limitations, and appropriate and inappropriate use, the prioritization of research on risks, and a focus on using the technologies to help address society's greatest challenges.",0.6396300792694092,0.629612922668457,0.37038707733154297,sentence_transformer:sentence-transformers/paraphrase-multilingual-MiniLM-L12-v2,False,0.5118606686592102,pooled_empirical_10th_percentile_provisional
synthetic_to_policy,synthetic_sentiment_claim_00282,sentiment_synthetic_sentiment_press_release_ap_chunk_0002,sentiment_synthetic_sentiment_press_release_ap,synthetic,sentiment,6,S6,requires_or_depends_on,"Public confidence depends on trust and transparency, fair access and public policy.","Public confidence depends on trust and transparency, fair access and public policy.",policy_claim_00135,policy_2026_01_20_opening_statement_ruth_kennedy_revenue_commissioner_et_al_office_of_the_revenue_commissioners_en_chunk_0003,policy,8,P8,Revenue 's effectiveness as a tax and customs administration depends on the public's trust and confidence in its fairness and integrity.,Revenue 's effectiveness as a tax and customs administration depends on the public's trust and confidence in its fairness and integrity.,0.768097996711731,0.6684799790382385,0.3315200209617615,sentence_transformer:sentence-transformers/paraphrase-multilingual-MiniLM-L12-v2,False,0.5118606686592102,pooled_empirical_10th_percentile_provisional
synthetic_to_policy,synthetic_sentiment_claim_00283,sentiment_synthetic_sentiment_press_release_ap_chunk_0002,sentiment_synthetic_sentiment_press_release_ap,synthetic,sentiment,6,S6,causes_or_increases,"Since the first version of AI by teachers and learners follo created new opportunities and g perspective, ...","Since the first version of AI by teachers and learners follo created new opportunities and g perspective, ...",policy_claim_02930,policy_guidance_on_artificial_intelligence_in_schools_2025_chunk_0053,policy,3,P3,FutureProof Educatino: supporting schools in the AI evolution.,FutureProof Educatino: supporting schools in the AI evolution.,0.7040842175483704,0.7023561000823975,0.29764389991760254,sentence_transformer:sentence-transformers/paraphrase-multilingual-MiniLM-L12-v2,False,0.5118606686592102,pooled_empirical_10th_percentile_provisional
synthetic_to_policy,synthetic_sentiment_claim_00284,sentiment_synthetic_sentiment_press_release_ap_chunk_0002,sentiment_synthetic_sentiment_press_release_ap,synthetic,sentiment,6,S6,requires_or_depends_on,"Public confidence depends on human oversight, digital education and trust and transparency.","Public confidence depends on human oversight, digital education and trust and transparency.",policy_claim_00135,policy_2026_01_20_opening_statement_ruth_kennedy_revenue_commissioner_et_al_office_of_the_revenue_commissioners_en_chunk_0003,policy,8,P8,Revenue 's effectiveness as a tax and customs administration depends on the public's trust and confidence in its fairness and integrity.,Revenue 's effectiveness as a tax and customs administration depends on the public's trust and confidence in its fairness and integrity.,0.6943690776824951,0.6635312438011169,0.33646875619888306,sentence_transformer:sentence-transformers/paraphrase-multilingual-MiniLM-L12-v2,False,0.5118606686592102,pooled_empirical_10th_percentile_provisional
synthetic_to_policy,synthetic_sentiment_claim_00285,sentiment_synthetic_sentiment_press_release_ap_chunk_0002,sentiment_synthetic_sentiment_press_release_ap,synthetic,sentiment,6,S6,requires_or_depends_on,"Public confidence depends on AI literacy, teacher training and AI tools.","Public confidence depends on AI literacy, teacher training and AI tools.",policy_claim_02747,policy_guidance_for_ai_policy_development_chunk_0003,policy,7,P7,AI literacy is having the competencies and skills required to use AI technologies and applications effectively.,AI literacy is having the competencies and skills required to use AI technologies and applications effectively.,0.7955890893936157,0.7894307971000671,0.21056920289993286,sentence_transformer:sentence-transformers/paraphrase-multilingual-MiniLM-L12-v2,False,0.5118606686592102,pooled_empirical_10th_percentile_provisional
synthetic_to_policy,synthetic_sentiment_claim_00286,sentiment_synthetic_sentiment_press_release_ap_chunk_0003,sentiment_synthetic_sentiment_press_release_ap,synthetic,sentiment,5,S5,expected_to_improve,"accelerating the adoption of AI by scientists, by creating essential enablers such as improved access to data, computational power and talent .","accelerating the adoption of AI by scientists, by creating essential enablers such as improved access to data, computational power and talent .",policy_claim_01142,policy_ai_guidance_classroom_considerations_chunk_0003,policy,7,P7,"It highlights the importance of a strategic approach to the adoption of AI tools, ensuring that technology enhances rather than replaces human interaction and pedagogical principles.","It highlights the importance of a strategic approach to the adoption of AI tools, ensuring that technology enhances rather than replaces human interaction and pedagogical principles.",0.7651757001876831,0.759619414806366,0.24038058519363403,sentence_transformer:sentence-transformers/paraphrase-multilingual-MiniLM-L12-v2,False,0.5118606686592102,pooled_empirical_10th_percentile_provisional
synthetic_to_policy,synthetic_sentiment_claim_00287,sentiment_synthetic_sentiment_press_release_ap_chunk_0003,sentiment_synthetic_sentiment_press_release_ap,synthetic,sentiment,5,S5,requires_or_depends_on,"Public confidence depends on public policy, generative AI and artificial intelligence.","Public confidence depends on public policy, generative AI and artificial intelligence.",policy_claim_01250,policy_ai_in_australian_education_snapshot_principles_policy_and_practice_august_2023_chunk_0029,policy,6,P6,"Earning the public's trust Including developing technical mechanisms ensuring users know when they are interacting with an AI, a commitment to publicly report on AI systems' capabilities, limitations, and appropriate and inappropriate use, the prioritization of research on risks, and a focus on using the technologies to help address society's greatest challenges.","Earning the public's trust Including developing technical mechanisms ensuring users know when they are interacting with an AI, a commitment to publicly report on AI systems' capabilities, limitations, and appropriate and inappropriate use, the prioritization of research on risks, and a focus on using the technologies to help address society's greatest challenges.",0.723388671875,0.6932327151298523,0.3067672848701477,sentence_transformer:sentence-transformers/paraphrase-multilingual-MiniLM-L12-v2,False,0.5118606686592102,pooled_empirical_10th_percentile_provisional
synthetic_to_policy,synthetic_sentiment_claim_00288,sentiment_synthetic_sentiment_press_release_ap_chunk_0003,sentiment_synthetic_sentiment_press_release_ap,synthetic,sentiment,5,S5,requires_or_depends_on,"Public confidence depends on trust and transparency, AI tools and generative AI.","Public confidence depends on trust and transparency, AI tools and generative AI.",policy_claim_01250,policy_ai_in_australian_education_snapshot_principles_policy_and_practice_august_2023_chunk_0029,policy,6,P6,"Earning the public's trust Including developing technical mechanisms ensuring users know when they are interacting with an AI, a commitment to publicly report on AI systems' capabilities, limitations, and appropriate and inappropriate use, the prioritization of research on risks, and a focus on using the technologies to help address society's greatest challenges.","Earning the public's trust Including developing technical mechanisms ensuring users know when they are interacting with an AI, a commitment to publicly report on AI systems' capabilities, limitations, and appropriate and inappropriate use, the prioritization of research on risks, and a focus on using the technologies to help address society's greatest challenges.",0.794373095035553,0.7824662327766418,0.21753376722335815,sentence_transformer:sentence-transformers/paraphrase-multilingual-MiniLM-L12-v2,False,0.5118606686592102,pooled_empirical_10th_percentile_provisional
synthetic_to_policy,synthetic_sentiment_claim_00289,sentiment_synthetic_sentiment_press_release_ap_chunk_0003,sentiment_synthetic_sentiment_press_release_ap,synthetic,sentiment,5,S5,requires_or_depends_on,"Public confidence depends on classroom practice, positive effects and generative AI.","Public confidence depends on classroom practice, positive effects and generative AI.",policy_claim_01808,policy_ai_report_us_gov_chunk_0072,policy,0,P0,"Student feelings of safety, confidence, and trust in the feedback generated by these AI-enabled systems and tools are essential to showcase their learning.","Student feelings of safety, confidence, and trust in the feedback generated by these AI-enabled systems and tools are essential to showcase their learning.",0.7521812915802002,0.7241656184196472,0.2758343815803528,sentence_transformer:sentence-transformers/paraphrase-multilingual-MiniLM-L12-v2,False,0.5118606686592102,pooled_empirical_10th_percentile_provisional
synthetic_to_policy,synthetic_sentiment_claim_00290,sentiment_synthetic_sentiment_press_release_ap_chunk_0003,sentiment_synthetic_sentiment_press_release_ap,synthetic,sentiment,5,S5,requires_or_depends_on,"Indicative comment: 'So I think teachers need to be trained up on the various technologies, I think, yeah, continuous professional learning is hugely important.","Indicative comment: 'So I think teachers need to be trained up on the various technologies, I think, yeah, continuous professional learning is hugely important.",policy_claim_02338,policy_digital_strategy_for_schools_to_2027_chunk_0053,policy,5,P5,"As such, it is important for teachers, with the necessary support, to develop their own competence in this area in line with emerging trends and requirements, in order to fully realise the potential of digital technologies to support and enhance teaching, learning and assessment practices and to provide the most up ­ to ­ date learning experiences for learners.","As such, it is important for teachers, with the necessary support, to develop their own competence in this area in line with emerging trends and requirements, in order to fully realise the potential of digital technologies to support and enhance teaching, learning and assessment practices and to provide the most up ­ to ­ date learning experiences for learners.",0.7769491076469421,0.7626522183418274,0.2373477816581726,sentence_transformer:sentence-transformers/paraphrase-multilingual-MiniLM-L12-v2,False,0.5118606686592102,pooled_empirical_10th_percentile_provisional
synthetic_to_policy,synthetic_sentiment_claim_00291,sentiment_synthetic_sentiment_press_release_ap_chunk_0003,sentiment_synthetic_sentiment_press_release_ap,synthetic,sentiment,5,S5,requires_or_depends_on,"Public confidence depends on teacher training, artificial intelligence and public confidence.","Public confidence depends on teacher training, artificial intelligence and public confidence.",policy_claim_01790,policy_ai_report_us_gov_chunk_0065,policy,5,P5,"To what extent are teachers able to exercise voice and decision-making to improve equity, reduce bias, and increase cultural responsiveness in the use of AI-enabled tools and systems?","To what extent are teachers able to exercise voice and decision-making to improve equity, reduce bias, and increase cultural responsiveness in the use of AI-enabled tools and systems?",0.6586660146713257,0.6470339894294739,0.3529660105705261,sentence_transformer:sentence-transformers/paraphrase-multilingual-MiniLM-L12-v2,False,0.5118606686592102,pooled_empirical_10th_percentile_provisional
synthetic_to_policy,synthetic_sentiment_claim_00292,sentiment_synthetic_sentiment_press_release_ap_chunk_0004,sentiment_synthetic_sentiment_press_release_ap,synthetic,sentiment,6,S6,reduces_or_prevents,"Conversely, 'fear' epitomises a spectrum of public apprehensions, including but not limited to concerns about employment instability, infringements upon privacy, and existential risks such as unchecked AI systems.","Conversely, 'fear' epitomises a spectrum of public apprehensions, including but not limited to concerns about employment instability, infringements upon privacy, and existential risks such as unchecked AI systems.",policy_claim_00738,policy_ai_competency_framework_for_teachers_chunk_0030,policy,3,P3,"While the previous generations of ICT tools had raised some ethical concerns around privacy and security, the aggressive approach to the design and provision of AI services has triggered more profound risks and could deepen societal inequalities.","While the previous generations of ICT tools had raised some ethical concerns around privacy and security, the aggressive approach to the design and provision of AI services has triggered more profound risks and could deepen societal inequalities.",0.6793558597564697,0.6423588991165161,0.3576411008834839,sentence_transformer:sentence-transformers/paraphrase-multilingual-MiniLM-L12-v2,False,0.5118606686592102,pooled_empirical_10th_percentile_provisional
synthetic_to_policy,synthetic_sentiment_claim_00293,sentiment_synthetic_sentiment_press_release_ap_chunk_0004,sentiment_synthetic_sentiment_press_release_ap,synthetic,sentiment,6,S6,causes_or_increases,"This dual framework provides a balanced and nuanced schema for understanding the heterogeneity and complexity of public sentiments, thereby contributing to a more informed landscape for policy and technological decision-making.","This dual framework provides a balanced and nuanced schema for understanding the heterogeneity and complexity of public sentiments, thereby contributing to a more informed landscape for policy and technological decision-making.",policy_claim_02594,policy_generative_ai_in_the_australian_education_system_an_open_data_set_of_stakeholder_recommendations_and_emerging_analysis_from_a_public_inquiry_chunk_0052,policy,8,P8,"The 'how' of developing alignment on many of these issues, and the kinds of values or aims to centre was also a feature, with significant attention to, and diversity across, calls for stakeholder engagement.","The 'how' of developing alignment on many of these issues, and the kinds of values or aims to centre was also a feature, with significant attention to, and diversity across, calls for stakeholder engagement.",0.5448320508003235,0.5329564213752747,0.46704357862472534,sentence_transformer:sentence-transformers/paraphrase-multilingual-MiniLM-L12-v2,False,0.5118606686592102,pooled_empirical_10th_percentile_provisional
synthetic_to_policy,synthetic_sentiment_claim_00294,sentiment_synthetic_sentiment_press_release_ap_chunk_0004,sentiment_synthetic_sentiment_press_release_ap,synthetic,sentiment,6,S6,requires_or_depends_on,"Public confidence depends on public confidence, fair access and positive effects.","Public confidence depends on public confidence, fair access and positive effects.",policy_claim_00135,policy_2026_01_20_opening_statement_ruth_kennedy_revenue_commissioner_et_al_office_of_the_revenue_commissioners_en_chunk_0003,policy,8,P8,Revenue 's effectiveness as a tax and customs administration depends on the public's trust and confidence in its fairness and integrity.,Revenue 's effectiveness as a tax and customs administration depends on the public's trust and confidence in its fairness and integrity.,0.7254710793495178,0.6144611239433289,0.38553887605667114,sentence_transformer:sentence-transformers/paraphrase-multilingual-MiniLM-L12-v2,False,0.5118606686592102,pooled_empirical_10th_percentile_provisional
synthetic_to_policy,synthetic_sentiment_claim_00295,sentiment_synthetic_sentiment_press_release_aq_chunk_0001,sentiment_synthetic_sentiment_press_release_aq,synthetic,sentiment,6,S6,requires_or_depends_on,And what do teachers rely on AI for the most?,And what do teachers rely on AI for the most?,policy_claim_03324,policy_l_intelligence_artificielle_dans_les_tablissements_scolaires_sur_le_plan_administratif_et_p_dagogique_chunk_0135,policy,2,P2,"Loin de remettre en cause le rô le de l'enseignant et de l'école, l'IA renforce l'importance de l'éducation et le rôle fondamental des enseignants pour former les générations futures à un usage éthique, critique et créatif de l'IA mais aussi pour délimiter les usages pédagogiques pertinents de l'IA à l'école afin que l'IA soit véritablement un outil au service d'une école plus juste et plus performante.","Loin de remettre en cause le rô le de l'enseignant et de l'école, l'IA renforce l'importance de l'éducation et le rôle fondamental des enseignants pour former les générations futures à un usage éthique, critique et créatif de l'IA mais aussi pour délimiter les usages pédagogiques pertinents de l'IA à l'école afin que l'IA soit véritablement un outil au service d'une école plus juste et plus performante.",0.8461966514587402,0.8354526162147522,0.1645473837852478,sentence_transformer:sentence-transformers/paraphrase-multilingual-MiniLM-L12-v2,False,0.5118606686592102,pooled_empirical_10th_percentile_provisional
synthetic_to_policy,synthetic_sentiment_claim_00296,sentiment_synthetic_sentiment_press_release_aq_chunk_0001,sentiment_synthetic_sentiment_press_release_aq,synthetic,sentiment,6,S6,requires_or_depends_on,"Public confidence depends on AI literacy, privacy and data protection and positive effects.","Public confidence depends on AI literacy, privacy and data protection and positive effects.",policy_claim_01250,policy_ai_in_australian_education_snapshot_principles_policy_and_practice_august_2023_chunk_0029,policy,6,P6,"Earning the public's trust Including developing technical mechanisms ensuring users know when they are interacting with an AI, a commitment to publicly report on AI systems' capabilities, limitations, and appropriate and inappropriate use, the prioritization of research on risks, and a focus on using the technologies to help address society's greatest challenges.","Earning the public's trust Including developing technical mechanisms ensuring users know when they are interacting with an AI, a commitment to publicly report on AI systems' capabilities, limitations, and appropriate and inappropriate use, the prioritization of research on risks, and a focus on using the technologies to help address society's greatest challenges.",0.7703938484191895,0.7573554515838623,0.2426445484161377,sentence_transformer:sentence-transformers/paraphrase-multilingual-MiniLM-L12-v2,False,0.5118606686592102,pooled_empirical_10th_percentile_provisional
synthetic_to_policy,synthetic_sentiment_claim_00297,sentiment_synthetic_sentiment_press_release_aq_chunk_0001,sentiment_synthetic_sentiment_press_release_aq,synthetic,sentiment,6,S6,causes_or_increases,"For more than a decade, and accelerated by the arrival of generative AI (GenAI), a growing diversity of AI-mediated technologies have been widely deployed in classrooms and other education settings across Europe and beyond (Holmes et al., ; Tuomi, ).","For more than a decade, and accelerated by the arrival of generative AI (GenAI), a growing diversity of AI-mediated technologies have been widely deployed in classrooms and other education settings across Europe and beyond (Holmes et al., ; Tuomi, ).",policy_claim_02814,policy_guidance_on_artificial_intelligence_in_schools_2025_chunk_0008,policy,5,P5,"Technology itself is advancing at a rapid pace and nowhere is this more evident than the use of AI, in particular Generative AI (GenAI) and its transformative force in society and perhaps education.","Technology itself is advancing at a rapid pace and nowhere is this more evident than the use of AI, in particular Generative AI (GenAI) and its transformative force in society and perhaps education.",0.7615211009979248,0.7427791953086853,0.2572208046913147,sentence_transformer:sentence-transformers/paraphrase-multilingual-MiniLM-L12-v2,False,0.5118606686592102,pooled_empirical_10th_percentile_provisional
synthetic_to_policy,synthetic_sentiment_claim_00298,sentiment_synthetic_sentiment_press_release_aq_chunk_0001,sentiment_synthetic_sentiment_press_release_aq,synthetic,sentiment,6,S6,enables_or_supports,"These include student-focused AI systems (from adaptive tutoring systems to support chatbots), teacher-focused AI systems (from plagiarism detection to resources curation), and institution-focused AI systems (from admissions to e-proctoring), together with other AI systems not designed specifically for education (from communication platforms to office software suites).","These include student-focused AI systems (from adaptive tutoring systems to support chatbots), teacher-focused AI systems (from plagiarism detection to resources curation), and institution-focused AI systems (from admissions to e-proctoring), together with other AI systems not designed specifically for education (from communication platforms to office software suites).",policy_claim_02018,policy_ai_systems_in_teaching_and_learning_principles_and_practical_exa_chunk_0031,policy,5,P5,Education-specific AI systems There is a diverse range of ways of using AI to promote teaching and learning.,Education-specific AI systems There is a diverse range of ways of using AI to promote teaching and learning.,0.8502926826477051,0.8359229564666748,0.1640770435333252,sentence_transformer:sentence-transformers/paraphrase-multilingual-MiniLM-L12-v2,False,0.5118606686592102,pooled_empirical_10th_percentile_provisional
synthetic_to_policy,synthetic_sentiment_claim_00299,sentiment_synthetic_sentiment_press_release_aq_chunk_0001,sentiment_synthetic_sentiment_press_release_aq,synthetic,sentiment,6,S6,requires_or_depends_on,"Public confidence depends on classroom practice, teaching and learning and trust and transparency.","Public confidence depends on classroom practice, teaching and learning and trust and transparency.",policy_claim_01871,policy_ai_report_us_gov_chunk_0094,policy,7,P7,"More transparency and authentic dialogue can foster trust, which was mentioned by a researcher as a chief concern for all teachers and students.","More transparency and authentic dialogue can foster trust, which was mentioned by a researcher as a chief concern for all teachers and students.",0.7554062604904175,0.7091593742370605,0.29084062576293945,sentence_transformer:sentence-transformers/paraphrase-multilingual-MiniLM-L12-v2,False,0.5118606686592102,pooled_empirical_10th_percentile_provisional
synthetic_to_policy,synthetic_sentiment_claim_00300,sentiment_synthetic_sentiment_press_release_aq_chunk_0001,sentiment_synthetic_sentiment_press_release_aq,synthetic,sentiment,6,S6,requires_or_depends_on,"Public confidence depends on teacher training, generative AI and human oversight.","Public confidence depends on teacher training, generative AI and human oversight.",policy_claim_00735,policy_ai_competency_framework_for_teachers_chunk_0030,policy,3,P3,This potential of AI to usurp the autonomous decision-making capacity of teachers necessitates a stronger emphasis on teacher agency and on a human-centred mindset that can help ensure that the use of AI serves human capacity development.,This potential of AI to usurp the autonomous decision-making capacity of teachers necessitates a stronger emphasis on teacher agency and on a human-centred mindset that can help ensure that the use of AI serves human capacity development.,0.7502030730247498,0.7257753014564514,0.2742246985435486,sentence_transformer:sentence-transformers/paraphrase-multilingual-MiniLM-L12-v2,False,0.5118606686592102,pooled_empirical_10th_percentile_provisional
synthetic_to_policy,synthetic_sentiment_claim_00301,sentiment_synthetic_sentiment_press_release_aq_chunk_0001,sentiment_synthetic_sentiment_press_release_aq,synthetic,sentiment,6,S6,reduces_or_prevents,"Conversely, 'fear' epitomises a spectrum of public apprehensions, including but not limited to concerns about employment instability, infringements upon privacy, and existential risks such as unchecked AI systems.","Conversely, 'fear' epitomises a spectrum of public apprehensions, including but not limited to concerns about employment instability, infringements upon privacy, and existential risks such as unchecked AI systems.",policy_claim_00738,policy_ai_competency_framework_for_teachers_chunk_0030,policy,3,P3,"While the previous generations of ICT tools had raised some ethical concerns around privacy and security, the aggressive approach to the design and provision of AI services has triggered more profound risks and could deepen societal inequalities.","While the previous generations of ICT tools had raised some ethical concerns around privacy and security, the aggressive approach to the design and provision of AI services has triggered more profound risks and could deepen societal inequalities.",0.6793558597564697,0.6423588991165161,0.3576411008834839,sentence_transformer:sentence-transformers/paraphrase-multilingual-MiniLM-L12-v2,False,0.5118606686592102,pooled_empirical_10th_percentile_provisional
synthetic_to_policy,synthetic_sentiment_claim_00302,sentiment_synthetic_sentiment_press_release_aq_chunk_0001,sentiment_synthetic_sentiment_press_release_aq,synthetic,sentiment,6,S6,causes_or_increases,"This dual framework provides a balanced and nuanced schema for understanding the heterogeneity and complexity of public sentiments, thereby contributing to a more informed landscape for policy and technological decision-making.","This dual framework provides a balanced and nuanced schema for understanding the heterogeneity and complexity of public sentiments, thereby contributing to a more informed landscape for policy and technological decision-making.",policy_claim_02594,policy_generative_ai_in_the_australian_education_system_an_open_data_set_of_stakeholder_recommendations_and_emerging_analysis_from_a_public_inquiry_chunk_0052,policy,8,P8,"The 'how' of developing alignment on many of these issues, and the kinds of values or aims to centre was also a feature, with significant attention to, and diversity across, calls for stakeholder engagement.","The 'how' of developing alignment on many of these issues, and the kinds of values or aims to centre was also a feature, with significant attention to, and diversity across, calls for stakeholder engagement.",0.5448320508003235,0.5329564213752747,0.46704357862472534,sentence_transformer:sentence-transformers/paraphrase-multilingual-MiniLM-L12-v2,False,0.5118606686592102,pooled_empirical_10th_percentile_provisional
synthetic_to_policy,synthetic_sentiment_claim_00303,sentiment_synthetic_sentiment_press_release_aq_chunk_0001,sentiment_synthetic_sentiment_press_release_aq,synthetic,sentiment,6,S6,requires_or_depends_on,"Public confidence depends on artificial intelligence, classroom practice and responsible use.","Public confidence depends on artificial intelligence, classroom practice and responsible use.",policy_claim_00163,policy_ahisa_member_survey_report_gen_ai_in_australian_independent_schools_chunk_0023,policy,7,P7,"The variety and nuance apparent in respondents' comments suggest that schools need a large measure of autonomy in directing the use of generative AI tools by their students if they are to take account of student, parent and staff needs and expectations within their communities.","The variety and nuance apparent in respondents' comments suggest that schools need a large measure of autonomy in directing the use of generative AI tools by their students if they are to take account of student, parent and staff needs and expectations within their communities.",0.7213426828384399,0.7061899304389954,0.29381006956100464,sentence_transformer:sentence-transformers/paraphrase-multilingual-MiniLM-L12-v2,False,0.5118606686592102,pooled_empirical_10th_percentile_provisional
synthetic_to_policy,synthetic_sentiment_claim_00304,sentiment_synthetic_sentiment_press_release_aq_chunk_0002,sentiment_synthetic_sentiment_press_release_aq,synthetic,sentiment,4,S4,causes_or_increases,Experiment with AI technologies and contributing to new AI tools based on ethical principles.,Experiment with AI technologies and contributing to new AI tools based on ethical principles.,policy_claim_00832,policy_ai_competency_framework_for_teachers_chunk_0053,policy,3,P3,"Champion the ethics of AI through critical advocacy and empathy, leading discussions and actions that address ethical, sociocultural and environmental concerns from design to the use of AI and contribute to the co-creation of ethical standards for AI practices in education.","Champion the ethics of AI through critical advocacy and empathy, leading discussions and actions that address ethical, sociocultural and environmental concerns from design to the use of AI and contribute to the co-creation of ethical standards for AI practices in education.",0.8114867806434631,0.8060729503631592,0.19392704963684082,sentence_transformer:sentence-transformers/paraphrase-multilingual-MiniLM-L12-v2,False,0.5118606686592102,pooled_empirical_10th_percentile_provisional
synthetic_to_policy,synthetic_sentiment_claim_00305,sentiment_synthetic_sentiment_press_release_aq_chunk_0002,sentiment_synthetic_sentiment_press_release_aq,synthetic,sentiment,4,S4,reduces_or_prevents,Makerspaces and other creative forms to engage young people both in using and in shaping AI technologies are just as important as knowing how to mitigate the potential risks of AI.,Makerspaces and other creative forms to engage young people both in using and in shaping AI technologies are just as important as knowing how to mitigate the potential risks of AI.,policy_claim_00492,policy_ai_competency_framework_for_students_chunk_0039,policy,3,P3,"Throughout the iterative process of customizing and testing AI technologies, students are expected to reinforce the sense of being an AI co-creator and belonging within a broader community, helping to lead the human-centred design and use of AI.","Throughout the iterative process of customizing and testing AI technologies, students are expected to reinforce the sense of being an AI co-creator and belonging within a broader community, helping to lead the human-centred design and use of AI.",0.7546141743659973,0.7474238872528076,0.2525761127471924,sentence_transformer:sentence-transformers/paraphrase-multilingual-MiniLM-L12-v2,False,0.5118606686592102,pooled_empirical_10th_percentile_provisional
synthetic_to_policy,synthetic_sentiment_claim_00306,sentiment_synthetic_sentiment_press_release_aq_chunk_0002,sentiment_synthetic_sentiment_press_release_aq,synthetic,sentiment,4,S4,requires_or_depends_on,"Public confidence depends on AI literacy, young people and professional learning.","Public confidence depends on AI literacy, young people and professional learning.",policy_claim_01040,policy_ai_guidance_chunk_0043,policy,7,P7,"AI literacy involves more than understanding how AI systems work; it also requires developing critical thinking skills that enable learners to identify misinformation, recognize algorithmic bias, analyze information sources, and maintain a sense of ethical self-direction online.","AI literacy involves more than understanding how AI systems work; it also requires developing critical thinking skills that enable learners to identify misinformation, recognize algorithmic bias, analyze information sources, and maintain a sense of ethical self-direction online.",0.7343425750732422,0.7298409342765808,0.2701590657234192,sentence_transformer:sentence-transformers/paraphrase-multilingual-MiniLM-L12-v2,False,0.5118606686592102,pooled_empirical_10th_percentile_provisional
synthetic_to_policy,synthetic_sentiment_claim_00307,sentiment_synthetic_sentiment_press_release_aq_chunk_0003,sentiment_synthetic_sentiment_press_release_aq,synthetic,sentiment,4,S4,causes_or_increases,"It is important to note that digital and data divides lead to new forms of social injustice, whereby those with more access to information are at less risk of becoming socially or educationally excluded.","It is important to note that digital and data divides lead to new forms of social injustice, whereby those with more access to information are at less risk of becoming socially or educationally excluded.",policy_claim_02633,policy_generative_artificial_intelligence_ai_in_k_12_classrooms_v2_chunk_0007,policy,7,P7,"While digital learning and education technology have the potential to address inequities, they can also amplify disparities and exacerbate existing inequities when not guided by an equity-focused mindset.","While digital learning and education technology have the potential to address inequities, they can also amplify disparities and exacerbate existing inequities when not guided by an equity-focused mindset.",0.6751883625984192,0.6569830775260925,0.34301692247390747,sentence_transformer:sentence-transformers/paraphrase-multilingual-MiniLM-L12-v2,False,0.5118606686592102,pooled_empirical_10th_percentile_provisional
synthetic_to_policy,synthetic_sentiment_claim_00308,sentiment_synthetic_sentiment_press_release_aq_chunk_0003,sentiment_synthetic_sentiment_press_release_aq,synthetic,sentiment,4,S4,requires_or_depends_on,"Public confidence depends on fair access, classroom practice and public confidence.","Public confidence depends on fair access, classroom practice and public confidence.",policy_claim_01084,policy_ai_guidance_chunk_0061,policy,7,P7,This consideration is important as schools work to create cultures where honesty is normalized and met with trust-not suspicion.,This consideration is important as schools work to create cultures where honesty is normalized and met with trust-not suspicion.,0.6635546684265137,0.6500498652458191,0.3499501347541809,sentence_transformer:sentence-transformers/paraphrase-multilingual-MiniLM-L12-v2,False,0.5118606686592102,pooled_empirical_10th_percentile_provisional
synthetic_to_policy,synthetic_sentiment_claim_00309,sentiment_synthetic_sentiment_press_release_aq_chunk_0003,sentiment_synthetic_sentiment_press_release_aq,synthetic,sentiment,4,S4,requires_or_depends_on,"Public confidence depends on AI literacy, young people and privacy and data protection.","Public confidence depends on AI literacy, young people and privacy and data protection.",policy_claim_01250,policy_ai_in_australian_education_snapshot_principles_policy_and_practice_august_2023_chunk_0029,policy,6,P6,"Earning the public's trust Including developing technical mechanisms ensuring users know when they are interacting with an AI, a commitment to publicly report on AI systems' capabilities, limitations, and appropriate and inappropriate use, the prioritization of research on risks, and a focus on using the technologies to help address society's greatest challenges.","Earning the public's trust Including developing technical mechanisms ensuring users know when they are interacting with an AI, a commitment to publicly report on AI systems' capabilities, limitations, and appropriate and inappropriate use, the prioritization of research on risks, and a focus on using the technologies to help address society's greatest challenges.",0.7567629814147949,0.7438214421272278,0.2561785578727722,sentence_transformer:sentence-transformers/paraphrase-multilingual-MiniLM-L12-v2,False,0.5118606686592102,pooled_empirical_10th_percentile_provisional
synthetic_to_policy,synthetic_sentiment_claim_00310,sentiment_synthetic_sentiment_press_release_aq_chunk_0004,sentiment_synthetic_sentiment_press_release_aq,synthetic,sentiment,6,S6,causes_or_increases,"Indicative comment: 'But I think a lot of teachers would be scared, you know, because again, it's quite difficult to know if a student has actually written that themselves.'","Indicative comment: 'But I think a lot of teachers would be scared, you know, because again, it's quite difficult to know if a student has actually written that themselves.'",policy_claim_03076,policy_guidetoaiinschools_chunk_0081,policy,0,P0,"and I hear from them that they feel like other teachers are calling them out more and saying, 'You didn't write this because you're an AVID student, and you don't have those skills.'","and I hear from them that they feel like other teachers are calling them out more and saying, 'You didn't write this because you're an AVID student, and you don't have those skills.'",0.7370864152908325,0.6804673075675964,0.31953269243240356,sentence_transformer:sentence-transformers/paraphrase-multilingual-MiniLM-L12-v2,False,0.5118606686592102,pooled_empirical_10th_percentile_provisional
synthetic_to_policy,synthetic_sentiment_claim_00311,sentiment_synthetic_sentiment_press_release_aq_chunk_0004,sentiment_synthetic_sentiment_press_release_aq,synthetic,sentiment,6,S6,requires_or_depends_on,"Public confidence depends on student support, responsible use and young people.","Public confidence depends on student support, responsible use and young people.",policy_claim_01910,policy_ai_report_us_gov_chunk_0112,policy,8,P8,"And yet, teachers, students, and their families/caregivers need support to build appropriate levels of trust in systems that affect their work.","And yet, teachers, students, and their families/caregivers need support to build appropriate levels of trust in systems that affect their work.",0.602822482585907,0.5991074442863464,0.40089255571365356,sentence_transformer:sentence-transformers/paraphrase-multilingual-MiniLM-L12-v2,False,0.5118606686592102,pooled_empirical_10th_percentile_provisional
synthetic_to_policy,synthetic_sentiment_claim_00312,sentiment_synthetic_sentiment_press_release_aq_chunk_0004,sentiment_synthetic_sentiment_press_release_aq,synthetic,sentiment,6,S6,requires_or_depends_on,"Public confidence depends on negative effects, human oversight and trust and transparency.","Public confidence depends on negative effects, human oversight and trust and transparency.",policy_claim_00135,policy_2026_01_20_opening_statement_ruth_kennedy_revenue_commissioner_et_al_office_of_the_revenue_commissioners_en_chunk_0003,policy,8,P8,Revenue 's effectiveness as a tax and customs administration depends on the public's trust and confidence in its fairness and integrity.,Revenue 's effectiveness as a tax and customs administration depends on the public's trust and confidence in its fairness and integrity.,0.6503338813781738,0.6197178363800049,0.3802821636199951,sentence_transformer:sentence-transformers/paraphrase-multilingual-MiniLM-L12-v2,False,0.5118606686592102,pooled_empirical_10th_percentile_provisional
synthetic_to_policy,synthetic_sentiment_claim_00313,sentiment_synthetic_sentiment_press_release_aq_chunk_0004,sentiment_synthetic_sentiment_press_release_aq,synthetic,sentiment,6,S6,requires_or_depends_on,"Public confidence depends on public policy, assessment and academic integrity and trust and transparency.","Public confidence depends on public policy, assessment and academic integrity and trust and transparency.",policy_claim_00135,policy_2026_01_20_opening_statement_ruth_kennedy_revenue_commissioner_et_al_office_of_the_revenue_commissioners_en_chunk_0003,policy,8,P8,Revenue 's effectiveness as a tax and customs administration depends on the public's trust and confidence in its fairness and integrity.,Revenue 's effectiveness as a tax and customs administration depends on the public's trust and confidence in its fairness and integrity.,0.7596485614776611,0.6581169962882996,0.34188300371170044,sentence_transformer:sentence-transformers/paraphrase-multilingual-MiniLM-L12-v2,False,0.5118606686592102,pooled_empirical_10th_percentile_provisional
synthetic_to_policy,synthetic_sentiment_claim_00314,sentiment_synthetic_sentiment_press_release_ar_chunk_0001,sentiment_synthetic_sentiment_press_release_ar,synthetic,sentiment,5,S5,requires_or_depends_on,"Public confidence depends on artificial intelligence, fair access and AI tools.","Public confidence depends on artificial intelligence, fair access and AI tools.",policy_claim_01250,policy_ai_in_australian_education_snapshot_principles_policy_and_practice_august_2023_chunk_0029,policy,6,P6,"Earning the public's trust Including developing technical mechanisms ensuring users know when they are interacting with an AI, a commitment to publicly report on AI systems' capabilities, limitations, and appropriate and inappropriate use, the prioritization of research on risks, and a focus on using the technologies to help address society's greatest challenges.","Earning the public's trust Including developing technical mechanisms ensuring users know when they are interacting with an AI, a commitment to publicly report on AI systems' capabilities, limitations, and appropriate and inappropriate use, the prioritization of research on risks, and a focus on using the technologies to help address society's greatest challenges.",0.7793502807617188,0.7494662404060364,0.2505337595939636,sentence_transformer:sentence-transformers/paraphrase-multilingual-MiniLM-L12-v2,False,0.5118606686592102,pooled_empirical_10th_percentile_provisional
synthetic_to_policy,synthetic_sentiment_claim_00315,sentiment_synthetic_sentiment_press_release_ar_chunk_0001,sentiment_synthetic_sentiment_press_release_ar,synthetic,sentiment,5,S5,requires_or_depends_on,"In Bonn: rd European Youth Work Convention , Public confidence depends on classroom practice, positive effects and professional learning.","In Bonn: rd European Youth Work Convention , Public confidence depends on classroom practice, positive effects and professional learning.",policy_claim_02247,policy_digital_strategy_for_schools_to_2027_chunk_0024,policy,5,P5,"In tandem, supporting school leaders to guide and build capacity and increase teacher confidence through appropriate teacher professional learning (TPL), to ensure appropriate developmental learning experiences for all learners to enable them develop the necessary digital competence.","In tandem, supporting school leaders to guide and build capacity and increase teacher confidence through appropriate teacher professional learning (TPL), to ensure appropriate developmental learning experiences for all learners to enable them develop the necessary digital competence.",0.5571485757827759,0.5501914620399475,0.4498085379600525,sentence_transformer:sentence-transformers/paraphrase-multilingual-MiniLM-L12-v2,False,0.5118606686592102,pooled_empirical_10th_percentile_provisional
synthetic_to_policy,synthetic_sentiment_claim_00316,sentiment_synthetic_sentiment_press_release_ar_chunk_0001,sentiment_synthetic_sentiment_press_release_ar,synthetic,sentiment,5,S5,requires_or_depends_on,"Public confidence depends on trust and transparency, assessment and academic integrity and public policy.","Public confidence depends on trust and transparency, assessment and academic integrity and public policy.",policy_claim_00135,policy_2026_01_20_opening_statement_ruth_kennedy_revenue_commissioner_et_al_office_of_the_revenue_commissioners_en_chunk_0003,policy,8,P8,Revenue 's effectiveness as a tax and customs administration depends on the public's trust and confidence in its fairness and integrity.,Revenue 's effectiveness as a tax and customs administration depends on the public's trust and confidence in its fairness and integrity.,0.7647908926010132,0.6781384348869324,0.3218615651130676,sentence_transformer:sentence-transformers/paraphrase-multilingual-MiniLM-L12-v2,False,0.5118606686592102,pooled_empirical_10th_percentile_provisional
synthetic_to_policy,synthetic_sentiment_claim_00317,sentiment_synthetic_sentiment_press_release_ar_chunk_0001,sentiment_synthetic_sentiment_press_release_ar,synthetic,sentiment,5,S5,enables_or_supports,"In healthcare, AI can assist in diagnosing diseases, analyzing medical images, and developing personalized treatment plans ( Irfan and Murray, c; Manne & Kantheti, ).","In healthcare, AI can assist in diagnosing diseases, analyzing medical images, and developing personalized treatment plans ( Irfan and Murray, c; Manne & Kantheti, ).",policy_claim_02184,policy_developing_policy_and_protocols_for_the_use_of_generative_ai_in_k_12_classrooms_march_2025_chunk_0017,policy,7,P7,"Are there resources you plan to use in order to review AI tools, such as those from Common Sense Medi a or ISTE?","Are there resources you plan to use in order to review AI tools, such as those from Common Sense Medi a or ISTE?",0.7232143878936768,0.7105956077575684,0.28940439224243164,sentence_transformer:sentence-transformers/paraphrase-multilingual-MiniLM-L12-v2,False,0.5118606686592102,pooled_empirical_10th_percentile_provisional
synthetic_to_policy,synthetic_sentiment_claim_00318,sentiment_synthetic_sentiment_press_release_ar_chunk_0001,sentiment_synthetic_sentiment_press_release_ar,synthetic,sentiment,5,S5,enables_or_supports,"In agriculture, AI can optimize resource usage, improve crop yield, and enable precision farming practices (Rozhkova et al., ).","In agriculture, AI can optimize resource usage, improve crop yield, and enable precision farming practices (Rozhkova et al., ).",policy_claim_02625,policy_generative_artificial_intelligence_ai_in_k_12_classrooms_v2_chunk_0005,policy,7,P7,"For example, AI-driven precision analysis can make agriculture more sustainable by improving farming efficiencies, reducing water and fertilizer use.","For example, AI-driven precision analysis can make agriculture more sustainable by improving farming efficiencies, reducing water and fertilizer use.",0.8551698327064514,0.7443318367004395,0.25566816329956055,sentence_transformer:sentence-transformers/paraphrase-multilingual-MiniLM-L12-v2,False,0.5118606686592102,pooled_empirical_10th_percentile_provisional
synthetic_to_policy,synthetic_sentiment_claim_00319,sentiment_synthetic_sentiment_press_release_ar_chunk_0001,sentiment_synthetic_sentiment_press_release_ar,synthetic,sentiment,5,S5,enables_or_supports,"In retail, AI can enhance customer experiences, optimize supply chain management, and enable personalized marketing strategies (Irfan, Murray and Ali f; R.","In retail, AI can enhance customer experiences, optimize supply chain management, and enable personalized marketing strategies (Irfan, Murray and Ali f; R.",policy_claim_00076,policy_2025_12_16_first_interim_report_en_chunk_0022,policy,8,P8,There can and Healthy competition to provide consumers with more ethically run or produced products could be a positive as AI continues to develop.,There can and Healthy competition to provide consumers with more ethically run or produced products could be a positive as AI continues to develop.,0.6611545085906982,0.6532207131385803,0.3467792868614197,sentence_transformer:sentence-transformers/paraphrase-multilingual-MiniLM-L12-v2,False,0.5118606686592102,pooled_empirical_10th_percentile_provisional
synthetic_to_policy,synthetic_sentiment_claim_00320,sentiment_synthetic_sentiment_press_release_ar_chunk_0001,sentiment_synthetic_sentiment_press_release_ar,synthetic,sentiment,5,S5,requires_or_depends_on,"Public confidence depends on artificial intelligence, digital skills and young people.","Public confidence depends on artificial intelligence, digital skills and young people.",policy_claim_01250,policy_ai_in_australian_education_snapshot_principles_policy_and_practice_august_2023_chunk_0029,policy,6,P6,"Earning the public's trust Including developing technical mechanisms ensuring users know when they are interacting with an AI, a commitment to publicly report on AI systems' capabilities, limitations, and appropriate and inappropriate use, the prioritization of research on risks, and a focus on using the technologies to help address society's greatest challenges.","Earning the public's trust Including developing technical mechanisms ensuring users know when they are interacting with an AI, a commitment to publicly report on AI systems' capabilities, limitations, and appropriate and inappropriate use, the prioritization of research on risks, and a focus on using the technologies to help address society's greatest challenges.",0.6606782674789429,0.6423588991165161,0.3576411008834839,sentence_transformer:sentence-transformers/paraphrase-multilingual-MiniLM-L12-v2,False,0.5118606686592102,pooled_empirical_10th_percentile_provisional
synthetic_to_policy,synthetic_sentiment_claim_00321,sentiment_synthetic_sentiment_press_release_ar_chunk_0002,sentiment_synthetic_sentiment_press_release_ar,synthetic,sentiment,6,S6,requires_or_depends_on,"Public confidence depends on negative effects, AI tools and teacher training.","Public confidence depends on negative effects, AI tools and teacher training.",policy_claim_01462,policy_ai_policy_april_2025_v2_chunk_0004,policy,6,P6,"Where AI tools are having a negative impact on pupils' education, they will be picked up through the evaluation cycle and support will be put in place, whether this is to support the teacher to use the platform more effectively, or to remove the tool.","Where AI tools are having a negative impact on pupils' education, they will be picked up through the evaluation cycle and support will be put in place, whether this is to support the teacher to use the platform more effectively, or to remove the tool.",0.7219262719154358,0.7086488604545593,0.2913511395454407,sentence_transformer:sentence-transformers/paraphrase-multilingual-MiniLM-L12-v2,False,0.5118606686592102,pooled_empirical_10th_percentile_provisional
synthetic_to_policy,synthetic_sentiment_claim_00322,sentiment_synthetic_sentiment_press_release_ar_chunk_0002,sentiment_synthetic_sentiment_press_release_ar,synthetic,sentiment,6,S6,requires_or_depends_on,"Public confidence depends on teacher training, public policy and generative AI.","Public confidence depends on teacher training, public policy and generative AI.",policy_claim_00735,policy_ai_competency_framework_for_teachers_chunk_0030,policy,3,P3,This potential of AI to usurp the autonomous decision-making capacity of teachers necessitates a stronger emphasis on teacher agency and on a human-centred mindset that can help ensure that the use of AI serves human capacity development.,This potential of AI to usurp the autonomous decision-making capacity of teachers necessitates a stronger emphasis on teacher agency and on a human-centred mindset that can help ensure that the use of AI serves human capacity development.,0.7178574800491333,0.7078804969787598,0.29211950302124023,sentence_transformer:sentence-transformers/paraphrase-multilingual-MiniLM-L12-v2,False,0.5118606686592102,pooled_empirical_10th_percentile_provisional
synthetic_to_policy,synthetic_sentiment_claim_00323,sentiment_synthetic_sentiment_press_release_ar_chunk_0002,sentiment_synthetic_sentiment_press_release_ar,synthetic,sentiment,6,S6,causes_or_increases,"In contrast, the mean fear score is significantly higher at ., with a mode of , revealing a heightened sense of apprehension.","In contrast, the mean fear score is significantly higher at ., with a mode of , revealing a heightened sense of apprehension.",policy_claim_03346,policy_l_intelligence_artificielle_en_ducation_cadre_d_usage_et_de_confiance_chunk_0014,policy,2,P2,Le flou de l'instruction accroît les risques de voir l'outil insérer des biais dans la réponse générée.,Le flou de l'instruction accroît les risques de voir l'outil insérer des biais dans la réponse générée.,0.568589448928833,0.5128861665725708,0.4871138334274292,sentence_transformer:sentence-transformers/paraphrase-multilingual-MiniLM-L12-v2,False,0.5118606686592102,pooled_empirical_10th_percentile_provisional
synthetic_to_policy,synthetic_sentiment_claim_00324,sentiment_synthetic_sentiment_press_release_ar_chunk_0002,sentiment_synthetic_sentiment_press_release_ar,synthetic,sentiment,6,S6,causes_or_increases,"Chi-Squared tests employed in the correlation analyses indicate that respondents between the ages of - are the most fearful, likely owing to concerns about job security and the impact of AI on their futures.","Chi-Squared tests employed in the correlation analyses indicate that respondents between the ages of - are the most fearful, likely owing to concerns about job security and the impact of AI on their futures.",policy_claim_03253,policy_l_intelligence_artificielle_dans_les_tablissements_scolaires_sur_le_plan_administratif_et_p_dagogique_chunk_0076,policy,2,P2,"2.1.2.2 Des risques réels nécessitant un accompagnement pédagogique fort Si les usages de l'IA sont encore quantitativement et qualitativement limités sur le terrain, c'est aussi parce que l'IA soulève des risques clairement identifiés et expliquant la réticence de certains acteurs, cadres comme enseignants 22 , parents, mais aussi élèves.","2.1.2.2 Des risques réels nécessitant un accompagnement pédagogique fort Si les usages de l'IA sont encore quantitativement et qualitativement limités sur le terrain, c'est aussi parce que l'IA soulève des risques clairement identifiés et expliquant la réticence de certains acteurs, cadres comme enseignants 22 , parents, mais aussi élèves.",0.6315755844116211,0.6193098425865173,0.38069015741348267,sentence_transformer:sentence-transformers/paraphrase-multilingual-MiniLM-L12-v2,False,0.5118606686592102,pooled_empirical_10th_percentile_provisional
synthetic_to_policy,synthetic_sentiment_claim_00325,sentiment_synthetic_sentiment_press_release_ar_chunk_0002,sentiment_synthetic_sentiment_press_release_ar,synthetic,sentiment,6,S6,causes_or_increases,"Most respondents have either a high school or some college level of education, and there is a noticeable increase in fear scores within these educational categories, hinting that educational level might be influencing perceptions about AI.","Most respondents have either a high school or some college level of education, and there is a noticeable increase in fear scores within these educational categories, hinting that educational level might be influencing perceptions about AI.",policy_claim_03253,policy_l_intelligence_artificielle_dans_les_tablissements_scolaires_sur_le_plan_administratif_et_p_dagogique_chunk_0076,policy,2,P2,"2.1.2.2 Des risques réels nécessitant un accompagnement pédagogique fort Si les usages de l'IA sont encore quantitativement et qualitativement limités sur le terrain, c'est aussi parce que l'IA soulève des risques clairement identifiés et expliquant la réticence de certains acteurs, cadres comme enseignants 22 , parents, mais aussi élèves.","2.1.2.2 Des risques réels nécessitant un accompagnement pédagogique fort Si les usages de l'IA sont encore quantitativement et qualitativement limités sur le terrain, c'est aussi parce que l'IA soulève des risques clairement identifiés et expliquant la réticence de certains acteurs, cadres comme enseignants 22 , parents, mais aussi élèves.",0.730128824710846,0.7160243988037109,0.28397560119628906,sentence_transformer:sentence-transformers/paraphrase-multilingual-MiniLM-L12-v2,False,0.5118606686592102,pooled_empirical_10th_percentile_provisional
synthetic_to_policy,synthetic_sentiment_claim_00326,sentiment_synthetic_sentiment_press_release_ar_chunk_0003,sentiment_synthetic_sentiment_press_release_ar,synthetic,sentiment,6,S6,requires_or_depends_on,"Key points to take away include the stark contrast between the average optimism score of Public confidence depends on young people, professional learning and negative effects.","Key points to take away include the stark contrast between the average optimism score of Public confidence depends on young people, professional learning and negative effects.",policy_claim_00194,policy_ahisa_member_survey_report_gen_ai_in_australian_independent_schools_chunk_0033,policy,7,P7,It could also create grading inequities between students and across schools and undermine employer or public confidence in students' achievement.,It could also create grading inequities between students and across schools and undermine employer or public confidence in students' achievement.,0.6014660596847534,0.5824782252311707,0.41752177476882935,sentence_transformer:sentence-transformers/paraphrase-multilingual-MiniLM-L12-v2,False,0.5118606686592102,pooled_empirical_10th_percentile_provisional
synthetic_to_policy,synthetic_sentiment_claim_00327,sentiment_synthetic_sentiment_press_release_ar_chunk_0003,sentiment_synthetic_sentiment_press_release_ar,synthetic,sentiment,6,S6,requires_or_depends_on,"Public confidence depends on teacher training, assessment and academic integrity and classroom practice.","Public confidence depends on teacher training, assessment and academic integrity and classroom practice.",policy_claim_03869,policy_the_new_ai_powered_classroom_implications_for_students_teachers_and_equity_chunk_0045,policy,7,P7,"There is convincing evidence that implies teacher coaching improves instructional practice, student learning, and student achievement when coachers and teachers have defined roles and a relationship of trust 43 .","There is convincing evidence that implies teacher coaching improves instructional practice, student learning, and student achievement when coachers and teachers have defined roles and a relationship of trust 43 .",0.6735399961471558,0.6474888920783997,0.35251110792160034,sentence_transformer:sentence-transformers/paraphrase-multilingual-MiniLM-L12-v2,False,0.5118606686592102,pooled_empirical_10th_percentile_provisional
synthetic_to_policy,synthetic_sentiment_claim_00328,sentiment_synthetic_sentiment_press_release_ar_chunk_0003,sentiment_synthetic_sentiment_press_release_ar,synthetic,sentiment,6,S6,requires_or_depends_on,"Public confidence depends on privacy and data protection, professional learning and student support.","Public confidence depends on privacy and data protection, professional learning and student support.",policy_claim_01542,policy_ai_policy_june_2025_chunk_0009,policy,6,P6,"Privacy and Data Considerations As a Data Controller, the School is legally required under the Data Protection Act 2018 and the General Data Protection Regulation to ensure the security and confidentiality of all personal data it processes.","Privacy and Data Considerations As a Data Controller, the School is legally required under the Data Protection Act 2018 and the General Data Protection Regulation to ensure the security and confidentiality of all personal data it processes.",0.6863734722137451,0.6749703288078308,0.3250296711921692,sentence_transformer:sentence-transformers/paraphrase-multilingual-MiniLM-L12-v2,False,0.5118606686592102,pooled_empirical_10th_percentile_provisional
synthetic_to_policy,synthetic_sentiment_claim_00329,sentiment_synthetic_sentiment_press_release_ar_chunk_0003,sentiment_synthetic_sentiment_press_release_ar,synthetic,sentiment,6,S6,causes_or_increases,"F ollowing the overview of AI and youth policies, what is the agency of young people and the youth sector in contributing to these processes?","F ollowing the overview of AI and youth policies, what is the agency of young people and the youth sector in contributing to these processes?",policy_claim_03568,policy_oco_ai_policy_spotlight_report_chunk_0062,policy,1,P1,"Recommendations and guidance on the digital environment and AI safeguard and promote quality and meaningful youth participation in all AI governance processes, support the democratisation of AI as a complementary approach to all AI governance processes, put respect for human rights at the centre of AI policies and foster cross-sectoral and multi-stakeholder cooperation between AI, educational and youth stakeholders.","Recommendations and guidance on the digital environment and AI safeguard and promote quality and meaningful youth participation in all AI governance processes, support the democratisation of AI as a complementary approach to all AI governance processes, put respect for human rights at the centre of AI policies and foster cross-sectoral and multi-stakeholder cooperation between AI, educational and youth stakeholders.",0.70774906873703,0.6936402916908264,0.3063597083091736,sentence_transformer:sentence-transformers/paraphrase-multilingual-MiniLM-L12-v2,False,0.5118606686592102,pooled_empirical_10th_percentile_provisional
synthetic_to_policy,synthetic_sentiment_claim_00330,sentiment_synthetic_sentiment_press_release_ar_chunk_0004,sentiment_synthetic_sentiment_press_release_ar,synthetic,sentiment,3,S3,requires_or_depends_on,"Public confidence depends on assessment and academic integrity, teaching and learning and trust and transparency.","Public confidence depends on assessment and academic integrity, teaching and learning and trust and transparency.",policy_claim_00135,policy_2026_01_20_opening_statement_ruth_kennedy_revenue_commissioner_et_al_office_of_the_revenue_commissioners_en_chunk_0003,policy,8,P8,Revenue 's effectiveness as a tax and customs administration depends on the public's trust and confidence in its fairness and integrity.,Revenue 's effectiveness as a tax and customs administration depends on the public's trust and confidence in its fairness and integrity.,0.7054585218429565,0.6814875602722168,0.3185124397277832,sentence_transformer:sentence-transformers/paraphrase-multilingual-MiniLM-L12-v2,False,0.5118606686592102,pooled_empirical_10th_percentile_provisional
synthetic_to_policy,synthetic_sentiment_claim_00331,sentiment_synthetic_sentiment_press_release_ar_chunk_0004,sentiment_synthetic_sentiment_press_release_ar,synthetic,sentiment,3,S3,risks_or_threatens,"There is now a doublespeak that exists in education regarding, on the one hand, the cultivation of what are sometimes called 'st century skills', such as critical thinking, problem-solving and creativity, and on the other hand, the embracing of a technology that systematically undermines creativity, problem-solving and independent thought.","There is now a doublespeak that exists in education regarding, on the one hand, the cultivation of what are sometimes called 'st century skills', such as critical thinking, problem-solving and creativity, and on the other hand, the embracing of a technology that systematically undermines creativity, problem-solving and independent thought.",policy_claim_01607,policy_ai_report_us_gov_chunk_0003,policy,7,P7,"Naturally, educators wonder if the rapid advances in technology in everyday lives could help.","Naturally, educators wonder if the rapid advances in technology in everyday lives could help.",0.6025465726852417,0.5984013676643372,0.40159863233566284,sentence_transformer:sentence-transformers/paraphrase-multilingual-MiniLM-L12-v2,False,0.5118606686592102,pooled_empirical_10th_percentile_provisional
synthetic_to_policy,synthetic_sentiment_claim_00332,sentiment_synthetic_sentiment_press_release_ar_chunk_0004,sentiment_synthetic_sentiment_press_release_ar,synthetic,sentiment,3,S3,requires_or_depends_on,"Public confidence depends on AI tools, classroom practice and assessment and academic integrity.","Public confidence depends on AI tools, classroom practice and assessment and academic integrity.",policy_claim_03161,policy_k_12_artificial_intelligence_ai_use_guidelines_chunk_0021,policy,7,P7,"Academic Integrity Students, teachers, staff, administrators, and affiliates will use AI to advance the fundamental values of academic integrity - honesty, trust, fairness, respect, and responsibility.","Academic Integrity Students, teachers, staff, administrators, and affiliates will use AI to advance the fundamental values of academic integrity - honesty, trust, fairness, respect, and responsibility.",0.7524367570877075,0.7409048080444336,0.2590951919555664,sentence_transformer:sentence-transformers/paraphrase-multilingual-MiniLM-L12-v2,False,0.5118606686592102,pooled_empirical_10th_percentile_provisional
synthetic_to_policy,synthetic_sentiment_claim_00333,sentiment_synthetic_sentiment_press_release_as_chunk_0001,sentiment_synthetic_sentiment_press_release_as,synthetic,sentiment,6,S6,requires_or_depends_on,"Public confidence depends on public confidence, fair access and digital skills.","Public confidence depends on public confidence, fair access and digital skills.",policy_claim_00135,policy_2026_01_20_opening_statement_ruth_kennedy_revenue_commissioner_et_al_office_of_the_revenue_commissioners_en_chunk_0003,policy,8,P8,Revenue 's effectiveness as a tax and customs administration depends on the public's trust and confidence in its fairness and integrity.,Revenue 's effectiveness as a tax and customs administration depends on the public's trust and confidence in its fairness and integrity.,0.6690122485160828,0.6306496262550354,0.3693503737449646,sentence_transformer:sentence-transformers/paraphrase-multilingual-MiniLM-L12-v2,False,0.5118606686592102,pooled_empirical_10th_percentile_provisional
synthetic_to_policy,synthetic_sentiment_claim_00334,sentiment_synthetic_sentiment_press_release_as_chunk_0001,sentiment_synthetic_sentiment_press_release_as,synthetic,sentiment,6,S6,requires_or_depends_on,"Public confidence depends on privacy and data protection, responsible use and teacher training.","Public confidence depends on privacy and data protection, responsible use and teacher training.",policy_claim_01542,policy_ai_policy_june_2025_chunk_0009,policy,6,P6,"Privacy and Data Considerations As a Data Controller, the School is legally required under the Data Protection Act 2018 and the General Data Protection Regulation to ensure the security and confidentiality of all personal data it processes.","Privacy and Data Considerations As a Data Controller, the School is legally required under the Data Protection Act 2018 and the General Data Protection Regulation to ensure the security and confidentiality of all personal data it processes.",0.7484257221221924,0.7237958312034607,0.2762041687965393,sentence_transformer:sentence-transformers/paraphrase-multilingual-MiniLM-L12-v2,False,0.5118606686592102,pooled_empirical_10th_percentile_provisional
synthetic_to_policy,synthetic_sentiment_claim_00335,sentiment_synthetic_sentiment_press_release_as_chunk_0001,sentiment_synthetic_sentiment_press_release_as,synthetic,sentiment,6,S6,requires_or_depends_on,"Public confidence depends on privacy and data protection, teaching and learning and public confidence.","Public confidence depends on privacy and data protection, teaching and learning and public confidence.",policy_claim_02003,policy_ai_systems_in_teaching_and_learning_principles_and_practical_exa_chunk_0025,policy,6,P6,"They elaborate by saying, 'Data protection policies should ensure that the collection of data contributes to securing effectiveness and equity in education while protecting students' and teachers' privacy' (p.","They elaborate by saying, 'Data protection policies should ensure that the collection of data contributes to securing effectiveness and equity in education while protecting students' and teachers' privacy' (p.",0.685350775718689,0.6638575196266174,0.33614248037338257,sentence_transformer:sentence-transformers/paraphrase-multilingual-MiniLM-L12-v2,False,0.5118606686592102,pooled_empirical_10th_percentile_provisional
synthetic_to_policy,synthetic_sentiment_claim_00336,sentiment_synthetic_sentiment_press_release_as_chunk_0001,sentiment_synthetic_sentiment_press_release_as,synthetic,sentiment,6,S6,requires_or_depends_on,"Public confidence depends on assessment and academic integrity, digital education and classroom practice.","Public confidence depends on assessment and academic integrity, digital education and classroom practice.",policy_claim_02308,policy_digital_strategy_for_schools_to_2027_chunk_0043,policy,5,P5,Professional digital competence refers to both the ability to use digital technologies and the use of digital technologies to enhance classroom practice.,Professional digital competence refers to both the ability to use digital technologies and the use of digital technologies to enhance classroom practice.,0.656211256980896,0.6536712050437927,0.3463287949562073,sentence_transformer:sentence-transformers/paraphrase-multilingual-MiniLM-L12-v2,False,0.5118606686592102,pooled_empirical_10th_percentile_provisional
synthetic_to_policy,synthetic_sentiment_claim_00337,sentiment_synthetic_sentiment_press_release_as_chunk_0001,sentiment_synthetic_sentiment_press_release_as,synthetic,sentiment,6,S6,risks_or_threatens,"If we are committed to developing creativity, critical thinking, problemsolving and other such lauded competencies, why invite a technology that undermines all of these elements of human intelligence into education?","If we are committed to developing creativity, critical thinking, problemsolving and other such lauded competencies, why invite a technology that undermines all of these elements of human intelligence into education?",policy_claim_01139,policy_ai_guidance_classroom_considerations_chunk_0002,policy,8,P8,"Together, we will create an educational environment where technology supports, but where human control and inquiry lead to boundless learning, and where our children are ready to lead in a world augmented by artificial intelligence.","Together, we will create an educational environment where technology supports, but where human control and inquiry lead to boundless learning, and where our children are ready to lead in a world augmented by artificial intelligence.",0.7180430889129639,0.6896478533744812,0.3103521466255188,sentence_transformer:sentence-transformers/paraphrase-multilingual-MiniLM-L12-v2,False,0.5118606686592102,pooled_empirical_10th_percentile_provisional
synthetic_to_policy,synthetic_sentiment_claim_00338,sentiment_synthetic_sentiment_press_release_as_chunk_0002,sentiment_synthetic_sentiment_press_release_as,synthetic,sentiment,3,S3,requires_or_depends_on,"Public confidence depends on fair access, public policy and assessment and academic integrity.","Public confidence depends on fair access, public policy and assessment and academic integrity.",policy_claim_00135,policy_2026_01_20_opening_statement_ruth_kennedy_revenue_commissioner_et_al_office_of_the_revenue_commissioners_en_chunk_0003,policy,8,P8,Revenue 's effectiveness as a tax and customs administration depends on the public's trust and confidence in its fairness and integrity.,Revenue 's effectiveness as a tax and customs administration depends on the public's trust and confidence in its fairness and integrity.,0.7446908950805664,0.6317050457000732,0.36829495429992676,sentence_transformer:sentence-transformers/paraphrase-multilingual-MiniLM-L12-v2,False,0.5118606686592102,pooled_empirical_10th_percentile_provisional
synthetic_to_policy,synthetic_sentiment_claim_00339,sentiment_synthetic_sentiment_press_release_as_chunk_0002,sentiment_synthetic_sentiment_press_release_as,synthetic,sentiment,3,S3,requires_or_depends_on,"Public confidence depends on AI tools, fair access and young people.","Public confidence depends on AI tools, fair access and young people.",policy_claim_01250,policy_ai_in_australian_education_snapshot_principles_policy_and_practice_august_2023_chunk_0029,policy,6,P6,"Earning the public's trust Including developing technical mechanisms ensuring users know when they are interacting with an AI, a commitment to publicly report on AI systems' capabilities, limitations, and appropriate and inappropriate use, the prioritization of research on risks, and a focus on using the technologies to help address society's greatest challenges.","Earning the public's trust Including developing technical mechanisms ensuring users know when they are interacting with an AI, a commitment to publicly report on AI systems' capabilities, limitations, and appropriate and inappropriate use, the prioritization of research on risks, and a focus on using the technologies to help address society's greatest challenges.",0.780559241771698,0.7279029488563538,0.27209705114364624,sentence_transformer:sentence-transformers/paraphrase-multilingual-MiniLM-L12-v2,False,0.5118606686592102,pooled_empirical_10th_percentile_provisional
synthetic_to_policy,synthetic_sentiment_claim_00340,sentiment_synthetic_sentiment_press_release_as_chunk_0002,sentiment_synthetic_sentiment_press_release_as,synthetic,sentiment,3,S3,requires_or_depends_on,"Public confidence depends on public confidence, classroom practice and AI tools.","Public confidence depends on public confidence, classroom practice and AI tools.",policy_claim_01250,policy_ai_in_australian_education_snapshot_principles_policy_and_practice_august_2023_chunk_0029,policy,6,P6,"Earning the public's trust Including developing technical mechanisms ensuring users know when they are interacting with an AI, a commitment to publicly report on AI systems' capabilities, limitations, and appropriate and inappropriate use, the prioritization of research on risks, and a focus on using the technologies to help address society's greatest challenges.","Earning the public's trust Including developing technical mechanisms ensuring users know when they are interacting with an AI, a commitment to publicly report on AI systems' capabilities, limitations, and appropriate and inappropriate use, the prioritization of research on risks, and a focus on using the technologies to help address society's greatest challenges.",0.7089004516601562,0.6889369487762451,0.3110630512237549,sentence_transformer:sentence-transformers/paraphrase-multilingual-MiniLM-L12-v2,False,0.5118606686592102,pooled_empirical_10th_percentile_provisional
synthetic_to_policy,synthetic_sentiment_claim_00341,sentiment_synthetic_sentiment_press_release_as_chunk_0002,sentiment_synthetic_sentiment_press_release_as,synthetic,sentiment,3,S3,requires_or_depends_on,"Public confidence depends on positive effects, digital skills and generative AI.","Public confidence depends on positive effects, digital skills and generative AI.",policy_claim_01250,policy_ai_in_australian_education_snapshot_principles_policy_and_practice_august_2023_chunk_0029,policy,6,P6,"Earning the public's trust Including developing technical mechanisms ensuring users know when they are interacting with an AI, a commitment to publicly report on AI systems' capabilities, limitations, and appropriate and inappropriate use, the prioritization of research on risks, and a focus on using the technologies to help address society's greatest challenges.","Earning the public's trust Including developing technical mechanisms ensuring users know when they are interacting with an AI, a commitment to publicly report on AI systems' capabilities, limitations, and appropriate and inappropriate use, the prioritization of research on risks, and a focus on using the technologies to help address society's greatest challenges.",0.716117262840271,0.6768460273742676,0.3231539726257324,sentence_transformer:sentence-transformers/paraphrase-multilingual-MiniLM-L12-v2,False,0.5118606686592102,pooled_empirical_10th_percentile_provisional
synthetic_to_policy,synthetic_sentiment_claim_00342,sentiment_synthetic_sentiment_press_release_as_chunk_0002,sentiment_synthetic_sentiment_press_release_as,synthetic,sentiment,3,S3,requires_or_depends_on,"Public confidence depends on public confidence, artificial intelligence and digital education.","Public confidence depends on public confidence, artificial intelligence and digital education.",policy_claim_01250,policy_ai_in_australian_education_snapshot_principles_policy_and_practice_august_2023_chunk_0029,policy,6,P6,"Earning the public's trust Including developing technical mechanisms ensuring users know when they are interacting with an AI, a commitment to publicly report on AI systems' capabilities, limitations, and appropriate and inappropriate use, the prioritization of research on risks, and a focus on using the technologies to help address society's greatest challenges.","Earning the public's trust Including developing technical mechanisms ensuring users know when they are interacting with an AI, a commitment to publicly report on AI systems' capabilities, limitations, and appropriate and inappropriate use, the prioritization of research on risks, and a focus on using the technologies to help address society's greatest challenges.",0.643578290939331,0.632798433303833,0.367201566696167,sentence_transformer:sentence-transformers/paraphrase-multilingual-MiniLM-L12-v2,False,0.5118606686592102,pooled_empirical_10th_percentile_provisional
synthetic_to_policy,synthetic_sentiment_claim_00343,sentiment_synthetic_sentiment_press_release_as_chunk_0002,sentiment_synthetic_sentiment_press_release_as,synthetic,sentiment,3,S3,enables_or_supports,"At the EU level, the main consultative body - the High-level expert group on artificial intelligence (AI HLEG) set up by the European Commission between and aimed to facilitate dialogue with other stakeholders and get input on AI.","At the EU level, the main consultative body - the High-level expert group on artificial intelligence (AI HLEG) set up by the European Commission between and aimed to facilitate dialogue with other stakeholders and get input on AI.",policy_claim_03597,policy_oco_ai_policy_spotlight_report_chunk_0078,policy,1,P1,"The Communication set out a European initiative on AI, which aims to: boost EU technological and industrial capacity and AI uptake across the economy; prepare for socio-economic changes brought about by AI; and ensure an appropriate ethical and legal framework based on EU values and the Charter of Fundamental Rights of the EU.","The Communication set out a European initiative on AI, which aims to: boost EU technological and industrial capacity and AI uptake across the economy; prepare for socio-economic changes brought about by AI; and ensure an appropriate ethical and legal framework based on EU values and the Charter of Fundamental Rights of the EU.",0.6982406377792358,0.6810882687568665,0.31891173124313354,sentence_transformer:sentence-transformers/paraphrase-multilingual-MiniLM-L12-v2,False,0.5118606686592102,pooled_empirical_10th_percentile_provisional
synthetic_to_policy,synthetic_sentiment_claim_00344,sentiment_synthetic_sentiment_press_release_as_chunk_0003,sentiment_synthetic_sentiment_press_release_as,synthetic,sentiment,4,S4,requires_or_depends_on,"Public confidence depends on student support, responsible use and artificial intelligence.","Public confidence depends on student support, responsible use and artificial intelligence.",policy_claim_01808,policy_ai_report_us_gov_chunk_0072,policy,0,P0,"Student feelings of safety, confidence, and trust in the feedback generated by these AI-enabled systems and tools are essential to showcase their learning.","Student feelings of safety, confidence, and trust in the feedback generated by these AI-enabled systems and tools are essential to showcase their learning.",0.6939691305160522,0.6851237416267395,0.3148762583732605,sentence_transformer:sentence-transformers/paraphrase-multilingual-MiniLM-L12-v2,False,0.5118606686592102,pooled_empirical_10th_percentile_provisional
synthetic_to_policy,synthetic_sentiment_claim_00345,sentiment_synthetic_sentiment_press_release_as_chunk_0003,sentiment_synthetic_sentiment_press_release_as,synthetic,sentiment,4,S4,requires_or_depends_on,"Public confidence depends on public policy, human oversight and responsible use.","Public confidence depends on public policy, human oversight and responsible use.",policy_claim_00135,policy_2026_01_20_opening_statement_ruth_kennedy_revenue_commissioner_et_al_office_of_the_revenue_commissioners_en_chunk_0003,policy,8,P8,Revenue 's effectiveness as a tax and customs administration depends on the public's trust and confidence in its fairness and integrity.,Revenue 's effectiveness as a tax and customs administration depends on the public's trust and confidence in its fairness and integrity.,0.7165652513504028,0.6378348469734192,0.3621651530265808,sentence_transformer:sentence-transformers/paraphrase-multilingual-MiniLM-L12-v2,False,0.5118606686592102,pooled_empirical_10th_percentile_provisional
synthetic_to_policy,synthetic_sentiment_claim_00346,sentiment_synthetic_sentiment_press_release_as_chunk_0003,sentiment_synthetic_sentiment_press_release_as,synthetic,sentiment,4,S4,causes_or_increases,"Democratising AI - from a technical field to broad engagement -low youth engagement in formal AI governance processes, where other stakeholders are more active (including academia, private companies or more specialised digital rights organisations), might be because youth stakeholders have a fear of not having sufficient expertise on the topic and avoid participation.","Democratising AI - from a technical field to broad engagement -low youth engagement in formal AI governance processes, where other stakeholders are more active (including academia, private companies or more specialised digital rights organisations), might be because youth stakeholders have a fear of not having sufficient expertise on the topic and avoid participation.",policy_claim_03509,policy_oco_ai_policy_spotlight_report_chunk_0026,policy,1,P1,"Research in Sweden notes that most institutions and organisations lack the policy capacity to manage the child-centric requirements when it comes to AI because such policies are developed in siloes, directed within sectoral boundaries, as opposed to being guided by a unified, institution-wide policy.","Research in Sweden notes that most institutions and organisations lack the policy capacity to manage the child-centric requirements when it comes to AI because such policies are developed in siloes, directed within sectoral boundaries, as opposed to being guided by a unified, institution-wide policy.",0.7470884323120117,0.7236771583557129,0.2763228416442871,sentence_transformer:sentence-transformers/paraphrase-multilingual-MiniLM-L12-v2,False,0.5118606686592102,pooled_empirical_10th_percentile_provisional
synthetic_to_policy,synthetic_sentiment_claim_00347,sentiment_synthetic_sentiment_press_release_as_chunk_0003,sentiment_synthetic_sentiment_press_release_as,synthetic,sentiment,4,S4,enables_or_supports,"Nevertheless, it is important to acknowledge that these processes have not allowed sufficient time for wider audiences to join the debate and make meaningful contributions.","Nevertheless, it is important to acknowledge that these processes have not allowed sufficient time for wider audiences to join the debate and make meaningful contributions.",policy_claim_03265,policy_l_intelligence_artificielle_dans_les_tablissements_scolaires_sur_le_plan_administratif_et_p_dagogique_chunk_0087,policy,2,P2,"Sur le terrain, de nombreux acteurs ne portent pas une attention suffisamment avancée sur la donnée alors que l'IA générative renforce le besoin d'un regard critique sur ces enjeux.","Sur le terrain, de nombreux acteurs ne portent pas une attention suffisamment avancée sur la donnée alors que l'IA générative renforce le besoin d'un regard critique sur ces enjeux.",0.5884799361228943,0.5747514367103577,0.42524856328964233,sentence_transformer:sentence-transformers/paraphrase-multilingual-MiniLM-L12-v2,False,0.5118606686592102,pooled_empirical_10th_percentile_provisional
synthetic_to_policy,synthetic_sentiment_claim_00348,sentiment_synthetic_sentiment_press_release_as_chunk_0003,sentiment_synthetic_sentiment_press_release_as,synthetic,sentiment,4,S4,causes_or_increases,"Future initiatives require increased efforts, because any law or regulation adopted at the international level will ultimately have to be implemented at the national and local levels.","Future initiatives require increased efforts, because any law or regulation adopted at the international level will ultimately have to be implemented at the national and local levels.",policy_claim_02532,policy_generative_ai_in_the_australian_education_system_an_open_data_set_of_stakeholder_recommendations_and_emerging_analysis_from_a_public_inquiry_chunk_0003,policy,8,P8,"Responding to this increased attention, policymakers and regulators internationally have sought to directly address the tools.","Responding to this increased attention, policymakers and regulators internationally have sought to directly address the tools.",0.6441652774810791,0.6379423141479492,0.3620576858520508,sentence_transformer:sentence-transformers/paraphrase-multilingual-MiniLM-L12-v2,False,0.5118606686592102,pooled_empirical_10th_percentile_provisional
synthetic_to_policy,synthetic_sentiment_claim_00349,sentiment_synthetic_sentiment_press_release_as_chunk_0003,sentiment_synthetic_sentiment_press_release_as,synthetic,sentiment,4,S4,requires_or_depends_on,"Public confidence depends on digital skills, artificial intelligence and positive effects.","Public confidence depends on digital skills, artificial intelligence and positive effects.",policy_claim_01250,policy_ai_in_australian_education_snapshot_principles_policy_and_practice_august_2023_chunk_0029,policy,6,P6,"Earning the public's trust Including developing technical mechanisms ensuring users know when they are interacting with an AI, a commitment to publicly report on AI systems' capabilities, limitations, and appropriate and inappropriate use, the prioritization of research on risks, and a focus on using the technologies to help address society's greatest challenges.","Earning the public's trust Including developing technical mechanisms ensuring users know when they are interacting with an AI, a commitment to publicly report on AI systems' capabilities, limitations, and appropriate and inappropriate use, the prioritization of research on risks, and a focus on using the technologies to help address society's greatest challenges.",0.6611109375953674,0.6519430875778198,0.3480569124221802,sentence_transformer:sentence-transformers/paraphrase-multilingual-MiniLM-L12-v2,False,0.5118606686592102,pooled_empirical_10th_percentile_provisional
synthetic_to_policy,synthetic_sentiment_claim_00350,sentiment_synthetic_sentiment_press_release_as_chunk_0004,sentiment_synthetic_sentiment_press_release_as,synthetic,sentiment,3,S3,requires_or_depends_on,"Public confidence depends on classroom practice, responsible use and digital skills.","Public confidence depends on classroom practice, responsible use and digital skills.",policy_claim_02308,policy_digital_strategy_for_schools_to_2027_chunk_0043,policy,5,P5,Professional digital competence refers to both the ability to use digital technologies and the use of digital technologies to enhance classroom practice.,Professional digital competence refers to both the ability to use digital technologies and the use of digital technologies to enhance classroom practice.,0.7144109010696411,0.7041276097297668,0.29587239027023315,sentence_transformer:sentence-transformers/paraphrase-multilingual-MiniLM-L12-v2,False,0.5118606686592102,pooled_empirical_10th_percentile_provisional
synthetic_to_policy,synthetic_sentiment_claim_00351,sentiment_synthetic_sentiment_press_release_at_chunk_0001,sentiment_synthetic_sentiment_press_release_at,synthetic,sentiment,6,S6,requires_or_depends_on,"Numbers/percentages of teachers who agreed that AI tools can help teachers with the following activities Public confidence depends on AI literacy, trust and transparency and professional learning.","Numbers/percentages of teachers who agreed that AI tools can help teachers with the following activities Public confidence depends on AI literacy, trust and transparency and professional learning.",policy_claim_03746,policy_policy_title_artificial_intelligence_ai_usage_policy_for_staff_teachers_and_students_chunk_0007,policy,6,P6,"Teachers using AI tools should be mindful of technical aspects, including secure login, responsible account creation, and appropriate sharing of information generated by AI.","Teachers using AI tools should be mindful of technical aspects, including secure login, responsible account creation, and appropriate sharing of information generated by AI.",0.7839465737342834,0.7725698947906494,0.22743010520935059,sentence_transformer:sentence-transformers/paraphrase-multilingual-MiniLM-L12-v2,False,0.5118606686592102,pooled_empirical_10th_percentile_provisional
synthetic_to_policy,synthetic_sentiment_claim_00352,sentiment_synthetic_sentiment_press_release_at_chunk_0001,sentiment_synthetic_sentiment_press_release_at,synthetic,sentiment,6,S6,requires_or_depends_on,"Public confidence depends on teacher training, public policy and AI tools.","Public confidence depends on teacher training, public policy and AI tools.",policy_claim_02616,policy_generative_artificial_intelligence_ai_in_k_12_classrooms_v2_chunk_0004,policy,7,P7,"Given this influx, it is vital that schools and districts plan proactively in developing policies and guidance related to the use of AI in classrooms to ensure that policies are clear, attentive to the current moment, mindful of student data privacy and equity centered.","Given this influx, it is vital that schools and districts plan proactively in developing policies and guidance related to the use of AI in classrooms to ensure that policies are clear, attentive to the current moment, mindful of student data privacy and equity centered.",0.6972508430480957,0.6956984400749207,0.30430155992507935,sentence_transformer:sentence-transformers/paraphrase-multilingual-MiniLM-L12-v2,False,0.5118606686592102,pooled_empirical_10th_percentile_provisional
synthetic_to_policy,synthetic_sentiment_claim_00353,sentiment_synthetic_sentiment_press_release_at_chunk_0001,sentiment_synthetic_sentiment_press_release_at,synthetic,sentiment,6,S6,causes_or_increases,"In contrast, the mean fear score is significantly higher at ., with a mode of , revealing a heightened sense of apprehension.","In contrast, the mean fear score is significantly higher at ., with a mode of , revealing a heightened sense of apprehension.",policy_claim_03346,policy_l_intelligence_artificielle_en_ducation_cadre_d_usage_et_de_confiance_chunk_0014,policy,2,P2,Le flou de l'instruction accroît les risques de voir l'outil insérer des biais dans la réponse générée.,Le flou de l'instruction accroît les risques de voir l'outil insérer des biais dans la réponse générée.,0.568589448928833,0.5128861665725708,0.4871138334274292,sentence_transformer:sentence-transformers/paraphrase-multilingual-MiniLM-L12-v2,False,0.5118606686592102,pooled_empirical_10th_percentile_provisional
synthetic_to_policy,synthetic_sentiment_claim_00354,sentiment_synthetic_sentiment_press_release_at_chunk_0002,sentiment_synthetic_sentiment_press_release_at,synthetic,sentiment,6,S6,causes_or_increases,"Chi-Squared tests employed in the correlation analyses indicate that respondents between the ages of - are the most fearful, likely owing to concerns about job security and the impact of AI on their futures.","Chi-Squared tests employed in the correlation analyses indicate that respondents between the ages of - are the most fearful, likely owing to concerns about job security and the impact of AI on their futures.",policy_claim_03253,policy_l_intelligence_artificielle_dans_les_tablissements_scolaires_sur_le_plan_administratif_et_p_dagogique_chunk_0076,policy,2,P2,"2.1.2.2 Des risques réels nécessitant un accompagnement pédagogique fort Si les usages de l'IA sont encore quantitativement et qualitativement limités sur le terrain, c'est aussi parce que l'IA soulève des risques clairement identifiés et expliquant la réticence de certains acteurs, cadres comme enseignants 22 , parents, mais aussi élèves.","2.1.2.2 Des risques réels nécessitant un accompagnement pédagogique fort Si les usages de l'IA sont encore quantitativement et qualitativement limités sur le terrain, c'est aussi parce que l'IA soulève des risques clairement identifiés et expliquant la réticence de certains acteurs, cadres comme enseignants 22 , parents, mais aussi élèves.",0.6315755844116211,0.6193098425865173,0.38069015741348267,sentence_transformer:sentence-transformers/paraphrase-multilingual-MiniLM-L12-v2,False,0.5118606686592102,pooled_empirical_10th_percentile_provisional
synthetic_to_policy,synthetic_sentiment_claim_00355,sentiment_synthetic_sentiment_press_release_at_chunk_0002,sentiment_synthetic_sentiment_press_release_at,synthetic,sentiment,6,S6,causes_or_increases,"Most respondents have either a high school or some college level of education, and there is a noticeable increase in fear scores within these educational categories, hinting that educational level might be influencing perceptions about AI.","Most respondents have either a high school or some college level of education, and there is a noticeable increase in fear scores within these educational categories, hinting that educational level might be influencing perceptions about AI.",policy_claim_03253,policy_l_intelligence_artificielle_dans_les_tablissements_scolaires_sur_le_plan_administratif_et_p_dagogique_chunk_0076,policy,2,P2,"2.1.2.2 Des risques réels nécessitant un accompagnement pédagogique fort Si les usages de l'IA sont encore quantitativement et qualitativement limités sur le terrain, c'est aussi parce que l'IA soulève des risques clairement identifiés et expliquant la réticence de certains acteurs, cadres comme enseignants 22 , parents, mais aussi élèves.","2.1.2.2 Des risques réels nécessitant un accompagnement pédagogique fort Si les usages de l'IA sont encore quantitativement et qualitativement limités sur le terrain, c'est aussi parce que l'IA soulève des risques clairement identifiés et expliquant la réticence de certains acteurs, cadres comme enseignants 22 , parents, mais aussi élèves.",0.730128824710846,0.7160242199897766,0.2839757800102234,sentence_transformer:sentence-transformers/paraphrase-multilingual-MiniLM-L12-v2,False,0.5118606686592102,pooled_empirical_10th_percentile_provisional
synthetic_to_policy,synthetic_sentiment_claim_00356,sentiment_synthetic_sentiment_press_release_at_chunk_0002,sentiment_synthetic_sentiment_press_release_at,synthetic,sentiment,6,S6,requires_or_depends_on,"Key points to take away include the stark contrast between the average optimism score of Public confidence depends on fair access, teaching and learning and positive effects.","Key points to take away include the stark contrast between the average optimism score of Public confidence depends on fair access, teaching and learning and positive effects.",policy_claim_01982,policy_ai_systems_in_teaching_and_learning_principles_and_practical_exa_chunk_0016,policy,6,P6,"This distinction underscores the importance of balancing potential harm to wellbeing with overall benefits; for example, a minor impact on wellbeing might be considered acceptable if it leads to significant advancements in other teaching and learning outcomes.","This distinction underscores the importance of balancing potential harm to wellbeing with overall benefits; for example, a minor impact on wellbeing might be considered acceptable if it leads to significant advancements in other teaching and learning outcomes.",0.5808811187744141,0.566719651222229,0.433280348777771,sentence_transformer:sentence-transformers/paraphrase-multilingual-MiniLM-L12-v2,False,0.5118606686592102,pooled_empirical_10th_percentile_provisional
synthetic_to_policy,synthetic_sentiment_claim_00357,sentiment_synthetic_sentiment_press_release_at_chunk_0002,sentiment_synthetic_sentiment_press_release_at,synthetic,sentiment,6,S6,requires_or_depends_on,"Public confidence depends on fair access, public policy and trust and transparency.","Public confidence depends on fair access, public policy and trust and transparency.",policy_claim_00135,policy_2026_01_20_opening_statement_ruth_kennedy_revenue_commissioner_et_al_office_of_the_revenue_commissioners_en_chunk_0003,policy,8,P8,Revenue 's effectiveness as a tax and customs administration depends on the public's trust and confidence in its fairness and integrity.,Revenue 's effectiveness as a tax and customs administration depends on the public's trust and confidence in its fairness and integrity.,0.7595227956771851,0.6602088809013367,0.33979111909866333,sentence_transformer:sentence-transformers/paraphrase-multilingual-MiniLM-L12-v2,False,0.5118606686592102,pooled_empirical_10th_percentile_provisional
synthetic_to_policy,synthetic_sentiment_claim_00358,sentiment_synthetic_sentiment_press_release_at_chunk_0002,sentiment_synthetic_sentiment_press_release_at,synthetic,sentiment,6,S6,requires_or_depends_on,"Public confidence depends on negative effects, fair access and digital education.","Public confidence depends on negative effects, fair access and digital education.",policy_claim_02305,policy_digital_strategy_for_schools_to_2027_chunk_0043,policy,5,P5,"The benefits of peer to peer learning were expressed throughout the consultation process, particularly in the focus groups and the While there are substantial resources available to teachers and school leaders on how to embed digital technologies in teaching and learning practices, stakeholder feedback indicates a significant lack of awareness of the available supports throughout the system.","The benefits of peer to peer learning were expressed throughout the consultation process, particularly in the focus groups and the While there are substantial resources available to teachers and school leaders on how to embed digital technologies in teaching and learning practices, stakeholder feedback indicates a significant lack of awareness of the available supports throughout the system.",0.6067750453948975,0.6034303307533264,0.3965696692466736,sentence_transformer:sentence-transformers/paraphrase-multilingual-MiniLM-L12-v2,False,0.5118606686592102,pooled_empirical_10th_percentile_provisional
synthetic_to_policy,synthetic_sentiment_claim_00359,sentiment_synthetic_sentiment_press_release_at_chunk_0003,sentiment_synthetic_sentiment_press_release_at,synthetic,sentiment,3,S3,causes_or_increases,"As debates about AI governance have intensified during the past years, even before the major international human rights organisations started working on it, many companies developing AI technologies recognised the importance of engaging wider social groups in their design process.","As debates about AI governance have intensified during the past years, even before the major international human rights organisations started working on it, many companies developing AI technologies recognised the importance of engaging wider social groups in their design process.",policy_claim_00593,policy_ai_competency_framework_for_students_chunk_0087,policy,3,P3,"Develop their sense of belonging to the larger AI community, and encourage them to critically analyse the long- term impacts of AI systems on social relations and individual behaviours by drawing on real experiences of designing and building AI systems.","Develop their sense of belonging to the larger AI community, and encourage them to critically analyse the long- term impacts of AI systems on social relations and individual behaviours by drawing on real experiences of designing and building AI systems.",0.7843865156173706,0.7794243693351746,0.22057563066482544,sentence_transformer:sentence-transformers/paraphrase-multilingual-MiniLM-L12-v2,False,0.5118606686592102,pooled_empirical_10th_percentile_provisional
synthetic_to_policy,synthetic_sentiment_claim_00360,sentiment_synthetic_sentiment_press_release_at_chunk_0003,sentiment_synthetic_sentiment_press_release_at,synthetic,sentiment,3,S3,enables_or_supports,"This brief analysis does not allow for an in-depth understanding of how advanced the practices are (for example to what extent all technology companies set up such structures, who is part of them, what is the selection procedure of such boards, or even what their role is).","This brief analysis does not allow for an in-depth understanding of how advanced the practices are (for example to what extent all technology companies set up such structures, who is part of them, what is the selection procedure of such boards, or even what their role is).",policy_claim_03235,policy_l_intelligence_artificielle_dans_les_tablissements_scolaires_sur_le_plan_administratif_et_p_dagogique_chunk_0057,policy,2,P2,"Au vu des usages observés sur le terrain et des limites constatés, il apparait que jamais le besoin d'un regard expert sur les contenus scientifiques, les choix didactiques et pédagogiques n'a été autant nécessaire.","Au vu des usages observés sur le terrain et des limites constatés, il apparait que jamais le besoin d'un regard expert sur les contenus scientifiques, les choix didactiques et pédagogiques n'a été autant nécessaire.",0.5438461303710938,0.5359227061271667,0.46407729387283325,sentence_transformer:sentence-transformers/paraphrase-multilingual-MiniLM-L12-v2,False,0.5118606686592102,pooled_empirical_10th_percentile_provisional
synthetic_to_policy,synthetic_sentiment_claim_00361,sentiment_synthetic_sentiment_press_release_at_chunk_0003,sentiment_synthetic_sentiment_press_release_at,synthetic,sentiment,3,S3,enables_or_supports,"IBM also mentions AI Ethics Board 'as a central, cross-disciplinary body to support a culture of ethical, responsible, and trustworthy AI throughout IBM'.","IBM also mentions AI Ethics Board 'as a central, cross-disciplinary body to support a culture of ethical, responsible, and trustworthy AI throughout IBM'.",policy_claim_00832,policy_ai_competency_framework_for_teachers_chunk_0053,policy,3,P3,"Champion the ethics of AI through critical advocacy and empathy, leading discussions and actions that address ethical, sociocultural and environmental concerns from design to the use of AI and contribute to the co-creation of ethical standards for AI practices in education.","Champion the ethics of AI through critical advocacy and empathy, leading discussions and actions that address ethical, sociocultural and environmental concerns from design to the use of AI and contribute to the co-creation of ethical standards for AI practices in education.",0.7747989892959595,0.7342181205749512,0.26578187942504883,sentence_transformer:sentence-transformers/paraphrase-multilingual-MiniLM-L12-v2,False,0.5118606686592102,pooled_empirical_10th_percentile_provisional
synthetic_to_policy,synthetic_sentiment_claim_00362,sentiment_synthetic_sentiment_press_release_at_chunk_0003,sentiment_synthetic_sentiment_press_release_at,synthetic,sentiment,3,S3,enables_or_supports,"Even if data do not allow for a precise identification of all the organisations or target groups involved, at first sight, these initiatives seem dominated by representatives of academia, think tanks and other specialists with specific backgrounds in technology or law.","Even if data do not allow for a precise identification of all the organisations or target groups involved, at first sight, these initiatives seem dominated by representatives of academia, think tanks and other specialists with specific backgrounds in technology or law.",policy_claim_02590,policy_generative_ai_in_the_australian_education_system_an_open_data_set_of_stakeholder_recommendations_and_emerging_analysis_from_a_public_inquiry_chunk_0050,policy,8,P8,"Nevertheless, it is significant that across stakeholders there were themes regarding resourcing, calls for evidence generation and calls for stakeholder-engaged capacity-building through the sharing of evidence and practices.","Nevertheless, it is significant that across stakeholders there were themes regarding resourcing, calls for evidence generation and calls for stakeholder-engaged capacity-building through the sharing of evidence and practices.",0.5853415131568909,0.5773245692253113,0.4226754307746887,sentence_transformer:sentence-transformers/paraphrase-multilingual-MiniLM-L12-v2,False,0.5118606686592102,pooled_empirical_10th_percentile_provisional
synthetic_to_policy,synthetic_sentiment_claim_00363,sentiment_synthetic_sentiment_press_release_at_chunk_0003,sentiment_synthetic_sentiment_press_release_at,synthetic,sentiment,3,S3,requires_or_depends_on,"Public confidence depends on artificial intelligence, public confidence and young people.","Public confidence depends on artificial intelligence, public confidence and young people.",policy_claim_01250,policy_ai_in_australian_education_snapshot_principles_policy_and_practice_august_2023_chunk_0029,policy,6,P6,"Earning the public's trust Including developing technical mechanisms ensuring users know when they are interacting with an AI, a commitment to publicly report on AI systems' capabilities, limitations, and appropriate and inappropriate use, the prioritization of research on risks, and a focus on using the technologies to help address society's greatest challenges.","Earning the public's trust Including developing technical mechanisms ensuring users know when they are interacting with an AI, a commitment to publicly report on AI systems' capabilities, limitations, and appropriate and inappropriate use, the prioritization of research on risks, and a focus on using the technologies to help address society's greatest challenges.",0.6570056676864624,0.6294037103652954,0.3705962896347046,sentence_transformer:sentence-transformers/paraphrase-multilingual-MiniLM-L12-v2,False,0.5118606686592102,pooled_empirical_10th_percentile_provisional
synthetic_to_policy,synthetic_sentiment_claim_00364,sentiment_synthetic_sentiment_press_release_at_chunk_0004,sentiment_synthetic_sentiment_press_release_at,synthetic,sentiment,6,S6,requires_or_depends_on,"Public confidence depends on public confidence, student support and classroom practice.","Public confidence depends on public confidence, student support and classroom practice.",policy_claim_01871,policy_ai_report_us_gov_chunk_0094,policy,7,P7,"More transparency and authentic dialogue can foster trust, which was mentioned by a researcher as a chief concern for all teachers and students.","More transparency and authentic dialogue can foster trust, which was mentioned by a researcher as a chief concern for all teachers and students.",0.6205717921257019,0.6036367416381836,0.3963632583618164,sentence_transformer:sentence-transformers/paraphrase-multilingual-MiniLM-L12-v2,False,0.5118606686592102,pooled_empirical_10th_percentile_provisional
synthetic_to_policy,synthetic_sentiment_claim_00365,sentiment_synthetic_sentiment_press_release_at_chunk_0004,sentiment_synthetic_sentiment_press_release_at,synthetic,sentiment,6,S6,requires_or_depends_on,"Public confidence depends on young people, AI tools and student support.","Public confidence depends on young people, AI tools and student support.",policy_claim_01250,policy_ai_in_australian_education_snapshot_principles_policy_and_practice_august_2023_chunk_0029,policy,6,P6,"Earning the public's trust Including developing technical mechanisms ensuring users know when they are interacting with an AI, a commitment to publicly report on AI systems' capabilities, limitations, and appropriate and inappropriate use, the prioritization of research on risks, and a focus on using the technologies to help address society's greatest challenges.","Earning the public's trust Including developing technical mechanisms ensuring users know when they are interacting with an AI, a commitment to publicly report on AI systems' capabilities, limitations, and appropriate and inappropriate use, the prioritization of research on risks, and a focus on using the technologies to help address society's greatest challenges.",0.6917605400085449,0.679936408996582,0.32006359100341797,sentence_transformer:sentence-transformers/paraphrase-multilingual-MiniLM-L12-v2,False,0.5118606686592102,pooled_empirical_10th_percentile_provisional
synthetic_to_policy,synthetic_sentiment_claim_00366,sentiment_synthetic_sentiment_press_release_at_chunk_0004,sentiment_synthetic_sentiment_press_release_at,synthetic,sentiment,6,S6,enables_or_supports,"In subjects concerned with computer programming, for example, GenAI can help students articulate and solve coding problems.","In subjects concerned with computer programming, for example, GenAI can help students articulate and solve coding problems.",policy_claim_02865,policy_guidance_on_artificial_intelligence_in_schools_2025_chunk_0026,policy,5,P5,The teacher u ti lises GenAI to produce model conversations at varying levels of complexity as well as sentence starters and vocabulary lists.,The teacher u ti lises GenAI to produce model conversations at varying levels of complexity as well as sentence starters and vocabulary lists.,0.6914893388748169,0.6808189749717712,0.31918102502822876,sentence_transformer:sentence-transformers/paraphrase-multilingual-MiniLM-L12-v2,False,0.5118606686592102,pooled_empirical_10th_percentile_provisional
synthetic_to_policy,synthetic_sentiment_claim_00367,sentiment_synthetic_sentiment_press_release_at_chunk_0004,sentiment_synthetic_sentiment_press_release_at,synthetic,sentiment,6,S6,requires_or_depends_on,"However, in order to be able to do so, it is essential that students develop certain competences: Public confidence depends on positive effects, professional learning and digital skills.","However, in order to be able to do so, it is essential that students develop certain competences: Public confidence depends on positive effects, professional learning and digital skills.",policy_claim_02312,policy_digital_strategy_for_schools_to_2027_chunk_0044,policy,5,P5,"This will include enhancing the skills development of teachers and school leaders to ensure a digitally competent and confident education system, which will in turn foster the development of digital skills, knowledge and understanding in our student population as provided for in the curriculum.","This will include enhancing the skills development of teachers and school leaders to ensure a digitally competent and confident education system, which will in turn foster the development of digital skills, knowledge and understanding in our student population as provided for in the curriculum.",0.7096189856529236,0.6883189082145691,0.3116810917854309,sentence_transformer:sentence-transformers/paraphrase-multilingual-MiniLM-L12-v2,False,0.5118606686592102,pooled_empirical_10th_percentile_provisional
synthetic_to_policy,synthetic_sentiment_claim_00368,sentiment_synthetic_sentiment_press_release_au_chunk_0001,sentiment_synthetic_sentiment_press_release_au,synthetic,sentiment,5,S5,requires_or_depends_on,"Public confidence depends on public policy, negative effects and teaching and learning.","Public confidence depends on public policy, negative effects and teaching and learning.",policy_claim_00194,policy_ahisa_member_survey_report_gen_ai_in_australian_independent_schools_chunk_0033,policy,7,P7,It could also create grading inequities between students and across schools and undermine employer or public confidence in students' achievement.,It could also create grading inequities between students and across schools and undermine employer or public confidence in students' achievement.,0.5860471129417419,0.5770761370658875,0.42292386293411255,sentence_transformer:sentence-transformers/paraphrase-multilingual-MiniLM-L12-v2,False,0.5118606686592102,pooled_empirical_10th_percentile_provisional
synthetic_to_policy,synthetic_sentiment_claim_00369,sentiment_synthetic_sentiment_press_release_au_chunk_0001,sentiment_synthetic_sentiment_press_release_au,synthetic,sentiment,5,S5,requires_or_depends_on,"Public confidence depends on privacy and data protection, teaching and learning and generative AI.","Public confidence depends on privacy and data protection, teaching and learning and generative AI.",policy_claim_02710,policy_generative_artificial_intelligence_guidelines_chunk_0004,policy,6,P6,"Privacy and security When interacting with generative AI tools, it is essential to be aware of the potential privacy risks associated with the storage and analysis of conversations and personal data, to ensure compliance with the Information Privacy Principles as set out in the Information Act 2002 .","Privacy and security When interacting with generative AI tools, it is essential to be aware of the potential privacy risks associated with the storage and analysis of conversations and personal data, to ensure compliance with the Information Privacy Principles as set out in the Information Act 2002 .",0.7465497255325317,0.7408486008644104,0.2591513991355896,sentence_transformer:sentence-transformers/paraphrase-multilingual-MiniLM-L12-v2,False,0.5118606686592102,pooled_empirical_10th_percentile_provisional
synthetic_to_policy,synthetic_sentiment_claim_00370,sentiment_synthetic_sentiment_press_release_au_chunk_0001,sentiment_synthetic_sentiment_press_release_au,synthetic,sentiment,5,S5,causes_or_increases,Some staff say they refuse to engage with GenAI because of moral considerations and emerging evidence of negative social and education impacts of GenAI as well as environmental risks or academic integrity concerns.,Some staff say they refuse to engage with GenAI because of moral considerations and emerging evidence of negative social and education impacts of GenAI as well as environmental risks or academic integrity concerns.,policy_claim_02834,policy_guidance_on_artificial_intelligence_in_schools_2025_chunk_0014,policy,6,P6,"At the same time, GenAI also raises multiple immediate concerns related to issues such as safety, data privacy, copyright, and manipulation.","At the same time, GenAI also raises multiple immediate concerns related to issues such as safety, data privacy, copyright, and manipulation.",0.6687412858009338,0.649398148059845,0.35060185194015503,sentence_transformer:sentence-transformers/paraphrase-multilingual-MiniLM-L12-v2,False,0.5118606686592102,pooled_empirical_10th_percentile_provisional
synthetic_to_policy,synthetic_sentiment_claim_00371,sentiment_synthetic_sentiment_press_release_au_chunk_0001,sentiment_synthetic_sentiment_press_release_au,synthetic,sentiment,5,S5,requires_or_depends_on,"Public confidence depends on classroom practice, generative AI and AI literacy.","Public confidence depends on classroom practice, generative AI and AI literacy.",policy_claim_03862,policy_the_new_ai_powered_classroom_implications_for_students_teachers_and_equity_chunk_0044,policy,7,P7,"(2) The state encourages professional development on how AI works, its benefits and limits, ethical use, bias in AI, and classroom applications (2) AI reveals the current digital gap and AI gap in use, so it is a school's responsibility to teach AI literacy.","(2) The state encourages professional development on how AI works, its benefits and limits, ethical use, bias in AI, and classroom applications (2) AI reveals the current digital gap and AI gap in use, so it is a school's responsibility to teach AI literacy.",0.7609642148017883,0.7540244460105896,0.2459755539894104,sentence_transformer:sentence-transformers/paraphrase-multilingual-MiniLM-L12-v2,False,0.5118606686592102,pooled_empirical_10th_percentile_provisional
synthetic_to_policy,synthetic_sentiment_claim_00372,sentiment_synthetic_sentiment_press_release_au_chunk_0001,sentiment_synthetic_sentiment_press_release_au,synthetic,sentiment,5,S5,requires_or_depends_on,"Public confidence depends on student support, fair access and AI literacy.","Public confidence depends on student support, fair access and AI literacy.",policy_claim_01250,policy_ai_in_australian_education_snapshot_principles_policy_and_practice_august_2023_chunk_0029,policy,6,P6,"Earning the public's trust Including developing technical mechanisms ensuring users know when they are interacting with an AI, a commitment to publicly report on AI systems' capabilities, limitations, and appropriate and inappropriate use, the prioritization of research on risks, and a focus on using the technologies to help address society's greatest challenges.","Earning the public's trust Including developing technical mechanisms ensuring users know when they are interacting with an AI, a commitment to publicly report on AI systems' capabilities, limitations, and appropriate and inappropriate use, the prioritization of research on risks, and a focus on using the technologies to help address society's greatest challenges.",0.7128989696502686,0.7093457579612732,0.2906542420387268,sentence_transformer:sentence-transformers/paraphrase-multilingual-MiniLM-L12-v2,False,0.5118606686592102,pooled_empirical_10th_percentile_provisional
synthetic_to_policy,synthetic_sentiment_claim_00373,sentiment_synthetic_sentiment_press_release_au_chunk_0002,sentiment_synthetic_sentiment_press_release_au,synthetic,sentiment,1,S1,requires_or_depends_on,"Public confidence depends on digital education, student support and digital skills.","Public confidence depends on digital education, student support and digital skills.",policy_claim_02308,policy_digital_strategy_for_schools_to_2027_chunk_0043,policy,5,P5,Professional digital competence refers to both the ability to use digital technologies and the use of digital technologies to enhance classroom practice.,Professional digital competence refers to both the ability to use digital technologies and the use of digital technologies to enhance classroom practice.,0.7280979156494141,0.7169578671455383,0.28304213285446167,sentence_transformer:sentence-transformers/paraphrase-multilingual-MiniLM-L12-v2,False,0.5118606686592102,pooled_empirical_10th_percentile_provisional
synthetic_to_policy,synthetic_sentiment_claim_00374,sentiment_synthetic_sentiment_press_release_au_chunk_0002,sentiment_synthetic_sentiment_press_release_au,synthetic,sentiment,1,S1,causes_or_increases,"A major concern was that over-reliance on GenAI could lead to a decline in independent thinking and creativity, with students defaulting to AI for quick solutions, task completion and production of outputs, rather than engaging in an active process of inquiry as the basis for learning and competence development.","A major concern was that over-reliance on GenAI could lead to a decline in independent thinking and creativity, with students defaulting to AI for quick solutions, task completion and production of outputs, rather than engaging in an active process of inquiry as the basis for learning and competence development.",policy_claim_00387,policy_ai_cognitive_offloading_and_implications_for_education_chunk_0058,policy,4,P4,"The findings suggest that the convenience of AI can undermine learners' engagement in essential self-regulatory processes, such as planning, monitoring, and revision.","The findings suggest that the convenience of AI can undermine learners' engagement in essential self-regulatory processes, such as planning, monitoring, and revision.",0.786469578742981,0.7735457420349121,0.2264542579650879,sentence_transformer:sentence-transformers/paraphrase-multilingual-MiniLM-L12-v2,False,0.5118606686592102,pooled_empirical_10th_percentile_provisional
synthetic_to_policy,synthetic_sentiment_claim_00375,sentiment_synthetic_sentiment_press_release_au_chunk_0002,sentiment_synthetic_sentiment_press_release_au,synthetic,sentiment,1,S1,requires_or_depends_on,"As noted by students in one of the focus groups: Public confidence depends on digital education, negative effects and teaching and learning.","As noted by students in one of the focus groups: Public confidence depends on digital education, negative effects and teaching and learning.",policy_claim_02218,policy_digital_strategy_for_schools_to_2027_chunk_0009,policy,5,P5,The voice of young learners will be important to inform and advance curricular change for which digital technology will be a key enabler.,The voice of young learners will be important to inform and advance curricular change for which digital technology will be a key enabler.,0.673570454120636,0.6657375693321228,0.3342624306678772,sentence_transformer:sentence-transformers/paraphrase-multilingual-MiniLM-L12-v2,False,0.5118606686592102,pooled_empirical_10th_percentile_provisional
synthetic_to_policy,synthetic_sentiment_claim_00376,sentiment_synthetic_sentiment_press_release_au_chunk_0002,sentiment_synthetic_sentiment_press_release_au,synthetic,sentiment,1,S1,requires_or_depends_on,Post-lockdown analysis has also clarified the following message: digital youth workers play a critical role in young people's lives and require strategic support in the digital times.,Post-lockdown analysis has also clarified the following message: digital youth workers play a critical role in young people's lives and require strategic support in the digital times.,policy_claim_03129,policy_k_12_artificial_intelligence_ai_use_guidelines_chunk_0005,policy,3,P3,Digital Citizen Students recognize the responsibilities and opportunities for contributing to their digital communities.,Digital Citizen Students recognize the responsibilities and opportunities for contributing to their digital communities.,0.6416852474212646,0.6374961137771606,0.36250388622283936,sentence_transformer:sentence-transformers/paraphrase-multilingual-MiniLM-L12-v2,False,0.5118606686592102,pooled_empirical_10th_percentile_provisional
synthetic_to_policy,synthetic_sentiment_claim_00377,sentiment_synthetic_sentiment_press_release_au_chunk_0002,sentiment_synthetic_sentiment_press_release_au,synthetic,sentiment,1,S1,requires_or_depends_on,"Public confidence depends on young people, responsible use and privacy and data protection.","Public confidence depends on young people, responsible use and privacy and data protection.",policy_claim_02003,policy_ai_systems_in_teaching_and_learning_principles_and_practical_exa_chunk_0025,policy,6,P6,"They elaborate by saying, 'Data protection policies should ensure that the collection of data contributes to securing effectiveness and equity in education while protecting students' and teachers' privacy' (p.","They elaborate by saying, 'Data protection policies should ensure that the collection of data contributes to securing effectiveness and equity in education while protecting students' and teachers' privacy' (p.",0.632868766784668,0.6228554844856262,0.3771445155143738,sentence_transformer:sentence-transformers/paraphrase-multilingual-MiniLM-L12-v2,False,0.5118606686592102,pooled_empirical_10th_percentile_provisional
synthetic_to_policy,synthetic_sentiment_claim_00378,sentiment_synthetic_sentiment_press_release_au_chunk_0003,sentiment_synthetic_sentiment_press_release_au,synthetic,sentiment,4,S4,requires_or_depends_on,"Public confidence depends on student support, trust and transparency and teacher training.","Public confidence depends on student support, trust and transparency and teacher training.",policy_claim_01871,policy_ai_report_us_gov_chunk_0094,policy,7,P7,"More transparency and authentic dialogue can foster trust, which was mentioned by a researcher as a chief concern for all teachers and students.","More transparency and authentic dialogue can foster trust, which was mentioned by a researcher as a chief concern for all teachers and students.",0.7554751634597778,0.7144207954406738,0.28557920455932617,sentence_transformer:sentence-transformers/paraphrase-multilingual-MiniLM-L12-v2,False,0.5118606686592102,pooled_empirical_10th_percentile_provisional
synthetic_to_policy,synthetic_sentiment_claim_00379,sentiment_synthetic_sentiment_press_release_au_chunk_0003,sentiment_synthetic_sentiment_press_release_au,synthetic,sentiment,4,S4,causes_or_increases,"In this context, some ideas that the youth sector could explore include setting up digital youth advisory boards (at national or local level); contributing to established digital transformation councils; or, if they do not exist, initiating dialogue platforms on digital and technology issues.","In this context, some ideas that the youth sector could explore include setting up digital youth advisory boards (at national or local level); contributing to established digital transformation councils; or, if they do not exist, initiating dialogue platforms on digital and technology issues.",policy_claim_02436,policy_digital_strategy_for_schools_to_2027_chunk_0095,policy,5,P5,"The potential for industry to support digital transformation and capacity building in schools, and their willingness to engage on that basis with the Department and with schools, emerged during the consultation process.","The potential for industry to support digital transformation and capacity building in schools, and their willingness to engage on that basis with the Department and with schools, emerged during the consultation process.",0.6684848070144653,0.6573846340179443,0.34261536598205566,sentence_transformer:sentence-transformers/paraphrase-multilingual-MiniLM-L12-v2,False,0.5118606686592102,pooled_empirical_10th_percentile_provisional
synthetic_to_policy,synthetic_sentiment_claim_00380,sentiment_synthetic_sentiment_press_release_au_chunk_0003,sentiment_synthetic_sentiment_press_release_au,synthetic,sentiment,4,S4,causes_or_increases,Understanding that not all spaces that contribute to AI governance include the term 'artificial intelligence' is equally important.,Understanding that not all spaces that contribute to AI governance include the term 'artificial intelligence' is equally important.,policy_claim_02788,policy_guidance_for_ai_policy_development_chunk_0016,policy,7,P7,Should the policies addressed above mention AI and have an addendum that addresses the issues raised by AI?,Should the policies addressed above mention AI and have an addendum that addresses the issues raised by AI?,0.7403929233551025,0.7341377139091492,0.26586228609085083,sentence_transformer:sentence-transformers/paraphrase-multilingual-MiniLM-L12-v2,False,0.5118606686592102,pooled_empirical_10th_percentile_provisional
synthetic_to_policy,synthetic_sentiment_claim_00381,sentiment_synthetic_sentiment_press_release_au_chunk_0003,sentiment_synthetic_sentiment_press_release_au,synthetic,sentiment,4,S4,requires_or_depends_on,"Public confidence depends on human oversight, artificial intelligence and student support.","Public confidence depends on human oversight, artificial intelligence and student support.",policy_claim_01250,policy_ai_in_australian_education_snapshot_principles_policy_and_practice_august_2023_chunk_0029,policy,6,P6,"Earning the public's trust Including developing technical mechanisms ensuring users know when they are interacting with an AI, a commitment to publicly report on AI systems' capabilities, limitations, and appropriate and inappropriate use, the prioritization of research on risks, and a focus on using the technologies to help address society's greatest challenges.","Earning the public's trust Including developing technical mechanisms ensuring users know when they are interacting with an AI, a commitment to publicly report on AI systems' capabilities, limitations, and appropriate and inappropriate use, the prioritization of research on risks, and a focus on using the technologies to help address society's greatest challenges.",0.6876182556152344,0.6764467358589172,0.32355326414108276,sentence_transformer:sentence-transformers/paraphrase-multilingual-MiniLM-L12-v2,False,0.5118606686592102,pooled_empirical_10th_percentile_provisional
synthetic_to_policy,synthetic_sentiment_claim_00382,sentiment_synthetic_sentiment_press_release_au_chunk_0004,sentiment_synthetic_sentiment_press_release_au,synthetic,sentiment,4,S4,enables_or_supports,"Such a definition could allow for a more strategic examination of how different aspects of Artificial Intelligence have influenced the sector, if and how their presence and impact might be recognised in the future.","Such a definition could allow for a more strategic examination of how different aspects of Artificial Intelligence have influenced the sector, if and how their presence and impact might be recognised in the future.",policy_claim_01929,policy_ai_report_us_gov_chunk_0119,policy,7,P7,"For example, the Department is developing a set of AI usage scenarios to strengthen the process of evaluating and enhancing policies and regulations.","For example, the Department is developing a set of AI usage scenarios to strengthen the process of evaluating and enhancing policies and regulations.",0.6846665740013123,0.6828380227088928,0.3171619772911072,sentence_transformer:sentence-transformers/paraphrase-multilingual-MiniLM-L12-v2,False,0.5118606686592102,pooled_empirical_10th_percentile_provisional
synthetic_to_policy,synthetic_sentiment_claim_00383,sentiment_synthetic_sentiment_press_release_au_chunk_0004,sentiment_synthetic_sentiment_press_release_au,synthetic,sentiment,4,S4,requires_or_depends_on,"Public confidence depends on public policy, professional learning and fair access.","Public confidence depends on public policy, professional learning and fair access.",policy_claim_00135,policy_2026_01_20_opening_statement_ruth_kennedy_revenue_commissioner_et_al_office_of_the_revenue_commissioners_en_chunk_0003,policy,8,P8,Revenue 's effectiveness as a tax and customs administration depends on the public's trust and confidence in its fairness and integrity.,Revenue 's effectiveness as a tax and customs administration depends on the public's trust and confidence in its fairness and integrity.,0.7166293859481812,0.6185857057571411,0.3814142942428589,sentence_transformer:sentence-transformers/paraphrase-multilingual-MiniLM-L12-v2,False,0.5118606686592102,pooled_empirical_10th_percentile_provisional
synthetic_to_policy,synthetic_sentiment_claim_00384,sentiment_synthetic_sentiment_press_release_av_chunk_0001,sentiment_synthetic_sentiment_press_release_av,synthetic,sentiment,6,S6,requires_or_depends_on,"Public confidence depends on AI literacy, generative AI and human oversight.","Public confidence depends on AI literacy, generative AI and human oversight.",policy_claim_01250,policy_ai_in_australian_education_snapshot_principles_policy_and_practice_august_2023_chunk_0029,policy,6,P6,"Earning the public's trust Including developing technical mechanisms ensuring users know when they are interacting with an AI, a commitment to publicly report on AI systems' capabilities, limitations, and appropriate and inappropriate use, the prioritization of research on risks, and a focus on using the technologies to help address society's greatest challenges.","Earning the public's trust Including developing technical mechanisms ensuring users know when they are interacting with an AI, a commitment to publicly report on AI systems' capabilities, limitations, and appropriate and inappropriate use, the prioritization of research on risks, and a focus on using the technologies to help address society's greatest challenges.",0.7727245092391968,0.7613264918327332,0.23867350816726685,sentence_transformer:sentence-transformers/paraphrase-multilingual-MiniLM-L12-v2,False,0.5118606686592102,pooled_empirical_10th_percentile_provisional
synthetic_to_policy,synthetic_sentiment_claim_00385,sentiment_synthetic_sentiment_press_release_av_chunk_0001,sentiment_synthetic_sentiment_press_release_av,synthetic,sentiment,6,S6,requires_or_depends_on,"A total of Public confidence depends on teacher training, privacy and data protection and teaching and learning.","A total of Public confidence depends on teacher training, privacy and data protection and teaching and learning.",policy_claim_02003,policy_ai_systems_in_teaching_and_learning_principles_and_practical_exa_chunk_0025,policy,6,P6,"They elaborate by saying, 'Data protection policies should ensure that the collection of data contributes to securing effectiveness and equity in education while protecting students' and teachers' privacy' (p.","They elaborate by saying, 'Data protection policies should ensure that the collection of data contributes to securing effectiveness and equity in education while protecting students' and teachers' privacy' (p.",0.674177885055542,0.6656834483146667,0.33431655168533325,sentence_transformer:sentence-transformers/paraphrase-multilingual-MiniLM-L12-v2,False,0.5118606686592102,pooled_empirical_10th_percentile_provisional
synthetic_to_policy,synthetic_sentiment_claim_00386,sentiment_synthetic_sentiment_press_release_av_chunk_0001,sentiment_synthetic_sentiment_press_release_av,synthetic,sentiment,6,S6,causes_or_increases,"Narratives: Hypothetical scenarios and real-life case studies often parallel each other, heralding a future where AI can mitigate diagnostic errors, accelerate drug discovery, or even pave the way for curing hitherto incurable diseases.","Narratives: Hypothetical scenarios and real-life case studies often parallel each other, heralding a future where AI can mitigate diagnostic errors, accelerate drug discovery, or even pave the way for curing hitherto incurable diseases.",policy_claim_00553,policy_ai_competency_framework_for_students_chunk_0070,policy,6,P6,"Expose students to simulated scenarios containing typical AI incidents, so they can practise precautionary and interactive strategies for the safe use of AI and become familiar with regulations that can protect their safety or mitigate the negative impacts of AI incidents.","Expose students to simulated scenarios containing typical AI incidents, so they can practise precautionary and interactive strategies for the safe use of AI and become familiar with regulations that can protect their safety or mitigate the negative impacts of AI incidents.",0.6394198536872864,0.6202504634857178,0.3797495365142822,sentence_transformer:sentence-transformers/paraphrase-multilingual-MiniLM-L12-v2,False,0.5118606686592102,pooled_empirical_10th_percentile_provisional
synthetic_to_policy,synthetic_sentiment_claim_00387,sentiment_synthetic_sentiment_press_release_av_chunk_0001,sentiment_synthetic_sentiment_press_release_av,synthetic,sentiment,6,S6,requires_or_depends_on,"Public confidence depends on artificial intelligence, digital education and public confidence.","Public confidence depends on artificial intelligence, digital education and public confidence.",policy_claim_01250,policy_ai_in_australian_education_snapshot_principles_policy_and_practice_august_2023_chunk_0029,policy,6,P6,"Earning the public's trust Including developing technical mechanisms ensuring users know when they are interacting with an AI, a commitment to publicly report on AI systems' capabilities, limitations, and appropriate and inappropriate use, the prioritization of research on risks, and a focus on using the technologies to help address society's greatest challenges.","Earning the public's trust Including developing technical mechanisms ensuring users know when they are interacting with an AI, a commitment to publicly report on AI systems' capabilities, limitations, and appropriate and inappropriate use, the prioritization of research on risks, and a focus on using the technologies to help address society's greatest challenges.",0.6572555899620056,0.6502032279968262,0.34979677200317383,sentence_transformer:sentence-transformers/paraphrase-multilingual-MiniLM-L12-v2,False,0.5118606686592102,pooled_empirical_10th_percentile_provisional
synthetic_to_policy,synthetic_sentiment_claim_00388,sentiment_synthetic_sentiment_press_release_av_chunk_0002,sentiment_synthetic_sentiment_press_release_av,synthetic,sentiment,3,S3,requires_or_depends_on,"Public confidence depends on public policy, digital skills and teaching and learning.","Public confidence depends on public policy, digital skills and teaching and learning.",policy_claim_01043,policy_ai_guidance_chunk_0044,policy,5,P5,"WHY THIS MATTERS civic education frameworks provides actionable strategies for these skills, helping students become discerning digital citizens.","WHY THIS MATTERS civic education frameworks provides actionable strategies for these skills, helping students become discerning digital citizens.",0.6479362845420837,0.6342496275901794,0.36575037240982056,sentence_transformer:sentence-transformers/paraphrase-multilingual-MiniLM-L12-v2,False,0.5118606686592102,pooled_empirical_10th_percentile_provisional
synthetic_to_policy,synthetic_sentiment_claim_00389,sentiment_synthetic_sentiment_press_release_av_chunk_0002,sentiment_synthetic_sentiment_press_release_av,synthetic,sentiment,3,S3,requires_or_depends_on,"To benefit from this technology, students need to be able to craft prompts that can produce the desired outputs: Public confidence depends on classroom practice, teacher training and negative effects.","To benefit from this technology, students need to be able to craft prompts that can produce the desired outputs: Public confidence depends on classroom practice, teacher training and negative effects.",policy_claim_01808,policy_ai_report_us_gov_chunk_0072,policy,0,P0,"Student feelings of safety, confidence, and trust in the feedback generated by these AI-enabled systems and tools are essential to showcase their learning.","Student feelings of safety, confidence, and trust in the feedback generated by these AI-enabled systems and tools are essential to showcase their learning.",0.6811967492103577,0.6793329119682312,0.3206670880317688,sentence_transformer:sentence-transformers/paraphrase-multilingual-MiniLM-L12-v2,False,0.5118606686592102,pooled_empirical_10th_percentile_provisional
synthetic_to_policy,synthetic_sentiment_claim_00390,sentiment_synthetic_sentiment_press_release_av_chunk_0002,sentiment_synthetic_sentiment_press_release_av,synthetic,sentiment,3,S3,enables_or_supports,"Additionally, resulting from the DEAP and following a proposal by the Commission, the Council adopted two recommendations that are relevant to AIED: one on improving the provision of digital skills in education and training (Council of the European Union, a) and the other one on the key enabling factors for successful digital education and training (Council of the European Union, b).","Additionally, resulting from the DEAP and following a proposal by the Commission, the Council adopted two recommendations that are relevant to AIED: one on improving the provision of digital skills in education and training (Council of the European Union, a) and the other one on the key enabling factors for successful digital education and training (Council of the European Union, b).",policy_claim_02399,policy_digital_strategy_for_schools_to_2027_chunk_0076,policy,5,P5,This is communicated strongly in the EU DEAP under Priority 1 to foster the development of a high ­ performing digital education ecosystem and under Priority 2 in enhancing digital competences for the digital transformation.,This is communicated strongly in the EU DEAP under Priority 1 to foster the development of a high ­ performing digital education ecosystem and under Priority 2 in enhancing digital competences for the digital transformation.,0.7222796678543091,0.6952888369560242,0.30471116304397583,sentence_transformer:sentence-transformers/paraphrase-multilingual-MiniLM-L12-v2,False,0.5118606686592102,pooled_empirical_10th_percentile_provisional
synthetic_to_policy,synthetic_sentiment_claim_00391,sentiment_synthetic_sentiment_press_release_av_chunk_0003,sentiment_synthetic_sentiment_press_release_av,synthetic,sentiment,3,S3,enables_or_supports,"Through these instruments, the EC is actively encouraging Member States to integrate AI and other emerging technologies into their education and training systems and to develop skills related to AI.","Through these instruments, the EC is actively encouraging Member States to integrate AI and other emerging technologies into their education and training systems and to develop skills related to AI.",policy_claim_02810,policy_guidance_on_artificial_intelligence_in_schools_2025_chunk_0007,policy,5,P5,ACT ­ AI: project establishing a pan ­ European Academy dedicated to advancing AI adoption in education.,ACT ­ AI: project establishing a pan ­ European Academy dedicated to advancing AI adoption in education.,0.6942552924156189,0.6901372075080872,0.30986279249191284,sentence_transformer:sentence-transformers/paraphrase-multilingual-MiniLM-L12-v2,False,0.5118606686592102,pooled_empirical_10th_percentile_provisional
synthetic_to_policy,synthetic_sentiment_claim_00392,sentiment_synthetic_sentiment_press_release_av_chunk_0003,sentiment_synthetic_sentiment_press_release_av,synthetic,sentiment,3,S3,enables_or_supports,"In May , a first draft of the AI Literacy Framework for Primary and Secondary education (AILit), a joint project between the EC and the OECD was published with the aim to provide a better understanding of what AI literacy entails and enable teachers, educational leaders, education policymakers and learning designers to support AI literacy development among students (OECD, ).","In May , a first draft of the AI Literacy Framework for Primary and Secondary education (AILit), a joint project between the EC and the OECD was published with the aim to provide a better understanding of what AI literacy entails and enable teachers, educational leaders, education policymakers and learning designers to support AI literacy development among students (OECD, ).",policy_claim_01051,policy_ai_guidance_chunk_0051,policy,7,P7,"SUPPLEMENTAL RESOURCE Empowering Learners for the Age of AI: An AI Literacy Framework for Primary and Secondary Education (TeachAI, 2025) : Provides a comprehensive, interdisciplinary guide for developing AI literacy in primary and secondary education, aligning with international standards like the EU AI Act and the OECD's digital competence goals.","SUPPLEMENTAL RESOURCE Empowering Learners for the Age of AI: An AI Literacy Framework for Primary and Secondary Education (TeachAI, 2025) : Provides a comprehensive, interdisciplinary guide for developing AI literacy in primary and secondary education, aligning with international standards like the EU AI Act and the OECD's digital competence goals.",0.8065850734710693,0.7837775349617004,0.21622246503829956,sentence_transformer:sentence-transformers/paraphrase-multilingual-MiniLM-L12-v2,False,0.5118606686592102,pooled_empirical_10th_percentile_provisional
synthetic_to_policy,synthetic_sentiment_claim_00393,sentiment_synthetic_sentiment_press_release_av_chunk_0003,sentiment_synthetic_sentiment_press_release_av,synthetic,sentiment,3,S3,causes_or_increases,The framework will contribute to the PISA Media and AI Literacy assessment and will be finalised in .,The framework will contribute to the PISA Media and AI Literacy assessment and will be finalised in .,policy_claim_03270,policy_l_intelligence_artificielle_dans_les_tablissements_scolaires_sur_le_plan_administratif_et_p_dagogique_chunk_0088,policy,2,P2,"Pour cela, une évaluation fine de l'usage de l'IA et de ce qu'elle permet de renforcer est nécessaire.","Pour cela, une évaluation fine de l'usage de l'IA et de ce qu'elle permet de renforcer est nécessaire.",0.5905547142028809,0.583225667476654,0.41677433252334595,sentence_transformer:sentence-transformers/paraphrase-multilingual-MiniLM-L12-v2,False,0.5118606686592102,pooled_empirical_10th_percentile_provisional
synthetic_to_policy,synthetic_sentiment_claim_00394,sentiment_synthetic_sentiment_press_release_av_chunk_0003,sentiment_synthetic_sentiment_press_release_av,synthetic,sentiment,3,S3,enables_or_supports,"As part of the Union of Skills, the EC updated the European Digital Competence Framework (DigComp .) to ensure that it covers relevant emerging technologies and practices, including the efficient and responsible use of GenAI.","As part of the Union of Skills, the EC updated the European Digital Competence Framework (DigComp .) to ensure that it covers relevant emerging technologies and practices, including the efficient and responsible use of GenAI.",policy_claim_02263,policy_digital_strategy_for_schools_to_2027_chunk_0029,policy,5,P5,"In line with the EU DEAP 2021 ­ 2027, as a key priority area this Strategy will focus on enhancing digital skills and competences for digital transformation as 'boosting the level of digital competences and capabilities to support the effective and pedagogical use of digital technologies is a key enabling factor in improving the quality, inclusivity and effectiveness of education and training' 10 .","In line with the EU DEAP 2021 ­ 2027, as a key priority area this Strategy will focus on enhancing digital skills and competences for digital transformation as 'boosting the level of digital competences and capabilities to support the effective and pedagogical use of digital technologies is a key enabling factor in improving the quality, inclusivity and effectiveness of education and training' 10 .",0.6600354313850403,0.6253185272216797,0.3746814727783203,sentence_transformer:sentence-transformers/paraphrase-multilingual-MiniLM-L12-v2,False,0.5118606686592102,pooled_empirical_10th_percentile_provisional
synthetic_to_policy,synthetic_sentiment_claim_00395,sentiment_synthetic_sentiment_press_release_av_chunk_0003,sentiment_synthetic_sentiment_press_release_av,synthetic,sentiment,3,S3,requires_or_depends_on,"is the inclusion of new competencies statements that address knowledge, skills and attitudes that are needed on a daily basis to be able to use AI effectively and ethically and the addition of AI labelling in all competence statements explicitly or implicitly referring to AI (JRC et al., ).","is the inclusion of new competencies statements that address knowledge, skills and attitudes that are needed on a daily basis to be able to use AI effectively and ethically and the addition of AI labelling in all competence statements explicitly or implicitly referring to AI (JRC et al., ).",policy_claim_00476,policy_ai_competency_framework_for_students_chunk_0033,policy,3,P3,"The competencies also reflect the need to understand controversies surrounding AI and the key ethical principles that guide regulation, as well as foster practical skills to combat bias, protect privacy, promote transparency and accountability, and adopt an ethics-bydesign approach to the co-creation of AI.","The competencies also reflect the need to understand controversies surrounding AI and the key ethical principles that guide regulation, as well as foster practical skills to combat bias, protect privacy, promote transparency and accountability, and adopt an ethics-bydesign approach to the co-creation of AI.",0.7483611106872559,0.7308135032653809,0.26918649673461914,sentence_transformer:sentence-transformers/paraphrase-multilingual-MiniLM-L12-v2,False,0.5118606686592102,pooled_empirical_10th_percentile_provisional
synthetic_to_policy,synthetic_sentiment_claim_00396,sentiment_synthetic_sentiment_press_release_av_chunk_0003,sentiment_synthetic_sentiment_press_release_av,synthetic,sentiment,3,S3,requires_or_depends_on,"Lastly, as part of the Union of Skills, the EC will adopt a Roadmap on the future of digital education and skills , offering a comprehensive and ambitious vision for the digital transformation Public confidence depends on young people, positive effects and public confidence.","Lastly, as part of the Union of Skills, the EC will adopt a Roadmap on the future of digital education and skills , offering a comprehensive and ambitious vision for the digital transformation Public confidence depends on young people, positive effects and public confidence.",policy_claim_02263,policy_digital_strategy_for_schools_to_2027_chunk_0029,policy,5,P5,"In line with the EU DEAP 2021 ­ 2027, as a key priority area this Strategy will focus on enhancing digital skills and competences for digital transformation as 'boosting the level of digital competences and capabilities to support the effective and pedagogical use of digital technologies is a key enabling factor in improving the quality, inclusivity and effectiveness of education and training' 10 .","In line with the EU DEAP 2021 ­ 2027, as a key priority area this Strategy will focus on enhancing digital skills and competences for digital transformation as 'boosting the level of digital competences and capabilities to support the effective and pedagogical use of digital technologies is a key enabling factor in improving the quality, inclusivity and effectiveness of education and training' 10 .",0.7911614179611206,0.7566812634468079,0.24331873655319214,sentence_transformer:sentence-transformers/paraphrase-multilingual-MiniLM-L12-v2,False,0.5118606686592102,pooled_empirical_10th_percentile_provisional
synthetic_to_policy,synthetic_sentiment_claim_00397,sentiment_synthetic_sentiment_press_release_av_chunk_0004,sentiment_synthetic_sentiment_press_release_av,synthetic,sentiment,3,S3,enables_or_supports,"Additionally, development and support to ensure that teachers are well-equipped to address these ethical concerns and use GenAI in a responsible and effective manner.","Additionally, development and support to ensure that teachers are well-equipped to address these ethical concerns and use GenAI in a responsible and effective manner.",policy_claim_00865,policy_ai_competency_framework_for_teachers_chunk_0072,policy,3,P3,"Organize teachers to review and modify a specific set of criteria or an instrument used to assess key aspects of'ethics by design'; and facilitate teachers to use the adapted criteria or instruments to assess selected AI tools in relation to data security, data privacy, safety for users, accessibility for people with different abilities, biases (including gender discrimination) in data and algorithms, and potential harms for vulnerable groups, etc.","Organize teachers to review and modify a specific set of criteria or an instrument used to assess key aspects of'ethics by design'; and facilitate teachers to use the adapted criteria or instruments to assess selected AI tools in relation to data security, data privacy, safety for users, accessibility for people with different abilities, biases (including gender discrimination) in data and algorithms, and potential harms for vulnerable groups, etc.",0.68523108959198,0.6774107813835144,0.3225892186164856,sentence_transformer:sentence-transformers/paraphrase-multilingual-MiniLM-L12-v2,False,0.5118606686592102,pooled_empirical_10th_percentile_provisional
synthetic_to_policy,synthetic_sentiment_claim_00398,sentiment_synthetic_sentiment_press_release_av_chunk_0004,sentiment_synthetic_sentiment_press_release_av,synthetic,sentiment,3,S3,requires_or_depends_on,"Public confidence depends on negative effects, teacher training and teaching and learning.","Public confidence depends on negative effects, teacher training and teaching and learning.",policy_claim_00194,policy_ahisa_member_survey_report_gen_ai_in_australian_independent_schools_chunk_0033,policy,7,P7,It could also create grading inequities between students and across schools and undermine employer or public confidence in students' achievement.,It could also create grading inequities between students and across schools and undermine employer or public confidence in students' achievement.,0.641244649887085,0.6232578754425049,0.3767421245574951,sentence_transformer:sentence-transformers/paraphrase-multilingual-MiniLM-L12-v2,False,0.5118606686592102,pooled_empirical_10th_percentile_provisional
synthetic_to_policy,synthetic_sentiment_claim_00399,sentiment_synthetic_sentiment_press_release_av_chunk_0004,sentiment_synthetic_sentiment_press_release_av,synthetic,sentiment,3,S3,enables_or_supports,"Learning with AI - referring to the use of AI-driven tools for teaching and learning, including the use of AI tools to support learners (for example intelligent tutoring systems, chatbots), to support administrative systems (for example schedule or learning management), to support educators (for example smart curation of educational materials).","Learning with AI - referring to the use of AI-driven tools for teaching and learning, including the use of AI tools to support learners (for example intelligent tutoring systems, chatbots), to support administrative systems (for example schedule or learning management), to support educators (for example smart curation of educational materials).",policy_claim_02018,policy_ai_systems_in_teaching_and_learning_principles_and_practical_exa_chunk_0031,policy,5,P5,Education-specific AI systems There is a diverse range of ways of using AI to promote teaching and learning.,Education-specific AI systems There is a diverse range of ways of using AI to promote teaching and learning.,0.8759251832962036,0.8663128018379211,0.13368719816207886,sentence_transformer:sentence-transformers/paraphrase-multilingual-MiniLM-L12-v2,False,0.5118606686592102,pooled_empirical_10th_percentile_provisional
synthetic_to_policy,synthetic_sentiment_claim_00400,sentiment_synthetic_sentiment_press_release_av_chunk_0004,sentiment_synthetic_sentiment_press_release_av,synthetic,sentiment,3,S3,enables_or_supports,"Using AI to learn about learning - primarily referring to the use of analytics to gain insights into how learners learn, the effectiveness of learning designs and potentially using this information to inform decisions to support admission processes in schools, educational planning, etc.","Using AI to learn about learning - primarily referring to the use of analytics to gain insights into how learners learn, the effectiveness of learning designs and potentially using this information to inform decisions to support admission processes in schools, educational planning, etc.",policy_claim_02129,policy_brisbanesde_ai_usage_policy_chunk_0006,policy,0,P0,"Using AI to improve learning AI technologies, such as adaptive learning platforms, data analysis tools, and virtual tutors, can be employed to personalise learning experiences and provide valuable insights into student progress and needs.","Using AI to improve learning AI technologies, such as adaptive learning platforms, data analysis tools, and virtual tutors, can be employed to personalise learning experiences and provide valuable insights into student progress and needs.",0.8294453620910645,0.8221612572669983,0.1778387427330017,sentence_transformer:sentence-transformers/paraphrase-multilingual-MiniLM-L12-v2,False,0.5118606686592102,pooled_empirical_10th_percentile_provisional
synthetic_to_policy,synthetic_sentiment_claim_00401,sentiment_synthetic_sentiment_press_release_av_chunk_0004,sentiment_synthetic_sentiment_press_release_av,synthetic,sentiment,3,S3,requires_or_depends_on,"Public confidence depends on responsible use, positive effects and teacher training.","Public confidence depends on responsible use, positive effects and teacher training.",policy_claim_03869,policy_the_new_ai_powered_classroom_implications_for_students_teachers_and_equity_chunk_0045,policy,7,P7,"There is convincing evidence that implies teacher coaching improves instructional practice, student learning, and student achievement when coachers and teachers have defined roles and a relationship of trust 43 .","There is convincing evidence that implies teacher coaching improves instructional practice, student learning, and student achievement when coachers and teachers have defined roles and a relationship of trust 43 .",0.6898952722549438,0.6548121571540833,0.34518784284591675,sentence_transformer:sentence-transformers/paraphrase-multilingual-MiniLM-L12-v2,False,0.5118606686592102,pooled_empirical_10th_percentile_provisional
synthetic_to_policy,synthetic_sentiment_claim_00402,sentiment_synthetic_sentiment_press_release_aw_chunk_0001,sentiment_synthetic_sentiment_press_release_aw,synthetic,sentiment,1,S1,enables_or_supports,"Establishing clear guidelines and policies is essential to ensure that GenAI is used responsibly and effectively in education and that students are protected from potential risks such as bias and misinformation (UNESCO, ).","Establishing clear guidelines and policies is essential to ensure that GenAI is used responsibly and effectively in education and that students are protected from potential risks such as bias and misinformation (UNESCO, ).",policy_claim_02693,policy_generative_artificial_intelligence_ai_in_k_12_classrooms_v2_chunk_0025,policy,0,P0,GenAI and Equity GenAI and Data Privacy Potential of GenAI Policy Considerations and Synthetic Media The continued development of genAI tools able to produce realistic synthetic media does truly offer educators some promising opportunities for student learning.,GenAI and Equity GenAI and Data Privacy Potential of GenAI Policy Considerations and Synthetic Media The continued development of genAI tools able to produce realistic synthetic media does truly offer educators some promising opportunities for student learning.,0.7161678075790405,0.7078962326049805,0.29210376739501953,sentence_transformer:sentence-transformers/paraphrase-multilingual-MiniLM-L12-v2,False,0.5118606686592102,pooled_empirical_10th_percentile_provisional
synthetic_to_policy,synthetic_sentiment_claim_00403,sentiment_synthetic_sentiment_press_release_aw_chunk_0001,sentiment_synthetic_sentiment_press_release_aw,synthetic,sentiment,1,S1,requires_or_depends_on,"Public confidence depends on human oversight, trust and transparency and teaching and learning.","Public confidence depends on human oversight, trust and transparency and teaching and learning.",policy_claim_01871,policy_ai_report_us_gov_chunk_0094,policy,7,P7,"More transparency and authentic dialogue can foster trust, which was mentioned by a researcher as a chief concern for all teachers and students.","More transparency and authentic dialogue can foster trust, which was mentioned by a researcher as a chief concern for all teachers and students.",0.6981866359710693,0.6821483969688416,0.31785160303115845,sentence_transformer:sentence-transformers/paraphrase-multilingual-MiniLM-L12-v2,False,0.5118606686592102,pooled_empirical_10th_percentile_provisional
synthetic_to_policy,synthetic_sentiment_claim_00404,sentiment_synthetic_sentiment_press_release_aw_chunk_0001,sentiment_synthetic_sentiment_press_release_aw,synthetic,sentiment,1,S1,requires_or_depends_on,"Public confidence depends on negative effects, classroom practice and responsible use.","Public confidence depends on negative effects, classroom practice and responsible use.",policy_claim_02665,policy_generative_artificial_intelligence_ai_in_k_12_classrooms_v2_chunk_0016,policy,6,P6,"Moreover, such data breaches can damage the trust between educators and students and potentially harm the school's reputation.","Moreover, such data breaches can damage the trust between educators and students and potentially harm the school's reputation.",0.6099327206611633,0.6000954508781433,0.3999045491218567,sentence_transformer:sentence-transformers/paraphrase-multilingual-MiniLM-L12-v2,False,0.5118606686592102,pooled_empirical_10th_percentile_provisional
synthetic_to_policy,synthetic_sentiment_claim_00405,sentiment_synthetic_sentiment_press_release_aw_chunk_0001,sentiment_synthetic_sentiment_press_release_aw,synthetic,sentiment,1,S1,requires_or_depends_on,"Public confidence depends on AI literacy, AI tools and human oversight.","Public confidence depends on AI literacy, AI tools and human oversight.",policy_claim_01250,policy_ai_in_australian_education_snapshot_principles_policy_and_practice_august_2023_chunk_0029,policy,6,P6,"Earning the public's trust Including developing technical mechanisms ensuring users know when they are interacting with an AI, a commitment to publicly report on AI systems' capabilities, limitations, and appropriate and inappropriate use, the prioritization of research on risks, and a focus on using the technologies to help address society's greatest challenges.","Earning the public's trust Including developing technical mechanisms ensuring users know when they are interacting with an AI, a commitment to publicly report on AI systems' capabilities, limitations, and appropriate and inappropriate use, the prioritization of research on risks, and a focus on using the technologies to help address society's greatest challenges.",0.788956880569458,0.7716388702392578,0.2283611297607422,sentence_transformer:sentence-transformers/paraphrase-multilingual-MiniLM-L12-v2,False,0.5118606686592102,pooled_empirical_10th_percentile_provisional
synthetic_to_policy,synthetic_sentiment_claim_00406,sentiment_synthetic_sentiment_press_release_aw_chunk_0002,sentiment_synthetic_sentiment_press_release_aw,synthetic,sentiment,3,S3,requires_or_depends_on,"(Abstract) Public confidence depends on privacy and data protection, young people and human oversight.","(Abstract) Public confidence depends on privacy and data protection, young people and human oversight.",policy_claim_02002,policy_ai_systems_in_teaching_and_learning_principles_and_practical_exa_chunk_0025,policy,6,P6,"section on privacy discusses balancing the trade-offs of privacy with other interests, considering parents and data privacy, and limiting exposure to commercial advertising.","section on privacy discusses balancing the trade-offs of privacy with other interests, considering parents and data privacy, and limiting exposure to commercial advertising.",0.6709056496620178,0.6577432155609131,0.3422567844390869,sentence_transformer:sentence-transformers/paraphrase-multilingual-MiniLM-L12-v2,False,0.5118606686592102,pooled_empirical_10th_percentile_provisional
synthetic_to_policy,synthetic_sentiment_claim_00407,sentiment_synthetic_sentiment_press_release_aw_chunk_0002,sentiment_synthetic_sentiment_press_release_aw,synthetic,sentiment,3,S3,requires_or_depends_on,"Public confidence depends on artificial intelligence, negative effects and generative AI.","Public confidence depends on artificial intelligence, negative effects and generative AI.",policy_claim_03716,policy_policy_brief_2024_ai_in_education_pa_chunk_0004,policy,1,P1,"AI is specifically designed to create the impression of thought and intelligence, so users often place undue trust in its responses even if those responses are false or based on biased data.","AI is specifically designed to create the impression of thought and intelligence, so users often place undue trust in its responses even if those responses are false or based on biased data.",0.7189996242523193,0.7042385935783386,0.2957614064216614,sentence_transformer:sentence-transformers/paraphrase-multilingual-MiniLM-L12-v2,False,0.5118606686592102,pooled_empirical_10th_percentile_provisional
synthetic_to_policy,synthetic_sentiment_claim_00408,sentiment_synthetic_sentiment_press_release_aw_chunk_0002,sentiment_synthetic_sentiment_press_release_aw,synthetic,sentiment,3,S3,requires_or_depends_on,"Numbers/percentages of teachers who reported that the following obstacles hindered their participation in the AIT professional learning pathway Public confidence depends on digital skills, responsible use and privacy and data protection.","Numbers/percentages of teachers who reported that the following obstacles hindered their participation in the AIT professional learning pathway Public confidence depends on digital skills, responsible use and privacy and data protection.",policy_claim_03442,policy_men_dne_brochure_ia_2024_uk_web_chunk_0057,policy,2,P2,Lignes directrices pour les enseignants et les éducateurs en matière de lutte contre la désinformation et de promotion de l'habileté numérique par l'éducation et la formation .,Lignes directrices pour les enseignants et les éducateurs en matière de lutte contre la désinformation et de promotion de l'habileté numérique par l'éducation et la formation .,0.667241096496582,0.6595439314842224,0.3404560685157776,sentence_transformer:sentence-transformers/paraphrase-multilingual-MiniLM-L12-v2,False,0.5118606686592102,pooled_empirical_10th_percentile_provisional
synthetic_to_policy,synthetic_sentiment_claim_00409,sentiment_synthetic_sentiment_press_release_aw_chunk_0002,sentiment_synthetic_sentiment_press_release_aw,synthetic,sentiment,3,S3,requires_or_depends_on,"Public confidence depends on artificial intelligence, teacher training and classroom practice.","Public confidence depends on artificial intelligence, teacher training and classroom practice.",policy_claim_00735,policy_ai_competency_framework_for_teachers_chunk_0030,policy,3,P3,This potential of AI to usurp the autonomous decision-making capacity of teachers necessitates a stronger emphasis on teacher agency and on a human-centred mindset that can help ensure that the use of AI serves human capacity development.,This potential of AI to usurp the autonomous decision-making capacity of teachers necessitates a stronger emphasis on teacher agency and on a human-centred mindset that can help ensure that the use of AI serves human capacity development.,0.7081418037414551,0.6974062323570251,0.30259376764297485,sentence_transformer:sentence-transformers/paraphrase-multilingual-MiniLM-L12-v2,False,0.5118606686592102,pooled_empirical_10th_percentile_provisional
synthetic_to_policy,synthetic_sentiment_claim_00410,sentiment_synthetic_sentiment_press_release_aw_chunk_0002,sentiment_synthetic_sentiment_press_release_aw,synthetic,sentiment,3,S3,requires_or_depends_on,"Public confidence depends on digital skills, digital education and student support.","Public confidence depends on digital skills, digital education and student support.",policy_claim_02308,policy_digital_strategy_for_schools_to_2027_chunk_0043,policy,5,P5,Professional digital competence refers to both the ability to use digital technologies and the use of digital technologies to enhance classroom practice.,Professional digital competence refers to both the ability to use digital technologies and the use of digital technologies to enhance classroom practice.,0.7320832014083862,0.7157709002494812,0.2842290997505188,sentence_transformer:sentence-transformers/paraphrase-multilingual-MiniLM-L12-v2,False,0.5118606686592102,pooled_empirical_10th_percentile_provisional
synthetic_to_policy,synthetic_sentiment_claim_00411,sentiment_synthetic_sentiment_press_release_aw_chunk_0003,sentiment_synthetic_sentiment_press_release_aw,synthetic,sentiment,4,S4,requires_or_depends_on,"Public confidence depends on responsible use, professional learning and teaching and learning.","Public confidence depends on responsible use, professional learning and teaching and learning.",policy_claim_00135,policy_2026_01_20_opening_statement_ruth_kennedy_revenue_commissioner_et_al_office_of_the_revenue_commissioners_en_chunk_0003,policy,8,P8,Revenue 's effectiveness as a tax and customs administration depends on the public's trust and confidence in its fairness and integrity.,Revenue 's effectiveness as a tax and customs administration depends on the public's trust and confidence in its fairness and integrity.,0.6345677375793457,0.6223416924476624,0.37765830755233765,sentence_transformer:sentence-transformers/paraphrase-multilingual-MiniLM-L12-v2,False,0.5118606686592102,pooled_empirical_10th_percentile_provisional
synthetic_to_policy,synthetic_sentiment_claim_00412,sentiment_synthetic_sentiment_press_release_aw_chunk_0003,sentiment_synthetic_sentiment_press_release_aw,synthetic,sentiment,4,S4,causes_or_increases,This lack of easily accessible and comprehensible information causes a sense of disconnection and disengagement from the topic.,This lack of easily accessible and comprehensible information causes a sense of disconnection and disengagement from the topic.,policy_claim_03298,policy_l_intelligence_artificielle_dans_les_tablissements_scolaires_sur_le_plan_administratif_et_p_dagogique_chunk_0113,policy,2,P2,"Ce manque de coordination contribue à une multiplicité des discours, potentiellement incohérents entre eux et une absence d'un réel suivi des personnes formées par les formations à l'IA conduisant à des inégalités d'accès aux formations, certains personnels ayant reçu plusieurs formations à ce sujet et d'autres aucune.","Ce manque de coordination contribue à une multiplicité des discours, potentiellement incohérents entre eux et une absence d'un réel suivi des personnes formées par les formations à l'IA conduisant à des inégalités d'accès aux formations, certains personnels ayant reçu plusieurs formations à ce sujet et d'autres aucune.",0.6332492232322693,0.6098290085792542,0.39017099142074585,sentence_transformer:sentence-transformers/paraphrase-multilingual-MiniLM-L12-v2,False,0.5118606686592102,pooled_empirical_10th_percentile_provisional
synthetic_to_policy,synthetic_sentiment_claim_00413,sentiment_synthetic_sentiment_press_release_aw_chunk_0003,sentiment_synthetic_sentiment_press_release_aw,synthetic,sentiment,4,S4,reduces_or_prevents,"There is also some evidence of a paradoxical attitude towards AI where its impact on youth work is being minimised (e.g., 'AI use and awareness is very low, there is no need for it in the sector') , while calling for active resistance against its implementation in youth work (e.g.","There is also some evidence of a paradoxical attitude towards AI where its impact on youth work is being minimised (e.g., 'AI use and awareness is very low, there is no need for it in the sector') , while calling for active resistance against its implementation in youth work (e.g.",policy_claim_03202,policy_l_intelligence_artificielle_dans_les_tablissements_scolaires_sur_le_plan_administratif_et_p_dagogique_chunk_0026,policy,2,P2,"Il faut toutefois souligner la prise de recul de ces élèves qui, dans leur grande majorité, décrivent l'IA comme un simple auxiliaire, une aide à leur travail personnel qu'il ne s'agit pas de déléguer à l'IA.","Il faut toutefois souligner la prise de recul de ces élèves qui, dans leur grande majorité, décrivent l'IA comme un simple auxiliaire, une aide à leur travail personnel qu'il ne s'agit pas de déléguer à l'IA.",0.73557448387146,0.7317476272583008,0.2682523727416992,sentence_transformer:sentence-transformers/paraphrase-multilingual-MiniLM-L12-v2,False,0.5118606686592102,pooled_empirical_10th_percentile_provisional
synthetic_to_policy,synthetic_sentiment_claim_00414,sentiment_synthetic_sentiment_press_release_aw_chunk_0003,sentiment_synthetic_sentiment_press_release_aw,synthetic,sentiment,4,S4,requires_or_depends_on,"Public confidence depends on professional learning, fair access and artificial intelligence.","Public confidence depends on professional learning, fair access and artificial intelligence.",policy_claim_01250,policy_ai_in_australian_education_snapshot_principles_policy_and_practice_august_2023_chunk_0029,policy,6,P6,"Earning the public's trust Including developing technical mechanisms ensuring users know when they are interacting with an AI, a commitment to publicly report on AI systems' capabilities, limitations, and appropriate and inappropriate use, the prioritization of research on risks, and a focus on using the technologies to help address society's greatest challenges.","Earning the public's trust Including developing technical mechanisms ensuring users know when they are interacting with an AI, a commitment to publicly report on AI systems' capabilities, limitations, and appropriate and inappropriate use, the prioritization of research on risks, and a focus on using the technologies to help address society's greatest challenges.",0.6944261789321899,0.6571483612060547,0.3428516387939453,sentence_transformer:sentence-transformers/paraphrase-multilingual-MiniLM-L12-v2,False,0.5118606686592102,pooled_empirical_10th_percentile_provisional
synthetic_to_policy,synthetic_sentiment_claim_00415,sentiment_synthetic_sentiment_press_release_aw_chunk_0004,sentiment_synthetic_sentiment_press_release_aw,synthetic,sentiment,5,S5,requires_or_depends_on,"Public confidence depends on teaching and learning, negative effects and public policy.","Public confidence depends on teaching and learning, negative effects and public policy.",policy_claim_00194,policy_ahisa_member_survey_report_gen_ai_in_australian_independent_schools_chunk_0033,policy,7,P7,It could also create grading inequities between students and across schools and undermine employer or public confidence in students' achievement.,It could also create grading inequities between students and across schools and undermine employer or public confidence in students' achievement.,0.5846339464187622,0.5765016674995422,0.42349833250045776,sentence_transformer:sentence-transformers/paraphrase-multilingual-MiniLM-L12-v2,False,0.5118606686592102,pooled_empirical_10th_percentile_provisional
synthetic_to_policy,synthetic_sentiment_claim_00416,sentiment_synthetic_sentiment_press_release_aw_chunk_0004,sentiment_synthetic_sentiment_press_release_aw,synthetic,sentiment,5,S5,requires_or_depends_on,"Public confidence depends on negative effects, AI tools and professional learning.","Public confidence depends on negative effects, AI tools and professional learning.",policy_claim_03901,policy_using_generative_ai_chunk_0003,policy,0,P0,"One major concern is the reliability of the content generated by AI, which can sometimes be inaccurate or misleading, leading to incorrect decisions/learnings.","One major concern is the reliability of the content generated by AI, which can sometimes be inaccurate or misleading, leading to incorrect decisions/learnings.",0.6933817863464355,0.6769865155220032,0.3230134844779968,sentence_transformer:sentence-transformers/paraphrase-multilingual-MiniLM-L12-v2,False,0.5118606686592102,pooled_empirical_10th_percentile_provisional
synthetic_to_policy,synthetic_sentiment_claim_00417,sentiment_synthetic_sentiment_press_release_ax_chunk_0002,sentiment_synthetic_sentiment_press_release_ax,synthetic,sentiment,3,S3,requires_or_depends_on,"Public confidence depends on AI tools, public confidence and assessment and academic integrity.","Public confidence depends on AI tools, public confidence and assessment and academic integrity.",policy_claim_01250,policy_ai_in_australian_education_snapshot_principles_policy_and_practice_august_2023_chunk_0029,policy,6,P6,"Earning the public's trust Including developing technical mechanisms ensuring users know when they are interacting with an AI, a commitment to publicly report on AI systems' capabilities, limitations, and appropriate and inappropriate use, the prioritization of research on risks, and a focus on using the technologies to help address society's greatest challenges.","Earning the public's trust Including developing technical mechanisms ensuring users know when they are interacting with an AI, a commitment to publicly report on AI systems' capabilities, limitations, and appropriate and inappropriate use, the prioritization of research on risks, and a focus on using the technologies to help address society's greatest challenges.",0.7421239614486694,0.704984724521637,0.29501527547836304,sentence_transformer:sentence-transformers/paraphrase-multilingual-MiniLM-L12-v2,False,0.5118606686592102,pooled_empirical_10th_percentile_provisional
synthetic_to_policy,synthetic_sentiment_claim_00418,sentiment_synthetic_sentiment_press_release_ax_chunk_0002,sentiment_synthetic_sentiment_press_release_ax,synthetic,sentiment,3,S3,requires_or_depends_on,"Public confidence depends on digital skills, teacher training and public policy.","Public confidence depends on digital skills, teacher training and public policy.",policy_claim_03442,policy_men_dne_brochure_ia_2024_uk_web_chunk_0057,policy,2,P2,Lignes directrices pour les enseignants et les éducateurs en matière de lutte contre la désinformation et de promotion de l'habileté numérique par l'éducation et la formation .,Lignes directrices pour les enseignants et les éducateurs en matière de lutte contre la désinformation et de promotion de l'habileté numérique par l'éducation et la formation .,0.718828558921814,0.7072312235832214,0.29276877641677856,sentence_transformer:sentence-transformers/paraphrase-multilingual-MiniLM-L12-v2,False,0.5118606686592102,pooled_empirical_10th_percentile_provisional
synthetic_to_policy,synthetic_sentiment_claim_00419,sentiment_synthetic_sentiment_press_release_ax_chunk_0002,sentiment_synthetic_sentiment_press_release_ax,synthetic,sentiment,3,S3,requires_or_depends_on,"Instead, contemporary frameworks tend to rely on a pragmatic blending of deontology and consequentialism (D/C).","Instead, contemporary frameworks tend to rely on a pragmatic blending of deontology and consequentialism (D/C).",policy_claim_01845,policy_ai_report_us_gov_chunk_0087,policy,8,P8,There won't be just one type of change in R&D because context has multiple meanings.,There won't be just one type of change in R&D because context has multiple meanings.,0.5453753471374512,0.541083037853241,0.45891696214675903,sentence_transformer:sentence-transformers/paraphrase-multilingual-MiniLM-L12-v2,False,0.5118606686592102,pooled_empirical_10th_percentile_provisional
synthetic_to_policy,synthetic_sentiment_claim_00420,sentiment_synthetic_sentiment_press_release_ax_chunk_0002,sentiment_synthetic_sentiment_press_release_ax,synthetic,sentiment,3,S3,requires_or_depends_on,"Public confidence depends on positive effects, student support and AI literacy.","Public confidence depends on positive effects, student support and AI literacy.",policy_claim_01808,policy_ai_report_us_gov_chunk_0072,policy,0,P0,"Student feelings of safety, confidence, and trust in the feedback generated by these AI-enabled systems and tools are essential to showcase their learning.","Student feelings of safety, confidence, and trust in the feedback generated by these AI-enabled systems and tools are essential to showcase their learning.",0.7442938685417175,0.720648467540741,0.27935153245925903,sentence_transformer:sentence-transformers/paraphrase-multilingual-MiniLM-L12-v2,False,0.5118606686592102,pooled_empirical_10th_percentile_provisional
synthetic_to_policy,synthetic_sentiment_claim_00421,sentiment_synthetic_sentiment_press_release_ax_chunk_0003,sentiment_synthetic_sentiment_press_release_ax,synthetic,sentiment,4,S4,requires_or_depends_on,"An integral part of all the recommendations is the cross-sectoral collaboration, since advancing AI in the youth sector needs diverse voices and types of expertise.","An integral part of all the recommendations is the cross-sectoral collaboration, since advancing AI in the youth sector needs diverse voices and types of expertise.",policy_claim_03281,policy_l_intelligence_artificielle_dans_les_tablissements_scolaires_sur_le_plan_administratif_et_p_dagogique_chunk_0095,policy,2,P2,"dominante dans le champ de la formation, doit aller de pair avec une approche transversale nécessaire pour couvrir les enjeux soulevés par l'IA et nécessitant une réflexion collective.","dominante dans le champ de la formation, doit aller de pair avec une approche transversale nécessaire pour couvrir les enjeux soulevés par l'IA et nécessitant une réflexion collective.",0.7244572639465332,0.7170500755310059,0.28294992446899414,sentence_transformer:sentence-transformers/paraphrase-multilingual-MiniLM-L12-v2,False,0.5118606686592102,pooled_empirical_10th_percentile_provisional
synthetic_to_policy,synthetic_sentiment_claim_00422,sentiment_synthetic_sentiment_press_release_ax_chunk_0003,sentiment_synthetic_sentiment_press_release_ax,synthetic,sentiment,4,S4,requires_or_depends_on,"Public confidence depends on teaching and learning, digital skills and artificial intelligence.","Public confidence depends on teaching and learning, digital skills and artificial intelligence.",policy_claim_02312,policy_digital_strategy_for_schools_to_2027_chunk_0044,policy,5,P5,"This will include enhancing the skills development of teachers and school leaders to ensure a digitally competent and confident education system, which will in turn foster the development of digital skills, knowledge and understanding in our student population as provided for in the curriculum.","This will include enhancing the skills development of teachers and school leaders to ensure a digitally competent and confident education system, which will in turn foster the development of digital skills, knowledge and understanding in our student population as provided for in the curriculum.",0.6620486378669739,0.6472168564796448,0.3527831435203552,sentence_transformer:sentence-transformers/paraphrase-multilingual-MiniLM-L12-v2,False,0.5118606686592102,pooled_empirical_10th_percentile_provisional
synthetic_to_policy,synthetic_sentiment_claim_00423,sentiment_synthetic_sentiment_press_release_ax_chunk_0003,sentiment_synthetic_sentiment_press_release_ax,synthetic,sentiment,4,S4,requires_or_depends_on,"With the ongoing automatization of young people's lives (and by extension the youth sector), there is a sense that youth work needs to play a critical role in ensuring that young people become informed and proactive citizens within the new tech-political structures.","With the ongoing automatization of young people's lives (and by extension the youth sector), there is a sense that youth work needs to play a critical role in ensuring that young people become informed and proactive citizens within the new tech-political structures.",policy_claim_00440,policy_ai_competency_framework_for_students_chunk_0022,policy,3,P3,"The role of the education sector is not only to prepare students to adapt to a society that is increasingly being transformed by AI technologies; it also has a key role to play in empowering young people to help co-create sustainable futures by rebalancing our relationships, not only with others, but also with technology and the environment.","The role of the education sector is not only to prepare students to adapt to a society that is increasingly being transformed by AI technologies; it also has a key role to play in empowering young people to help co-create sustainable futures by rebalancing our relationships, not only with others, but also with technology and the environment.",0.633404016494751,0.6279388070106506,0.37206119298934937,sentence_transformer:sentence-transformers/paraphrase-multilingual-MiniLM-L12-v2,False,0.5118606686592102,pooled_empirical_10th_percentile_provisional
synthetic_to_policy,synthetic_sentiment_claim_00424,sentiment_synthetic_sentiment_press_release_ax_chunk_0003,sentiment_synthetic_sentiment_press_release_ax,synthetic,sentiment,4,S4,requires_or_depends_on,"Public confidence depends on responsible use, digital skills and AI tools.","Public confidence depends on responsible use, digital skills and AI tools.",policy_claim_01250,policy_ai_in_australian_education_snapshot_principles_policy_and_practice_august_2023_chunk_0029,policy,6,P6,"Earning the public's trust Including developing technical mechanisms ensuring users know when they are interacting with an AI, a commitment to publicly report on AI systems' capabilities, limitations, and appropriate and inappropriate use, the prioritization of research on risks, and a focus on using the technologies to help address society's greatest challenges.","Earning the public's trust Including developing technical mechanisms ensuring users know when they are interacting with an AI, a commitment to publicly report on AI systems' capabilities, limitations, and appropriate and inappropriate use, the prioritization of research on risks, and a focus on using the technologies to help address society's greatest challenges.",0.7791712284088135,0.7293327450752258,0.27066725492477417,sentence_transformer:sentence-transformers/paraphrase-multilingual-MiniLM-L12-v2,False,0.5118606686592102,pooled_empirical_10th_percentile_provisional
synthetic_to_policy,synthetic_sentiment_claim_00425,sentiment_synthetic_sentiment_press_release_ax_chunk_0003,sentiment_synthetic_sentiment_press_release_ax,synthetic,sentiment,4,S4,requires_or_depends_on,"Public confidence depends on student support, assessment and academic integrity and AI tools.","Public confidence depends on student support, assessment and academic integrity and AI tools.",policy_claim_01808,policy_ai_report_us_gov_chunk_0072,policy,0,P0,"Student feelings of safety, confidence, and trust in the feedback generated by these AI-enabled systems and tools are essential to showcase their learning.","Student feelings of safety, confidence, and trust in the feedback generated by these AI-enabled systems and tools are essential to showcase their learning.",0.7347365021705627,0.7272927165031433,0.2727072834968567,sentence_transformer:sentence-transformers/paraphrase-multilingual-MiniLM-L12-v2,False,0.5118606686592102,pooled_empirical_10th_percentile_provisional
synthetic_to_policy,synthetic_sentiment_claim_00426,sentiment_synthetic_sentiment_press_release_ax_chunk_0004,sentiment_synthetic_sentiment_press_release_ax,synthetic,sentiment,3,S3,requires_or_depends_on,"Public confidence depends on trust and transparency, responsible use and fair access.","Public confidence depends on trust and transparency, responsible use and fair access.",policy_claim_00135,policy_2026_01_20_opening_statement_ruth_kennedy_revenue_commissioner_et_al_office_of_the_revenue_commissioners_en_chunk_0003,policy,8,P8,Revenue 's effectiveness as a tax and customs administration depends on the public's trust and confidence in its fairness and integrity.,Revenue 's effectiveness as a tax and customs administration depends on the public's trust and confidence in its fairness and integrity.,0.7573974132537842,0.6780683994293213,0.3219316005706787,sentence_transformer:sentence-transformers/paraphrase-multilingual-MiniLM-L12-v2,False,0.5118606686592102,pooled_empirical_10th_percentile_provisional
synthetic_to_policy,synthetic_sentiment_claim_00427,sentiment_synthetic_sentiment_press_release_ay_chunk_0001,sentiment_synthetic_sentiment_press_release_ay,synthetic,sentiment,3,S3,requires_or_depends_on,"Public confidence depends on AI tools, responsible use and professional learning.","Public confidence depends on AI tools, responsible use and professional learning.",policy_claim_01250,policy_ai_in_australian_education_snapshot_principles_policy_and_practice_august_2023_chunk_0029,policy,6,P6,"Earning the public's trust Including developing technical mechanisms ensuring users know when they are interacting with an AI, a commitment to publicly report on AI systems' capabilities, limitations, and appropriate and inappropriate use, the prioritization of research on risks, and a focus on using the technologies to help address society's greatest challenges.","Earning the public's trust Including developing technical mechanisms ensuring users know when they are interacting with an AI, a commitment to publicly report on AI systems' capabilities, limitations, and appropriate and inappropriate use, the prioritization of research on risks, and a focus on using the technologies to help address society's greatest challenges.",0.7936778664588928,0.7345539927482605,0.2654460072517395,sentence_transformer:sentence-transformers/paraphrase-multilingual-MiniLM-L12-v2,False,0.5118606686592102,pooled_empirical_10th_percentile_provisional
synthetic_to_policy,synthetic_sentiment_claim_00428,sentiment_synthetic_sentiment_press_release_ay_chunk_0001,sentiment_synthetic_sentiment_press_release_ay,synthetic,sentiment,3,S3,enables_or_supports,"For example, they outlined how the use of ChatGPT was useful for planning, expressing frustration at the need for very specific prompts but how this also helped them to clarify their own thoughts.","For example, they outlined how the use of ChatGPT was useful for planning, expressing frustration at the need for very specific prompts but how this also helped them to clarify their own thoughts.",policy_claim_02084,policy_artificial_intelligence_policy_chunk_0007,policy,0,P0,"Where ChatGPT for example has been used to support the development of content for a course, it should be acknowledged.","Where ChatGPT for example has been used to support the development of content for a course, it should be acknowledged.",0.715072751045227,0.6754980087280273,0.32450199127197266,sentence_transformer:sentence-transformers/paraphrase-multilingual-MiniLM-L12-v2,False,0.5118606686592102,pooled_empirical_10th_percentile_provisional
synthetic_to_policy,synthetic_sentiment_claim_00429,sentiment_synthetic_sentiment_press_release_ay_chunk_0001,sentiment_synthetic_sentiment_press_release_ay,synthetic,sentiment,3,S3,requires_or_depends_on,"Public confidence depends on privacy and data protection, fair access and digital skills.","Public confidence depends on privacy and data protection, fair access and digital skills.",policy_claim_03792,policy_tafe_nsw_generative_artificial_intelligence_in_education_policy_chunk_0003,policy,6,P6,"Respect and uphold privacy and data protection principles to ensure the security of data, prevent data leakage, and avoid unnecessary data collection; - d.","Respect and uphold privacy and data protection principles to ensure the security of data, prevent data leakage, and avoid unnecessary data collection; - d.",0.6955372095108032,0.6719627380371094,0.3280372619628906,sentence_transformer:sentence-transformers/paraphrase-multilingual-MiniLM-L12-v2,False,0.5118606686592102,pooled_empirical_10th_percentile_provisional
synthetic_to_policy,synthetic_sentiment_claim_00430,sentiment_synthetic_sentiment_press_release_ay_chunk_0001,sentiment_synthetic_sentiment_press_release_ay,synthetic,sentiment,3,S3,requires_or_depends_on,"Public confidence depends on positive effects, responsible use and digital skills.","Public confidence depends on positive effects, responsible use and digital skills.",policy_claim_00135,policy_2026_01_20_opening_statement_ruth_kennedy_revenue_commissioner_et_al_office_of_the_revenue_commissioners_en_chunk_0003,policy,8,P8,Revenue 's effectiveness as a tax and customs administration depends on the public's trust and confidence in its fairness and integrity.,Revenue 's effectiveness as a tax and customs administration depends on the public's trust and confidence in its fairness and integrity.,0.6327263116836548,0.618328869342804,0.38167113065719604,sentence_transformer:sentence-transformers/paraphrase-multilingual-MiniLM-L12-v2,False,0.5118606686592102,pooled_empirical_10th_percentile_provisional
synthetic_to_policy,synthetic_sentiment_claim_00431,sentiment_synthetic_sentiment_press_release_ay_chunk_0001,sentiment_synthetic_sentiment_press_release_ay,synthetic,sentiment,3,S3,enables_or_supports,"In short, teachers need to be supported through a range of focused professional learning pathways to enable them to develop an understanding of how to effectively use existing and future AI powered tools in their classroom.","In short, teachers need to be supported through a range of focused professional learning pathways to enable them to develop an understanding of how to effectively use existing and future AI powered tools in their classroom.",policy_claim_00824,policy_ai_competency_framework_for_teachers_chunk_0052,policy,3,P3,"Furthermore, at this level, teachers should have the skills to identify, evaluate, select and apply AI tools to enhance teaching and learning practices.","Furthermore, at this level, teachers should have the skills to identify, evaluate, select and apply AI tools to enhance teaching and learning practices.",0.8594202995300293,0.8419486880302429,0.15805131196975708,sentence_transformer:sentence-transformers/paraphrase-multilingual-MiniLM-L12-v2,False,0.5118606686592102,pooled_empirical_10th_percentile_provisional
synthetic_to_policy,synthetic_sentiment_claim_00432,sentiment_synthetic_sentiment_press_release_ay_chunk_0001,sentiment_synthetic_sentiment_press_release_ay,synthetic,sentiment,3,S3,requires_or_depends_on,"Public confidence depends on digital skills, responsible use and young people.","Public confidence depends on digital skills, responsible use and young people.",policy_claim_02335,policy_digital_strategy_for_schools_to_2027_chunk_0052,policy,5,P5,"There is clear evidence on the need to support digital competence in adults and young people with 44% of EU citizens having an insufficient level of digital skills, with Ireland slightly above the EU average at 46% 34 .","There is clear evidence on the need to support digital competence in adults and young people with 44% of EU citizens having an insufficient level of digital skills, with Ireland slightly above the EU average at 46% 34 .",0.6638340950012207,0.660630464553833,0.339369535446167,sentence_transformer:sentence-transformers/paraphrase-multilingual-MiniLM-L12-v2,False,0.5118606686592102,pooled_empirical_10th_percentile_provisional
synthetic_to_policy,synthetic_sentiment_claim_00433,sentiment_synthetic_sentiment_press_release_ay_chunk_0001,sentiment_synthetic_sentiment_press_release_ay,synthetic,sentiment,3,S3,requires_or_depends_on,"Public confidence depends on digital education, public policy and privacy and data protection.","Public confidence depends on digital education, public policy and privacy and data protection.",policy_claim_02003,policy_ai_systems_in_teaching_and_learning_principles_and_practical_exa_chunk_0025,policy,6,P6,"They elaborate by saying, 'Data protection policies should ensure that the collection of data contributes to securing effectiveness and equity in education while protecting students' and teachers' privacy' (p.","They elaborate by saying, 'Data protection policies should ensure that the collection of data contributes to securing effectiveness and equity in education while protecting students' and teachers' privacy' (p.",0.6933428049087524,0.6705628037452698,0.3294371962547302,sentence_transformer:sentence-transformers/paraphrase-multilingual-MiniLM-L12-v2,False,0.5118606686592102,pooled_empirical_10th_percentile_provisional
synthetic_to_policy,synthetic_sentiment_claim_00434,sentiment_synthetic_sentiment_press_release_ay_chunk_0002,sentiment_synthetic_sentiment_press_release_ay,synthetic,sentiment,3,S3,enables_or_supports,"Likewise, the School of Computational Thinking and AI Escuela de Pensamiento Computacional e Inteligencia Artificial - EPCIA has offered a range of CPD activities aimed at supporting educators in the use of GenAI.","Likewise, the School of Computational Thinking and AI Escuela de Pensamiento Computacional e Inteligencia Artificial - EPCIA has offered a range of CPD activities aimed at supporting educators in the use of GenAI.",policy_claim_00616,policy_ai_competency_framework_for_students_chunk_0097,policy,3,P3,"By including a focus on AI, the CCDI curriculum encourages students to develop their creativity and problem-solving skills; build an awareness of ethics and ethical impacts; learn and rehearse fundamental AI principles and concepts; and cross-fertilize their knowledge across fields.","By including a focus on AI, the CCDI curriculum encourages students to develop their creativity and problem-solving skills; build an awareness of ethics and ethical impacts; learn and rehearse fundamental AI principles and concepts; and cross-fertilize their knowledge across fields.",0.6793951988220215,0.6597275733947754,0.3402724266052246,sentence_transformer:sentence-transformers/paraphrase-multilingual-MiniLM-L12-v2,False,0.5118606686592102,pooled_empirical_10th_percentile_provisional
synthetic_to_policy,synthetic_sentiment_claim_00435,sentiment_synthetic_sentiment_press_release_ay_chunk_0002,sentiment_synthetic_sentiment_press_release_ay,synthetic,sentiment,3,S3,requires_or_depends_on,"Public confidence depends on negative effects, human oversight and fair access.","Public confidence depends on negative effects, human oversight and fair access.",policy_claim_00135,policy_2026_01_20_opening_statement_ruth_kennedy_revenue_commissioner_et_al_office_of_the_revenue_commissioners_en_chunk_0003,policy,8,P8,Revenue 's effectiveness as a tax and customs administration depends on the public's trust and confidence in its fairness and integrity.,Revenue 's effectiveness as a tax and customs administration depends on the public's trust and confidence in its fairness and integrity.,0.6302217841148376,0.5999249815940857,0.4000750184059143,sentence_transformer:sentence-transformers/paraphrase-multilingual-MiniLM-L12-v2,False,0.5118606686592102,pooled_empirical_10th_percentile_provisional
synthetic_to_policy,synthetic_sentiment_claim_00436,sentiment_synthetic_sentiment_press_release_ay_chunk_0002,sentiment_synthetic_sentiment_press_release_ay,synthetic,sentiment,3,S3,requires_or_depends_on,"Public confidence depends on public policy, positive effects and teaching and learning.","Public confidence depends on public policy, positive effects and teaching and learning.",policy_claim_00135,policy_2026_01_20_opening_statement_ruth_kennedy_revenue_commissioner_et_al_office_of_the_revenue_commissioners_en_chunk_0003,policy,8,P8,Revenue 's effectiveness as a tax and customs administration depends on the public's trust and confidence in its fairness and integrity.,Revenue 's effectiveness as a tax and customs administration depends on the public's trust and confidence in its fairness and integrity.,0.6517421007156372,0.5928595662117004,0.40714043378829956,sentence_transformer:sentence-transformers/paraphrase-multilingual-MiniLM-L12-v2,False,0.5118606686592102,pooled_empirical_10th_percentile_provisional
synthetic_to_policy,synthetic_sentiment_claim_00437,sentiment_synthetic_sentiment_press_release_ay_chunk_0003,sentiment_synthetic_sentiment_press_release_ay,synthetic,sentiment,4,S4,enables_or_supports,"The purpose is to establish a baseline for what the current understanding of AI might be and what future youth work ers and youth practitioners' centred support is needed to ensure that any AI policymaking, education, and training actions are based on knowledge and relevant to the sector.","The purpose is to establish a baseline for what the current understanding of AI might be and what future youth work ers and youth practitioners' centred support is needed to ensure that any AI policymaking, education, and training actions are based on knowledge and relevant to the sector.",policy_claim_02795,policy_guidance_on_artificial_intelligence_in_schools_2025_chunk_0002,policy,7,P7,"It is intended to promote a shared understanding of AI to set out principles for its responsible and appropriate use and to support school leaders and teachers in making informed decisions on using AI, having regard to safety and privacy requirements.","It is intended to promote a shared understanding of AI to set out principles for its responsible and appropriate use and to support school leaders and teachers in making informed decisions on using AI, having regard to safety and privacy requirements.",0.7896788120269775,0.7862275242805481,0.2137724757194519,sentence_transformer:sentence-transformers/paraphrase-multilingual-MiniLM-L12-v2,False,0.5118606686592102,pooled_empirical_10th_percentile_provisional
synthetic_to_policy,synthetic_sentiment_claim_00438,sentiment_synthetic_sentiment_press_release_ay_chunk_0003,sentiment_synthetic_sentiment_press_release_ay,synthetic,sentiment,4,S4,requires_or_depends_on,"The following questions guided this research study: Public confidence depends on AI tools, digital education and artificial intelligence.","The following questions guided this research study: Public confidence depends on AI tools, digital education and artificial intelligence.",policy_claim_01250,policy_ai_in_australian_education_snapshot_principles_policy_and_practice_august_2023_chunk_0029,policy,6,P6,"Earning the public's trust Including developing technical mechanisms ensuring users know when they are interacting with an AI, a commitment to publicly report on AI systems' capabilities, limitations, and appropriate and inappropriate use, the prioritization of research on risks, and a focus on using the technologies to help address society's greatest challenges.","Earning the public's trust Including developing technical mechanisms ensuring users know when they are interacting with an AI, a commitment to publicly report on AI systems' capabilities, limitations, and appropriate and inappropriate use, the prioritization of research on risks, and a focus on using the technologies to help address society's greatest challenges.",0.7280126810073853,0.711171567440033,0.28882843255996704,sentence_transformer:sentence-transformers/paraphrase-multilingual-MiniLM-L12-v2,False,0.5118606686592102,pooled_empirical_10th_percentile_provisional
synthetic_to_policy,synthetic_sentiment_claim_00439,sentiment_synthetic_sentiment_press_release_ay_chunk_0003,sentiment_synthetic_sentiment_press_release_ay,synthetic,sentiment,4,S4,requires_or_depends_on,"Public confidence depends on classroom practice, young people and artificial intelligence.","Public confidence depends on classroom practice, young people and artificial intelligence.",policy_claim_00163,policy_ahisa_member_survey_report_gen_ai_in_australian_independent_schools_chunk_0023,policy,7,P7,"The variety and nuance apparent in respondents' comments suggest that schools need a large measure of autonomy in directing the use of generative AI tools by their students if they are to take account of student, parent and staff needs and expectations within their communities.","The variety and nuance apparent in respondents' comments suggest that schools need a large measure of autonomy in directing the use of generative AI tools by their students if they are to take account of student, parent and staff needs and expectations within their communities.",0.6945757269859314,0.6852310299873352,0.3147689700126648,sentence_transformer:sentence-transformers/paraphrase-multilingual-MiniLM-L12-v2,False,0.5118606686592102,pooled_empirical_10th_percentile_provisional
synthetic_to_policy,synthetic_sentiment_claim_00440,sentiment_synthetic_sentiment_press_release_ay_chunk_0003,sentiment_synthetic_sentiment_press_release_ay,synthetic,sentiment,4,S4,requires_or_depends_on,"Public confidence depends on negative effects, AI tools and responsible use.","Public confidence depends on negative effects, AI tools and responsible use.",policy_claim_01250,policy_ai_in_australian_education_snapshot_principles_policy_and_practice_august_2023_chunk_0029,policy,6,P6,"Earning the public's trust Including developing technical mechanisms ensuring users know when they are interacting with an AI, a commitment to publicly report on AI systems' capabilities, limitations, and appropriate and inappropriate use, the prioritization of research on risks, and a focus on using the technologies to help address society's greatest challenges.","Earning the public's trust Including developing technical mechanisms ensuring users know when they are interacting with an AI, a commitment to publicly report on AI systems' capabilities, limitations, and appropriate and inappropriate use, the prioritization of research on risks, and a focus on using the technologies to help address society's greatest challenges.",0.708894670009613,0.6842910647392273,0.3157089352607727,sentence_transformer:sentence-transformers/paraphrase-multilingual-MiniLM-L12-v2,False,0.5118606686592102,pooled_empirical_10th_percentile_provisional
synthetic_to_policy,synthetic_sentiment_claim_00441,sentiment_synthetic_sentiment_press_release_ay_chunk_0003,sentiment_synthetic_sentiment_press_release_ay,synthetic,sentiment,4,S4,requires_or_depends_on,"Public confidence depends on assessment and academic integrity, artificial intelligence and teacher training.","Public confidence depends on assessment and academic integrity, artificial intelligence and teacher training.",policy_claim_03161,policy_k_12_artificial_intelligence_ai_use_guidelines_chunk_0021,policy,7,P7,"Academic Integrity Students, teachers, staff, administrators, and affiliates will use AI to advance the fundamental values of academic integrity - honesty, trust, fairness, respect, and responsibility.","Academic Integrity Students, teachers, staff, administrators, and affiliates will use AI to advance the fundamental values of academic integrity - honesty, trust, fairness, respect, and responsibility.",0.6613273620605469,0.6584967970848083,0.34150320291519165,sentence_transformer:sentence-transformers/paraphrase-multilingual-MiniLM-L12-v2,False,0.5118606686592102,pooled_empirical_10th_percentile_provisional
synthetic_to_policy,synthetic_sentiment_claim_00442,sentiment_synthetic_sentiment_press_release_ay_chunk_0004,sentiment_synthetic_sentiment_press_release_ay,synthetic,sentiment,3,S3,enables_or_supports,"Meanwhile, the OECD's Opportunities, guidelines and guardrails for effective and equitable use of AI in education () focuses mainly on how to 'integrate' AI into education in order to leverage AI for 'personalised learning' and administrative 'efficiency'.","Meanwhile, the OECD's Opportunities, guidelines and guardrails for effective and equitable use of AI in education () focuses mainly on how to 'integrate' AI into education in order to leverage AI for 'personalised learning' and administrative 'efficiency'.",policy_claim_03324,policy_l_intelligence_artificielle_dans_les_tablissements_scolaires_sur_le_plan_administratif_et_p_dagogique_chunk_0135,policy,2,P2,"Loin de remettre en cause le rô le de l'enseignant et de l'école, l'IA renforce l'importance de l'éducation et le rôle fondamental des enseignants pour former les générations futures à un usage éthique, critique et créatif de l'IA mais aussi pour délimiter les usages pédagogiques pertinents de l'IA à l'école afin que l'IA soit véritablement un outil au service d'une école plus juste et plus performante.","Loin de remettre en cause le rô le de l'enseignant et de l'école, l'IA renforce l'importance de l'éducation et le rôle fondamental des enseignants pour former les générations futures à un usage éthique, critique et créatif de l'IA mais aussi pour délimiter les usages pédagogiques pertinents de l'IA à l'école afin que l'IA soit véritablement un outil au service d'une école plus juste et plus performante.",0.8003590106964111,0.7900382876396179,0.20996171236038208,sentence_transformer:sentence-transformers/paraphrase-multilingual-MiniLM-L12-v2,False,0.5118606686592102,pooled_empirical_10th_percentile_provisional
synthetic_to_policy,synthetic_sentiment_claim_00443,sentiment_synthetic_sentiment_press_release_ay_chunk_0004,sentiment_synthetic_sentiment_press_release_ay,synthetic,sentiment,3,S3,enables_or_supports,"In other words, it assumes that the integration of AI into education is ultimately effective (despite the lack of evidence to support such a view).","In other words, it assumes that the integration of AI into education is ultimately effective (despite the lack of evidence to support such a view).",policy_claim_00993,policy_ai_guidance_chunk_0011,policy,6,P6,Schools teach and encourage thoughtful integration of AI rather than penalizing use outright.,Schools teach and encourage thoughtful integration of AI rather than penalizing use outright.,0.7798970937728882,0.7701869010925293,0.2298130989074707,sentence_transformer:sentence-transformers/paraphrase-multilingual-MiniLM-L12-v2,False,0.5118606686592102,pooled_empirical_10th_percentile_provisional
synthetic_to_policy,synthetic_sentiment_claim_00444,sentiment_synthetic_sentiment_press_release_ay_chunk_0004,sentiment_synthetic_sentiment_press_release_ay,synthetic,sentiment,3,S3,requires_or_depends_on,"Public confidence depends on young people, generative AI and fair access.","Public confidence depends on young people, generative AI and fair access.",policy_claim_01250,policy_ai_in_australian_education_snapshot_principles_policy_and_practice_august_2023_chunk_0029,policy,6,P6,"Earning the public's trust Including developing technical mechanisms ensuring users know when they are interacting with an AI, a commitment to publicly report on AI systems' capabilities, limitations, and appropriate and inappropriate use, the prioritization of research on risks, and a focus on using the technologies to help address society's greatest challenges.","Earning the public's trust Including developing technical mechanisms ensuring users know when they are interacting with an AI, a commitment to publicly report on AI systems' capabilities, limitations, and appropriate and inappropriate use, the prioritization of research on risks, and a focus on using the technologies to help address society's greatest challenges.",0.712837815284729,0.6673905849456787,0.3326094150543213,sentence_transformer:sentence-transformers/paraphrase-multilingual-MiniLM-L12-v2,False,0.5118606686592102,pooled_empirical_10th_percentile_provisional
synthetic_to_policy,synthetic_sentiment_claim_00445,sentiment_synthetic_sentiment_press_release_az_chunk_0001,sentiment_synthetic_sentiment_press_release_az,synthetic,sentiment,3,S3,requires_or_depends_on,"Public confidence depends on classroom practice, fair access and trust and transparency.","Public confidence depends on classroom practice, fair access and trust and transparency.",policy_claim_01871,policy_ai_report_us_gov_chunk_0094,policy,7,P7,"More transparency and authentic dialogue can foster trust, which was mentioned by a researcher as a chief concern for all teachers and students.","More transparency and authentic dialogue can foster trust, which was mentioned by a researcher as a chief concern for all teachers and students.",0.7495810985565186,0.731433093547821,0.26856690645217896,sentence_transformer:sentence-transformers/paraphrase-multilingual-MiniLM-L12-v2,False,0.5118606686592102,pooled_empirical_10th_percentile_provisional
synthetic_to_policy,synthetic_sentiment_claim_00446,sentiment_synthetic_sentiment_press_release_az_chunk_0001,sentiment_synthetic_sentiment_press_release_az,synthetic,sentiment,3,S3,requires_or_depends_on,"Public confidence depends on teaching and learning, fair access and young people.","Public confidence depends on teaching and learning, fair access and young people.",policy_claim_01084,policy_ai_guidance_chunk_0061,policy,7,P7,This consideration is important as schools work to create cultures where honesty is normalized and met with trust-not suspicion.,This consideration is important as schools work to create cultures where honesty is normalized and met with trust-not suspicion.,0.6240328550338745,0.61769700050354,0.38230299949645996,sentence_transformer:sentence-transformers/paraphrase-multilingual-MiniLM-L12-v2,False,0.5118606686592102,pooled_empirical_10th_percentile_provisional
synthetic_to_policy,synthetic_sentiment_claim_00447,sentiment_synthetic_sentiment_press_release_az_chunk_0001,sentiment_synthetic_sentiment_press_release_az,synthetic,sentiment,3,S3,requires_or_depends_on,"Indicative comment: 'So I think teachers need to be trained up on the various technologies, I think, yeah, continuous professional learning is hugely important.","Indicative comment: 'So I think teachers need to be trained up on the various technologies, I think, yeah, continuous professional learning is hugely important.",policy_claim_02338,policy_digital_strategy_for_schools_to_2027_chunk_0053,policy,5,P5,"As such, it is important for teachers, with the necessary support, to develop their own competence in this area in line with emerging trends and requirements, in order to fully realise the potential of digital technologies to support and enhance teaching, learning and assessment practices and to provide the most up ­ to ­ date learning experiences for learners.","As such, it is important for teachers, with the necessary support, to develop their own competence in this area in line with emerging trends and requirements, in order to fully realise the potential of digital technologies to support and enhance teaching, learning and assessment practices and to provide the most up ­ to ­ date learning experiences for learners.",0.7769491076469421,0.7626522183418274,0.2373477816581726,sentence_transformer:sentence-transformers/paraphrase-multilingual-MiniLM-L12-v2,False,0.5118606686592102,pooled_empirical_10th_percentile_provisional
synthetic_to_policy,synthetic_sentiment_claim_00448,sentiment_synthetic_sentiment_press_release_az_chunk_0001,sentiment_synthetic_sentiment_press_release_az,synthetic,sentiment,3,S3,requires_or_depends_on,"Public confidence depends on positive effects, student support and generative AI.","Public confidence depends on positive effects, student support and generative AI.",policy_claim_01808,policy_ai_report_us_gov_chunk_0072,policy,0,P0,"Student feelings of safety, confidence, and trust in the feedback generated by these AI-enabled systems and tools are essential to showcase their learning.","Student feelings of safety, confidence, and trust in the feedback generated by these AI-enabled systems and tools are essential to showcase their learning.",0.7512210607528687,0.7177157402038574,0.2822842597961426,sentence_transformer:sentence-transformers/paraphrase-multilingual-MiniLM-L12-v2,False,0.5118606686592102,pooled_empirical_10th_percentile_provisional
synthetic_to_policy,synthetic_sentiment_claim_00449,sentiment_synthetic_sentiment_press_release_az_chunk_0001,sentiment_synthetic_sentiment_press_release_az,synthetic,sentiment,3,S3,requires_or_depends_on,"Public confidence depends on professional learning, teaching and learning and privacy and data protection.","Public confidence depends on professional learning, teaching and learning and privacy and data protection.",policy_claim_02003,policy_ai_systems_in_teaching_and_learning_principles_and_practical_exa_chunk_0025,policy,6,P6,"They elaborate by saying, 'Data protection policies should ensure that the collection of data contributes to securing effectiveness and equity in education while protecting students' and teachers' privacy' (p.","They elaborate by saying, 'Data protection policies should ensure that the collection of data contributes to securing effectiveness and equity in education while protecting students' and teachers' privacy' (p.",0.6679694652557373,0.6496253609657288,0.35037463903427124,sentence_transformer:sentence-transformers/paraphrase-multilingual-MiniLM-L12-v2,False,0.5118606686592102,pooled_empirical_10th_percentile_provisional
synthetic_to_policy,synthetic_sentiment_claim_00450,sentiment_synthetic_sentiment_press_release_az_chunk_0002,sentiment_synthetic_sentiment_press_release_az,synthetic,sentiment,3,S3,enables_or_supports,"Proposition de règlement du parlement européen et du conseil établissant des règles en vue de prévenir et de combattre les abus sexuels sur enfants, n° /, du mai ; Voir également : Le Monde, « Chat Control » : le projet européen de surveillance des messageries largement abandonné , oct.","Proposition de règlement du parlement européen et du conseil établissant des règles en vue de prévenir et de combattre les abus sexuels sur enfants, n° /, du mai ; Voir également : Le Monde, « Chat Control » : le projet européen de surveillance des messageries largement abandonné , oct.",policy_claim_03494,policy_oco_ai_policy_spotlight_report_chunk_0021,policy,1,P1,"European Parliament research highlights the need for legal action to tackle the threats of deepfakes, increased industry efforts, and better implementation of relevant EU legislation including the AI Act and Digital Services Act, enhanced generative AI literacy for children, educators and parents, and monitoring indicators for children's online use.","European Parliament research highlights the need for legal action to tackle the threats of deepfakes, increased industry efforts, and better implementation of relevant EU legislation including the AI Act and Digital Services Act, enhanced generative AI literacy for children, educators and parents, and monitoring indicators for children's online use.",0.648976743221283,0.6220366954803467,0.3779633045196533,sentence_transformer:sentence-transformers/paraphrase-multilingual-MiniLM-L12-v2,False,0.5118606686592102,pooled_empirical_10th_percentile_provisional
synthetic_to_policy,synthetic_sentiment_claim_00451,sentiment_synthetic_sentiment_press_release_az_chunk_0002,sentiment_synthetic_sentiment_press_release_az,synthetic,sentiment,3,S3,requires_or_depends_on,": « Chat Control » : le projet européen de surveillance des messageries largement abandonné Public confidence depends on digital skills, public confidence and AI literacy.",": « Chat Control » : le projet européen de surveillance des messageries largement abandonné Public confidence depends on digital skills, public confidence and AI literacy.",policy_claim_01250,policy_ai_in_australian_education_snapshot_principles_policy_and_practice_august_2023_chunk_0029,policy,6,P6,"Earning the public's trust Including developing technical mechanisms ensuring users know when they are interacting with an AI, a commitment to publicly report on AI systems' capabilities, limitations, and appropriate and inappropriate use, the prioritization of research on risks, and a focus on using the technologies to help address society's greatest challenges.","Earning the public's trust Including developing technical mechanisms ensuring users know when they are interacting with an AI, a commitment to publicly report on AI systems' capabilities, limitations, and appropriate and inappropriate use, the prioritization of research on risks, and a focus on using the technologies to help address society's greatest challenges.",0.6230566501617432,0.6168244481086731,0.3831755518913269,sentence_transformer:sentence-transformers/paraphrase-multilingual-MiniLM-L12-v2,False,0.5118606686592102,pooled_empirical_10th_percentile_provisional
synthetic_to_policy,synthetic_sentiment_claim_00452,sentiment_synthetic_sentiment_press_release_az_chunk_0002,sentiment_synthetic_sentiment_press_release_az,synthetic,sentiment,3,S3,requires_or_depends_on,"Public confidence depends on public policy, human oversight and generative AI.","Public confidence depends on public policy, human oversight and generative AI.",policy_claim_01250,policy_ai_in_australian_education_snapshot_principles_policy_and_practice_august_2023_chunk_0029,policy,6,P6,"Earning the public's trust Including developing technical mechanisms ensuring users know when they are interacting with an AI, a commitment to publicly report on AI systems' capabilities, limitations, and appropriate and inappropriate use, the prioritization of research on risks, and a focus on using the technologies to help address society's greatest challenges.","Earning the public's trust Including developing technical mechanisms ensuring users know when they are interacting with an AI, a commitment to publicly report on AI systems' capabilities, limitations, and appropriate and inappropriate use, the prioritization of research on risks, and a focus on using the technologies to help address society's greatest challenges.",0.7302341461181641,0.7052571177482605,0.2947428822517395,sentence_transformer:sentence-transformers/paraphrase-multilingual-MiniLM-L12-v2,False,0.5118606686592102,pooled_empirical_10th_percentile_provisional
synthetic_to_policy,synthetic_sentiment_claim_00453,sentiment_synthetic_sentiment_press_release_az_chunk_0002,sentiment_synthetic_sentiment_press_release_az,synthetic,sentiment,3,S3,causes_or_increases,"Sara Osuna-Acedo, Carlos Escaño, Itziar Santoveña and Luis López contributed to the study in Spain (ES), conducted by the Universidad Nacional de Educación a Distancia (UNED).","Sara Osuna-Acedo, Carlos Escaño, Itziar Santoveña and Luis López contributed to the study in Spain (ES), conducted by the Universidad Nacional de Educación a Distancia (UNED).",policy_claim_03242,policy_l_intelligence_artificielle_dans_les_tablissements_scolaires_sur_le_plan_administratif_et_p_dagogique_chunk_0071,policy,2,P2,"L'usage de l'IA au service de l'évaluation se développe ainsi en Espagne où la plateforme américaine Gradescope est utilisée dans les écoles pour permettre une gestion facilitée des évaluations, en amont d'une correction humaine 16 .","L'usage de l'IA au service de l'évaluation se développe ainsi en Espagne où la plateforme américaine Gradescope est utilisée dans les écoles pour permettre une gestion facilitée des évaluations, en amont d'une correction humaine 16 .",0.464997261762619,0.43855777382850647,0.5614422261714935,sentence_transformer:sentence-transformers/paraphrase-multilingual-MiniLM-L12-v2,True,0.5118606686592102,pooled_empirical_10th_percentile_provisional
synthetic_to_policy,synthetic_sentiment_claim_00454,sentiment_synthetic_sentiment_press_release_az_chunk_0002,sentiment_synthetic_sentiment_press_release_az,synthetic,sentiment,3,S3,requires_or_depends_on,"Public confidence depends on artificial intelligence, teaching and learning and AI tools.","Public confidence depends on artificial intelligence, teaching and learning and AI tools.",policy_claim_01250,policy_ai_in_australian_education_snapshot_principles_policy_and_practice_august_2023_chunk_0029,policy,6,P6,"Earning the public's trust Including developing technical mechanisms ensuring users know when they are interacting with an AI, a commitment to publicly report on AI systems' capabilities, limitations, and appropriate and inappropriate use, the prioritization of research on risks, and a focus on using the technologies to help address society's greatest challenges.","Earning the public's trust Including developing technical mechanisms ensuring users know when they are interacting with an AI, a commitment to publicly report on AI systems' capabilities, limitations, and appropriate and inappropriate use, the prioritization of research on risks, and a focus on using the technologies to help address society's greatest challenges.",0.7453275918960571,0.7097931504249573,0.2902068495750427,sentence_transformer:sentence-transformers/paraphrase-multilingual-MiniLM-L12-v2,False,0.5118606686592102,pooled_empirical_10th_percentile_provisional
synthetic_to_policy,synthetic_sentiment_claim_00455,sentiment_synthetic_sentiment_press_release_az_chunk_0002,sentiment_synthetic_sentiment_press_release_az,synthetic,sentiment,3,S3,reduces_or_prevents,"Significant concerns focus on the potential consequences of AI-assisted learning for students' research, writing and argumentation skills, as generative AI's capability in data analysis and automation could reduce students' cognitive skills, in particular their critical thinking and problem solving.","Significant concerns focus on the potential consequences of AI-assisted learning for students' research, writing and argumentation skills, as generative AI's capability in data analysis and automation could reduce students' cognitive skills, in particular their critical thinking and problem solving.",policy_claim_00260,policy_ai_cognitive_offloading_and_implications_for_education_chunk_0011,policy,4,P4,"The risk of AI is that it may encourage students to bypass this essential cognitive struggle, which harms their long-term learning.","The risk of AI is that it may encourage students to bypass this essential cognitive struggle, which harms their long-term learning.",0.829770565032959,0.8021710515022278,0.19782894849777222,sentence_transformer:sentence-transformers/paraphrase-multilingual-MiniLM-L12-v2,False,0.5118606686592102,pooled_empirical_10th_percentile_provisional
synthetic_to_policy,synthetic_sentiment_claim_00456,sentiment_synthetic_sentiment_press_release_az_chunk_0003,sentiment_synthetic_sentiment_press_release_az,synthetic,sentiment,3,S3,enables_or_supports,"However, some research advocates integrating AI into learning tools to enhance critical thinking and problem solving, as this would help students develop the analytical skills needed for a technology-driven future.","However, some research advocates integrating AI into learning tools to enhance critical thinking and problem solving, as this would help students develop the analytical skills needed for a technology-driven future.",policy_claim_01135,policy_ai_guidance_classroom_considerations_chunk_0001,policy,7,P7,"Students and educators are already engaging with AI, but the key question remains: How will we use it in a way that empowers critical thinking?","Students and educators are already engaging with AI, but the key question remains: How will we use it in a way that empowers critical thinking?",0.8372341394424438,0.8317601084709167,0.16823989152908325,sentence_transformer:sentence-transformers/paraphrase-multilingual-MiniLM-L12-v2,False,0.5118606686592102,pooled_empirical_10th_percentile_provisional
synthetic_to_policy,synthetic_sentiment_claim_00457,sentiment_synthetic_sentiment_press_release_az_chunk_0003,sentiment_synthetic_sentiment_press_release_az,synthetic,sentiment,3,S3,requires_or_depends_on,"Public confidence depends on fair access, public confidence and artificial intelligence.","Public confidence depends on fair access, public confidence and artificial intelligence.",policy_claim_01250,policy_ai_in_australian_education_snapshot_principles_policy_and_practice_august_2023_chunk_0029,policy,6,P6,"Earning the public's trust Including developing technical mechanisms ensuring users know when they are interacting with an AI, a commitment to publicly report on AI systems' capabilities, limitations, and appropriate and inappropriate use, the prioritization of research on risks, and a focus on using the technologies to help address society's greatest challenges.","Earning the public's trust Including developing technical mechanisms ensuring users know when they are interacting with an AI, a commitment to publicly report on AI systems' capabilities, limitations, and appropriate and inappropriate use, the prioritization of research on risks, and a focus on using the technologies to help address society's greatest challenges.",0.7068450450897217,0.6770970225334167,0.32290297746658325,sentence_transformer:sentence-transformers/paraphrase-multilingual-MiniLM-L12-v2,False,0.5118606686592102,pooled_empirical_10th_percentile_provisional
synthetic_to_policy,synthetic_sentiment_claim_00458,sentiment_synthetic_sentiment_press_release_az_chunk_0003,sentiment_synthetic_sentiment_press_release_az,synthetic,sentiment,3,S3,causes_or_increases,Some staff say they refuse to engage with GenAI because of moral considerations and emerging evidence of negative social and education impacts of GenAI as well as environmental risks or academic integrity concerns.,Some staff say they refuse to engage with GenAI because of moral considerations and emerging evidence of negative social and education impacts of GenAI as well as environmental risks or academic integrity concerns.,policy_claim_02834,policy_guidance_on_artificial_intelligence_in_schools_2025_chunk_0014,policy,6,P6,"At the same time, GenAI also raises multiple immediate concerns related to issues such as safety, data privacy, copyright, and manipulation.","At the same time, GenAI also raises multiple immediate concerns related to issues such as safety, data privacy, copyright, and manipulation.",0.6687412858009338,0.649398148059845,0.35060185194015503,sentence_transformer:sentence-transformers/paraphrase-multilingual-MiniLM-L12-v2,False,0.5118606686592102,pooled_empirical_10th_percentile_provisional
synthetic_to_policy,synthetic_sentiment_claim_00459,sentiment_synthetic_sentiment_press_release_az_chunk_0003,sentiment_synthetic_sentiment_press_release_az,synthetic,sentiment,3,S3,requires_or_depends_on,"Public confidence depends on public policy, digital skills and professional learning.","Public confidence depends on public policy, digital skills and professional learning.",policy_claim_01043,policy_ai_guidance_chunk_0044,policy,5,P5,"WHY THIS MATTERS civic education frameworks provides actionable strategies for these skills, helping students become discerning digital citizens.","WHY THIS MATTERS civic education frameworks provides actionable strategies for these skills, helping students become discerning digital citizens.",0.6393494606018066,0.6280571222305298,0.3719428777694702,sentence_transformer:sentence-transformers/paraphrase-multilingual-MiniLM-L12-v2,False,0.5118606686592102,pooled_empirical_10th_percentile_provisional
synthetic_to_policy,synthetic_sentiment_claim_00460,sentiment_synthetic_sentiment_press_release_az_chunk_0003,sentiment_synthetic_sentiment_press_release_az,synthetic,sentiment,3,S3,requires_or_depends_on,And what do teachers rely on AI for the most?,And what do teachers rely on AI for the most?,policy_claim_03324,policy_l_intelligence_artificielle_dans_les_tablissements_scolaires_sur_le_plan_administratif_et_p_dagogique_chunk_0135,policy,2,P2,"Loin de remettre en cause le rô le de l'enseignant et de l'école, l'IA renforce l'importance de l'éducation et le rôle fondamental des enseignants pour former les générations futures à un usage éthique, critique et créatif de l'IA mais aussi pour délimiter les usages pédagogiques pertinents de l'IA à l'école afin que l'IA soit véritablement un outil au service d'une école plus juste et plus performante.","Loin de remettre en cause le rô le de l'enseignant et de l'école, l'IA renforce l'importance de l'éducation et le rôle fondamental des enseignants pour former les générations futures à un usage éthique, critique et créatif de l'IA mais aussi pour délimiter les usages pédagogiques pertinents de l'IA à l'école afin que l'IA soit véritablement un outil au service d'une école plus juste et plus performante.",0.8461966514587402,0.8354526162147522,0.1645473837852478,sentence_transformer:sentence-transformers/paraphrase-multilingual-MiniLM-L12-v2,False,0.5118606686592102,pooled_empirical_10th_percentile_provisional
synthetic_to_policy,synthetic_sentiment_claim_00461,sentiment_synthetic_sentiment_press_release_az_chunk_0003,sentiment_synthetic_sentiment_press_release_az,synthetic,sentiment,3,S3,requires_or_depends_on,"Public confidence depends on artificial intelligence, trust and transparency and public policy.","Public confidence depends on artificial intelligence, trust and transparency and public policy.",policy_claim_01250,policy_ai_in_australian_education_snapshot_principles_policy_and_practice_august_2023_chunk_0029,policy,6,P6,"Earning the public's trust Including developing technical mechanisms ensuring users know when they are interacting with an AI, a commitment to publicly report on AI systems' capabilities, limitations, and appropriate and inappropriate use, the prioritization of research on risks, and a focus on using the technologies to help address society's greatest challenges.","Earning the public's trust Including developing technical mechanisms ensuring users know when they are interacting with an AI, a commitment to publicly report on AI systems' capabilities, limitations, and appropriate and inappropriate use, the prioritization of research on risks, and a focus on using the technologies to help address society's greatest challenges.",0.7198033928871155,0.7034950256347656,0.2965049743652344,sentence_transformer:sentence-transformers/paraphrase-multilingual-MiniLM-L12-v2,False,0.5118606686592102,pooled_empirical_10th_percentile_provisional
synthetic_to_policy,synthetic_sentiment_claim_00462,sentiment_synthetic_sentiment_press_release_az_chunk_0003,sentiment_synthetic_sentiment_press_release_az,synthetic,sentiment,3,S3,requires_or_depends_on,"Public confidence depends on student support, fair access and AI literacy.","Public confidence depends on student support, fair access and AI literacy.",policy_claim_01250,policy_ai_in_australian_education_snapshot_principles_policy_and_practice_august_2023_chunk_0029,policy,6,P6,"Earning the public's trust Including developing technical mechanisms ensuring users know when they are interacting with an AI, a commitment to publicly report on AI systems' capabilities, limitations, and appropriate and inappropriate use, the prioritization of research on risks, and a focus on using the technologies to help address society's greatest challenges.","Earning the public's trust Including developing technical mechanisms ensuring users know when they are interacting with an AI, a commitment to publicly report on AI systems' capabilities, limitations, and appropriate and inappropriate use, the prioritization of research on risks, and a focus on using the technologies to help address society's greatest challenges.",0.7128989696502686,0.7093457579612732,0.2906542420387268,sentence_transformer:sentence-transformers/paraphrase-multilingual-MiniLM-L12-v2,False,0.5118606686592102,pooled_empirical_10th_percentile_provisional
synthetic_to_policy,synthetic_sentiment_claim_00463,sentiment_synthetic_sentiment_press_release_az_chunk_0004,sentiment_synthetic_sentiment_press_release_az,synthetic,sentiment,3,S3,requires_or_depends_on,"Public confidence depends on generative AI, responsible use and privacy and data protection.","Public confidence depends on generative AI, responsible use and privacy and data protection.",policy_claim_01250,policy_ai_in_australian_education_snapshot_principles_policy_and_practice_august_2023_chunk_0029,policy,6,P6,"Earning the public's trust Including developing technical mechanisms ensuring users know when they are interacting with an AI, a commitment to publicly report on AI systems' capabilities, limitations, and appropriate and inappropriate use, the prioritization of research on risks, and a focus on using the technologies to help address society's greatest challenges.","Earning the public's trust Including developing technical mechanisms ensuring users know when they are interacting with an AI, a commitment to publicly report on AI systems' capabilities, limitations, and appropriate and inappropriate use, the prioritization of research on risks, and a focus on using the technologies to help address society's greatest challenges.",0.7870030403137207,0.7597171664237976,0.2402828335762024,sentence_transformer:sentence-transformers/paraphrase-multilingual-MiniLM-L12-v2,False,0.5118606686592102,pooled_empirical_10th_percentile_provisional
synthetic_to_policy,synthetic_sentiment_claim_00464,sentiment_synthetic_sentiment_public_sentiment_aa_chunk_0001,sentiment_synthetic_sentiment_public_sentiment_aa,synthetic,sentiment,4,S4,expected_to_improve,"This roadmap emphasises AI and data literacy, aiming to integrate AI into teaching methods and curricula to enhance digital literacy and workforce readiness.","This roadmap emphasises AI and data literacy, aiming to integrate AI into teaching methods and curricula to enhance digital literacy and workforce readiness.",policy_claim_01073,policy_ai_guidance_chunk_0059,policy,7,P7,"SUPPLEMENTAL RESOURCES AI Literacy: A Framework to Understand, Evaluate, and Use Emerging Technology (Digital Promise) : A research-informed guide designed to help educational leaders foster AI literacy in their schools.","SUPPLEMENTAL RESOURCES AI Literacy: A Framework to Understand, Evaluate, and Use Emerging Technology (Digital Promise) : A research-informed guide designed to help educational leaders foster AI literacy in their schools.",0.816558837890625,0.8105566501617432,0.18944334983825684,sentence_transformer:sentence-transformers/paraphrase-multilingual-MiniLM-L12-v2,False,0.5118606686592102,pooled_empirical_10th_percentile_provisional
synthetic_to_policy,synthetic_sentiment_claim_00465,sentiment_synthetic_sentiment_public_sentiment_aa_chunk_0001,sentiment_synthetic_sentiment_public_sentiment_aa,synthetic,sentiment,4,S4,causes_or_increases,"Students should understand that having identified some of the many ethical issues raised in all stages of the AIED pipeline, it is necessary to consider practical governance mechanisms (Брітченко, ) .","Students should understand that having identified some of the many ethical issues raised in all stages of the AIED pipeline, it is necessary to consider practical governance mechanisms (Брітченко, ) .",policy_claim_00523,policy_ai_competency_framework_for_students_chunk_0055,policy,6,P6,Discuss the main reasons behind such ethical conflicts and facilitate students to draw infographics or concept maps illustrating the core AI ethical principles..,Discuss the main reasons behind such ethical conflicts and facilitate students to draw infographics or concept maps illustrating the core AI ethical principles..,0.681806743144989,0.6691322326660156,0.3308677673339844,sentence_transformer:sentence-transformers/paraphrase-multilingual-MiniLM-L12-v2,False,0.5118606686592102,pooled_empirical_10th_percentile_provisional
synthetic_to_policy,synthetic_sentiment_claim_00466,sentiment_synthetic_sentiment_public_sentiment_aa_chunk_0001,sentiment_synthetic_sentiment_public_sentiment_aa,synthetic,sentiment,4,S4,causes_or_increases,"For me, the important point is that aI as a challenge for youth and fundamental rights - research published in recent years showcases an increasing number of situations in which AI technologies have led to social harms, especially by perpetrating historic biases, amplifying polarisation and accumulated disadvantages.","For me, the important point is that aI as a challenge for youth and fundamental rights - research published in recent years showcases an increasing number of situations in which AI technologies have led to social harms, especially by perpetrating historic biases, amplifying polarisation and accumulated disadvantages.",policy_claim_03480,policy_oco_ai_policy_spotlight_report_chunk_0016,policy,1,P1,"AI also presents several significant challenges that may hinder growth and learning, including risks of data breaches and misuse of sensitive data, exacerbation of existing inequalities in accessing technology, overreliance on technology leading to diminished interpersonal interactions, social and emotional skills.","AI also presents several significant challenges that may hinder growth and learning, including risks of data breaches and misuse of sensitive data, exacerbation of existing inequalities in accessing technology, overreliance on technology leading to diminished interpersonal interactions, social and emotional skills.",0.780105710029602,0.7702200412750244,0.22977995872497559,sentence_transformer:sentence-transformers/paraphrase-multilingual-MiniLM-L12-v2,False,0.5118606686592102,pooled_empirical_10th_percentile_provisional
synthetic_to_policy,synthetic_sentiment_claim_00467,sentiment_synthetic_sentiment_public_sentiment_aa_chunk_0001,sentiment_synthetic_sentiment_public_sentiment_aa,synthetic,sentiment,4,S4,risks_or_threatens,"Some of the causes of such harms have been connected to insufficient testing, lack of ethical or legal standards, or lack of information.","Some of the causes of such harms have been connected to insufficient testing, lack of ethical or legal standards, or lack of information.",policy_claim_00395,policy_ai_cognitive_offloading_and_implications_for_education_chunk_0062,policy,4,P4,"The findings need to be treated with caution, as the studies included in the analysis are often underpowered and use only testing (i.e., short-term performance) to determine the effect.","The findings need to be treated with caution, as the studies included in the analysis are often underpowered and use only testing (i.e., short-term performance) to determine the effect.",0.598446786403656,0.5777942538261414,0.42220574617385864,sentence_transformer:sentence-transformers/paraphrase-multilingual-MiniLM-L12-v2,False,0.5118606686592102,pooled_empirical_10th_percentile_provisional
synthetic_to_policy,synthetic_sentiment_claim_00468,sentiment_synthetic_sentiment_public_sentiment_aa_chunk_0001,sentiment_synthetic_sentiment_public_sentiment_aa,synthetic,sentiment,4,S4,causes_or_increases,"I think this matters because yOUthDIG , a yearly pre-event to the EuroDIG is one of the most significant European initiatives fostering active participation of young people (aged -).","I think this matters because yOUthDIG , a yearly pre-event to the EuroDIG is one of the most significant European initiatives fostering active participation of young people (aged -).",policy_claim_02354,policy_digital_strategy_for_schools_to_2027_chunk_0058,policy,5,P5,"In that context, this Strategy will align, as appropriate, with the EU DEAP 2021 ­ 2027 and in particular with its Strategic Priority 1: Helping develop a high-performing digital education ecosystem , which lists infrastructure, connectivity and digital equipment as requirements to deliver on this priority.","In that context, this Strategy will align, as appropriate, with the EU DEAP 2021 ­ 2027 and in particular with its Strategic Priority 1: Helping develop a high-performing digital education ecosystem , which lists infrastructure, connectivity and digital equipment as requirements to deliver on this priority.",0.5310450792312622,0.5132914781570435,0.48670852184295654,sentence_transformer:sentence-transformers/paraphrase-multilingual-MiniLM-L12-v2,False,0.5118606686592102,pooled_empirical_10th_percentile_provisional
synthetic_to_policy,synthetic_sentiment_claim_00469,sentiment_synthetic_sentiment_public_sentiment_aa_chunk_0002,sentiment_synthetic_sentiment_public_sentiment_aa,synthetic,sentiment,7,S7,causes_or_increases,I think this matters because understanding and using artificia urgent.,I think this matters because understanding and using artificia urgent.,policy_claim_01856,policy_ai_report_us_gov_chunk_0090,policy,5,P5,"And to be most effective, it will require the integration of contextual, content, and technical expertise.","And to be most effective, it will require the integration of contextual, content, and technical expertise.",0.6066950559616089,0.5635934472084045,0.43640655279159546,sentence_transformer:sentence-transformers/paraphrase-multilingual-MiniLM-L12-v2,False,0.5118606686592102,pooled_empirical_10th_percentile_provisional
synthetic_to_policy,synthetic_sentiment_claim_00470,sentiment_synthetic_sentiment_public_sentiment_aa_chunk_0002,sentiment_synthetic_sentiment_public_sentiment_aa,synthetic,sentiment,7,S7,causes_or_increases,"Since the first version of AI by teachers and learners follo created new opportunities and g perspective, ...","Since the first version of AI by teachers and learners follo created new opportunities and g perspective, ...",policy_claim_02930,policy_guidance_on_artificial_intelligence_in_schools_2025_chunk_0053,policy,3,P3,FutureProof Educatino: supporting schools in the AI evolution.,FutureProof Educatino: supporting schools in the AI evolution.,0.7040842175483704,0.7023561000823975,0.29764389991760254,sentence_transformer:sentence-transformers/paraphrase-multilingual-MiniLM-L12-v2,False,0.5118606686592102,pooled_empirical_10th_percentile_provisional
synthetic_to_policy,synthetic_sentiment_claim_00471,sentiment_synthetic_sentiment_public_sentiment_aa_chunk_0002,sentiment_synthetic_sentiment_public_sentiment_aa,synthetic,sentiment,7,S7,causes_or_increases,"I think this matters because the Organisation for Economic Co-operation and Development has been working on AI since , with its Committee on Digital Economy Policy being the main driver and building on the results of various digital-related projects, such as Going Digital, Next Production Revolution or the Future of Education and Skills initiative which also addressed the connection with AI in Education, as proposed in the document Education.","I think this matters because the Organisation for Economic Co-operation and Development has been working on AI since , with its Committee on Digital Economy Policy being the main driver and building on the results of various digital-related projects, such as Going Digital, Next Production Revolution or the Future of Education and Skills initiative which also addressed the connection with AI in Education, as proposed in the document Education.",policy_claim_00130,policy_2026_01_20_opening_statement_ruth_kennedy_revenue_commissioner_et_al_office_of_the_revenue_commissioners_en_chunk_0002,policy,8,P8,"While Revenue has been using AI for a long time, technological advances over the last few years, particularly in respect of Large Language Models, means that the current focus is on the application of AI to deliver improvements to both external facing service provided to taxpayers and their agents as well as internal facing operational efficiency.","While Revenue has been using AI for a long time, technological advances over the last few years, particularly in respect of Large Language Models, means that the current focus is on the application of AI to deliver improvements to both external facing service provided to taxpayers and their agents as well as internal facing operational efficiency.",0.7513108253479004,0.7457642555236816,0.25423574447631836,sentence_transformer:sentence-transformers/paraphrase-multilingual-MiniLM-L12-v2,False,0.5118606686592102,pooled_empirical_10th_percentile_provisional
synthetic_to_policy,synthetic_sentiment_claim_00472,sentiment_synthetic_sentiment_public_sentiment_aa_chunk_0002,sentiment_synthetic_sentiment_public_sentiment_aa,synthetic,sentiment,7,S7,requires_or_depends_on,Parents and teachers need to know that figure .,Parents and teachers need to know that figure .,policy_claim_02861,policy_guidance_on_artificial_intelligence_in_schools_2025_chunk_0026,policy,5,P5,The teacher uses this and other information to help identify gaps and adjust lesson planning.,The teacher uses this and other information to help identify gaps and adjust lesson planning.,0.5615382790565491,0.5479395985603333,0.45206040143966675,sentence_transformer:sentence-transformers/paraphrase-multilingual-MiniLM-L12-v2,False,0.5118606686592102,pooled_empirical_10th_percentile_provisional
synthetic_to_policy,synthetic_sentiment_claim_00473,sentiment_synthetic_sentiment_public_sentiment_aa_chunk_0004,sentiment_synthetic_sentiment_public_sentiment_aa,synthetic,sentiment,4,S4,enables_or_supports,"It proposes to 'explore and promote the use of innovative and alternative forms of democratic participation, e.g.","It proposes to 'explore and promote the use of innovative and alternative forms of democratic participation, e.g.",policy_claim_02537,policy_generative_ai_in_the_australian_education_system_an_open_data_set_of_stakeholder_recommendations_and_emerging_analysis_from_a_public_inquiry_chunk_0009,policy,8,P8,Democratic theorists and public participation scholars have promoted such institutionalised forms of citizen discourse with the state.,Democratic theorists and public participation scholars have promoted such institutionalised forms of citizen discourse with the state.,0.6311020851135254,0.5853197574615479,0.41468024253845215,sentence_transformer:sentence-transformers/paraphrase-multilingual-MiniLM-L12-v2,False,0.5118606686592102,pooled_empirical_10th_percentile_provisional
synthetic_to_policy,synthetic_sentiment_claim_00474,sentiment_synthetic_sentiment_public_sentiment_aa_chunk_0004,sentiment_synthetic_sentiment_public_sentiment_aa,synthetic,sentiment,4,S4,enables_or_supports,digital democracy tools and facilitate access in order to support youth.,digital democracy tools and facilitate access in order to support youth.,policy_claim_01041,policy_ai_guidance_chunk_0043,policy,7,P7,"Integrating digital literacy and civic education frameworks provides actionable strategies for these skills, helping students become discerning digital citizens.","Integrating digital literacy and civic education frameworks provides actionable strategies for these skills, helping students become discerning digital citizens.",0.7323156595230103,0.7128462195396423,0.28715378046035767,sentence_transformer:sentence-transformers/paraphrase-multilingual-MiniLM-L12-v2,False,0.5118606686592102,pooled_empirical_10th_percentile_provisional
synthetic_to_policy,synthetic_sentiment_claim_00475,sentiment_synthetic_sentiment_public_sentiment_aa_chunk_0004,sentiment_synthetic_sentiment_public_sentiment_aa,synthetic,sentiment,4,S4,requires_or_depends_on,Parents and teachers need to know that the Republic of Ireland describes a salient backdrop for this investigation.,Parents and teachers need to know that the Republic of Ireland describes a salient backdrop for this investigation.,policy_claim_02407,policy_digital_strategy_for_schools_to_2027_chunk_0079,policy,5,P5,"Considerable research and an extensive consultation process informed the EU DEAP and it can guide and assist approaches for the Irish context based on the experience in other EU jurisdictions, as well as research and expertise.","Considerable research and an extensive consultation process informed the EU DEAP and it can guide and assist approaches for the Irish context based on the experience in other EU jurisdictions, as well as research and expertise.",0.5946590900421143,0.5721009373664856,0.4278990626335144,sentence_transformer:sentence-transformers/paraphrase-multilingual-MiniLM-L12-v2,False,0.5118606686592102,pooled_empirical_10th_percentile_provisional
synthetic_to_policy,synthetic_sentiment_claim_00476,sentiment_synthetic_sentiment_public_sentiment_ab_chunk_0001,sentiment_synthetic_sentiment_public_sentiment_ab,synthetic,sentiment,7,S7,requires_or_depends_on,"Parents and teachers need to know that in Germany , responsibility for the education system is divided between the State Bund and the Federal States Bundesländer , with administration of the education system being almost exclusively a matter for the Federal States.","Parents and teachers need to know that in Germany , responsibility for the education system is divided between the State Bund and the Federal States Bundesländer , with administration of the education system being almost exclusively a matter for the Federal States.",policy_claim_03186,policy_l_intelligence_artificielle_dans_les_tablissements_scolaires_sur_le_plan_administratif_et_p_dagogique_chunk_0010,policy,2,P2,"Un contexte marqué par une effervescence institutionnelle à tous les niveaux, au risque de la confusion La question de l'IA en éducation est aujourd'hui clairement identifiée.","Un contexte marqué par une effervescence institutionnelle à tous les niveaux, au risque de la confusion La question de l'IA en éducation est aujourd'hui clairement identifiée.",0.4964531660079956,0.49283072352409363,0.5071692764759064,sentence_transformer:sentence-transformers/paraphrase-multilingual-MiniLM-L12-v2,True,0.5118606686592102,pooled_empirical_10th_percentile_provisional
synthetic_to_policy,synthetic_sentiment_claim_00477,sentiment_synthetic_sentiment_public_sentiment_ab_chunk_0001,sentiment_synthetic_sentiment_public_sentiment_ab,synthetic,sentiment,7,S7,enables_or_supports,"do you think it could help more people to succeed in education and training, or could it disadvantage certain learners)?","do you think it could help more people to succeed in education and training, or could it disadvantage certain learners)?",policy_claim_03309,policy_l_intelligence_artificielle_dans_les_tablissements_scolaires_sur_le_plan_administratif_et_p_dagogique_chunk_0122,policy,2,P2,On peut ainsi imaginer que le pilotage pédagogique de l'établissement sera renforcé grâce à une analyse affinée des besoins d'accompagnement par des systèmes prédictifs permettant de repérer des signaux faibles de difficulté scolaire et une plus grande personnalisation des parcours éducatifs.,On peut ainsi imaginer que le pilotage pédagogique de l'établissement sera renforcé grâce à une analyse affinée des besoins d'accompagnement par des systèmes prédictifs permettant de repérer des signaux faibles de difficulté scolaire et une plus grande personnalisation des parcours éducatifs.,0.6481942534446716,0.6412476897239685,0.3587523102760315,sentence_transformer:sentence-transformers/paraphrase-multilingual-MiniLM-L12-v2,False,0.5118606686592102,pooled_empirical_10th_percentile_provisional
synthetic_to_policy,synthetic_sentiment_claim_00478,sentiment_synthetic_sentiment_public_sentiment_ab_chunk_0001,sentiment_synthetic_sentiment_public_sentiment_ab,synthetic,sentiment,7,S7,requires_or_depends_on,"I would support this when artificial intelligence (AI) is a technology that simulates human intelligence in machines, enabling them to perform tasks that typically require human intelligence.","I would support this when artificial intelligence (AI) is a technology that simulates human intelligence in machines, enabling them to perform tasks that typically require human intelligence.",policy_claim_02059,policy_ai_to_support_learning_and_teaching_in_the_re_classroom_chunk_0002,policy,1,P1,"Artificial intelligence (AI) is technology that enables computers and machines to simulate human learning, comprehension, problem solving, decision making, creativity and autonomy.","Artificial intelligence (AI) is technology that enables computers and machines to simulate human learning, comprehension, problem solving, decision making, creativity and autonomy.",0.8814882040023804,0.8512778282165527,0.14872217178344727,sentence_transformer:sentence-transformers/paraphrase-multilingual-MiniLM-L12-v2,False,0.5118606686592102,pooled_empirical_10th_percentile_provisional
synthetic_to_policy,synthetic_sentiment_claim_00479,sentiment_synthetic_sentiment_public_sentiment_ab_chunk_0001,sentiment_synthetic_sentiment_public_sentiment_ab,synthetic,sentiment,7,S7,requires_or_depends_on,Parents and teachers need to know that - -Understanding the specificities of GenAI and what makes it different from other forms of AI and digital technologies in general.,Parents and teachers need to know that - -Understanding the specificities of GenAI and what makes it different from other forms of AI and digital technologies in general.,policy_claim_02693,policy_generative_artificial_intelligence_ai_in_k_12_classrooms_v2_chunk_0025,policy,0,P0,GenAI and Equity GenAI and Data Privacy Potential of GenAI Policy Considerations and Synthetic Media The continued development of genAI tools able to produce realistic synthetic media does truly offer educators some promising opportunities for student learning.,GenAI and Equity GenAI and Data Privacy Potential of GenAI Policy Considerations and Synthetic Media The continued development of genAI tools able to produce realistic synthetic media does truly offer educators some promising opportunities for student learning.,0.7217134237289429,0.7105043530464172,0.28949564695358276,sentence_transformer:sentence-transformers/paraphrase-multilingual-MiniLM-L12-v2,False,0.5118606686592102,pooled_empirical_10th_percentile_provisional
synthetic_to_policy,synthetic_sentiment_claim_00480,sentiment_synthetic_sentiment_public_sentiment_ab_chunk_0002,sentiment_synthetic_sentiment_public_sentiment_ab,synthetic,sentiment,6,S6,causes_or_increases,"I think this matters because a recent rapid review of AI literacy frameworks for the Royal Society (London) found broad agreement that AI literacy was important but that existing AI literacy frameworks were very limited (Hillman et al., ).","I think this matters because a recent rapid review of AI literacy frameworks for the Royal Society (London) found broad agreement that AI literacy was important but that existing AI literacy frameworks were very limited (Hillman et al., ).",policy_claim_02188,policy_developing_policy_and_protocols_for_the_use_of_generative_ai_in_k_12_classrooms_march_2025_chunk_0018,policy,7,P7,"If we consider AI literacy as a required job skill, what would be the implications of denying certain students access to AI?.","If we consider AI literacy as a required job skill, what would be the implications of denying certain students access to AI?.",0.8026452660560608,0.786093533039093,0.21390646696090698,sentence_transformer:sentence-transformers/paraphrase-multilingual-MiniLM-L12-v2,False,0.5118606686592102,pooled_empirical_10th_percentile_provisional
synthetic_to_policy,synthetic_sentiment_claim_00481,sentiment_synthetic_sentiment_public_sentiment_ab_chunk_0002,sentiment_synthetic_sentiment_public_sentiment_ab,synthetic,sentiment,6,S6,causes_or_increases,"I think this matters because finally, participants discussed how the AIT project had made them aware of skills that students are likely to need in the future as AI becomes more prominent, particularly analytical skills .","I think this matters because finally, participants discussed how the AIT project had made them aware of skills that students are likely to need in the future as AI becomes more prominent, particularly analytical skills .",policy_claim_01151,policy_ai_guidance_classroom_considerations_chunk_0006,policy,7,P7,This approach encourages students to critically assess the role and impact of AI in their assignments while progressively building their skills in navigating AI tools.,This approach encourages students to critically assess the role and impact of AI in their assignments while progressively building their skills in navigating AI tools.,0.7780153751373291,0.7719408869743347,0.22805911302566528,sentence_transformer:sentence-transformers/paraphrase-multilingual-MiniLM-L12-v2,False,0.5118606686592102,pooled_empirical_10th_percentile_provisional
synthetic_to_policy,synthetic_sentiment_claim_00482,sentiment_synthetic_sentiment_public_sentiment_ab_chunk_0003,sentiment_synthetic_sentiment_public_sentiment_ab,synthetic,sentiment,6,S6,requires_or_depends_on,"Public sentiment on privacy, assessment and AI discussed how the AIT project had made them aware of skills that students are likely to need in the future as AI becomes more prominent, particularly analytical skills .","Public sentiment on privacy, assessment and AI discussed how the AIT project had made them aware of skills that students are likely to need in the future as AI becomes more prominent, particularly analytical skills .",policy_claim_01723,policy_ai_report_us_gov_chunk_0044,policy,6,P6,We are encouraged by efforts we've seen underway that would give students opportunities to learn about how AI works while also giving them opportunities to discuss relevant topics like privacy and security.,We are encouraged by efforts we've seen underway that would give students opportunities to learn about how AI works while also giving them opportunities to discuss relevant topics like privacy and security.,0.7535777688026428,0.7505634427070618,0.24943655729293823,sentence_transformer:sentence-transformers/paraphrase-multilingual-MiniLM-L12-v2,False,0.5118606686592102,pooled_empirical_10th_percentile_provisional
synthetic_to_policy,synthetic_sentiment_claim_00483,sentiment_synthetic_sentiment_public_sentiment_ab_chunk_0003,sentiment_synthetic_sentiment_public_sentiment_ab,synthetic,sentiment,6,S6,causes_or_increases,"I would support this when the European Union is leading globally a drive to understand the impact of AI on the economy and society at large, with many processes led by the European Commission and the European Parliament.","I would support this when the European Union is leading globally a drive to understand the impact of AI on the economy and society at large, with many processes led by the European Commission and the European Parliament.",policy_claim_01443,policy_ai_policy_and_regulations_of_france_comprehensive_report_chunk_0033,policy,6,P6,"Furthermore, France's embrace of the EU AI Act as the core future framework means it is helping shape, and will adopt, one of the world's first comprehensive AI regulations, cementing a commitment to 'trustworthy AI' across all sectors.","Furthermore, France's embrace of the EU AI Act as the core future framework means it is helping shape, and will adopt, one of the world's first comprehensive AI regulations, cementing a commitment to 'trustworthy AI' across all sectors.",0.7744132280349731,0.7645482420921326,0.23545175790786743,sentence_transformer:sentence-transformers/paraphrase-multilingual-MiniLM-L12-v2,False,0.5118606686592102,pooled_empirical_10th_percentile_provisional
synthetic_to_policy,synthetic_sentiment_claim_00484,sentiment_synthetic_sentiment_public_sentiment_ab_chunk_0004,sentiment_synthetic_sentiment_public_sentiment_ab,synthetic,sentiment,4,S4,causes_or_increases,"feedback generation, learning hints, tutoring support) - I am cautious because on the other spectrum, the organisation which was the first to advance international work on AI policies, the OECD , does not have a traditional youth policy or a guiding document for the youth sector.","feedback generation, learning hints, tutoring support) - I am cautious because on the other spectrum, the organisation which was the first to advance international work on AI policies, the OECD , does not have a traditional youth policy or a guiding document for the youth sector.",policy_claim_03481,policy_oco_ai_policy_spotlight_report_chunk_0016,policy,1,P1,Research notes that organisations lack the policy capacity to manage the child-centric requirements when it comes to AI because such policies are developed in siloes and there is an absence of clear and consistent guidance on addressing children's rights in policy.,Research notes that organisations lack the policy capacity to manage the child-centric requirements when it comes to AI because such policies are developed in siloes and there is an absence of clear and consistent guidance on addressing children's rights in policy.,0.6757516860961914,0.6530677676200867,0.34693223237991333,sentence_transformer:sentence-transformers/paraphrase-multilingual-MiniLM-L12-v2,False,0.5118606686592102,pooled_empirical_10th_percentile_provisional
synthetic_to_policy,synthetic_sentiment_claim_00485,sentiment_synthetic_sentiment_public_sentiment_ab_chunk_0004,sentiment_synthetic_sentiment_public_sentiment_ab,synthetic,sentiment,4,S4,causes_or_increases,"My concern is that an AI system is a machine-based system that, for explicit or implicit objectives, infers, from the input it receives, how to generate outputs such as predictions, content, recommendations or decisions that may influence physical or virtual environments.","My concern is that an AI system is a machine-based system that, for explicit or implicit objectives, infers, from the input it receives, how to generate outputs such as predictions, content, recommendations or decisions that may influence physical or virtual environments.",policy_claim_01949,policy_ai_systems_in_teaching_and_learning_principles_and_practical_exa_chunk_0003,policy,0,P0,"Here, we use the following definition: An AI system is a machine-based system that, for explicit or implicit objectives, infers, from the input it receives, how to generate outputs such as predictions, content, recommendations, or decisions that can influence physical or virtual environments.","Here, we use the following definition: An AI system is a machine-based system that, for explicit or implicit objectives, infers, from the input it receives, how to generate outputs such as predictions, content, recommendations, or decisions that can influence physical or virtual environments.",0.9149290323257446,0.8837594985961914,0.1162405014038086,sentence_transformer:sentence-transformers/paraphrase-multilingual-MiniLM-L12-v2,False,0.5118606686592102,pooled_empirical_10th_percentile_provisional
synthetic_to_policy,synthetic_sentiment_claim_00486,sentiment_synthetic_sentiment_public_sentiment_ab_chunk_0004,sentiment_synthetic_sentiment_public_sentiment_ab,synthetic,sentiment,4,S4,causes_or_increases,"I am cautious because collaborative learning is another area where GenAI may be of assistance in STEM subjects, with educators noting that AI tools could enhance teamwork by providing features that support online collaboration and collaborative activities.","I am cautious because collaborative learning is another area where GenAI may be of assistance in STEM subjects, with educators noting that AI tools could enhance teamwork by providing features that support online collaboration and collaborative activities.",policy_claim_00827,policy_ai_competency_framework_for_teachers_chunk_0052,policy,3,P3,"Confidently utilize AI tools for tailored participation in collaborative professional learning communities, leveraging them to share resources, engage in peer-to-peer learning, and contribute to dynamic adaptation.","Confidently utilize AI tools for tailored participation in collaborative professional learning communities, leveraging them to share resources, engage in peer-to-peer learning, and contribute to dynamic adaptation.",0.7592459917068481,0.7253592610359192,0.2746407389640808,sentence_transformer:sentence-transformers/paraphrase-multilingual-MiniLM-L12-v2,False,0.5118606686592102,pooled_empirical_10th_percentile_provisional
synthetic_to_policy,synthetic_sentiment_claim_00487,sentiment_synthetic_sentiment_public_sentiment_ab_chunk_0004,sentiment_synthetic_sentiment_public_sentiment_ab,synthetic,sentiment,4,S4,enables_or_supports,My concern is that data Detox x Youth is an activity book to help young people take control of their tech.,My concern is that data Detox x Youth is an activity book to help young people take control of their tech.,policy_claim_02416,policy_digital_strategy_for_schools_to_2027_chunk_0085,policy,5,P5,"The safe and ethical use of the internet was raised as a concern across all strands of the consultation, in particular in relation to the overuse of digital technologies and expressed by young people through the focus group for post ­ primary students.","The safe and ethical use of the internet was raised as a concern across all strands of the consultation, in particular in relation to the overuse of digital technologies and expressed by young people through the focus group for post ­ primary students.",0.5697968006134033,0.5525806546211243,0.44741934537887573,sentence_transformer:sentence-transformers/paraphrase-multilingual-MiniLM-L12-v2,False,0.5118606686592102,pooled_empirical_10th_percentile_provisional
synthetic_to_policy,synthetic_sentiment_claim_00488,sentiment_synthetic_sentiment_public_sentiment_ab_chunk_0004,sentiment_synthetic_sentiment_public_sentiment_ab,synthetic,sentiment,4,S4,enables_or_supports,"This interactive toolkit encourages young people to think about different aspects of their digital lives, from their social media profiles to their passwords, with simple activities for reflection and play.","This interactive toolkit encourages young people to think about different aspects of their digital lives, from their social media profiles to their passwords, with simple activities for reflection and play.",policy_claim_02418,policy_digital_strategy_for_schools_to_2027_chunk_0086,policy,1,P1,"Journal of Adolescence, 45, 225-236 The internet introduces children and young people to new ideas and diverse sources of information that can help them to engage with others and become more respec tf ul of different opinions, viewpoints and backgrounds.","Journal of Adolescence, 45, 225-236 The internet introduces children and young people to new ideas and diverse sources of information that can help them to engage with others and become more respec tf ul of different opinions, viewpoints and backgrounds.",0.6655133962631226,0.6345593333244324,0.3654406666755676,sentence_transformer:sentence-transformers/paraphrase-multilingual-MiniLM-L12-v2,False,0.5118606686592102,pooled_empirical_10th_percentile_provisional
synthetic_to_policy,synthetic_sentiment_claim_00489,sentiment_synthetic_sentiment_public_sentiment_ac_chunk_0001,sentiment_synthetic_sentiment_public_sentiment_ac,synthetic,sentiment,3,S3,causes_or_increases,"I think this matters because as we proceed with this presentation, we shall engage more deeply with the extant literature, elucidate our research methodologies, present our salient findings, and elucidate their broader implications.","I think this matters because as we proceed with this presentation, we shall engage more deeply with the extant literature, elucidate our research methodologies, present our salient findings, and elucidate their broader implications.",policy_claim_00425,policy_ai_cognitive_offloading_and_implications_for_education_chunk_0079,policy,4,P4,"The authors argue that substantial, rigorous research is needed to understand the impact of these technologies on learning, echoing the critique of Weidlich et al.","The authors argue that substantial, rigorous research is needed to understand the impact of these technologies on learning, echoing the critique of Weidlich et al.",0.607793927192688,0.6044788956642151,0.3955211043357849,sentence_transformer:sentence-transformers/paraphrase-multilingual-MiniLM-L12-v2,False,0.5118606686592102,pooled_empirical_10th_percentile_provisional
synthetic_to_policy,synthetic_sentiment_claim_00490,sentiment_synthetic_sentiment_public_sentiment_ac_chunk_0001,sentiment_synthetic_sentiment_public_sentiment_ac,synthetic,sentiment,3,S3,enables_or_supports,"A sensible approach would start from the idea that the participants recruited in all Member States, except in Germany, were not restricted to any specific regional or local education system, allowing for a diverse range of perspectives and experiences to be covered.","A sensible approach would start from the idea that the participants recruited in all Member States, except in Germany, were not restricted to any specific regional or local education system, allowing for a diverse range of perspectives and experiences to be covered.",policy_claim_03327,policy_l_intelligence_artificielle_dans_les_tablissements_scolaires_sur_le_plan_administratif_et_p_dagogique_chunk_0155,policy,2,P2,"Cette personnalisation permettrait ainsi de répondre plus efficacement à divers profils et niveaux scolaires, optimisant les résultats pédagogiques globaux.","Cette personnalisation permettrait ainsi de répondre plus efficacement à divers profils et niveaux scolaires, optimisant les résultats pédagogiques globaux.",0.5627243518829346,0.5465608239173889,0.4534391760826111,sentence_transformer:sentence-transformers/paraphrase-multilingual-MiniLM-L12-v2,False,0.5118606686592102,pooled_empirical_10th_percentile_provisional
synthetic_to_policy,synthetic_sentiment_claim_00491,sentiment_synthetic_sentiment_public_sentiment_ac_chunk_0001,sentiment_synthetic_sentiment_public_sentiment_ac,synthetic,sentiment,3,S3,causes_or_increases,"However, in the case of Germany, the research participants were recruited exclusively from the federal state of Baden-Württemberg, due to the country's complex federal structure and the significant.","However, in the case of Germany, the research participants were recruited exclusively from the federal state of Baden-Württemberg, due to the country's complex federal structure and the significant.",policy_claim_03300,policy_l_intelligence_artificielle_dans_les_tablissements_scolaires_sur_le_plan_administratif_et_p_dagogique_chunk_0114,policy,2,P2,"Une coordination des acteurs nationaux et académiques qui se met en place et doit être renforcée sachants » qui pourraient, dans le meilleur des cas prendre en charge les enjeux d'acculturation pour les autres.","Une coordination des acteurs nationaux et académiques qui se met en place et doit être renforcée sachants » qui pourraient, dans le meilleur des cas prendre en charge les enjeux d'acculturation pour les autres.",0.3845280408859253,0.37138745188713074,0.6286125481128693,sentence_transformer:sentence-transformers/paraphrase-multilingual-MiniLM-L12-v2,True,0.5118606686592102,pooled_empirical_10th_percentile_provisional
synthetic_to_policy,synthetic_sentiment_claim_00492,sentiment_synthetic_sentiment_public_sentiment_ac_chunk_0001,sentiment_synthetic_sentiment_public_sentiment_ac,synthetic,sentiment,3,S3,causes_or_increases,A sensible approach would start from the idea that involving youth organisations in formal consultation processes - data do not indicate clearly that youth organisations contributed to past consultations on AI frameworks.,A sensible approach would start from the idea that involving youth organisations in formal consultation processes - data do not indicate clearly that youth organisations contributed to past consultations on AI frameworks.,policy_claim_03481,policy_oco_ai_policy_spotlight_report_chunk_0016,policy,1,P1,Research notes that organisations lack the policy capacity to manage the child-centric requirements when it comes to AI because such policies are developed in siloes and there is an absence of clear and consistent guidance on addressing children's rights in policy.,Research notes that organisations lack the policy capacity to manage the child-centric requirements when it comes to AI because such policies are developed in siloes and there is an absence of clear and consistent guidance on addressing children's rights in policy.,0.632031261920929,0.6231822371482849,0.3768177628517151,sentence_transformer:sentence-transformers/paraphrase-multilingual-MiniLM-L12-v2,False,0.5118606686592102,pooled_empirical_10th_percentile_provisional
synthetic_to_policy,synthetic_sentiment_claim_00493,sentiment_synthetic_sentiment_public_sentiment_ac_chunk_0002,sentiment_synthetic_sentiment_public_sentiment_ac,synthetic,sentiment,0,S0,causes_or_increases,"Parents and teachers need to know that in addition to uncertainties created by the changing labour market landscape, young people might experience new challenges in relation to employment, for example algorithmic filtering of job applications or CVs.","Parents and teachers need to know that in addition to uncertainties created by the changing labour market landscape, young people might experience new challenges in relation to employment, for example algorithmic filtering of job applications or CVs.",policy_claim_03802,policy_the_new_ai_powered_classroom_implications_for_students_teachers_and_equity_chunk_0003,policy,8,P8,"In response, children are prepared unevenly to enter a workforce that is changing every day, creating an uncertain future.","In response, children are prepared unevenly to enter a workforce that is changing every day, creating an uncertain future.",0.66258704662323,0.6196406483650208,0.38035935163497925,sentence_transformer:sentence-transformers/paraphrase-multilingual-MiniLM-L12-v2,False,0.5118606686592102,pooled_empirical_10th_percentile_provisional
synthetic_to_policy,synthetic_sentiment_claim_00494,sentiment_synthetic_sentiment_public_sentiment_ac_chunk_0002,sentiment_synthetic_sentiment_public_sentiment_ac,synthetic,sentiment,0,S0,requires_or_depends_on,"Numbers/percentages of students who have used the following tools this year with the teacher engaged in the project - Parents and teachers need to know that stefan, V.","Numbers/percentages of students who have used the following tools this year with the teacher engaged in the project - Parents and teachers need to know that stefan, V.",policy_claim_02243,policy_digital_strategy_for_schools_to_2027_chunk_0022,policy,5,P5,­ More guidance and advice on pedagogical strategies for using assistive technology with learners who have special educational needs (SEN) and managing devices in the classroom for these learners with SEN rather than just focussing on tools was called for.,­ More guidance and advice on pedagogical strategies for using assistive technology with learners who have special educational needs (SEN) and managing devices in the classroom for these learners with SEN rather than just focussing on tools was called for.,0.607427716255188,0.601639449596405,0.39836055040359497,sentence_transformer:sentence-transformers/paraphrase-multilingual-MiniLM-L12-v2,False,0.5118606686592102,pooled_empirical_10th_percentile_provisional
synthetic_to_policy,synthetic_sentiment_claim_00495,sentiment_synthetic_sentiment_public_sentiment_ac_chunk_0002,sentiment_synthetic_sentiment_public_sentiment_ac,synthetic,sentiment,0,S0,requires_or_depends_on,Parents and teachers need to know that actions prioritaires pour accompagner le développement de l'IA dans l'Union européenne - The public discussion should recognise that most staff and learners agree that GenAI use is appropriate when clearly declared.,Parents and teachers need to know that actions prioritaires pour accompagner le développement de l'IA dans l'Union européenne - The public discussion should recognise that most staff and learners agree that GenAI use is appropriate when clearly declared.,policy_claim_02879,policy_guidance_on_artificial_intelligence_in_schools_2025_chunk_0028,policy,5,P5,Inclusion: GenAI can support inclusive practices by tailoring tasks to better ensure that all learners are appropriately challenged and able to progress at their own pace.,Inclusion: GenAI can support inclusive practices by tailoring tasks to better ensure that all learners are appropriately challenged and able to progress at their own pace.,0.6803185939788818,0.6730359196662903,0.3269640803337097,sentence_transformer:sentence-transformers/paraphrase-multilingual-MiniLM-L12-v2,False,0.5118606686592102,pooled_empirical_10th_percentile_provisional
synthetic_to_policy,synthetic_sentiment_claim_00496,sentiment_synthetic_sentiment_public_sentiment_ac_chunk_0002,sentiment_synthetic_sentiment_public_sentiment_ac,synthetic,sentiment,0,S0,risks_or_threatens,They say it is acceptable to use GenAI without integrity being undermined if people are transparent about it.,They say it is acceptable to use GenAI without integrity being undermined if people are transparent about it.,policy_claim_03788,policy_tafe_nsw_generative_artificial_intelligence_in_education_policy_chunk_0002,policy,6,P6,"Fairness - Users of GenAI technology must include safeguards to manage data bias and data quality, be inclusive and accessible and should not involve or result in unfair discrimination against individuals, communities or groups.","Fairness - Users of GenAI technology must include safeguards to manage data bias and data quality, be inclusive and accessible and should not involve or result in unfair discrimination against individuals, communities or groups.",0.7601966857910156,0.6916401982307434,0.3083598017692566,sentence_transformer:sentence-transformers/paraphrase-multilingual-MiniLM-L12-v2,False,0.5118606686592102,pooled_empirical_10th_percentile_provisional
synthetic_to_policy,synthetic_sentiment_claim_00497,sentiment_synthetic_sentiment_public_sentiment_ac_chunk_0002,sentiment_synthetic_sentiment_public_sentiment_ac,synthetic,sentiment,0,S0,causes_or_increases,"Some participants, however, raise questions of authenticity of work and say that outcomes are compromised when resources are not cited or researched properly.","Some participants, however, raise questions of authenticity of work and say that outcomes are compromised when resources are not cited or researched properly.",policy_claim_00365,policy_ai_cognitive_offloading_and_implications_for_education_chunk_0049,policy,4,P4,Unskilled and unaware of it: How difficulties in recognizing one's own incompetence lead to inflated self-assessments.,Unskilled and unaware of it: How difficulties in recognizing one's own incompetence lead to inflated self-assessments.,0.6095166802406311,0.5967457890510559,0.4032542109489441,sentence_transformer:sentence-transformers/paraphrase-multilingual-MiniLM-L12-v2,False,0.5118606686592102,pooled_empirical_10th_percentile_provisional
synthetic_to_policy,synthetic_sentiment_claim_00498,sentiment_synthetic_sentiment_public_sentiment_ac_chunk_0003,sentiment_synthetic_sentiment_public_sentiment_ac,synthetic,sentiment,6,S6,requires_or_depends_on,"Parents and teachers need to know that - Barocas, S., Crawford, K., Shapiro, A., & Wallach, H.","Parents and teachers need to know that - Barocas, S., Crawford, K., Shapiro, A., & Wallach, H.",policy_claim_03026,policy_guidetoaiinschools_chunk_0047,policy,0,P0,"To Assist with Their Own Writing Steve Ouellette (Director of Technology, Learning, and Innovation, Westwood Public Schools): '[Teachers have] used it to help when you're doing letters of recommendation or composing emails to parents - maybe it's a sensitive topic, and they want to word it in a way that is acknowledging whatever it is the parent might be dealing with.'","To Assist with Their Own Writing Steve Ouellette (Director of Technology, Learning, and Innovation, Westwood Public Schools): '[Teachers have] used it to help when you're doing letters of recommendation or composing emails to parents - maybe it's a sensitive topic, and they want to word it in a way that is acknowledging whatever it is the parent might be dealing with.'",0.4790521562099457,0.4663759171962738,0.5336240828037262,sentence_transformer:sentence-transformers/paraphrase-multilingual-MiniLM-L12-v2,True,0.5118606686592102,pooled_empirical_10th_percentile_provisional
synthetic_to_policy,synthetic_sentiment_claim_00499,sentiment_synthetic_sentiment_public_sentiment_ac_chunk_0003,sentiment_synthetic_sentiment_public_sentiment_ac,synthetic,sentiment,6,S6,risks_or_threatens,The Problem With Bias: Allocative Versus Representational Harms in Machine Learning .,The Problem With Bias: Allocative Versus Representational Harms in Machine Learning .,policy_claim_01595,policy_ai_policy_june_2025_chunk_0023,policy,0,P0,"Biased Data: AI models may perpetuate biases if trained on biased data, leading to potentially biased content or predictions..","Biased Data: AI models may perpetuate biases if trained on biased data, leading to potentially biased content or predictions..",0.6755127906799316,0.6397636532783508,0.36023634672164917,sentence_transformer:sentence-transformers/paraphrase-multilingual-MiniLM-L12-v2,False,0.5118606686592102,pooled_empirical_10th_percentile_provisional
synthetic_to_policy,synthetic_sentiment_claim_00500,sentiment_synthetic_sentiment_public_sentiment_ac_chunk_0003,sentiment_synthetic_sentiment_public_sentiment_ac,synthetic,sentiment,6,S6,enables_or_supports,"generating learning materials and activities, preparing assessment, facilitate the marking of exercises).","generating learning materials and activities, preparing assessment, facilitate the marking of exercises).",policy_claim_03331,policy_l_intelligence_artificielle_en_ducation_cadre_d_usage_et_de_confiance_chunk_0004,policy,2,P2,Les sensibiliser sur l'importance de développer une posture réflexive et métacognitive sur leurs apprentissages permet d'accorder aux élèves une place privilégiée dans la régulation des savoirs à acquérir.,Les sensibiliser sur l'importance de développer une posture réflexive et métacognitive sur leurs apprentissages permet d'accorder aux élèves une place privilégiée dans la régulation des savoirs à acquérir.,0.6214710474014282,0.6163150072097778,0.38368499279022217,sentence_transformer:sentence-transformers/paraphrase-multilingual-MiniLM-L12-v2,False,0.5118606686592102,pooled_empirical_10th_percentile_provisional
synthetic_to_policy,synthetic_sentiment_claim_00501,sentiment_synthetic_sentiment_public_sentiment_ac_chunk_0003,sentiment_synthetic_sentiment_public_sentiment_ac,synthetic,sentiment,6,S6,causes_or_increases,"I am cautious because siruala, L.","I am cautious because siruala, L.",policy_claim_03083,policy_guidetoaiinschools_chunk_0083,policy,1,P1,"' - Erin Lolich, Director of School-based Initiatives, Children's Institute ' ' I really wanted to be cautious with how we approached [AI], because obviously you can't put toothpaste back in the tube.","' - Erin Lolich, Director of School-based Initiatives, Children's Institute ' ' I really wanted to be cautious with how we approached [AI], because obviously you can't put toothpaste back in the tube.",0.3572307825088501,0.3522135317325592,0.6477864682674408,sentence_transformer:sentence-transformers/paraphrase-multilingual-MiniLM-L12-v2,True,0.5118606686592102,pooled_empirical_10th_percentile_provisional
synthetic_to_policy,synthetic_sentiment_claim_00502,sentiment_synthetic_sentiment_public_sentiment_ad_chunk_0001,sentiment_synthetic_sentiment_public_sentiment_ad,synthetic,sentiment,6,S6,enables_or_supports,"A sensible approach would start from the idea that while many see the newly introduced AACs at senior cycle as an attempt to reduce exam pressure (they won't), they are part of a pedagogic move away from content and towards skills.","A sensible approach would start from the idea that while many see the newly introduced AACs at senior cycle as an attempt to reduce exam pressure (they won't), they are part of a pedagogic move away from content and towards skills.",policy_claim_03277,policy_l_intelligence_artificielle_dans_les_tablissements_scolaires_sur_le_plan_administratif_et_p_dagogique_chunk_0092,policy,2,P2,"extrait 11) pour dépasser les premières appréhensions, mais aussi de formations qui s'inscrivent dans la durée et permettent des échanges de pratiques.","extrait 11) pour dépasser les premières appréhensions, mais aussi de formations qui s'inscrivent dans la durée et permettent des échanges de pratiques.",0.5896084308624268,0.5842610597610474,0.41573894023895264,sentence_transformer:sentence-transformers/paraphrase-multilingual-MiniLM-L12-v2,False,0.5118606686592102,pooled_empirical_10th_percentile_provisional
synthetic_to_policy,synthetic_sentiment_claim_00503,sentiment_synthetic_sentiment_public_sentiment_ad_chunk_0001,sentiment_synthetic_sentiment_public_sentiment_ad,synthetic,sentiment,6,S6,causes_or_increases,I am cautious because genAI can be seen as an enabler.,I am cautious because genAI can be seen as an enabler.,policy_claim_02161,policy_developing_policy_and_protocols_for_the_use_of_generative_ai_in_k_12_classrooms_march_2025_chunk_0011,policy,7,P7,Yes No Yes - only guidance is needed to clarify how policies apply to safe use of genAI.,Yes No Yes - only guidance is needed to clarify how policies apply to safe use of genAI.,0.6398285627365112,0.5749858021736145,0.4250141978263855,sentence_transformer:sentence-transformers/paraphrase-multilingual-MiniLM-L12-v2,False,0.5118606686592102,pooled_empirical_10th_percentile_provisional
synthetic_to_policy,synthetic_sentiment_claim_00504,sentiment_synthetic_sentiment_public_sentiment_ad_chunk_0001,sentiment_synthetic_sentiment_public_sentiment_ad,synthetic,sentiment,6,S6,causes_or_increases,"Whether used as a stand-alone tool or as a tool integrated into other platforms or products, its benefits for the youth sector could include: - I think this matters because a study, which did a systematic review and meta-analysis of studies published up to September , indicated a primarily negative association between mental health and digital media use in adolescents during Covid-.","Whether used as a stand-alone tool or as a tool integrated into other platforms or products, its benefits for the youth sector could include: - I think this matters because a study, which did a systematic review and meta-analysis of studies published up to September , indicated a primarily negative association between mental health and digital media use in adolescents during Covid-.",policy_claim_02416,policy_digital_strategy_for_schools_to_2027_chunk_0085,policy,5,P5,"The safe and ethical use of the internet was raised as a concern across all strands of the consultation, in particular in relation to the overuse of digital technologies and expressed by young people through the focus group for post ­ primary students.","The safe and ethical use of the internet was raised as a concern across all strands of the consultation, in particular in relation to the overuse of digital technologies and expressed by young people through the focus group for post ­ primary students.",0.6387103796005249,0.6237608790397644,0.3762391209602356,sentence_transformer:sentence-transformers/paraphrase-multilingual-MiniLM-L12-v2,False,0.5118606686592102,pooled_empirical_10th_percentile_provisional
synthetic_to_policy,synthetic_sentiment_claim_00505,sentiment_synthetic_sentiment_public_sentiment_ad_chunk_0002,sentiment_synthetic_sentiment_public_sentiment_ad,synthetic,sentiment,6,S6,enables_or_supports,"Numbers/percentages of teachers who agreed that an increase in the use of AI in their school will impact the following - I would support this when artificial Intelligence (AI) has grown to be a focal point of technological evolution, implicating various sectors including healthcare, education, and manufacturing.","Numbers/percentages of teachers who agreed that an increase in the use of AI in their school will impact the following - I would support this when artificial Intelligence (AI) has grown to be a focal point of technological evolution, implicating various sectors including healthcare, education, and manufacturing.",policy_claim_03326,policy_l_intelligence_artificielle_dans_les_tablissements_scolaires_sur_le_plan_administratif_et_p_dagogique_chunk_0155,policy,2,P2,"La synthèse globale obtenue à l'issue de ce traitement pour le questionnaire enseignant est la suivante : L'impact de l'intelligence artificielle (IA) sur les pratiques pédagogiques se présente comme un phénomène à multiples facettes, présentant à la fois des opportunités significatives et des défis considérables qui requièrent une attention particulière.","La synthèse globale obtenue à l'issue de ce traitement pour le questionnaire enseignant est la suivante : L'impact de l'intelligence artificielle (IA) sur les pratiques pédagogiques se présente comme un phénomène à multiples facettes, présentant à la fois des opportunités significatives et des défis considérables qui requièrent une attention particulière.",0.8242356777191162,0.8224785923957825,0.17752140760421753,sentence_transformer:sentence-transformers/paraphrase-multilingual-MiniLM-L12-v2,False,0.5118606686592102,pooled_empirical_10th_percentile_provisional
synthetic_to_policy,synthetic_sentiment_claim_00506,sentiment_synthetic_sentiment_public_sentiment_ad_chunk_0002,sentiment_synthetic_sentiment_public_sentiment_ad,synthetic,sentiment,6,S6,reduces_or_prevents,"I would support this when however, confidence levels slightly decrease when using technologies for assigning and grading activities that include student use of these digital technologies, and for effectively monitoring their use by students.","I would support this when however, confidence levels slightly decrease when using technologies for assigning and grading activities that include student use of these digital technologies, and for effectively monitoring their use by students.",policy_claim_00366,policy_ai_cognitive_offloading_and_implications_for_education_chunk_0050,policy,4,P4,"Understanding, assessing and enhancing student evaluative judgement in digital environments.","Understanding, assessing and enhancing student evaluative judgement in digital environments.",0.6481921672821045,0.6368630528450012,0.3631369471549988,sentence_transformer:sentence-transformers/paraphrase-multilingual-MiniLM-L12-v2,False,0.5118606686592102,pooled_empirical_10th_percentile_provisional
synthetic_to_policy,synthetic_sentiment_claim_00507,sentiment_synthetic_sentiment_public_sentiment_ad_chunk_0003,sentiment_synthetic_sentiment_public_sentiment_ad,synthetic,sentiment,7,S7,causes_or_increases,"For this publication, we will further refer to such technologies as GenAI, with their main capacity to generate new content based on short inputs - text, images, videos.","For this publication, we will further refer to such technologies as GenAI, with their main capacity to generate new content based on short inputs - text, images, videos.",policy_claim_02613,policy_generative_artificial_intelligence_ai_in_k_12_classrooms_v2_chunk_0003,policy,0,P0,"GenAI is generating some form of output, either text, images, video or audio.","GenAI is generating some form of output, either text, images, video or audio.",0.7851289510726929,0.714972734451294,0.28502726554870605,sentence_transformer:sentence-transformers/paraphrase-multilingual-MiniLM-L12-v2,False,0.5118606686592102,pooled_empirical_10th_percentile_provisional
synthetic_to_policy,synthetic_sentiment_claim_00508,sentiment_synthetic_sentiment_public_sentiment_ad_chunk_0003,sentiment_synthetic_sentiment_public_sentiment_ad,synthetic,sentiment,7,S7,requires_or_depends_on,"Parents and teachers need to know that muhammad Irfan , Professor Liam Murray , Fahad Aldulaylan , Yahya Alqahtani , Dr.Faiza Latif - Students should understand that despite differences, educators across disciplines have recognised the potential of GenAI in their respective contexts, without ignoring important challenges at the same time.","Parents and teachers need to know that muhammad Irfan , Professor Liam Murray , Fahad Aldulaylan , Yahya Alqahtani , Dr.Faiza Latif - Students should understand that despite differences, educators across disciplines have recognised the potential of GenAI in their respective contexts, without ignoring important challenges at the same time.",policy_claim_02879,policy_guidance_on_artificial_intelligence_in_schools_2025_chunk_0028,policy,5,P5,Inclusion: GenAI can support inclusive practices by tailoring tasks to better ensure that all learners are appropriately challenged and able to progress at their own pace.,Inclusion: GenAI can support inclusive practices by tailoring tasks to better ensure that all learners are appropriately challenged and able to progress at their own pace.,0.6801502704620361,0.6668343544006348,0.33316564559936523,sentence_transformer:sentence-transformers/paraphrase-multilingual-MiniLM-L12-v2,False,0.5118606686592102,pooled_empirical_10th_percentile_provisional
synthetic_to_policy,synthetic_sentiment_claim_00509,sentiment_synthetic_sentiment_public_sentiment_ad_chunk_0003,sentiment_synthetic_sentiment_public_sentiment_ad,synthetic,sentiment,7,S7,causes_or_increases,"I am cautious because in , the Digital Society Program of the French National Agency for Territorial Cohesion (ANCT), has launched a consultation for the production of a series of studies on the state of the art of the French digital society.","I am cautious because in , the Digital Society Program of the French National Agency for Territorial Cohesion (ANCT), has launched a consultation for the production of a series of studies on the state of the art of the French digital society.",policy_claim_02263,policy_digital_strategy_for_schools_to_2027_chunk_0029,policy,5,P5,"In line with the EU DEAP 2021 ­ 2027, as a key priority area this Strategy will focus on enhancing digital skills and competences for digital transformation as 'boosting the level of digital competences and capabilities to support the effective and pedagogical use of digital technologies is a key enabling factor in improving the quality, inclusivity and effectiveness of education and training' 10 .","In line with the EU DEAP 2021 ­ 2027, as a key priority area this Strategy will focus on enhancing digital skills and competences for digital transformation as 'boosting the level of digital competences and capabilities to support the effective and pedagogical use of digital technologies is a key enabling factor in improving the quality, inclusivity and effectiveness of education and training' 10 .",0.5848220586776733,0.5833030343055725,0.4166969656944275,sentence_transformer:sentence-transformers/paraphrase-multilingual-MiniLM-L12-v2,False,0.5118606686592102,pooled_empirical_10th_percentile_provisional
synthetic_to_policy,synthetic_sentiment_claim_00510,sentiment_synthetic_sentiment_public_sentiment_ad_chunk_0004,sentiment_synthetic_sentiment_public_sentiment_ad,synthetic,sentiment,5,S5,causes_or_increases,I think this matters because the perspectives and experiences of participants in this study helped us identify the following competences as essential for the future of the teaching profession at the secondary education level: - My concern is that .,I think this matters because the perspectives and experiences of participants in this study helped us identify the following competences as essential for the future of the teaching profession at the secondary education level: - My concern is that .,policy_claim_00211,policy_ai_advisory_council_ai_on_education_paper_chunk_0002,policy,0,P0,"This includes both educators and students and should prompt the teaching professions at all levels to do some difficult but important reassessment of their roles in order to appropriately leverage these new technologies, for the benefit of students and the integrity of the teaching-learning process.","This includes both educators and students and should prompt the teaching professions at all levels to do some difficult but important reassessment of their roles in order to appropriately leverage these new technologies, for the benefit of students and the integrity of the teaching-learning process.",0.6338484287261963,0.6182172894477844,0.3817827105522156,sentence_transformer:sentence-transformers/paraphrase-multilingual-MiniLM-L12-v2,False,0.5118606686592102,pooled_empirical_10th_percentile_provisional
synthetic_to_policy,synthetic_sentiment_claim_00511,sentiment_synthetic_sentiment_public_sentiment_ad_chunk_0004,sentiment_synthetic_sentiment_public_sentiment_ad,synthetic,sentiment,5,S5,requires_or_depends_on,Parents and teachers need to know that the guidance provides 'use case' examples and scenarios describing AI's potential uses.,Parents and teachers need to know that the guidance provides 'use case' examples and scenarios describing AI's potential uses.,policy_claim_02817,policy_guidance_on_artificial_intelligence_in_schools_2025_chunk_0008,policy,5,P5,It highlights relevant factors and suitable resources to inform schools and support teachers in planning for the possible use of AI in teaching and learning and supports good decision making around AI tools and practice.,It highlights relevant factors and suitable resources to inform schools and support teachers in planning for the possible use of AI in teaching and learning and supports good decision making around AI tools and practice.,0.7746753096580505,0.7584154009819031,0.24158459901809692,sentence_transformer:sentence-transformers/paraphrase-multilingual-MiniLM-L12-v2,False,0.5118606686592102,pooled_empirical_10th_percentile_provisional
synthetic_to_policy,synthetic_sentiment_claim_00512,sentiment_synthetic_sentiment_public_sentiment_ae_chunk_0001,sentiment_synthetic_sentiment_public_sentiment_ae,synthetic,sentiment,3,S3,enables_or_supports,"Parents and teachers need to know that design for learning is a key element of the teaching profession, understood as the planning of experiences and situations aimed at helping students achieve the intended learning outcomes of subjects and whole programmes, ultimately supporting the development of competences and attributes as defined by the curriculum.","Parents and teachers need to know that design for learning is a key element of the teaching profession, understood as the planning of experiences and situations aimed at helping students achieve the intended learning outcomes of subjects and whole programmes, ultimately supporting the development of competences and attributes as defined by the curriculum.",policy_claim_02858,policy_guidance_on_artificial_intelligence_in_schools_2025_chunk_0026,policy,5,P5,Teacher Planning and Preparation supporting Learning Design by: · Assis ti - ng with curriculum and lesson planning Example: The Geography department is reviewing their literacy and numeracy actions.,Teacher Planning and Preparation supporting Learning Design by: · Assis ti - ng with curriculum and lesson planning Example: The Geography department is reviewing their literacy and numeracy actions.,0.6826214790344238,0.6673832535743713,0.33261674642562866,sentence_transformer:sentence-transformers/paraphrase-multilingual-MiniLM-L12-v2,False,0.5118606686592102,pooled_empirical_10th_percentile_provisional
synthetic_to_policy,synthetic_sentiment_claim_00513,sentiment_synthetic_sentiment_public_sentiment_ae_chunk_0002,sentiment_synthetic_sentiment_public_sentiment_ae,synthetic,sentiment,1,S1,requires_or_depends_on,"Parents and teachers need to know that indicative comment: 'Well, for me in class, it doesn't really help.","Parents and teachers need to know that indicative comment: 'Well, for me in class, it doesn't really help.",policy_claim_03094,policy_guidetoaiinschools_chunk_0087,policy,0,P0,"As a language and writing teacher, I am not resigned to this inevitability, mostly because I don't think it's good for students and their learning.","As a language and writing teacher, I am not resigned to this inevitability, mostly because I don't think it's good for students and their learning.",0.6639934182167053,0.6156558394432068,0.3843441605567932,sentence_transformer:sentence-transformers/paraphrase-multilingual-MiniLM-L12-v2,False,0.5118606686592102,pooled_empirical_10th_percentile_provisional
synthetic_to_policy,synthetic_sentiment_claim_00514,sentiment_synthetic_sentiment_public_sentiment_ae_chunk_0002,sentiment_synthetic_sentiment_public_sentiment_ae,synthetic,sentiment,1,S1,causes_or_increases,I am cautious because what is particularly interesting is how engaged these teachers were with the AIT learning pathway.,I am cautious because what is particularly interesting is how engaged these teachers were with the AIT learning pathway.,policy_claim_00779,policy_ai_competency_framework_for_teachers_chunk_0039,policy,3,P3,"The AI CFT outlines competencies at multiple levels to guide this progression and suggests training methodologies to help teachers remain conversant with the emerging technologies and their broader implications for pedagogy, ethics as well as their societal impact.","The AI CFT outlines competencies at multiple levels to guide this progression and suggests training methodologies to help teachers remain conversant with the emerging technologies and their broader implications for pedagogy, ethics as well as their societal impact.",0.6821563839912415,0.6585177779197693,0.3414822220802307,sentence_transformer:sentence-transformers/paraphrase-multilingual-MiniLM-L12-v2,False,0.5118606686592102,pooled_empirical_10th_percentile_provisional
synthetic_to_policy,synthetic_sentiment_claim_00515,sentiment_synthetic_sentiment_public_sentiment_ae_chunk_0003,sentiment_synthetic_sentiment_public_sentiment_ae,synthetic,sentiment,6,S6,causes_or_increases,"What are the prevalent themes of hope and fear towards AI in the public discourse in Dublin, Cork, and Limerick, and how do they contribute to the dominant narratives within the Republic of Ireland?","What are the prevalent themes of hope and fear towards AI in the public discourse in Dublin, Cork, and Limerick, and how do they contribute to the dominant narratives within the Republic of Ireland?",policy_claim_02456,policy_digital_strategy_for_schools_to_2027_chunk_0103,policy,5,P5,"As referenced earlier in this Pillar, Ireland's first national AI strategy 'AI ­ Here for Good' sets out a roadmap to ensure that Ireland has a future ­ oriented workforce and population with the skills to drive the development, deployment and use of AI to increase productivity and benefit society.","As referenced earlier in this Pillar, Ireland's first national AI strategy 'AI ­ Here for Good' sets out a roadmap to ensure that Ireland has a future ­ oriented workforce and population with the skills to drive the development, deployment and use of AI to increase productivity and benefit society.",0.6456454992294312,0.6095575094223022,0.39044249057769775,sentence_transformer:sentence-transformers/paraphrase-multilingual-MiniLM-L12-v2,False,0.5118606686592102,pooled_empirical_10th_percentile_provisional
synthetic_to_policy,synthetic_sentiment_claim_00516,sentiment_synthetic_sentiment_public_sentiment_ae_chunk_0003,sentiment_synthetic_sentiment_public_sentiment_ae,synthetic,sentiment,6,S6,causes_or_increases,I think this matters because the rise of digital technologies has brought about a major transformation of activities and processes in our societies over the last twenty years.,I think this matters because the rise of digital technologies has brought about a major transformation of activities and processes in our societies over the last twenty years.,policy_claim_03686,policy_our_ai_our_ambition_for_france_chunk_0005,policy,8,P8,A ASSERTING A RESPONSIBILITY PRINCIPLE SO THAT INNOVATION CONTRIBUTES TO A COLLECTIVE PROJECT Societies everywhere are being challenged by the spread of digital technologies.,A ASSERTING A RESPONSIBILITY PRINCIPLE SO THAT INNOVATION CONTRIBUTES TO A COLLECTIVE PROJECT Societies everywhere are being challenged by the spread of digital technologies.,0.7678267955780029,0.7449202537536621,0.2550797462463379,sentence_transformer:sentence-transformers/paraphrase-multilingual-MiniLM-L12-v2,False,0.5118606686592102,pooled_empirical_10th_percentile_provisional
synthetic_to_policy,synthetic_sentiment_claim_00517,sentiment_synthetic_sentiment_public_sentiment_ae_chunk_0003,sentiment_synthetic_sentiment_public_sentiment_ae,synthetic,sentiment,6,S6,causes_or_increases,I would support this when an overview of this is outlined in Figure and a summary of each of the main points raised by the teachers is outlined below.,I would support this when an overview of this is outlined in Figure and a summary of each of the main points raised by the teachers is outlined below.,policy_claim_01960,policy_ai_systems_in_teaching_and_learning_principles_and_practical_exa_chunk_0006,policy,6,P6,The presentation and articulation of the principles could be refined to enhance their clarity and applicability for educators.,The presentation and articulation of the principles could be refined to enhance their clarity and applicability for educators.,0.6049192547798157,0.5972520709037781,0.4027479290962219,sentence_transformer:sentence-transformers/paraphrase-multilingual-MiniLM-L12-v2,False,0.5118606686592102,pooled_empirical_10th_percentile_provisional
synthetic_to_policy,synthetic_sentiment_claim_00518,sentiment_synthetic_sentiment_public_sentiment_ae_chunk_0004,sentiment_synthetic_sentiment_public_sentiment_ae,synthetic,sentiment,1,S1,causes_or_increases,"For me, the important point is that out of teachers who used AI, on average in the European Union (EU-), almost twothirds ( per cent) say that they use it to efficiently learn about and summarise a topic, and per cent use AI to generate lesson plans or activities.","For me, the important point is that out of teachers who used AI, on average in the European Union (EU-), almost twothirds ( per cent) say that they use it to efficiently learn about and summarise a topic, and per cent use AI to generate lesson plans or activities.",policy_claim_01448,policy_ai_policy_and_regulations_of_france_comprehensive_report_fr_chunk_0002,policy,2,P2,■ Un usage limité de l'IA : 45 % des enseignants français et 39 % des enseignants à l'international rapportent ne pas avoir utilisé d'outils d'IA pour l'éducation depuis le début de l'année scolaire.,■ Un usage limité de l'IA : 45 % des enseignants français et 39 % des enseignants à l'international rapportent ne pas avoir utilisé d'outils d'IA pour l'éducation depuis le début de l'année scolaire.,0.7944835424423218,0.7732462286949158,0.22675377130508423,sentence_transformer:sentence-transformers/paraphrase-multilingual-MiniLM-L12-v2,False,0.5118606686592102,pooled_empirical_10th_percentile_provisional
synthetic_to_policy,synthetic_sentiment_claim_00519,sentiment_synthetic_sentiment_public_sentiment_ae_chunk_0004,sentiment_synthetic_sentiment_public_sentiment_ae,synthetic,sentiment,1,S1,expected_to_improve,This seems useful if the potential to enhance student engagement in education through GenAI was identified in the study as one of the most promising areas of impact.,This seems useful if the potential to enhance student engagement in education through GenAI was identified in the study as one of the most promising areas of impact.,policy_claim_02145,policy_developing_policy_and_protocols_for_the_use_of_generative_ai_in_k_12_classrooms_march_2025_chunk_0008,policy,6,P6,"Use genAI to support the growth of all students: AI greatly increases educator's ability to improve outcomes for all students through differentiating instruction, and special consideration should be applied for using genAI to support students experiencing poverty, multilingual learners, students with disabilities, and students identified as TAG.","Use genAI to support the growth of all students: AI greatly increases educator's ability to improve outcomes for all students through differentiating instruction, and special consideration should be applied for using genAI to support students experiencing poverty, multilingual learners, students with disabilities, and students identified as TAG.",0.6981911659240723,0.6873507499694824,0.3126492500305176,sentence_transformer:sentence-transformers/paraphrase-multilingual-MiniLM-L12-v2,False,0.5118606686592102,pooled_empirical_10th_percentile_provisional
synthetic_to_policy,synthetic_sentiment_claim_00520,sentiment_synthetic_sentiment_public_sentiment_ae_chunk_0004,sentiment_synthetic_sentiment_public_sentiment_ae,synthetic,sentiment,1,S1,requires_or_depends_on,"Parents and teachers need to know that looking at the day-to-day practices of teachers, the study illustrates how GenAI has the potential to shape key aspects of the teaching profession and affect their workload.","Parents and teachers need to know that looking at the day-to-day practices of teachers, the study illustrates how GenAI has the potential to shape key aspects of the teaching profession and affect their workload.",policy_claim_02882,policy_guidance_on_artificial_intelligence_in_schools_2025_chunk_0029,policy,0,P0,"Teaching resources: GenAI can assist teachers in the process of producing a variety of teaching materials, including text summaries adapted to different reading abilities, texts that reflect diverse or opposing viewpoints, localised texts, writing examples across varied genres, and assessment tools such as quizzes aligned with the curriculum.","Teaching resources: GenAI can assist teachers in the process of producing a variety of teaching materials, including text summaries adapted to different reading abilities, texts that reflect diverse or opposing viewpoints, localised texts, writing examples across varied genres, and assessment tools such as quizzes aligned with the curriculum.",0.7042117118835449,0.6703603267669678,0.3296396732330322,sentence_transformer:sentence-transformers/paraphrase-multilingual-MiniLM-L12-v2,False,0.5118606686592102,pooled_empirical_10th_percentile_provisional
synthetic_to_policy,synthetic_sentiment_claim_00521,sentiment_synthetic_sentiment_public_sentiment_ae_chunk_0004,sentiment_synthetic_sentiment_public_sentiment_ae,synthetic,sentiment,1,S1,causes_or_increases,"For instance, teachers are experimenting with using GenAI for lesson planning and creating educational resources, as well as helping alleviate the burden of tasks ancillary to teaching (e.g., administrative work, communication with families)..","For instance, teachers are experimenting with using GenAI for lesson planning and creating educational resources, as well as helping alleviate the burden of tasks ancillary to teaching (e.g., administrative work, communication with families)..",policy_claim_02882,policy_guidance_on_artificial_intelligence_in_schools_2025_chunk_0029,policy,0,P0,"Teaching resources: GenAI can assist teachers in the process of producing a variety of teaching materials, including text summaries adapted to different reading abilities, texts that reflect diverse or opposing viewpoints, localised texts, writing examples across varied genres, and assessment tools such as quizzes aligned with the curriculum.","Teaching resources: GenAI can assist teachers in the process of producing a variety of teaching materials, including text summaries adapted to different reading abilities, texts that reflect diverse or opposing viewpoints, localised texts, writing examples across varied genres, and assessment tools such as quizzes aligned with the curriculum.",0.7654944062232971,0.733921468257904,0.26607853174209595,sentence_transformer:sentence-transformers/paraphrase-multilingual-MiniLM-L12-v2,False,0.5118606686592102,pooled_empirical_10th_percentile_provisional
synthetic_to_policy,synthetic_sentiment_claim_00522,sentiment_synthetic_sentiment_public_sentiment_ae_chunk_0004,sentiment_synthetic_sentiment_public_sentiment_ae,synthetic,sentiment,1,S1,requires_or_depends_on,"Parents and teachers need to know that relatedly, some participants also spoke about how the information they learnt about AI in the learning day (particularly the first day) was not relevant to their classroom practice.","Parents and teachers need to know that relatedly, some participants also spoke about how the information they learnt about AI in the learning day (particularly the first day) was not relevant to their classroom practice.",policy_claim_01792,policy_ai_report_us_gov_chunk_0066,policy,6,P6,"This lack of explainability will not suffice for teaching; teachers will need to know how an AI model analyzed the work of one of their students and why the AI model recommended a particular tutorial, resource, or next step to the student.","This lack of explainability will not suffice for teaching; teachers will need to know how an AI model analyzed the work of one of their students and why the AI model recommended a particular tutorial, resource, or next step to the student.",0.7568745613098145,0.7264402508735657,0.2735597491264343,sentence_transformer:sentence-transformers/paraphrase-multilingual-MiniLM-L12-v2,False,0.5118606686592102,pooled_empirical_10th_percentile_provisional
synthetic_to_policy,synthetic_sentiment_claim_00523,sentiment_synthetic_sentiment_public_sentiment_ae_chunk_0004,sentiment_synthetic_sentiment_public_sentiment_ae,synthetic,sentiment,1,S1,causes_or_increases,"Students should understand that 'surveillance ads, algorithms that shape what we see or not in the internet and deceptive design practicesreduce our young peoples' ability to organi se among young people for the causes we care about, such as climate change, social justice, access to fair remuneration and employment, democratic engagement, etc.","Students should understand that 'surveillance ads, algorithms that shape what we see or not in the internet and deceptive design practicesreduce our young peoples' ability to organi se among young people for the causes we care about, such as climate change, social justice, access to fair remuneration and employment, democratic engagement, etc.",policy_claim_01768,policy_ai_report_us_gov_chunk_0058,policy,6,P6,Those concerns go beyond data privacy and security; they raise attention to how technologies may unfairly direct or limit some students' opportunities to learn.,Those concerns go beyond data privacy and security; they raise attention to how technologies may unfairly direct or limit some students' opportunities to learn.,0.7072900533676147,0.6551178693771362,0.34488213062286377,sentence_transformer:sentence-transformers/paraphrase-multilingual-MiniLM-L12-v2,False,0.5118606686592102,pooled_empirical_10th_percentile_provisional
synthetic_to_policy,synthetic_sentiment_claim_00524,sentiment_synthetic_sentiment_public_sentiment_ae_chunk_0005,sentiment_synthetic_sentiment_public_sentiment_ae,synthetic,sentiment,0,S0,causes_or_increases,"Public discussion on responsible AI in education understand that 'surveillance ads, algorithms that shape what we see or not in the internet and deceptive design practicesreduce our young peoples' ability to organi se among young people for the causes we care about, such as climate change, social justice, access to fair remuneration and employment, democratic engagement, etc.","Public discussion on responsible AI in education understand that 'surveillance ads, algorithms that shape what we see or not in the internet and deceptive design practicesreduce our young peoples' ability to organi se among young people for the causes we care about, such as climate change, social justice, access to fair remuneration and employment, democratic engagement, etc.",policy_claim_02643,policy_generative_artificial_intelligence_ai_in_k_12_classrooms_v2_chunk_0009,policy,7,P7,Addressing equity issues regarding which students have access to AI and which do not is an example of the digital use divide that must be mitigated now as schools develop policy around how students interactive w AI tools.,Addressing equity issues regarding which students have access to AI and which do not is an example of the digital use divide that must be mitigated now as schools develop policy around how students interactive w AI tools.,0.7512816190719604,0.744562566280365,0.255437433719635,sentence_transformer:sentence-transformers/paraphrase-multilingual-MiniLM-L12-v2,False,0.5118606686592102,pooled_empirical_10th_percentile_provisional
synthetic_to_policy,synthetic_sentiment_claim_00525,sentiment_synthetic_sentiment_public_sentiment_af_chunk_0001,sentiment_synthetic_sentiment_public_sentiment_af,synthetic,sentiment,6,S6,causes_or_increases,"On the one hand because literacy can be a precondition for participation, on the other hand because AI literacy will allow us to better grasp the different layers, beyond the mere use of technology.","On the one hand because literacy can be a precondition for participation, on the other hand because AI literacy will allow us to better grasp the different layers, beyond the mere use of technology.",policy_claim_02901,policy_guidance_on_artificial_intelligence_in_schools_2025_chunk_0038,policy,5,P5,How would AI literacy be promoted in teaching and learning?,How would AI literacy be promoted in teaching and learning?,0.8012158870697021,0.7930029034614563,0.2069970965385437,sentence_transformer:sentence-transformers/paraphrase-multilingual-MiniLM-L12-v2,False,0.5118606686592102,pooled_empirical_10th_percentile_provisional
synthetic_to_policy,synthetic_sentiment_claim_00526,sentiment_synthetic_sentiment_public_sentiment_af_chunk_0001,sentiment_synthetic_sentiment_public_sentiment_af,synthetic,sentiment,6,S6,requires_or_depends_on,"Parents and teachers need to know that the codebook contains all the codes that were assigned, a brief description of the code, how many times the code appeared, and the theme or sub-theme the code eventually became.","Parents and teachers need to know that the codebook contains all the codes that were assigned, a brief description of the code, how many times the code appeared, and the theme or sub-theme the code eventually became.",policy_claim_03229,policy_l_intelligence_artificielle_dans_les_tablissements_scolaires_sur_le_plan_administratif_et_p_dagogique_chunk_0054,policy,2,P2,"Un scénario pédagogique donne lieu à un projet, dont la réalisation permet à l'enseignant de vérifier l'acquisition des connaissances et compétences recherché es chez les élèves.","Un scénario pédagogique donne lieu à un projet, dont la réalisation permet à l'enseignant de vérifier l'acquisition des connaissances et compétences recherché es chez les élèves.",0.5457830429077148,0.521443784236908,0.47855621576309204,sentence_transformer:sentence-transformers/paraphrase-multilingual-MiniLM-L12-v2,False,0.5118606686592102,pooled_empirical_10th_percentile_provisional
synthetic_to_policy,synthetic_sentiment_claim_00527,sentiment_synthetic_sentiment_public_sentiment_af_chunk_0002,sentiment_synthetic_sentiment_public_sentiment_af,synthetic,sentiment,4,S4,requires_or_depends_on,"Students should understand that nonetheless, more needs to be done to bring the voices of youth workers and youth work professionals on the role of AI in youth work.","Students should understand that nonetheless, more needs to be done to bring the voices of youth workers and youth work professionals on the role of AI in youth work.",policy_claim_00451,policy_ai_competency_framework_for_students_chunk_0026,policy,3,P3,"School students need to be supported to become active co-creators of AI, as well as potential leaders who will define further iterations of AI and its interactions with human society for present and future generations.","School students need to be supported to become active co-creators of AI, as well as potential leaders who will define further iterations of AI and its interactions with human society for present and future generations.",0.7243551015853882,0.7158258557319641,0.2841741442680359,sentence_transformer:sentence-transformers/paraphrase-multilingual-MiniLM-L12-v2,False,0.5118606686592102,pooled_empirical_10th_percentile_provisional
synthetic_to_policy,synthetic_sentiment_claim_00528,sentiment_synthetic_sentiment_public_sentiment_af_chunk_0004,sentiment_synthetic_sentiment_public_sentiment_af,synthetic,sentiment,7,S7,causes_or_increases,I am cautious because the integration of GenAI into teaching and learning practices has varying impacts across different subject areas in secondary education.,I am cautious because the integration of GenAI into teaching and learning practices has varying impacts across different subject areas in secondary education.,policy_claim_02741,policy_guidance_for_ai_policy_development_chunk_0001,policy,7,P7,"If used appropriately, GenAI has the potential to truly revolutionize the classroom, freeing up instructional time for educators and allowing for greater innovation.","If used appropriately, GenAI has the potential to truly revolutionize the classroom, freeing up instructional time for educators and allowing for greater innovation.",0.6694865226745605,0.6646249294281006,0.3353750705718994,sentence_transformer:sentence-transformers/paraphrase-multilingual-MiniLM-L12-v2,False,0.5118606686592102,pooled_empirical_10th_percentile_provisional
synthetic_to_policy,synthetic_sentiment_claim_00529,sentiment_synthetic_sentiment_public_sentiment_af_chunk_0004,sentiment_synthetic_sentiment_public_sentiment_af,synthetic,sentiment,7,S7,causes_or_increases,"In STEM subjects, GenAI can transform the learning landscape by engaging students in real-world problem-solving tasks, such as generating data sets for analysis or simulating scientific experiments.","In STEM subjects, GenAI can transform the learning landscape by engaging students in real-world problem-solving tasks, such as generating data sets for analysis or simulating scientific experiments.",policy_claim_02741,policy_guidance_for_ai_policy_development_chunk_0001,policy,7,P7,"If used appropriately, GenAI has the potential to truly revolutionize the classroom, freeing up instructional time for educators and allowing for greater innovation.","If used appropriately, GenAI has the potential to truly revolutionize the classroom, freeing up instructional time for educators and allowing for greater innovation.",0.7005096673965454,0.6809108853340149,0.3190891146659851,sentence_transformer:sentence-transformers/paraphrase-multilingual-MiniLM-L12-v2,False,0.5118606686592102,pooled_empirical_10th_percentile_provisional
synthetic_to_policy,synthetic_sentiment_claim_00530,sentiment_synthetic_sentiment_public_sentiment_af_chunk_0004,sentiment_synthetic_sentiment_public_sentiment_af,synthetic,sentiment,7,S7,requires_or_depends_on,"I would support this when i suppose when I left the initial launch day, I still wasn't entirely sure what I was going to do in my classroom.","I would support this when i suppose when I left the initial launch day, I still wasn't entirely sure what I was going to do in my classroom.",policy_claim_03006,policy_guidetoaiinschools_chunk_0032,policy,0,P0,And so I was super frustrated because can't you just start with it off and then let teachers turn it on?,And so I was super frustrated because can't you just start with it off and then let teachers turn it on?,0.5302964448928833,0.5186553597450256,0.48134464025497437,sentence_transformer:sentence-transformers/paraphrase-multilingual-MiniLM-L12-v2,False,0.5118606686592102,pooled_empirical_10th_percentile_provisional
synthetic_to_policy,synthetic_sentiment_claim_00531,sentiment_synthetic_sentiment_public_sentiment_ag_chunk_0001,sentiment_synthetic_sentiment_public_sentiment_ag,synthetic,sentiment,3,S3,causes_or_increases,I am cautious because the material indicates AI as both an enabler and a challenge.,I am cautious because the material indicates AI as both an enabler and a challenge.,policy_claim_03174,policy_l_ia_en_ducation_cadre_d_usage_chunk_0001,policy,2,P2,"Quelles potentialités, quels risques et limites dans l'usage de l'IA ?","Quelles potentialités, quels risques et limites dans l'usage de l'IA ?",0.7418371438980103,0.7204340100288391,0.2795659899711609,sentence_transformer:sentence-transformers/paraphrase-multilingual-MiniLM-L12-v2,False,0.5118606686592102,pooled_empirical_10th_percentile_provisional
synthetic_to_policy,synthetic_sentiment_claim_00532,sentiment_synthetic_sentiment_public_sentiment_ag_chunk_0001,sentiment_synthetic_sentiment_public_sentiment_ag,synthetic,sentiment,3,S3,causes_or_increases,"On the other side, it is shown as creating potential risks.","On the other side, it is shown as creating potential risks.",policy_claim_03220,policy_l_intelligence_artificielle_dans_les_tablissements_scolaires_sur_le_plan_administratif_et_p_dagogique_chunk_0039,policy,2,P2,Il est à noter que cette expérience met aussi en avant le risque de voir ces solutions uniquement sous l'angle d'un gain économique.,Il est à noter que cette expérience met aussi en avant le risque de voir ces solutions uniquement sous l'angle d'un gain économique.,0.6920554637908936,0.6484181880950928,0.3515818119049072,sentence_transformer:sentence-transformers/paraphrase-multilingual-MiniLM-L12-v2,False,0.5118606686592102,pooled_empirical_10th_percentile_provisional
synthetic_to_policy,synthetic_sentiment_claim_00533,sentiment_synthetic_sentiment_public_sentiment_ag_chunk_0001,sentiment_synthetic_sentiment_public_sentiment_ag,synthetic,sentiment,3,S3,causes_or_increases,I think this matters because teens in AI is an initiative officially launched at the UN's AI For Good Global Summit with the mission to improve diversity and inclusion in AI.,I think this matters because teens in AI is an initiative officially launched at the UN's AI For Good Global Summit with the mission to improve diversity and inclusion in AI.,policy_claim_02934,policy_guidetoaiinschools_chunk_0002,policy,0,P0,When and How Should Students Be Allowed to Use AI?,When and How Should Students Be Allowed to Use AI?,0.76495760679245,0.7533957958221436,0.24660420417785645,sentence_transformer:sentence-transformers/paraphrase-multilingual-MiniLM-L12-v2,False,0.5118606686592102,pooled_empirical_10th_percentile_provisional
synthetic_to_policy,synthetic_sentiment_claim_00534,sentiment_synthetic_sentiment_public_sentiment_ag_chunk_0001,sentiment_synthetic_sentiment_public_sentiment_ag,synthetic,sentiment,3,S3,enables_or_supports,"Through its different programmes (accelerators, incubators, hackathons) it supports diverse youth groups, not just those with..","Through its different programmes (accelerators, incubators, hackathons) it supports diverse youth groups, not just those with..",policy_claim_01072,policy_ai_guidance_chunk_0058,policy,7,P7,"How are tools selected, adapted, or supplemented to support diverse learners?","How are tools selected, adapted, or supplemented to support diverse learners?",0.5430102944374084,0.5302125811576843,0.4697874188423157,sentence_transformer:sentence-transformers/paraphrase-multilingual-MiniLM-L12-v2,False,0.5118606686592102,pooled_empirical_10th_percentile_provisional
synthetic_to_policy,synthetic_sentiment_claim_00535,sentiment_synthetic_sentiment_public_sentiment_ag_chunk_0001,sentiment_synthetic_sentiment_public_sentiment_ag,synthetic,sentiment,3,S3,causes_or_increases,"Narratives: Hypothetical scenarios and real-life case studies often parallel each other, heralding a future where AI can mitigate diagnostic errors, accelerate drug discovery, or even pave the way for.","Narratives: Hypothetical scenarios and real-life case studies often parallel each other, heralding a future where AI can mitigate diagnostic errors, accelerate drug discovery, or even pave the way for.",policy_claim_00553,policy_ai_competency_framework_for_students_chunk_0070,policy,6,P6,"Expose students to simulated scenarios containing typical AI incidents, so they can practise precautionary and interactive strategies for the safe use of AI and become familiar with regulations that can protect their safety or mitigate the negative impacts of AI incidents.","Expose students to simulated scenarios containing typical AI incidents, so they can practise precautionary and interactive strategies for the safe use of AI and become familiar with regulations that can protect their safety or mitigate the negative impacts of AI incidents.",0.6468213796615601,0.6264740228652954,0.3735259771347046,sentence_transformer:sentence-transformers/paraphrase-multilingual-MiniLM-L12-v2,False,0.5118606686592102,pooled_empirical_10th_percentile_provisional
synthetic_to_policy,synthetic_sentiment_claim_00536,sentiment_synthetic_sentiment_public_sentiment_ag_chunk_0002,sentiment_synthetic_sentiment_public_sentiment_ag,synthetic,sentiment,6,S6,requires_or_depends_on,"Parents and teachers need to know that furthermore, AI has implications for public perception and attitudes.","Parents and teachers need to know that furthermore, AI has implications for public perception and attitudes.",policy_claim_03176,policy_l_ia_en_ducation_cadre_d_usage_chunk_0004,policy,2,P2,"En effet, l'utilisation éclairée de l'IA nécessite un savoir que l'École doit transmettre aux élèves pour qu'ils puissent la comprendre et la maîtriser en tant qu'utilisateurs et futurs citoyens.","En effet, l'utilisation éclairée de l'IA nécessite un savoir que l'École doit transmettre aux élèves pour qu'ils puissent la comprendre et la maîtriser en tant qu'utilisateurs et futurs citoyens.",0.7977117300033569,0.7945402264595032,0.20545977354049683,sentence_transformer:sentence-transformers/paraphrase-multilingual-MiniLM-L12-v2,False,0.5118606686592102,pooled_empirical_10th_percentile_provisional
synthetic_to_policy,synthetic_sentiment_claim_00537,sentiment_synthetic_sentiment_public_sentiment_ag_chunk_0002,sentiment_synthetic_sentiment_public_sentiment_ag,synthetic,sentiment,6,S6,causes_or_increases,I think this matters because the impact of AI on the public is multifaceted and has implications in various domains.,I think this matters because the impact of AI on the public is multifaceted and has implications in various domains.,policy_claim_03691,policy_our_ai_our_ambition_for_france_chunk_0008,policy,8,P8,"B AIMING FOR HUMANISM IN AI DEPLOYMENT time, we need to invest in analyzing the impact of AI on the quantity and quality of jobs AI itself can be put at the service of social dialogue, with the creation and deployment of specialized tools Finally, AI systems should be used to improve the quality of public services.","B AIMING FOR HUMANISM IN AI DEPLOYMENT time, we need to invest in analyzing the impact of AI on the quantity and quality of jobs AI itself can be put at the service of social dialogue, with the creation and deployment of specialized tools Finally, AI systems should be used to improve the quality of public services.",0.7515792846679688,0.7386784553527832,0.2613215446472168,sentence_transformer:sentence-transformers/paraphrase-multilingual-MiniLM-L12-v2,False,0.5118606686592102,pooled_empirical_10th_percentile_provisional
synthetic_to_policy,synthetic_sentiment_claim_00538,sentiment_synthetic_sentiment_public_sentiment_ag_chunk_0002,sentiment_synthetic_sentiment_public_sentiment_ag,synthetic,sentiment,6,S6,causes_or_increases,"The automation of tasks previously performed by humans can lead to job displacement and changes in the labor market (Acemoglu & Restrepo, ).","The automation of tasks previously performed by humans can lead to job displacement and changes in the labor market (Acemoglu & Restrepo, ).",policy_claim_03389,policy_men_dne_brochure_ia_2024_uk_web_chunk_0021,policy,8,P8,"This has important implications for employment and education, as workers are likely to face increasing competition from machines in these skill domains in the future.","This has important implications for employment and education, as workers are likely to face increasing competition from machines in these skill domains in the future.",0.5896885991096497,0.5827819108963013,0.41721808910369873,sentence_transformer:sentence-transformers/paraphrase-multilingual-MiniLM-L12-v2,False,0.5118606686592102,pooled_empirical_10th_percentile_provisional
synthetic_to_policy,synthetic_sentiment_claim_00539,sentiment_synthetic_sentiment_public_sentiment_ag_chunk_0003,sentiment_synthetic_sentiment_public_sentiment_ag,synthetic,sentiment,7,S7,causes_or_increases,"I am cautious because participants remarked positively on how the MOOC taught them information about AI, both in education and in other aspects of life.","I am cautious because participants remarked positively on how the MOOC taught them information about AI, both in education and in other aspects of life.",policy_claim_01127,policy_ai_guidance_chunk_0086,policy,7,P7,"Encourage student reflection on their use of AI-what, why, and how it supported their thinking.","Encourage student reflection on their use of AI-what, why, and how it supported their thinking.",0.6817776560783386,0.6713445782661438,0.3286554217338562,sentence_transformer:sentence-transformers/paraphrase-multilingual-MiniLM-L12-v2,False,0.5118606686592102,pooled_empirical_10th_percentile_provisional
synthetic_to_policy,synthetic_sentiment_claim_00540,sentiment_synthetic_sentiment_public_sentiment_ag_chunk_0003,sentiment_synthetic_sentiment_public_sentiment_ag,synthetic,sentiment,7,S7,causes_or_increases,I think this matters because i suppose one of the things with the face-to-face sessions is that the learning intentions were not especially clear.,I think this matters because i suppose one of the things with the face-to-face sessions is that the learning intentions were not especially clear.,policy_claim_01550,policy_ai_policy_june_2025_chunk_0011,policy,7,P7,"Provided, however, that these suggestions are either a mere starting point, or used to customise the lesson plan or make necessary adjustments to ensure Student learning objectives..","Provided, however, that these suggestions are either a mere starting point, or used to customise the lesson plan or make necessary adjustments to ensure Student learning objectives..",0.6608598828315735,0.6484906077384949,0.3515093922615051,sentence_transformer:sentence-transformers/paraphrase-multilingual-MiniLM-L12-v2,False,0.5118606686592102,pooled_empirical_10th_percentile_provisional
synthetic_to_policy,synthetic_sentiment_claim_00541,sentiment_synthetic_sentiment_public_sentiment_ag_chunk_0003,sentiment_synthetic_sentiment_public_sentiment_ag,synthetic,sentiment,7,S7,causes_or_increases,"I think this matters because the reporting of the findings in relation to the teachers who participated in the AIT project in Ireland is organised into two discrete sections in order to effectively capture a comprehensive understanding of teachers' knowledge, perceptions and use of AI, particularly in their classroom practice, in order to inform policy decisions relating to AI in education.","I think this matters because the reporting of the findings in relation to the teachers who participated in the AIT project in Ireland is organised into two discrete sections in order to effectively capture a comprehensive understanding of teachers' knowledge, perceptions and use of AI, particularly in their classroom practice, in order to inform policy decisions relating to AI in education.",policy_claim_03212,policy_l_intelligence_artificielle_dans_les_tablissements_scolaires_sur_le_plan_administratif_et_p_dagogique_chunk_0031,policy,2,P2,"Et pourtant, l'analyse du terrain montre clairement combien l'IA renforce le besoin du regard expert de l'enseignant su r les contenus produits comme sur les choix didactiques et pédagogiques.","Et pourtant, l'analyse du terrain montre clairement combien l'IA renforce le besoin du regard expert de l'enseignant su r les contenus produits comme sur les choix didactiques et pédagogiques.",0.6952974796295166,0.6780732274055481,0.3219267725944519,sentence_transformer:sentence-transformers/paraphrase-multilingual-MiniLM-L12-v2,False,0.5118606686592102,pooled_empirical_10th_percentile_provisional
synthetic_to_policy,synthetic_sentiment_claim_00542,sentiment_synthetic_sentiment_public_sentiment_ag_chunk_0004,sentiment_synthetic_sentiment_public_sentiment_ag,synthetic,sentiment,5,S5,enables_or_supports,"Public views on AI tools and learning relation to the teachers who participated in the AIT project in Ireland is organised into two discrete sections in order to effectively capture a comprehensive understanding of teachers' knowledge, perceptions and use of AI, particularly in their classroom practice, in order to inform policy decisions relating to AI in education.","Public views on AI tools and learning relation to the teachers who participated in the AIT project in Ireland is organised into two discrete sections in order to effectively capture a comprehensive understanding of teachers' knowledge, perceptions and use of AI, particularly in their classroom practice, in order to inform policy decisions relating to AI in education.",policy_claim_02622,policy_generative_artificial_intelligence_ai_in_k_12_classrooms_v2_chunk_0005,policy,7,P7,The Hands-On AI Projects for the Classroom ISTE developed guides for elementary and secondary teachers to support student-driven learning related to AI and its impacts on society.,The Hands-On AI Projects for the Classroom ISTE developed guides for elementary and secondary teachers to support student-driven learning related to AI and its impacts on society.,0.7626084089279175,0.7485551834106445,0.25144481658935547,sentence_transformer:sentence-transformers/paraphrase-multilingual-MiniLM-L12-v2,False,0.5118606686592102,pooled_empirical_10th_percentile_provisional
synthetic_to_policy,synthetic_sentiment_claim_00543,sentiment_synthetic_sentiment_public_sentiment_ag_chunk_0004,sentiment_synthetic_sentiment_public_sentiment_ag,synthetic,sentiment,5,S5,requires_or_depends_on,Parents and teachers need to know that the report highlights the need for comprehensive policies and guidelines on GenAI use in education.,Parents and teachers need to know that the report highlights the need for comprehensive policies and guidelines on GenAI use in education.,policy_claim_02886,policy_guidance_on_artificial_intelligence_in_schools_2025_chunk_0030,policy,7,P7,Policy development and review: GenAI can assist with the draft ing and review of school policies.,Policy development and review: GenAI can assist with the draft ing and review of school policies.,0.7479239702224731,0.7207275032997131,0.27927249670028687,sentence_transformer:sentence-transformers/paraphrase-multilingual-MiniLM-L12-v2,False,0.5118606686592102,pooled_empirical_10th_percentile_provisional
synthetic_to_policy,synthetic_sentiment_claim_00544,sentiment_synthetic_sentiment_public_sentiment_ag_chunk_0004,sentiment_synthetic_sentiment_public_sentiment_ag,synthetic,sentiment,5,S5,enables_or_supports,"At policy level, there is a need to promote the inclusion of GenAI into AI literacy efforts, curricular updates, teacher education, and professional development for educators.","At policy level, there is a need to promote the inclusion of GenAI into AI literacy efforts, curricular updates, teacher education, and professional development for educators.",policy_claim_02745,policy_guidance_for_ai_policy_development_chunk_0003,policy,7,P7,"This guidance document will help the districts navigate the development of policies for students, staff, and school communities on the appropriate and responsible use of AI, particularly GenAI tools, in classroom instruction, school management, and systemwide operations.","This guidance document will help the districts navigate the development of policies for students, staff, and school communities on the appropriate and responsible use of AI, particularly GenAI tools, in classroom instruction, school management, and systemwide operations.",0.7621169090270996,0.7608184218406677,0.23918157815933228,sentence_transformer:sentence-transformers/paraphrase-multilingual-MiniLM-L12-v2,False,0.5118606686592102,pooled_empirical_10th_percentile_provisional
synthetic_to_policy,synthetic_sentiment_claim_00545,sentiment_synthetic_sentiment_public_sentiment_ag_chunk_0004,sentiment_synthetic_sentiment_public_sentiment_ag,synthetic,sentiment,5,S5,enables_or_supports,"New policy measures, such as investing in infrastructure and resources, could support effective and ethical GenAI integration.","New policy measures, such as investing in infrastructure and resources, could support effective and ethical GenAI integration.",policy_claim_03729,policy_policy_title_artificial_intelligence_ai_usage_policy_for_staff_teachers_and_students_chunk_0001,policy,7,P7,"This policy aims to guide its integration in a way that enhances learning and workflow while also upholding ethical standards, student welfare and authenticity of assessment.","This policy aims to guide its integration in a way that enhances learning and workflow while also upholding ethical standards, student welfare and authenticity of assessment.",0.6380400061607361,0.6094195246696472,0.3905804753303528,sentence_transformer:sentence-transformers/paraphrase-multilingual-MiniLM-L12-v2,False,0.5118606686592102,pooled_empirical_10th_percentile_provisional
synthetic_to_policy,synthetic_sentiment_claim_00546,sentiment_synthetic_sentiment_public_sentiment_ag_chunk_0004,sentiment_synthetic_sentiment_public_sentiment_ag,synthetic,sentiment,5,S5,requires_or_depends_on,Parents and teachers need to know that yAP members mentioned different kinds of AI that they preferred to use.,Parents and teachers need to know that yAP members mentioned different kinds of AI that they preferred to use.,policy_claim_02083,policy_artificial_intelligence_policy_chunk_0007,policy,0,P0,"Where AI is employed by students, teachers may require students to identify the types of generative AI tools they drew on in the development of their work.","Where AI is employed by students, teachers may require students to identify the types of generative AI tools they drew on in the development of their work.",0.7334372401237488,0.7219715118408203,0.2780284881591797,sentence_transformer:sentence-transformers/paraphrase-multilingual-MiniLM-L12-v2,False,0.5118606686592102,pooled_empirical_10th_percentile_provisional
synthetic_to_policy,synthetic_sentiment_claim_00547,sentiment_synthetic_sentiment_public_sentiment_ag_chunk_0004,sentiment_synthetic_sentiment_public_sentiment_ag,synthetic,sentiment,5,S5,causes_or_increases,"For me, the important point is that 'It can help teachers when they are trying to teach a lesson and summarise things better and make it more understandable.' - I am cautious because one study conducted a content analysis of social media data to explore the public perception of AI in medical care (Gao et al., ).","For me, the important point is that 'It can help teachers when they are trying to teach a lesson and summarise things better and make it more understandable.' - I am cautious because one study conducted a content analysis of social media data to explore the public perception of AI in medical care (Gao et al., ).",policy_claim_03212,policy_l_intelligence_artificielle_dans_les_tablissements_scolaires_sur_le_plan_administratif_et_p_dagogique_chunk_0031,policy,2,P2,"Et pourtant, l'analyse du terrain montre clairement combien l'IA renforce le besoin du regard expert de l'enseignant su r les contenus produits comme sur les choix didactiques et pédagogiques.","Et pourtant, l'analyse du terrain montre clairement combien l'IA renforce le besoin du regard expert de l'enseignant su r les contenus produits comme sur les choix didactiques et pédagogiques.",0.8036996126174927,0.7695584893226624,0.23044151067733765,sentence_transformer:sentence-transformers/paraphrase-multilingual-MiniLM-L12-v2,False,0.5118606686592102,pooled_empirical_10th_percentile_provisional
synthetic_to_policy,synthetic_sentiment_claim_00548,sentiment_synthetic_sentiment_public_sentiment_ah_chunk_0001,sentiment_synthetic_sentiment_public_sentiment_ah,synthetic,sentiment,0,S0,causes_or_increases,Public views on AI literacy and digital education - I am cautious because norqvist L.,Public views on AI literacy and digital education - I am cautious because norqvist L.,policy_claim_02901,policy_guidance_on_artificial_intelligence_in_schools_2025_chunk_0038,policy,5,P5,How would AI literacy be promoted in teaching and learning?,How would AI literacy be promoted in teaching and learning?,0.7633057236671448,0.741252601146698,0.258747398853302,sentence_transformer:sentence-transformers/paraphrase-multilingual-MiniLM-L12-v2,False,0.5118606686592102,pooled_empirical_10th_percentile_provisional
synthetic_to_policy,synthetic_sentiment_claim_00549,sentiment_synthetic_sentiment_public_sentiment_ah_chunk_0001,sentiment_synthetic_sentiment_public_sentiment_ah,synthetic,sentiment,0,S0,enables_or_supports,"A sensible approach would start from the idea that in response to the perceptions and uses of early adopters of GenAI in secondary education across the five EU Member States included in this study, the following considerations have been formulated to support the work of policymakers with responsibilities in this area.","A sensible approach would start from the idea that in response to the perceptions and uses of early adopters of GenAI in secondary education across the five EU Member States included in this study, the following considerations have been formulated to support the work of policymakers with responsibilities in this area.",policy_claim_02597,policy_generative_ai_in_the_australian_education_system_an_open_data_set_of_stakeholder_recommendations_and_emerging_analysis_from_a_public_inquiry_chunk_0056,policy,8,P8,Implications and future work This paper contributes to understanding how stakeholders -including policymakers such as the committee instigating this inquiry -frame possible response to GenAI in education.,Implications and future work This paper contributes to understanding how stakeholders -including policymakers such as the committee instigating this inquiry -frame possible response to GenAI in education.,0.7119506597518921,0.6629787087440491,0.3370212912559509,sentence_transformer:sentence-transformers/paraphrase-multilingual-MiniLM-L12-v2,False,0.5118606686592102,pooled_empirical_10th_percentile_provisional
synthetic_to_policy,synthetic_sentiment_claim_00550,sentiment_synthetic_sentiment_public_sentiment_ah_chunk_0001,sentiment_synthetic_sentiment_public_sentiment_ah,synthetic,sentiment,0,S0,causes_or_increases,"AI is important due to its ability to automate tasks, improve efficiency, and enhance decision-making processes.","AI is important due to its ability to automate tasks, improve efficiency, and enhance decision-making processes.",policy_claim_02059,policy_ai_to_support_learning_and_teaching_in_the_re_classroom_chunk_0002,policy,1,P1,"Artificial intelligence (AI) is technology that enables computers and machines to simulate human learning, comprehension, problem solving, decision making, creativity and autonomy.","Artificial intelligence (AI) is technology that enables computers and machines to simulate human learning, comprehension, problem solving, decision making, creativity and autonomy.",0.8182363510131836,0.8126742243766785,0.18732577562332153,sentence_transformer:sentence-transformers/paraphrase-multilingual-MiniLM-L12-v2,False,0.5118606686592102,pooled_empirical_10th_percentile_provisional
synthetic_to_policy,synthetic_sentiment_claim_00551,sentiment_synthetic_sentiment_public_sentiment_ah_chunk_0001,sentiment_synthetic_sentiment_public_sentiment_ah,synthetic,sentiment,0,S0,enables_or_supports,"Its impact in Europe is significant, with investments in research and development and initiatives to promote its adoption.","Its impact in Europe is significant, with investments in research and development and initiatives to promote its adoption.",policy_claim_02408,policy_digital_strategy_for_schools_to_2027_chunk_0080,policy,5,P5,This blended learning approach continues to increase in prominence across Europe and globally.,This blended learning approach continues to increase in prominence across Europe and globally.,0.590180516242981,0.5753454566001892,0.4246545433998108,sentence_transformer:sentence-transformers/paraphrase-multilingual-MiniLM-L12-v2,False,0.5118606686592102,pooled_empirical_10th_percentile_provisional
synthetic_to_policy,synthetic_sentiment_claim_00552,sentiment_synthetic_sentiment_public_sentiment_ah_chunk_0001,sentiment_synthetic_sentiment_public_sentiment_ah,synthetic,sentiment,0,S0,causes_or_increases,I think this matters because norqvist L.,I think this matters because norqvist L.,policy_claim_01255,policy_ai_in_australian_education_snapshot_principles_policy_and_practice_august_2023_chunk_0031,policy,8,P8,"IKT Norge, Norway ICT-Norway creates both general framework conditions for the entire industry and identifies specific questions that could be difficult or challenging for an individual company to address alone.","IKT Norge, Norway ICT-Norway creates both general framework conditions for the entire industry and identifies specific questions that could be difficult or challenging for an individual company to address alone.",0.2729431986808777,0.2717230021953583,0.7282769978046417,sentence_transformer:sentence-transformers/paraphrase-multilingual-MiniLM-L12-v2,True,0.5118606686592102,pooled_empirical_10th_percentile_provisional
synthetic_to_policy,synthetic_sentiment_claim_00553,sentiment_synthetic_sentiment_public_sentiment_ah_chunk_0002,sentiment_synthetic_sentiment_public_sentiment_ah,synthetic,sentiment,0,S0,causes_or_increases,"It sets uniform rules to create a single market for trustworthy AI applications that fully respect fundamental rights, including children's rights.","It sets uniform rules to create a single market for trustworthy AI applications that fully respect fundamental rights, including children's rights.",policy_claim_02844,policy_guidance_on_artificial_intelligence_in_schools_2025_chunk_0019,policy,1,P1,"It sets uniform rules to create a single market for trustworthy AI applications that fully respect fundamental rights, including children's rights.","It sets uniform rules to create a single market for trustworthy AI applications that fully respect fundamental rights, including children's rights.",1.0,0.8133218884468079,0.18667811155319214,sentence_transformer:sentence-transformers/paraphrase-multilingual-MiniLM-L12-v2,False,0.5118606686592102,pooled_empirical_10th_percentile_provisional
synthetic_to_policy,synthetic_sentiment_claim_00554,sentiment_synthetic_sentiment_public_sentiment_ah_chunk_0003,sentiment_synthetic_sentiment_public_sentiment_ah,synthetic,sentiment,4,S4,causes_or_increases,"This seems useful if aI driven by young people's interests - there are youth workers who feel confident and are keen to examine AI either in a practical way or as a topic of discussion (for example ethics, AI's impact on democracy), yet they seem to be a minority.","This seems useful if aI driven by young people's interests - there are youth workers who feel confident and are keen to examine AI either in a practical way or as a topic of discussion (for example ethics, AI's impact on democracy), yet they seem to be a minority.",policy_claim_03202,policy_l_intelligence_artificielle_dans_les_tablissements_scolaires_sur_le_plan_administratif_et_p_dagogique_chunk_0026,policy,2,P2,"Il faut toutefois souligner la prise de recul de ces élèves qui, dans leur grande majorité, décrivent l'IA comme un simple auxiliaire, une aide à leur travail personnel qu'il ne s'agit pas de déléguer à l'IA.","Il faut toutefois souligner la prise de recul de ces élèves qui, dans leur grande majorité, décrivent l'IA comme un simple auxiliaire, une aide à leur travail personnel qu'il ne s'agit pas de déléguer à l'IA.",0.770722508430481,0.7611379027366638,0.23886209726333618,sentence_transformer:sentence-transformers/paraphrase-multilingual-MiniLM-L12-v2,False,0.5118606686592102,pooled_empirical_10th_percentile_provisional
synthetic_to_policy,synthetic_sentiment_claim_00555,sentiment_synthetic_sentiment_public_sentiment_ah_chunk_0003,sentiment_synthetic_sentiment_public_sentiment_ah,synthetic,sentiment,4,S4,causes_or_increases,"When such activities take place, they seem to be primarily driven by young people's interests in the latest technology trends or are grounded in previous experimentation with.","When such activities take place, they seem to be primarily driven by young people's interests in the latest technology trends or are grounded in previous experimentation with.",policy_claim_01607,policy_ai_report_us_gov_chunk_0003,policy,7,P7,"Naturally, educators wonder if the rapid advances in technology in everyday lives could help.","Naturally, educators wonder if the rapid advances in technology in everyday lives could help.",0.6877434253692627,0.6546704769134521,0.34532952308654785,sentence_transformer:sentence-transformers/paraphrase-multilingual-MiniLM-L12-v2,False,0.5118606686592102,pooled_empirical_10th_percentile_provisional
synthetic_to_policy,synthetic_sentiment_claim_00556,sentiment_synthetic_sentiment_public_sentiment_ah_chunk_0003,sentiment_synthetic_sentiment_public_sentiment_ah,synthetic,sentiment,4,S4,causes_or_increases,Numbers/percentages of students who agreed with the following statements regarding AI - I am cautious because lambrecht A.,Numbers/percentages of students who agreed with the following statements regarding AI - I am cautious because lambrecht A.,policy_claim_01590,policy_ai_policy_june_2025_chunk_0021,policy,7,P7,Understand AI Limitations: Students shall be made aware that AI is not infallible and may generate inaccurate or inappropriate responses.,Understand AI Limitations: Students shall be made aware that AI is not infallible and may generate inaccurate or inappropriate responses.,0.6913460493087769,0.6823816299438477,0.31761837005615234,sentence_transformer:sentence-transformers/paraphrase-multilingual-MiniLM-L12-v2,False,0.5118606686592102,pooled_empirical_10th_percentile_provisional
synthetic_to_policy,synthetic_sentiment_claim_00557,sentiment_synthetic_sentiment_public_sentiment_ai_chunk_0001,sentiment_synthetic_sentiment_public_sentiment_ai,synthetic,sentiment,6,S6,causes_or_increases,"I am cautious because in light of the qualitative attributes and ordinal scale of the dataset, non-parametric statistical methodologies were judiciously selected for this investigation.","I am cautious because in light of the qualitative attributes and ordinal scale of the dataset, non-parametric statistical methodologies were judiciously selected for this investigation.",policy_claim_00395,policy_ai_cognitive_offloading_and_implications_for_education_chunk_0062,policy,4,P4,"The findings need to be treated with caution, as the studies included in the analysis are often underpowered and use only testing (i.e., short-term performance) to determine the effect.","The findings need to be treated with caution, as the studies included in the analysis are often underpowered and use only testing (i.e., short-term performance) to determine the effect.",0.6063019037246704,0.5772771835327148,0.42272281646728516,sentence_transformer:sentence-transformers/paraphrase-multilingual-MiniLM-L12-v2,False,0.5118606686592102,pooled_empirical_10th_percentile_provisional
synthetic_to_policy,synthetic_sentiment_claim_00558,sentiment_synthetic_sentiment_public_sentiment_ai_chunk_0001,sentiment_synthetic_sentiment_public_sentiment_ai,synthetic,sentiment,6,S6,causes_or_increases,"I am cautious because as well as speaking about specific components of the AIT course, participants spoke about various aspects of the overall course structure.","I am cautious because as well as speaking about specific components of the AIT course, participants spoke about various aspects of the overall course structure.",policy_claim_00669,policy_ai_competency_framework_for_students_chunk_0119,policy,3,P3,"While the ipsative assessment of learning may help tailor students' personalized experiences, the emphasis on the criterion reference can prevent the loss of targeted achievement of AI competencies.","While the ipsative assessment of learning may help tailor students' personalized experiences, the emphasis on the criterion reference can prevent the loss of targeted achievement of AI competencies.",0.6103731989860535,0.5967609882354736,0.40323901176452637,sentence_transformer:sentence-transformers/paraphrase-multilingual-MiniLM-L12-v2,False,0.5118606686592102,pooled_empirical_10th_percentile_provisional
synthetic_to_policy,synthetic_sentiment_claim_00559,sentiment_synthetic_sentiment_public_sentiment_ai_chunk_0002,sentiment_synthetic_sentiment_public_sentiment_ai,synthetic,sentiment,4,S4,requires_or_depends_on,"The overall AI adoption market is expected to be worth $ billion by and most jobs of the future will require young people to have digital competences (World Economic Forum, ).","The overall AI adoption market is expected to be worth $ billion by and most jobs of the future will require young people to have digital competences (World Economic Forum, ).",policy_claim_00433,policy_ai_competency_framework_for_students_chunk_0004,policy,3,P3,"Foreword © UNESCO The past decade has seen widespread adoption of artificial intelligence (AI) in all areas of human development, with the public release of generative AI tools in November 2022 only accelerating its permeation within social life.","Foreword © UNESCO The past decade has seen widespread adoption of artificial intelligence (AI) in all areas of human development, with the public release of generative AI tools in November 2022 only accelerating its permeation within social life.",0.6911201477050781,0.6583006978034973,0.3416993021965027,sentence_transformer:sentence-transformers/paraphrase-multilingual-MiniLM-L12-v2,False,0.5118606686592102,pooled_empirical_10th_percentile_provisional
synthetic_to_policy,synthetic_sentiment_claim_00560,sentiment_synthetic_sentiment_public_sentiment_ai_chunk_0002,sentiment_synthetic_sentiment_public_sentiment_ai,synthetic,sentiment,4,S4,causes_or_increases,I am cautious because this section highlights the main guiding documents developed by each international organisation in the AI field.,I am cautious because this section highlights the main guiding documents developed by each international organisation in the AI field.,policy_claim_02184,policy_developing_policy_and_protocols_for_the_use_of_generative_ai_in_k_12_classrooms_march_2025_chunk_0017,policy,7,P7,"Are there resources you plan to use in order to review AI tools, such as those from Common Sense Medi a or ISTE?","Are there resources you plan to use in order to review AI tools, such as those from Common Sense Medi a or ISTE?",0.632779598236084,0.6309068202972412,0.3690931797027588,sentence_transformer:sentence-transformers/paraphrase-multilingual-MiniLM-L12-v2,False,0.5118606686592102,pooled_empirical_10th_percentile_provisional
synthetic_to_policy,synthetic_sentiment_claim_00561,sentiment_synthetic_sentiment_public_sentiment_ai_chunk_0002,sentiment_synthetic_sentiment_public_sentiment_ai,synthetic,sentiment,4,S4,requires_or_depends_on,"I think this matters because with the ongoing automatization of young people's lives (and by extension the youth sector), there is a sense that youth work needs to play a critical role in ensuring that young people become informed and proactive citizens within the new tech-political structures.","I think this matters because with the ongoing automatization of young people's lives (and by extension the youth sector), there is a sense that youth work needs to play a critical role in ensuring that young people become informed and proactive citizens within the new tech-political structures.",policy_claim_03485,policy_oco_ai_policy_spotlight_report_chunk_0017,policy,1,P1,"Interactions with AI at a critical stage of growth and development can potentially have a lifelong impact on children and needs to be better understood to inform relevant guidance and action by the technology industry, policymakers and caregivers.","Interactions with AI at a critical stage of growth and development can potentially have a lifelong impact on children and needs to be better understood to inform relevant guidance and action by the technology industry, policymakers and caregivers.",0.6489157676696777,0.6405150294303894,0.3594849705696106,sentence_transformer:sentence-transformers/paraphrase-multilingual-MiniLM-L12-v2,False,0.5118606686592102,pooled_empirical_10th_percentile_provisional
synthetic_to_policy,synthetic_sentiment_claim_00562,sentiment_synthetic_sentiment_public_sentiment_ai_chunk_0002,sentiment_synthetic_sentiment_public_sentiment_ai,synthetic,sentiment,4,S4,causes_or_increases,"In addition, there was a corresponding increase in asking their students to use educational AI tools (Table ).","In addition, there was a corresponding increase in asking their students to use educational AI tools (Table ).",policy_claim_02673,policy_generative_artificial_intelligence_ai_in_k_12_classrooms_v2_chunk_0018,policy,5,P5,"Although generative AI is still in its infancy, educators across the world have found beneficial use of these tools to create increased learning opportunities for their students.","Although generative AI is still in its infancy, educators across the world have found beneficial use of these tools to create increased learning opportunities for their students.",0.7588913440704346,0.7554509043693542,0.24454909563064575,sentence_transformer:sentence-transformers/paraphrase-multilingual-MiniLM-L12-v2,False,0.5118606686592102,pooled_empirical_10th_percentile_provisional
synthetic_to_policy,synthetic_sentiment_claim_00563,sentiment_synthetic_sentiment_public_sentiment_ai_chunk_0003,sentiment_synthetic_sentiment_public_sentiment_ai,synthetic,sentiment,3,S3,enables_or_supports,"My concern is that the research instruments were based on a meta-theoretical framework, known as the ActivityCentred Analysis and Design framework (ACAD), which was created to support educators and learners as co-designers of learning situation (Goodyear et al., ).","My concern is that the research instruments were based on a meta-theoretical framework, known as the ActivityCentred Analysis and Design framework (ACAD), which was created to support educators and learners as co-designers of learning situation (Goodyear et al., ).",policy_claim_00697,policy_ai_competency_framework_for_students_chunk_0133,policy,3,P3,"As such, the framework is a living document which will need to be continuously reviewed on the basis of analysis of practice in a diversity of contexts, as well as in response to new iterations of AI technologies that will emerge.","As such, the framework is a living document which will need to be continuously reviewed on the basis of analysis of practice in a diversity of contexts, as well as in response to new iterations of AI technologies that will emerge.",0.5928353071212769,0.5886178612709045,0.41138213872909546,sentence_transformer:sentence-transformers/paraphrase-multilingual-MiniLM-L12-v2,False,0.5118606686592102,pooled_empirical_10th_percentile_provisional
synthetic_to_policy,synthetic_sentiment_claim_00564,sentiment_synthetic_sentiment_public_sentiment_ai_chunk_0003,sentiment_synthetic_sentiment_public_sentiment_ai,synthetic,sentiment,3,S3,enables_or_supports,It covers the use of AI in teaching or to facilitate student learning in the months prior to the survey.,It covers the use of AI in teaching or to facilitate student learning in the months prior to the survey.,policy_claim_03200,policy_l_intelligence_artificielle_dans_les_tablissements_scolaires_sur_le_plan_administratif_et_p_dagogique_chunk_0024,policy,2,P2,"L'IA comme outil d'aide à la révision Des d'élèves déclarent se servir de l'IA comme assistant de révision de leur cours : génération de résumés, de questions / réponses pour pouvoir s'interroger, autant de fonctionnalités qui leur permettent de vérifier leur degré de maitrise des contenus.","L'IA comme outil d'aide à la révision Des d'élèves déclarent se servir de l'IA comme assistant de révision de leur cours : génération de résumés, de questions / réponses pour pouvoir s'interroger, autant de fonctionnalités qui leur permettent de vérifier leur degré de maitrise des contenus.",0.7245685458183289,0.7232488989830017,0.2767511010169983,sentence_transformer:sentence-transformers/paraphrase-multilingual-MiniLM-L12-v2,False,0.5118606686592102,pooled_empirical_10th_percentile_provisional
synthetic_to_policy,synthetic_sentiment_claim_00565,sentiment_synthetic_sentiment_public_sentiment_ai_chunk_0003,sentiment_synthetic_sentiment_public_sentiment_ai,synthetic,sentiment,3,S3,enables_or_supports,"At policy level, there is a need to promote the inclusion of GenAI into AI literacy efforts, curricular updates, teacher education, and professional development for educators.","At policy level, there is a need to promote the inclusion of GenAI into AI literacy efforts, curricular updates, teacher education, and professional development for educators.",policy_claim_02745,policy_guidance_for_ai_policy_development_chunk_0003,policy,7,P7,"This guidance document will help the districts navigate the development of policies for students, staff, and school communities on the appropriate and responsible use of AI, particularly GenAI tools, in classroom instruction, school management, and systemwide operations.","This guidance document will help the districts navigate the development of policies for students, staff, and school communities on the appropriate and responsible use of AI, particularly GenAI tools, in classroom instruction, school management, and systemwide operations.",0.7621169090270996,0.7608184218406677,0.23918157815933228,sentence_transformer:sentence-transformers/paraphrase-multilingual-MiniLM-L12-v2,False,0.5118606686592102,pooled_empirical_10th_percentile_provisional
synthetic_to_policy,synthetic_sentiment_claim_00566,sentiment_synthetic_sentiment_public_sentiment_ai_chunk_0003,sentiment_synthetic_sentiment_public_sentiment_ai,synthetic,sentiment,3,S3,enables_or_supports,"New policy measures, such as investing in infrastructure and resources, could support effective and ethical GenAI integration.","New policy measures, such as investing in infrastructure and resources, could support effective and ethical GenAI integration.",policy_claim_03729,policy_policy_title_artificial_intelligence_ai_usage_policy_for_staff_teachers_and_students_chunk_0001,policy,7,P7,"This policy aims to guide its integration in a way that enhances learning and workflow while also upholding ethical standards, student welfare and authenticity of assessment.","This policy aims to guide its integration in a way that enhances learning and workflow while also upholding ethical standards, student welfare and authenticity of assessment.",0.6380400061607361,0.6094195246696472,0.3905804753303528,sentence_transformer:sentence-transformers/paraphrase-multilingual-MiniLM-L12-v2,False,0.5118606686592102,pooled_empirical_10th_percentile_provisional
synthetic_to_policy,synthetic_sentiment_claim_00567,sentiment_synthetic_sentiment_public_sentiment_aj_chunk_0001,sentiment_synthetic_sentiment_public_sentiment_aj,synthetic,sentiment,6,S6,enables_or_supports,"In subjects concerned with computer programming, for example, GenAI can help students articulate and solve coding problems.","In subjects concerned with computer programming, for example, GenAI can help students articulate and solve coding problems.",policy_claim_02865,policy_guidance_on_artificial_intelligence_in_schools_2025_chunk_0026,policy,5,P5,The teacher u ti lises GenAI to produce model conversations at varying levels of complexity as well as sentence starters and vocabulary lists.,The teacher u ti lises GenAI to produce model conversations at varying levels of complexity as well as sentence starters and vocabulary lists.,0.6914893388748169,0.6808189749717712,0.31918102502822876,sentence_transformer:sentence-transformers/paraphrase-multilingual-MiniLM-L12-v2,False,0.5118606686592102,pooled_empirical_10th_percentile_provisional
synthetic_to_policy,synthetic_sentiment_claim_00568,sentiment_synthetic_sentiment_public_sentiment_aj_chunk_0001,sentiment_synthetic_sentiment_public_sentiment_aj,synthetic,sentiment,6,S6,requires_or_depends_on,"But at the same time I found it interesting, and I suppose I was hoping for a similar experience with the maths one.","But at the same time I found it interesting, and I suppose I was hoping for a similar experience with the maths one.",policy_claim_01693,policy_ai_report_us_gov_chunk_0031,policy,1,P1,Online mathematics homework increases student achievement.,Online mathematics homework increases student achievement.,0.5583431124687195,0.5008413195610046,0.49915868043899536,sentence_transformer:sentence-transformers/paraphrase-multilingual-MiniLM-L12-v2,True,0.5118606686592102,pooled_empirical_10th_percentile_provisional
synthetic_to_policy,synthetic_sentiment_claim_00569,sentiment_synthetic_sentiment_public_sentiment_aj_chunk_0001,sentiment_synthetic_sentiment_public_sentiment_aj,synthetic,sentiment,6,S6,causes_or_increases,"I am cautious because artificial Intelligence (AI) has grown to be a focal point of technological evolution, implicating various sectors including healthcare, education, and manufacturing.","I am cautious because artificial Intelligence (AI) has grown to be a focal point of technological evolution, implicating various sectors including healthcare, education, and manufacturing.",policy_claim_03398,policy_men_dne_brochure_ia_2024_uk_web_chunk_0029,policy,5,P5,'Artificial intelligence (AI) has a large and increasing role in education.,'Artificial intelligence (AI) has a large and increasing role in education.,0.80838543176651,0.7887114882469177,0.21128851175308228,sentence_transformer:sentence-transformers/paraphrase-multilingual-MiniLM-L12-v2,False,0.5118606686592102,pooled_empirical_10th_percentile_provisional
synthetic_to_policy,synthetic_sentiment_claim_00570,sentiment_synthetic_sentiment_public_sentiment_aj_chunk_0001,sentiment_synthetic_sentiment_public_sentiment_aj,synthetic,sentiment,6,S6,requires_or_depends_on,Numbers/percentages of teachers who completed the following parts of the AIT professional learning pathway - Parents and teachers need to know that understanding and using artificia urgent.,Numbers/percentages of teachers who completed the following parts of the AIT professional learning pathway - Parents and teachers need to know that understanding and using artificia urgent.,policy_claim_00961,policy_ai_competency_framework_for_teachers_chunk_0109,policy,3,P3,5.6 Conclusion The AI CFT is intended to affirm the critical roles of teachers in ensuring the ethical and effective adoption of AI in education.,5.6 Conclusion The AI CFT is intended to affirm the critical roles of teachers in ensuring the ethical and effective adoption of AI in education.,0.6995551586151123,0.6897899508476257,0.31021004915237427,sentence_transformer:sentence-transformers/paraphrase-multilingual-MiniLM-L12-v2,False,0.5118606686592102,pooled_empirical_10th_percentile_provisional
synthetic_to_policy,synthetic_sentiment_claim_00571,sentiment_synthetic_sentiment_public_sentiment_aj_chunk_0001,sentiment_synthetic_sentiment_public_sentiment_aj,synthetic,sentiment,6,S6,causes_or_increases,"Since the first version of AI by teachers and learners follo created new opportunities and g perspective, ...","Since the first version of AI by teachers and learners follo created new opportunities and g perspective, ...",policy_claim_02930,policy_guidance_on_artificial_intelligence_in_schools_2025_chunk_0053,policy,3,P3,FutureProof Educatino: supporting schools in the AI evolution.,FutureProof Educatino: supporting schools in the AI evolution.,0.7040842175483704,0.7023561000823975,0.29764389991760254,sentence_transformer:sentence-transformers/paraphrase-multilingual-MiniLM-L12-v2,False,0.5118606686592102,pooled_empirical_10th_percentile_provisional
synthetic_to_policy,synthetic_sentiment_claim_00572,sentiment_synthetic_sentiment_public_sentiment_aj_chunk_0002,sentiment_synthetic_sentiment_public_sentiment_aj,synthetic,sentiment,1,S1,requires_or_depends_on,Public views on AI tools and learning learning pathway - Parents and teachers need to know that understanding and using artificia urgent.,Public views on AI tools and learning learning pathway - Parents and teachers need to know that understanding and using artificia urgent.,policy_claim_02763,policy_guidance_for_ai_policy_development_chunk_0008,policy,7,P7,"What is the strategy to ensure that students, teachers, parents, and community members understand AI and the importance of utilizing AI in our educational system?","What is the strategy to ensure that students, teachers, parents, and community members understand AI and the importance of utilizing AI in our educational system?",0.8188717365264893,0.8093670010566711,0.19063299894332886,sentence_transformer:sentence-transformers/paraphrase-multilingual-MiniLM-L12-v2,False,0.5118606686592102,pooled_empirical_10th_percentile_provisional
synthetic_to_policy,synthetic_sentiment_claim_00573,sentiment_synthetic_sentiment_public_sentiment_aj_chunk_0002,sentiment_synthetic_sentiment_public_sentiment_aj,synthetic,sentiment,1,S1,causes_or_increases,"For example, they reported the use of GenAI to create interactive language lessons, allowing students to practice their language skills in a more engaging and immersive way.","For example, they reported the use of GenAI to create interactive language lessons, allowing students to practice their language skills in a more engaging and immersive way.",policy_claim_02865,policy_guidance_on_artificial_intelligence_in_schools_2025_chunk_0026,policy,5,P5,The teacher u ti lises GenAI to produce model conversations at varying levels of complexity as well as sentence starters and vocabulary lists.,The teacher u ti lises GenAI to produce model conversations at varying levels of complexity as well as sentence starters and vocabulary lists.,0.7304208278656006,0.726507842540741,0.27349215745925903,sentence_transformer:sentence-transformers/paraphrase-multilingual-MiniLM-L12-v2,False,0.5118606686592102,pooled_empirical_10th_percentile_provisional
synthetic_to_policy,synthetic_sentiment_claim_00574,sentiment_synthetic_sentiment_public_sentiment_aj_chunk_0002,sentiment_synthetic_sentiment_public_sentiment_aj,synthetic,sentiment,1,S1,causes_or_increases,"Moreover, GenAI can help to create a more inclusive and..","Moreover, GenAI can help to create a more inclusive and..",policy_claim_02879,policy_guidance_on_artificial_intelligence_in_schools_2025_chunk_0028,policy,5,P5,Inclusion: GenAI can support inclusive practices by tailoring tasks to better ensure that all learners are appropriately challenged and able to progress at their own pace.,Inclusion: GenAI can support inclusive practices by tailoring tasks to better ensure that all learners are appropriately challenged and able to progress at their own pace.,0.770548939704895,0.7206242680549622,0.27937573194503784,sentence_transformer:sentence-transformers/paraphrase-multilingual-MiniLM-L12-v2,False,0.5118606686592102,pooled_empirical_10th_percentile_provisional
synthetic_to_policy,synthetic_sentiment_claim_00575,sentiment_synthetic_sentiment_public_sentiment_aj_chunk_0003,sentiment_synthetic_sentiment_public_sentiment_aj,synthetic,sentiment,6,S6,causes_or_increases,"I think this matters because chatGPT, like other disruptor technologies, went viral within a day, including in education.","I think this matters because chatGPT, like other disruptor technologies, went viral within a day, including in education.",policy_claim_00280,policy_ai_cognitive_offloading_and_implications_for_education_chunk_0017,policy,4,P4,"The public launch of ChatGPT in late 2022 has triggered a new, more profound acceleration, moving the debate beyond blended learning to the very foundations of human cognition.","The public launch of ChatGPT in late 2022 has triggered a new, more profound acceleration, moving the debate beyond blended learning to the very foundations of human cognition.",0.6857353448867798,0.6658700108528137,0.3341299891471863,sentence_transformer:sentence-transformers/paraphrase-multilingual-MiniLM-L12-v2,False,0.5118606686592102,pooled_empirical_10th_percentile_provisional
synthetic_to_policy,synthetic_sentiment_claim_00576,sentiment_synthetic_sentiment_public_sentiment_aj_chunk_0003,sentiment_synthetic_sentiment_public_sentiment_aj,synthetic,sentiment,6,S6,causes_or_increases,"I think this matters because a series of focus groups were conducted in each of the selected countries, with educators in leadership roles at their schools (i.e., principals), as well as students and teachers.","I think this matters because a series of focus groups were conducted in each of the selected countries, with educators in leadership roles at their schools (i.e., principals), as well as students and teachers.",policy_claim_03293,policy_l_intelligence_artificielle_dans_les_tablissements_scolaires_sur_le_plan_administratif_et_p_dagogique_chunk_0109,policy,2,P2,"L'IA concernant tout le système éducatif, elle nécessite en conséquence un pilotage, ou du moins une coordination, au sein de l'administration centrale, des opérateurs nationaux, des services / cadres académiques mais aussi entre les académies, entre les disciplines et au sein des établissements scolaires (direction / enseignants).","L'IA concernant tout le système éducatif, elle nécessite en conséquence un pilotage, ou du moins une coordination, au sein de l'administration centrale, des opérateurs nationaux, des services / cadres académiques mais aussi entre les académies, entre les disciplines et au sein des établissements scolaires (direction / enseignants).",0.6344380378723145,0.6275708675384521,0.37242913246154785,sentence_transformer:sentence-transformers/paraphrase-multilingual-MiniLM-L12-v2,False,0.5118606686592102,pooled_empirical_10th_percentile_provisional
synthetic_to_policy,synthetic_sentiment_claim_00577,sentiment_synthetic_sentiment_public_sentiment_aj_chunk_0003,sentiment_synthetic_sentiment_public_sentiment_aj,synthetic,sentiment,6,S6,requires_or_depends_on,"Parents and teachers need to know that when it comes to students' use of the technology, what we are trying to battle against is human nature.","Parents and teachers need to know that when it comes to students' use of the technology, what we are trying to battle against is human nature.",policy_claim_01139,policy_ai_guidance_classroom_considerations_chunk_0002,policy,8,P8,"Together, we will create an educational environment where technology supports, but where human control and inquiry lead to boundless learning, and where our children are ready to lead in a world augmented by artificial intelligence.","Together, we will create an educational environment where technology supports, but where human control and inquiry lead to boundless learning, and where our children are ready to lead in a world augmented by artificial intelligence.",0.6733917593955994,0.6685459017753601,0.3314540982246399,sentence_transformer:sentence-transformers/paraphrase-multilingual-MiniLM-L12-v2,False,0.5118606686592102,pooled_empirical_10th_percentile_provisional
synthetic_to_policy,synthetic_sentiment_claim_00578,sentiment_synthetic_sentiment_public_sentiment_aj_chunk_0004,sentiment_synthetic_sentiment_public_sentiment_aj,synthetic,sentiment,7,S7,requires_or_depends_on,This seems useful if indicative comment: 'I suppose it's Duolingo for everybody.,This seems useful if indicative comment: 'I suppose it's Duolingo for everybody.,policy_claim_00391,policy_ai_cognitive_offloading_and_implications_for_education_chunk_0060,policy,4,P4,This is interesting but needs further exploration.,This is interesting but needs further exploration.,0.37055128812789917,0.3419565260410309,0.6580434739589691,sentence_transformer:sentence-transformers/paraphrase-multilingual-MiniLM-L12-v2,True,0.5118606686592102,pooled_empirical_10th_percentile_provisional
synthetic_to_policy,synthetic_sentiment_claim_00579,sentiment_synthetic_sentiment_public_sentiment_aj_chunk_0004,sentiment_synthetic_sentiment_public_sentiment_aj,synthetic,sentiment,7,S7,causes_or_increases,I think this matters because the material presents two respondent profile charts: educational level completed to date and broad field of education of the current course.,I think this matters because the material presents two respondent profile charts: educational level completed to date and broad field of education of the current course.,policy_claim_01834,policy_ai_report_us_gov_chunk_0083,policy,0,P0,"Do we have sufficient guardrails against misuse of formative assessment data or automatically generated interpretations of student achievement and learning, such as on dashboards?","Do we have sufficient guardrails against misuse of formative assessment data or automatically generated interpretations of student achievement and learning, such as on dashboards?",0.5948396921157837,0.5817919373512268,0.4182080626487732,sentence_transformer:sentence-transformers/paraphrase-multilingual-MiniLM-L12-v2,False,0.5118606686592102,pooled_empirical_10th_percentile_provisional
synthetic_to_policy,synthetic_sentiment_claim_00580,sentiment_synthetic_sentiment_public_sentiment_ak_chunk_0001,sentiment_synthetic_sentiment_public_sentiment_ak,synthetic,sentiment,1,S1,requires_or_depends_on,"Parents and teachers need to know that christensen, R.","Parents and teachers need to know that christensen, R.",policy_claim_03644,policy_oco_ai_policy_spotlight_report_chunk_0109,policy,1,P1,"Parents, carers and teachers need training and resources.","Parents, carers and teachers need training and resources.",0.48483341932296753,0.46135154366493225,0.5386484563350677,sentence_transformer:sentence-transformers/paraphrase-multilingual-MiniLM-L12-v2,True,0.5118606686592102,pooled_empirical_10th_percentile_provisional
synthetic_to_policy,synthetic_sentiment_claim_00581,sentiment_synthetic_sentiment_public_sentiment_ak_chunk_0001,sentiment_synthetic_sentiment_public_sentiment_ak,synthetic,sentiment,1,S1,causes_or_increases,"I am cautious because in Ireland research participants saw potential for GenAI technologies to change practices in schools in time, provided the curriculum is adapted to enable such technologies to be utilised by students.","I am cautious because in Ireland research participants saw potential for GenAI technologies to change practices in schools in time, provided the curriculum is adapted to enable such technologies to be utilised by students.",policy_claim_02741,policy_guidance_for_ai_policy_development_chunk_0001,policy,7,P7,"If used appropriately, GenAI has the potential to truly revolutionize the classroom, freeing up instructional time for educators and allowing for greater innovation.","If used appropriately, GenAI has the potential to truly revolutionize the classroom, freeing up instructional time for educators and allowing for greater innovation.",0.7067364454269409,0.6799039840698242,0.3200960159301758,sentence_transformer:sentence-transformers/paraphrase-multilingual-MiniLM-L12-v2,False,0.5118606686592102,pooled_empirical_10th_percentile_provisional
synthetic_to_policy,synthetic_sentiment_claim_00582,sentiment_synthetic_sentiment_public_sentiment_ak_chunk_0001,sentiment_synthetic_sentiment_public_sentiment_ak,synthetic,sentiment,1,S1,requires_or_depends_on,"Teachers and school leaders recognised that the curriculum dictates what is taught in Irish postprimary schools and they called for the curriculum to be updated to include AI literacy as a core competence, so that.","Teachers and school leaders recognised that the curriculum dictates what is taught in Irish postprimary schools and they called for the curriculum to be updated to include AI literacy as a core competence, so that.",policy_claim_02901,policy_guidance_on_artificial_intelligence_in_schools_2025_chunk_0038,policy,5,P5,How would AI literacy be promoted in teaching and learning?,How would AI literacy be promoted in teaching and learning?,0.749191403388977,0.7413849830627441,0.25861501693725586,sentence_transformer:sentence-transformers/paraphrase-multilingual-MiniLM-L12-v2,False,0.5118606686592102,pooled_empirical_10th_percentile_provisional
synthetic_to_policy,synthetic_sentiment_claim_00583,sentiment_synthetic_sentiment_public_sentiment_ak_chunk_0001,sentiment_synthetic_sentiment_public_sentiment_ak,synthetic,sentiment,1,S1,causes_or_increases,"I think this matters because in addition, some of the teachers spoke at length about Microsoft Teams and were very positive about the ability it gives them to monitor student progress through the analytics function, and how they used the software to provide individualised work to students.","I think this matters because in addition, some of the teachers spoke at length about Microsoft Teams and were very positive about the ability it gives them to monitor student progress through the analytics function, and how they used the software to provide individualised work to students.",policy_claim_01980,policy_ai_systems_in_teaching_and_learning_principles_and_practical_exa_chunk_0015,policy,6,P6,Including teachers and students in the design and feedback processes of AI tools is also helpful for ensuring that these tools align with advancing enduser wellbeing.,Including teachers and students in the design and feedback processes of AI tools is also helpful for ensuring that these tools align with advancing enduser wellbeing.,0.6082561016082764,0.5981377959251404,0.4018622040748596,sentence_transformer:sentence-transformers/paraphrase-multilingual-MiniLM-L12-v2,False,0.5118606686592102,pooled_empirical_10th_percentile_provisional
synthetic_to_policy,synthetic_sentiment_claim_00584,sentiment_synthetic_sentiment_public_sentiment_ak_chunk_0003,sentiment_synthetic_sentiment_public_sentiment_ak,synthetic,sentiment,7,S7,causes_or_increases,"I am cautious because indicative comment: 'So I think that there was a lot in the MOOC, of course, and I think what the learning day did is that it really helped highlight the important things out of the MOOC.","I am cautious because indicative comment: 'So I think that there was a lot in the MOOC, of course, and I think what the learning day did is that it really helped highlight the important things out of the MOOC.",policy_claim_00955,policy_ai_competency_framework_for_teachers_chunk_0104,policy,3,P3,"As a MOOC, it is naturally limited in terms of active learning opportunities for teachers and is not tailored to their specific needs.","As a MOOC, it is naturally limited in terms of active learning opportunities for teachers and is not tailored to their specific needs.",0.5209270715713501,0.5100526213645935,0.4899473786354065,sentence_transformer:sentence-transformers/paraphrase-multilingual-MiniLM-L12-v2,True,0.5118606686592102,pooled_empirical_10th_percentile_provisional
synthetic_to_policy,synthetic_sentiment_claim_00585,sentiment_synthetic_sentiment_public_sentiment_ak_chunk_0003,sentiment_synthetic_sentiment_public_sentiment_ak,synthetic,sentiment,7,S7,enables_or_supports,It really helped to cement that.,It really helped to cement that.,policy_claim_03098,policy_guidetoaiinschools_chunk_0089,policy,0,P0,That's why contributing to this guide was so important to me.,That's why contributing to this guide was so important to me.,0.4369134306907654,0.4222669303417206,0.5777330696582794,sentence_transformer:sentence-transformers/paraphrase-multilingual-MiniLM-L12-v2,True,0.5118606686592102,pooled_empirical_10th_percentile_provisional
synthetic_to_policy,synthetic_sentiment_claim_00586,sentiment_synthetic_sentiment_public_sentiment_ak_chunk_0003,sentiment_synthetic_sentiment_public_sentiment_ak,synthetic,sentiment,7,S7,causes_or_increases,"I think this matters because conversely, if not implemented adequately, generative AI may interfere with a child's learning and school development.","I think this matters because conversely, if not implemented adequately, generative AI may interfere with a child's learning and school development.",policy_claim_02620,policy_generative_artificial_intelligence_ai_in_k_12_classrooms_v2_chunk_0004,policy,7,P7,"While generative AI has the potential to support access to learning in classrooms for all students, these technologies can exacerbate inequities for students from marginalized groups in the absence of thoughtful guidance, practice and educator support and training.","While generative AI has the potential to support access to learning in classrooms for all students, these technologies can exacerbate inequities for students from marginalized groups in the absence of thoughtful guidance, practice and educator support and training.",0.8073374032974243,0.7933308482170105,0.2066691517829895,sentence_transformer:sentence-transformers/paraphrase-multilingual-MiniLM-L12-v2,False,0.5118606686592102,pooled_empirical_10th_percentile_provisional
synthetic_to_policy,synthetic_sentiment_claim_00587,sentiment_synthetic_sentiment_public_sentiment_ak_chunk_0003,sentiment_synthetic_sentiment_public_sentiment_ak,synthetic,sentiment,7,S7,reduces_or_prevents,"My concern is that some of the implications that might arise from this perception point to a shift towards individual work for those students who rely on AI too heavily, possibly manifesting in reduced communication with both peers and teachers.","My concern is that some of the implications that might arise from this perception point to a shift towards individual work for those students who rely on AI too heavily, possibly manifesting in reduced communication with both peers and teachers.",policy_claim_03320,policy_l_intelligence_artificielle_dans_les_tablissements_scolaires_sur_le_plan_administratif_et_p_dagogique_chunk_0133,policy,2,P2,"La question de l'IA est ainsi apparue dans les établissements sous l'angle de la triche, perspective qui conditionne et limite encore la perception et le discours de nombreux enseignants.","La question de l'IA est ainsi apparue dans les établissements sous l'angle de la triche, perspective qui conditionne et limite encore la perception et le discours de nombreux enseignants.",0.8230581283569336,0.8188590407371521,0.1811409592628479,sentence_transformer:sentence-transformers/paraphrase-multilingual-MiniLM-L12-v2,False,0.5118606686592102,pooled_empirical_10th_percentile_provisional
synthetic_to_policy,synthetic_sentiment_claim_00588,sentiment_synthetic_sentiment_public_sentiment_ak_chunk_0004,sentiment_synthetic_sentiment_public_sentiment_ak,synthetic,sentiment,7,S7,reduces_or_prevents,"Public views on AI tools and learning implications that might arise from this perception point to a shift towards individual work for those students who rely on AI too heavily, possibly manifesting in reduced communication with both peers and teachers.","Public views on AI tools and learning implications that might arise from this perception point to a shift towards individual work for those students who rely on AI too heavily, possibly manifesting in reduced communication with both peers and teachers.",policy_claim_03836,policy_the_new_ai_powered_classroom_implications_for_students_teachers_and_equity_chunk_0022,policy,8,P8,"Overall, the learning driven by AI may 'shape dominant perspectives' and may cause 'less interpersonal interactions with students, peers, and teachers'.","Overall, the learning driven by AI may 'shape dominant perspectives' and may cause 'less interpersonal interactions with students, peers, and teachers'.",0.8512022495269775,0.8233054280281067,0.1766945719718933,sentence_transformer:sentence-transformers/paraphrase-multilingual-MiniLM-L12-v2,False,0.5118606686592102,pooled_empirical_10th_percentile_provisional
synthetic_to_policy,synthetic_sentiment_claim_00589,sentiment_synthetic_sentiment_public_sentiment_ak_chunk_0004,sentiment_synthetic_sentiment_public_sentiment_ak,synthetic,sentiment,7,S7,requires_or_depends_on,Parents and teachers need to know that - a.,Parents and teachers need to know that - a.,policy_claim_03644,policy_oco_ai_policy_spotlight_report_chunk_0109,policy,1,P1,"Parents, carers and teachers need training and resources.","Parents, carers and teachers need training and resources.",0.5942550301551819,0.5784518718719482,0.42154812812805176,sentence_transformer:sentence-transformers/paraphrase-multilingual-MiniLM-L12-v2,False,0.5118606686592102,pooled_empirical_10th_percentile_provisional
synthetic_to_policy,synthetic_sentiment_claim_00590,sentiment_synthetic_sentiment_public_sentiment_al_chunk_0002,sentiment_synthetic_sentiment_public_sentiment_al,synthetic,sentiment,5,S5,causes_or_increases,"Somebody might have an idea and rather than develop it on their own as their idea, it becomes AI's idea…people do lose their creativity when they are absorbed in technology.' - I am cautious because in Ireland , Oide have recently developed a dedicated webpage for AI in schools, the AI Hub, which provides information and resources on AI and how it can benefit and support users, as well the current limitations and concerns about its use.","Somebody might have an idea and rather than develop it on their own as their idea, it becomes AI's idea…people do lose their creativity when they are absorbed in technology.' - I am cautious because in Ireland , Oide have recently developed a dedicated webpage for AI in schools, the AI Hub, which provides information and resources on AI and how it can benefit and support users, as well the current limitations and concerns about its use.",policy_claim_03460,policy_oco_ai_policy_spotlight_report_chunk_0001,policy,1,P1,"Somebody might have an idea and rather than develop it on their own as their idea, it becomes AI's idea' 'It can help teachers when they are trying to teach a lesson and summarise things better and make it more understandable.","Somebody might have an idea and rather than develop it on their own as their idea, it becomes AI's idea' 'It can help teachers when they are trying to teach a lesson and summarise things better and make it more understandable.",0.7647006511688232,0.7454299330711365,0.2545700669288635,sentence_transformer:sentence-transformers/paraphrase-multilingual-MiniLM-L12-v2,False,0.5118606686592102,pooled_empirical_10th_percentile_provisional
synthetic_to_policy,synthetic_sentiment_claim_00591,sentiment_synthetic_sentiment_public_sentiment_al_chunk_0003,sentiment_synthetic_sentiment_public_sentiment_al,synthetic,sentiment,5,S5,causes_or_increases,"I am cautious because indicative comment: 'So I think teachers need to be trained up on the various technologies, I think, yeah, continuous professional learning is hugely important.","I am cautious because indicative comment: 'So I think teachers need to be trained up on the various technologies, I think, yeah, continuous professional learning is hugely important.",policy_claim_02338,policy_digital_strategy_for_schools_to_2027_chunk_0053,policy,5,P5,"As such, it is important for teachers, with the necessary support, to develop their own competence in this area in line with emerging trends and requirements, in order to fully realise the potential of digital technologies to support and enhance teaching, learning and assessment practices and to provide the most up ­ to ­ date learning experiences for learners.","As such, it is important for teachers, with the necessary support, to develop their own competence in this area in line with emerging trends and requirements, in order to fully realise the potential of digital technologies to support and enhance teaching, learning and assessment practices and to provide the most up ­ to ­ date learning experiences for learners.",0.7441408634185791,0.7372452616691589,0.26275473833084106,sentence_transformer:sentence-transformers/paraphrase-multilingual-MiniLM-L12-v2,False,0.5118606686592102,pooled_empirical_10th_percentile_provisional
synthetic_to_policy,synthetic_sentiment_claim_00592,sentiment_synthetic_sentiment_public_sentiment_al_chunk_0003,sentiment_synthetic_sentiment_public_sentiment_al,synthetic,sentiment,5,S5,enables_or_supports,"In healthcare, AI can assist in diagnosing diseases, analyzing medical images, and developing personalized treatment plans ( Irfan and Murray, c; Manne & Kantheti, ).","In healthcare, AI can assist in diagnosing diseases, analyzing medical images, and developing personalized treatment plans ( Irfan and Murray, c; Manne & Kantheti, ).",policy_claim_02184,policy_developing_policy_and_protocols_for_the_use_of_generative_ai_in_k_12_classrooms_march_2025_chunk_0017,policy,7,P7,"Are there resources you plan to use in order to review AI tools, such as those from Common Sense Medi a or ISTE?","Are there resources you plan to use in order to review AI tools, such as those from Common Sense Medi a or ISTE?",0.7232143878936768,0.7105956077575684,0.28940439224243164,sentence_transformer:sentence-transformers/paraphrase-multilingual-MiniLM-L12-v2,False,0.5118606686592102,pooled_empirical_10th_percentile_provisional
synthetic_to_policy,synthetic_sentiment_claim_00593,sentiment_synthetic_sentiment_public_sentiment_al_chunk_0003,sentiment_synthetic_sentiment_public_sentiment_al,synthetic,sentiment,5,S5,causes_or_increases,"The public discussion should recognise that this study aims not merely to contribute to academic discourse, but also to furnish pragmatic insights with substantial applicability.","The public discussion should recognise that this study aims not merely to contribute to academic discourse, but also to furnish pragmatic insights with substantial applicability.",policy_claim_00382,policy_ai_cognitive_offloading_and_implications_for_education_chunk_0056,policy,4,P4,This study has generated a lot of debate.,This study has generated a lot of debate.,0.6481527090072632,0.6277264356613159,0.3722735643386841,sentence_transformer:sentence-transformers/paraphrase-multilingual-MiniLM-L12-v2,False,0.5118606686592102,pooled_empirical_10th_percentile_provisional
synthetic_to_policy,synthetic_sentiment_claim_00594,sentiment_synthetic_sentiment_public_sentiment_al_chunk_0003,sentiment_synthetic_sentiment_public_sentiment_al,synthetic,sentiment,5,S5,expected_to_improve,The objective is to advance AI technologies in a manner that is not only technologically robust but also.,The objective is to advance AI technologies in a manner that is not only technologically robust but also.,policy_claim_01142,policy_ai_guidance_classroom_considerations_chunk_0003,policy,7,P7,"It highlights the importance of a strategic approach to the adoption of AI tools, ensuring that technology enhances rather than replaces human interaction and pedagogical principles.","It highlights the importance of a strategic approach to the adoption of AI tools, ensuring that technology enhances rather than replaces human interaction and pedagogical principles.",0.7807164788246155,0.7681043744087219,0.23189562559127808,sentence_transformer:sentence-transformers/paraphrase-multilingual-MiniLM-L12-v2,False,0.5118606686592102,pooled_empirical_10th_percentile_provisional
synthetic_to_policy,synthetic_sentiment_claim_00595,sentiment_synthetic_sentiment_public_sentiment_al_chunk_0004,sentiment_synthetic_sentiment_public_sentiment_al,synthetic,sentiment,6,S6,causes_or_increases,"AI's impact on freedom of speech and civic rights the unseen and pervasive nature of algorithms and micro-targeting on most web platforms (from social networks, search engines, news aggregators or entertainment services) has amplified the power of filter bubbles and increased polarisation, while also.","AI's impact on freedom of speech and civic rights the unseen and pervasive nature of algorithms and micro-targeting on most web platforms (from social networks, search engines, news aggregators or entertainment services) has amplified the power of filter bubbles and increased polarisation, while also.",policy_claim_03641,policy_oco_ai_policy_spotlight_report_chunk_0108,policy,8,P8,He stated: - AI has the potential to amplify disinformation and erode hard won freedoms.,He stated: - AI has the potential to amplify disinformation and erode hard won freedoms.,0.695544421672821,0.6779654622077942,0.3220345377922058,sentence_transformer:sentence-transformers/paraphrase-multilingual-MiniLM-L12-v2,False,0.5118606686592102,pooled_empirical_10th_percentile_provisional
synthetic_to_policy,synthetic_sentiment_claim_00596,sentiment_synthetic_sentiment_public_sentiment_al_chunk_0004,sentiment_synthetic_sentiment_public_sentiment_al,synthetic,sentiment,6,S6,causes_or_increases,I am cautious because 'Artificial intelligence is software created by humans to mimic the human intelligence or mind.,I am cautious because 'Artificial intelligence is software created by humans to mimic the human intelligence or mind.,policy_claim_03458,policy_model_policy_artificial_intelligence_ai_use_in_schools_docx_chunk_0007,policy,1,P1,"Artificial Intelligence refers to technologies that can perform tasks typically requiring human intelligence, such as understanding language, generating text, or offering personalized feedback.","Artificial Intelligence refers to technologies that can perform tasks typically requiring human intelligence, such as understanding language, generating text, or offering personalized feedback.",0.7897087335586548,0.7726187705993652,0.22738122940063477,sentence_transformer:sentence-transformers/paraphrase-multilingual-MiniLM-L12-v2,False,0.5118606686592102,pooled_empirical_10th_percentile_provisional
synthetic_to_policy,synthetic_sentiment_claim_00597,sentiment_synthetic_sentiment_public_sentiment_al_chunk_0004,sentiment_synthetic_sentiment_public_sentiment_al,synthetic,sentiment,6,S6,causes_or_increases,A sort of manmade intelligence.' - I am cautious because some staff suggest that GenAI could lead to the reduction of the need for staff to be physically present.,A sort of manmade intelligence.' - I am cautious because some staff suggest that GenAI could lead to the reduction of the need for staff to be physically present.,policy_claim_03209,policy_l_intelligence_artificielle_dans_les_tablissements_scolaires_sur_le_plan_administratif_et_p_dagogique_chunk_0028,policy,2,P2,"Par ailleurs, la nécessité de travailler également sans IA et en toute autonomie, pour acquérir certaines capacités et compétences doit être réaffirmée pour centrer le questionnement sur les plus-values des usages autorisés et encouragés.","Par ailleurs, la nécessité de travailler également sans IA et en toute autonomie, pour acquérir certaines capacités et compétences doit être réaffirmée pour centrer le questionnement sur les plus-values des usages autorisés et encouragés.",0.5934557914733887,0.5616405010223389,0.43835949897766113,sentence_transformer:sentence-transformers/paraphrase-multilingual-MiniLM-L12-v2,False,0.5118606686592102,pooled_empirical_10th_percentile_provisional
synthetic_to_policy,synthetic_sentiment_claim_00598,sentiment_synthetic_sentiment_public_sentiment_al_chunk_0004,sentiment_synthetic_sentiment_public_sentiment_al,synthetic,sentiment,6,S6,causes_or_increases,Others suggest it can lead to traditional research methods being redundant and instead advocate the embracing of GenAI tools and methods.,Others suggest it can lead to traditional research methods being redundant and instead advocate the embracing of GenAI tools and methods.,policy_claim_03793,policy_tafe_nsw_generative_artificial_intelligence_in_education_policy_chunk_0003,policy,6,P6,Use GenAI technology in ways that enable diverse ideas and perspectives while avoiding the reinforcement of biases; - g.,Use GenAI technology in ways that enable diverse ideas and perspectives while avoiding the reinforcement of biases; - g.,0.6348623037338257,0.6173592209815979,0.3826407790184021,sentence_transformer:sentence-transformers/paraphrase-multilingual-MiniLM-L12-v2,False,0.5118606686592102,pooled_empirical_10th_percentile_provisional
synthetic_to_policy,synthetic_sentiment_claim_00599,sentiment_synthetic_sentiment_public_sentiment_am_chunk_0001,sentiment_synthetic_sentiment_public_sentiment_am,synthetic,sentiment,5,S5,causes_or_increases,"I am cautious because participants were selected, from each city, representing a diverse cross-section in terms of age, gender, educational background, and employment type.","I am cautious because participants were selected, from each city, representing a diverse cross-section in terms of age, gender, educational background, and employment type.",policy_claim_01034,policy_ai_guidance_chunk_0040,policy,6,P6,Are there any factors that are unique to your district that raise additional concerns?,Are there any factors that are unique to your district that raise additional concerns?,0.48534202575683594,0.4584861695766449,0.5415138304233551,sentence_transformer:sentence-transformers/paraphrase-multilingual-MiniLM-L12-v2,True,0.5118606686592102,pooled_empirical_10th_percentile_provisional
synthetic_to_policy,synthetic_sentiment_claim_00600,sentiment_synthetic_sentiment_public_sentiment_am_chunk_0001,sentiment_synthetic_sentiment_public_sentiment_am,synthetic,sentiment,5,S5,requires_or_depends_on,"Parents and teachers need to know that additionally, UNESCO has also advanced work on AI, mostly in connection to education, publishing in AI and education: guidance for policy-makers and in Guidance for generative AI in education and research , which includes recommendations for developing AI competences, such as GenAI-related skills for learners.","Parents and teachers need to know that additionally, UNESCO has also advanced work on AI, mostly in connection to education, publishing in AI and education: guidance for policy-makers and in Guidance for generative AI in education and research , which includes recommendations for developing AI competences, such as GenAI-related skills for learners.",policy_claim_03574,policy_oco_ai_policy_spotlight_report_chunk_0066,policy,1,P1,UNESCO UNESCO has conducted research and produced guidance on AI in education.,UNESCO UNESCO has conducted research and produced guidance on AI in education.,0.8444095253944397,0.8018479943275452,0.19815200567245483,sentence_transformer:sentence-transformers/paraphrase-multilingual-MiniLM-L12-v2,False,0.5118606686592102,pooled_empirical_10th_percentile_provisional
synthetic_to_policy,synthetic_sentiment_claim_00601,sentiment_synthetic_sentiment_public_sentiment_am_chunk_0002,sentiment_synthetic_sentiment_public_sentiment_am,synthetic,sentiment,7,S7,requires_or_depends_on,"Public sentiment on AI in education teachers need to know that additionally, UNESCO has also advanced work on AI, mostly in connection to education, publishing in AI and education: guidance for policy-makers and in Guidance for generative AI in education and research , which includes recommendations for developing AI competences, such as GenAI-related skills for learners.","Public sentiment on AI in education teachers need to know that additionally, UNESCO has also advanced work on AI, mostly in connection to education, publishing in AI and education: guidance for policy-makers and in Guidance for generative AI in education and research , which includes recommendations for developing AI competences, such as GenAI-related skills for learners.",policy_claim_03574,policy_oco_ai_policy_spotlight_report_chunk_0066,policy,1,P1,UNESCO UNESCO has conducted research and produced guidance on AI in education.,UNESCO UNESCO has conducted research and produced guidance on AI in education.,0.8182979822158813,0.8032312989234924,0.19676870107650757,sentence_transformer:sentence-transformers/paraphrase-multilingual-MiniLM-L12-v2,False,0.5118606686592102,pooled_empirical_10th_percentile_provisional
synthetic_to_policy,synthetic_sentiment_claim_00602,sentiment_synthetic_sentiment_public_sentiment_am_chunk_0002,sentiment_synthetic_sentiment_public_sentiment_am,synthetic,sentiment,7,S7,causes_or_increases,I think this matters because - ) Tell me a bit about your professional experience.,I think this matters because - ) Tell me a bit about your professional experience.,policy_claim_01547,policy_ai_policy_june_2025_chunk_0011,policy,7,P7,"Doing so, however, requires responsible use and continuous professional judgment and expertise to be maintained.","Doing so, however, requires responsible use and continuous professional judgment and expertise to be maintained.",0.5420200228691101,0.512121856212616,0.48787814378738403,sentence_transformer:sentence-transformers/paraphrase-multilingual-MiniLM-L12-v2,False,0.5118606686592102,pooled_empirical_10th_percentile_provisional
synthetic_to_policy,synthetic_sentiment_claim_00603,sentiment_synthetic_sentiment_public_sentiment_am_chunk_0002,sentiment_synthetic_sentiment_public_sentiment_am,synthetic,sentiment,7,S7,enables_or_supports,Do they have special digital equipment to help them meet their needs?,Do they have special digital equipment to help them meet their needs?,policy_claim_02221,policy_digital_strategy_for_schools_to_2027_chunk_0009,policy,5,P5,"This will include continuing to develop an appropriate digital infrastructure and digitally skilled workforce, to realise the benefits of digital technology for all our learners to gain the skills they need to navigate the digital world effectively and safely.","This will include continuing to develop an appropriate digital infrastructure and digitally skilled workforce, to realise the benefits of digital technology for all our learners to gain the skills they need to navigate the digital world effectively and safely.",0.5855326652526855,0.563788890838623,0.43621110916137695,sentence_transformer:sentence-transformers/paraphrase-multilingual-MiniLM-L12-v2,False,0.5118606686592102,pooled_empirical_10th_percentile_provisional
synthetic_to_policy,synthetic_sentiment_claim_00604,sentiment_synthetic_sentiment_public_sentiment_am_chunk_0002,sentiment_synthetic_sentiment_public_sentiment_am,synthetic,sentiment,7,S7,causes_or_increases,"I think this matters because genAI is increasingly integrated into human cognitive processes, redefining traditional relationships with writing, language, and learning (Fügener et al., ).","I think this matters because genAI is increasingly integrated into human cognitive processes, redefining traditional relationships with writing, language, and learning (Fügener et al., ).",policy_claim_02153,policy_developing_policy_and_protocols_for_the_use_of_generative_ai_in_k_12_classrooms_march_2025_chunk_0010,policy,7,P7,Center human decision-making: There is a natural tendency when using genAI tools to allow them to 'do the thinking' as they seem to mimic human thought and performance.,Center human decision-making: There is a natural tendency when using genAI tools to allow them to 'do the thinking' as they seem to mimic human thought and performance.,0.6402857899665833,0.6282714009284973,0.3717285990715027,sentence_transformer:sentence-transformers/paraphrase-multilingual-MiniLM-L12-v2,False,0.5118606686592102,pooled_empirical_10th_percentile_provisional
synthetic_to_policy,synthetic_sentiment_claim_00605,sentiment_synthetic_sentiment_public_sentiment_am_chunk_0002,sentiment_synthetic_sentiment_public_sentiment_am,synthetic,sentiment,7,S7,requires_or_depends_on,"This raises important questions about the content students need to learn as part of the formal and informal curriculum of secondary education, the activities and experiences that can aid in the acquisition of knowledge, skills, and attitudes, and the roles..","This raises important questions about the content students need to learn as part of the formal and informal curriculum of secondary education, the activities and experiences that can aid in the acquisition of knowledge, skills, and attitudes, and the roles..",policy_claim_01589,policy_ai_policy_june_2025_chunk_0021,policy,7,P7,Students are encouraged to engage actively in their learning journey..,Students are encouraged to engage actively in their learning journey..,0.6055026054382324,0.6019884943962097,0.3980115056037903,sentence_transformer:sentence-transformers/paraphrase-multilingual-MiniLM-L12-v2,False,0.5118606686592102,pooled_empirical_10th_percentile_provisional
synthetic_to_policy,synthetic_sentiment_claim_00606,sentiment_synthetic_sentiment_public_sentiment_am_chunk_0002,sentiment_synthetic_sentiment_public_sentiment_am,synthetic,sentiment,7,S7,requires_or_depends_on,Students should understand that indicative comment: 'I suppose it's Duolingo for everybody.,Students should understand that indicative comment: 'I suppose it's Duolingo for everybody.,policy_claim_03332,policy_l_intelligence_artificielle_en_ducation_cadre_d_usage_et_de_confiance_chunk_0004,policy,2,P2,La relation pédagogique entre le professeur et l'élève s'inscrit dans une logique de responsabilité réciproque permettant une autonomie renforcée des élèves afin de les impliquer et les motiver dans leurs apprentissages.,La relation pédagogique entre le professeur et l'élève s'inscrit dans une logique de responsabilité réciproque permettant une autonomie renforcée des élèves afin de les impliquer et les motiver dans leurs apprentissages.,0.441889226436615,0.4382942020893097,0.5617057979106903,sentence_transformer:sentence-transformers/paraphrase-multilingual-MiniLM-L12-v2,True,0.5118606686592102,pooled_empirical_10th_percentile_provisional
synthetic_to_policy,synthetic_sentiment_claim_00607,sentiment_synthetic_sentiment_public_sentiment_am_chunk_0002,sentiment_synthetic_sentiment_public_sentiment_am,synthetic,sentiment,7,S7,enables_or_supports,"It depends, you know … it's for any level, so you can start from the very beginning, and you can advance to advanced, you know, and it helps you … I suppose that's where the AI comes in, in that it helps, you know, find your level and helps you jump to what's suitable for you, as a student.' - My concern is that the challenge of the time taken to review work and provide constructive feedback to students was a workload issue repeatedly raised, especially by humanities teachers.","It depends, you know … it's for any level, so you can start from the very beginning, and you can advance to advanced, you know, and it helps you … I suppose that's where the AI comes in, in that it helps, you know, find your level and helps you jump to what's suitable for you, as a student.' - My concern is that the challenge of the time taken to review work and provide constructive feedback to students was a workload issue repeatedly raised, especially by humanities teachers.",policy_claim_03326,policy_l_intelligence_artificielle_dans_les_tablissements_scolaires_sur_le_plan_administratif_et_p_dagogique_chunk_0155,policy,2,P2,"La synthèse globale obtenue à l'issue de ce traitement pour le questionnaire enseignant est la suivante : L'impact de l'intelligence artificielle (IA) sur les pratiques pédagogiques se présente comme un phénomène à multiples facettes, présentant à la fois des opportunités significatives et des défis considérables qui requièrent une attention particulière.","La synthèse globale obtenue à l'issue de ce traitement pour le questionnaire enseignant est la suivante : L'impact de l'intelligence artificielle (IA) sur les pratiques pédagogiques se présente comme un phénomène à multiples facettes, présentant à la fois des opportunités significatives et des défis considérables qui requièrent une attention particulière.",0.7872147560119629,0.768734872341156,0.231265127658844,sentence_transformer:sentence-transformers/paraphrase-multilingual-MiniLM-L12-v2,False,0.5118606686592102,pooled_empirical_10th_percentile_provisional
synthetic_to_policy,synthetic_sentiment_claim_00608,sentiment_synthetic_sentiment_public_sentiment_am_chunk_0003,sentiment_synthetic_sentiment_public_sentiment_am,synthetic,sentiment,1,S1,enables_or_supports,"Public sentiment on AI in education that it helps, you know, find your level and helps you jump to what's suitable for you, as a student.' - My concern is that the challenge of the time taken to review work and provide constructive feedback to students was a workload issue repeatedly raised, especially by humanities teachers.","Public sentiment on AI in education that it helps, you know, find your level and helps you jump to what's suitable for you, as a student.' - My concern is that the challenge of the time taken to review work and provide constructive feedback to students was a workload issue repeatedly raised, especially by humanities teachers.",policy_claim_03259,policy_l_intelligence_artificielle_dans_les_tablissements_scolaires_sur_le_plan_administratif_et_p_dagogique_chunk_0082,policy,2,P2,"Enseigner avec l'IA : le nécessaire renforcement du rôle de l'enseignant pour un usage raisonné, critique, pédagogique et créatif de l'IA La crainte que l'IA ne remette en cause les fondements du métier d'enseignant, et notamment la dimension humaine de l'enseignement, fait partie des réserves exprimées par les enseignants ayant répondu au questionnaire de la mission.","Enseigner avec l'IA : le nécessaire renforcement du rôle de l'enseignant pour un usage raisonné, critique, pédagogique et créatif de l'IA La crainte que l'IA ne remette en cause les fondements du métier d'enseignant, et notamment la dimension humaine de l'enseignement, fait partie des réserves exprimées par les enseignants ayant répondu au questionnaire de la mission.",0.7800091505050659,0.7727405428886414,0.22725945711135864,sentence_transformer:sentence-transformers/paraphrase-multilingual-MiniLM-L12-v2,False,0.5118606686592102,pooled_empirical_10th_percentile_provisional
synthetic_to_policy,synthetic_sentiment_claim_00609,sentiment_synthetic_sentiment_public_sentiment_am_chunk_0003,sentiment_synthetic_sentiment_public_sentiment_am,synthetic,sentiment,1,S1,enables_or_supports,The following words by a history teacher illustrate how GenAI may redefine the process of assessing students' work and providing feedback effectively: - I would support this when fieldwork was preceded by desk research and various team meetings devoted to charting the AIED policy landscape for each of the MS included in the study and ensuring a consolidated and common approach and data collection protocol across all settings.,The following words by a history teacher illustrate how GenAI may redefine the process of assessing students' work and providing feedback effectively: - I would support this when fieldwork was preceded by desk research and various team meetings devoted to charting the AIED policy landscape for each of the MS included in the study and ensuring a consolidated and common approach and data collection protocol across all settings.,policy_claim_02868,policy_guidance_on_artificial_intelligence_in_schools_2025_chunk_0027,policy,5,P5,The GenAI tool processes the data to generate a summary of which criteria most students have mastered (Feed-Back) and which require further teaching (Feed-Forward).,The GenAI tool processes the data to generate a summary of which criteria most students have mastered (Feed-Back) and which require further teaching (Feed-Forward).,0.7171905636787415,0.6978521347045898,0.30214786529541016,sentence_transformer:sentence-transformers/paraphrase-multilingual-MiniLM-L12-v2,False,0.5118606686592102,pooled_empirical_10th_percentile_provisional
synthetic_to_policy,synthetic_sentiment_claim_00610,sentiment_synthetic_sentiment_public_sentiment_am_chunk_0003,sentiment_synthetic_sentiment_public_sentiment_am,synthetic,sentiment,1,S1,causes_or_increases,"Both the Youth and the Education departments have engaged AI expert groups in developing an understanding of the topic, delivering trainings and creating resources for the youth and education sectors.","Both the Youth and the Education departments have engaged AI expert groups in developing an understanding of the topic, delivering trainings and creating resources for the youth and education sectors.",policy_claim_02763,policy_guidance_for_ai_policy_development_chunk_0008,policy,7,P7,"What is the strategy to ensure that students, teachers, parents, and community members understand AI and the importance of utilizing AI in our educational system?","What is the strategy to ensure that students, teachers, parents, and community members understand AI and the importance of utilizing AI in our educational system?",0.8236821889877319,0.8044335246086121,0.19556647539138794,sentence_transformer:sentence-transformers/paraphrase-multilingual-MiniLM-L12-v2,False,0.5118606686592102,pooled_empirical_10th_percentile_provisional
synthetic_to_policy,synthetic_sentiment_claim_00611,sentiment_synthetic_sentiment_public_sentiment_am_chunk_0003,sentiment_synthetic_sentiment_public_sentiment_am,synthetic,sentiment,1,S1,causes_or_increases,"I am cautious because the YAP want to see young people included as part of this work, as well as parents, experts, schools and AI companies.","I am cautious because the YAP want to see young people included as part of this work, as well as parents, experts, schools and AI companies.",policy_claim_03886,policy_the_new_ai_powered_classroom_implications_for_students_teachers_and_equity_chunk_0053,policy,0,P0,(5) What guidelines on the use of AI should be used to create a generation of children who Are independent thinkers and not workers reliant on machines?,(5) What guidelines on the use of AI should be used to create a generation of children who Are independent thinkers and not workers reliant on machines?,0.5866094827651978,0.583890974521637,0.41610902547836304,sentence_transformer:sentence-transformers/paraphrase-multilingual-MiniLM-L12-v2,False,0.5118606686592102,pooled_empirical_10th_percentile_provisional
synthetic_to_policy,synthetic_sentiment_claim_00612,sentiment_synthetic_sentiment_public_sentiment_am_chunk_0004,sentiment_synthetic_sentiment_public_sentiment_am,synthetic,sentiment,1,S1,causes_or_increases,"For example, they reported the use of GenAI to create interactive language lessons, allowing students to practice their language skills in a more engaging and immersive way.","For example, they reported the use of GenAI to create interactive language lessons, allowing students to practice their language skills in a more engaging and immersive way.",policy_claim_02865,policy_guidance_on_artificial_intelligence_in_schools_2025_chunk_0026,policy,5,P5,The teacher u ti lises GenAI to produce model conversations at varying levels of complexity as well as sentence starters and vocabulary lists.,The teacher u ti lises GenAI to produce model conversations at varying levels of complexity as well as sentence starters and vocabulary lists.,0.7304208278656006,0.726507842540741,0.27349215745925903,sentence_transformer:sentence-transformers/paraphrase-multilingual-MiniLM-L12-v2,False,0.5118606686592102,pooled_empirical_10th_percentile_provisional
synthetic_to_policy,synthetic_sentiment_claim_00613,sentiment_synthetic_sentiment_public_sentiment_am_chunk_0004,sentiment_synthetic_sentiment_public_sentiment_am,synthetic,sentiment,1,S1,causes_or_increases,"Moreover, GenAI can help to create a more inclusive and.","Moreover, GenAI can help to create a more inclusive and.",policy_claim_02879,policy_guidance_on_artificial_intelligence_in_schools_2025_chunk_0028,policy,5,P5,Inclusion: GenAI can support inclusive practices by tailoring tasks to better ensure that all learners are appropriately challenged and able to progress at their own pace.,Inclusion: GenAI can support inclusive practices by tailoring tasks to better ensure that all learners are appropriately challenged and able to progress at their own pace.,0.786728024482727,0.7387333512306213,0.26126664876937866,sentence_transformer:sentence-transformers/paraphrase-multilingual-MiniLM-L12-v2,False,0.5118606686592102,pooled_empirical_10th_percentile_provisional
synthetic_to_policy,synthetic_sentiment_claim_00614,sentiment_synthetic_sentiment_public_sentiment_am_chunk_0004,sentiment_synthetic_sentiment_public_sentiment_am,synthetic,sentiment,1,S1,requires_or_depends_on,Parents and teachers need to know that table .,Parents and teachers need to know that table .,policy_claim_02861,policy_guidance_on_artificial_intelligence_in_schools_2025_chunk_0026,policy,5,P5,The teacher uses this and other information to help identify gaps and adjust lesson planning.,The teacher uses this and other information to help identify gaps and adjust lesson planning.,0.5477930903434753,0.5364521145820618,0.46354788541793823,sentence_transformer:sentence-transformers/paraphrase-multilingual-MiniLM-L12-v2,False,0.5118606686592102,pooled_empirical_10th_percentile_provisional
synthetic_to_policy,synthetic_sentiment_claim_00615,sentiment_synthetic_sentiment_public_sentiment_am_chunk_0004,sentiment_synthetic_sentiment_public_sentiment_am,synthetic,sentiment,1,S1,enables_or_supports,"Numbers/percentages of teachers who agreed that AI tools can help teachers with the following activities - Students should understand that overall, teachers reported high levels of confidence about selecting and consistently using appropriate digital technologies in effective ways for teaching purposes in their classrooms (see Table ).","Numbers/percentages of teachers who agreed that AI tools can help teachers with the following activities - Students should understand that overall, teachers reported high levels of confidence about selecting and consistently using appropriate digital technologies in effective ways for teaching purposes in their classrooms (see Table ).",policy_claim_01979,policy_ai_systems_in_teaching_and_learning_principles_and_practical_exa_chunk_0015,policy,6,P6,Ensuring teachers are equipped with the necessary skills to evaluate AI tools fosters a balanced and informed approach to technology adoption in education.,Ensuring teachers are equipped with the necessary skills to evaluate AI tools fosters a balanced and informed approach to technology adoption in education.,0.8157240152359009,0.798083484172821,0.20191651582717896,sentence_transformer:sentence-transformers/paraphrase-multilingual-MiniLM-L12-v2,False,0.5118606686592102,pooled_empirical_10th_percentile_provisional
synthetic_to_policy,synthetic_sentiment_claim_00616,sentiment_synthetic_sentiment_public_sentiment_am_chunk_0004,sentiment_synthetic_sentiment_public_sentiment_am,synthetic,sentiment,1,S1,causes_or_increases,I am cautious because stefan V.,I am cautious because stefan V.,policy_claim_03070,policy_guidetoaiinschools_chunk_0078,policy,0,P0,"But she chose not to because 'Especially in situations where it' s a test, I am not going to learn from what I'm doing in that moment.","But she chose not to because 'Especially in situations where it' s a test, I am not going to learn from what I'm doing in that moment.",0.3695635199546814,0.3474978506565094,0.6525021493434906,sentence_transformer:sentence-transformers/paraphrase-multilingual-MiniLM-L12-v2,True,0.5118606686592102,pooled_empirical_10th_percentile_provisional
synthetic_to_policy,synthetic_sentiment_claim_00617,sentiment_synthetic_sentiment_public_sentiment_an_chunk_0001,sentiment_synthetic_sentiment_public_sentiment_an,synthetic,sentiment,1,S1,requires_or_depends_on,Public discussion on responsible AI in education - Parents and teachers need to know that the YAP want AI to be accessible to young people and not banned.,Public discussion on responsible AI in education - Parents and teachers need to know that the YAP want AI to be accessible to young people and not banned.,policy_claim_03669,policy_oco_ai_policy_spotlight_report_chunk_0118,policy,1,P1,"Recommendation: The government and regulators must include a special focus on children in its work on AI to ensure that children are protected from harm and discrimination while their rights to freedom of expression, access to information, to play and education are fulfilled in a rights-respecting, child-friendly digital and AI environment.","Recommendation: The government and regulators must include a special focus on children in its work on AI to ensure that children are protected from harm and discrimination while their rights to freedom of expression, access to information, to play and education are fulfilled in a rights-respecting, child-friendly digital and AI environment.",0.7694375514984131,0.7574760317802429,0.24252396821975708,sentence_transformer:sentence-transformers/paraphrase-multilingual-MiniLM-L12-v2,False,0.5118606686592102,pooled_empirical_10th_percentile_provisional
synthetic_to_policy,synthetic_sentiment_claim_00618,sentiment_synthetic_sentiment_public_sentiment_an_chunk_0001,sentiment_synthetic_sentiment_public_sentiment_an,synthetic,sentiment,1,S1,causes_or_increases,They worried that banning AI would lead to unregulated markets that could be very unsafe for children.,They worried that banning AI would lead to unregulated markets that could be very unsafe for children.,policy_claim_03513,policy_oco_ai_policy_spotlight_report_chunk_0031,policy,1,P1,"While children were excited about the uses of AI to improve lives, they remained highly concerned about risks associated with AI systems creating outcomes without sufficient human oversight.","While children were excited about the uses of AI to improve lives, they remained highly concerned about risks associated with AI systems creating outcomes without sufficient human oversight.",0.7167066931724548,0.7117884755134583,0.28821152448654175,sentence_transformer:sentence-transformers/paraphrase-multilingual-MiniLM-L12-v2,False,0.5118606686592102,pooled_empirical_10th_percentile_provisional
synthetic_to_policy,synthetic_sentiment_claim_00619,sentiment_synthetic_sentiment_public_sentiment_an_chunk_0001,sentiment_synthetic_sentiment_public_sentiment_an,synthetic,sentiment,1,S1,requires_or_depends_on,And what do teachers rely on AI for the most?,And what do teachers rely on AI for the most?,policy_claim_03324,policy_l_intelligence_artificielle_dans_les_tablissements_scolaires_sur_le_plan_administratif_et_p_dagogique_chunk_0135,policy,2,P2,"Loin de remettre en cause le rô le de l'enseignant et de l'école, l'IA renforce l'importance de l'éducation et le rôle fondamental des enseignants pour former les générations futures à un usage éthique, critique et créatif de l'IA mais aussi pour délimiter les usages pédagogiques pertinents de l'IA à l'école afin que l'IA soit véritablement un outil au service d'une école plus juste et plus performante.","Loin de remettre en cause le rô le de l'enseignant et de l'école, l'IA renforce l'importance de l'éducation et le rôle fondamental des enseignants pour former les générations futures à un usage éthique, critique et créatif de l'IA mais aussi pour délimiter les usages pédagogiques pertinents de l'IA à l'école afin que l'IA soit véritablement un outil au service d'une école plus juste et plus performante.",0.8461966514587402,0.8354526162147522,0.1645473837852478,sentence_transformer:sentence-transformers/paraphrase-multilingual-MiniLM-L12-v2,False,0.5118606686592102,pooled_empirical_10th_percentile_provisional
synthetic_to_policy,synthetic_sentiment_claim_00620,sentiment_synthetic_sentiment_public_sentiment_an_chunk_0002,sentiment_synthetic_sentiment_public_sentiment_an,synthetic,sentiment,6,S6,expected_to_improve,"Public discussion on responsible AI in education domains, including strengthening AI skills and talents.","Public discussion on responsible AI in education domains, including strengthening AI skills and talents.",policy_claim_03743,policy_policy_title_artificial_intelligence_ai_usage_policy_for_staff_teachers_and_students_chunk_0007,policy,6,P6,"Responsible use of AI with students entails providing appropriate guidance, educating students about AI's limitations and benefits, and fostering critical thinking skills to evaluate AI-generated outputs.","Responsible use of AI with students entails providing appropriate guidance, educating students about AI's limitations and benefits, and fostering critical thinking skills to evaluate AI-generated outputs.",0.8311270475387573,0.8133619427680969,0.18663805723190308,sentence_transformer:sentence-transformers/paraphrase-multilingual-MiniLM-L12-v2,False,0.5118606686592102,pooled_empirical_10th_percentile_provisional
synthetic_to_policy,synthetic_sentiment_claim_00621,sentiment_synthetic_sentiment_public_sentiment_an_chunk_0002,sentiment_synthetic_sentiment_public_sentiment_an,synthetic,sentiment,6,S6,causes_or_increases,"I think this matters because with heightened job loss anxieties, such as Cork and Limerick.","I think this matters because with heightened job loss anxieties, such as Cork and Limerick.",policy_claim_03859,policy_the_new_ai_powered_classroom_implications_for_students_teachers_and_equity_chunk_0042,policy,8,P8,Teachers are susceptible to burnout due to their substantial number of responsibilities that become intensified when their school has limited resources.,Teachers are susceptible to burnout due to their substantial number of responsibilities that become intensified when their school has limited resources.,0.5268884897232056,0.473348468542099,0.526651531457901,sentence_transformer:sentence-transformers/paraphrase-multilingual-MiniLM-L12-v2,True,0.5118606686592102,pooled_empirical_10th_percentile_provisional
synthetic_to_policy,synthetic_sentiment_claim_00622,sentiment_synthetic_sentiment_public_sentiment_an_chunk_0002,sentiment_synthetic_sentiment_public_sentiment_an,synthetic,sentiment,6,S6,requires_or_depends_on,"My concern is that associate Professor, Department of Public Relations and Advertising, School of Communication Studies, University of the Punjab - For me, the important point is that the use of AI in education also describes a profound challenge to the fundamental rights of children, as established by the UN Convention on the Rights of the Child (), necessitating a shift from speculative narratives of technological 'potential' toward a rigorous examination of socio-technical risks (Holmes, ).","My concern is that associate Professor, Department of Public Relations and Advertising, School of Communication Studies, University of the Punjab - For me, the important point is that the use of AI in education also describes a profound challenge to the fundamental rights of children, as established by the UN Convention on the Rights of the Child (), necessitating a shift from speculative narratives of technological 'potential' toward a rigorous examination of socio-technical risks (Holmes, ).",policy_claim_03478,policy_oco_ai_policy_spotlight_report_chunk_0016,policy,1,P1,There is a need for research on the impact of AI on the rights of children and to map AI technologies that have the greatest potential to create a positive and negative impact on children's rights.,There is a need for research on the impact of AI on the rights of children and to map AI technologies that have the greatest potential to create a positive and negative impact on children's rights.,0.7664753198623657,0.7597055435180664,0.2402944564819336,sentence_transformer:sentence-transformers/paraphrase-multilingual-MiniLM-L12-v2,False,0.5118606686592102,pooled_empirical_10th_percentile_provisional
synthetic_to_policy,synthetic_sentiment_claim_00623,sentiment_synthetic_sentiment_public_sentiment_an_chunk_0003,sentiment_synthetic_sentiment_public_sentiment_an,synthetic,sentiment,3,S3,requires_or_depends_on,"Parents and teachers need to know that selwyn, N.","Parents and teachers need to know that selwyn, N.",policy_claim_03644,policy_oco_ai_policy_spotlight_report_chunk_0109,policy,1,P1,"Parents, carers and teachers need training and resources.","Parents, carers and teachers need training and resources.",0.5679765939712524,0.5413535833358765,0.45864641666412354,sentence_transformer:sentence-transformers/paraphrase-multilingual-MiniLM-L12-v2,False,0.5118606686592102,pooled_empirical_10th_percentile_provisional
synthetic_to_policy,synthetic_sentiment_claim_00624,sentiment_synthetic_sentiment_public_sentiment_an_chunk_0003,sentiment_synthetic_sentiment_public_sentiment_an,synthetic,sentiment,3,S3,causes_or_increases,"I think this matters because finally, a set of common learning outcomes was established for the professional learning pathways in all countries: - I would support this when much of the talk around AI in schools has understandably centred on students' use of it and the ways in which this might undermine the academic integrity of State exams.","I think this matters because finally, a set of common learning outcomes was established for the professional learning pathways in all countries: - I would support this when much of the talk around AI in schools has understandably centred on students' use of it and the ways in which this might undermine the academic integrity of State exams.",policy_claim_02904,policy_guidance_on_artificial_intelligence_in_schools_2025_chunk_0038,policy,5,P5,How would I evaluate whether the use of AI has actually improved learning outcomes or classroom practice?,How would I evaluate whether the use of AI has actually improved learning outcomes or classroom practice?,0.792209267616272,0.7542479634284973,0.24575203657150269,sentence_transformer:sentence-transformers/paraphrase-multilingual-MiniLM-L12-v2,False,0.5118606686592102,pooled_empirical_10th_percentile_provisional
synthetic_to_policy,synthetic_sentiment_claim_00625,sentiment_synthetic_sentiment_public_sentiment_an_chunk_0003,sentiment_synthetic_sentiment_public_sentiment_an,synthetic,sentiment,3,S3,enables_or_supports,"Given the potential for students to use AI tools to assist with their AACs, the State Examinations Commission (SEC) has, belatedly,.","Given the potential for students to use AI tools to assist with their AACs, the State Examinations Commission (SEC) has, belatedly,.",policy_claim_03202,policy_l_intelligence_artificielle_dans_les_tablissements_scolaires_sur_le_plan_administratif_et_p_dagogique_chunk_0026,policy,2,P2,"Il faut toutefois souligner la prise de recul de ces élèves qui, dans leur grande majorité, décrivent l'IA comme un simple auxiliaire, une aide à leur travail personnel qu'il ne s'agit pas de déléguer à l'IA.","Il faut toutefois souligner la prise de recul de ces élèves qui, dans leur grande majorité, décrivent l'IA comme un simple auxiliaire, une aide à leur travail personnel qu'il ne s'agit pas de déléguer à l'IA.",0.6400793790817261,0.6370803117752075,0.3629196882247925,sentence_transformer:sentence-transformers/paraphrase-multilingual-MiniLM-L12-v2,False,0.5118606686592102,pooled_empirical_10th_percentile_provisional
synthetic_to_policy,synthetic_sentiment_claim_00626,sentiment_synthetic_sentiment_public_sentiment_an_chunk_0004,sentiment_synthetic_sentiment_public_sentiment_an,synthetic,sentiment,1,S1,risks_or_threatens,Public discussion on responsible AI in education which this might undermine the academic integrity of State exams.,Public discussion on responsible AI in education which this might undermine the academic integrity of State exams.,policy_claim_03008,policy_guidetoaiinschools_chunk_0033,policy,7,P7,"F Does our current academic integrity policy adequately address the use of AI, or do we need to make adjustments?","F Does our current academic integrity policy adequately address the use of AI, or do we need to make adjustments?",0.7653795480728149,0.7640965580940247,0.23590344190597534,sentence_transformer:sentence-transformers/paraphrase-multilingual-MiniLM-L12-v2,False,0.5118606686592102,pooled_empirical_10th_percentile_provisional
synthetic_to_policy,synthetic_sentiment_claim_00627,sentiment_synthetic_sentiment_public_sentiment_an_chunk_0004,sentiment_synthetic_sentiment_public_sentiment_an,synthetic,sentiment,1,S1,causes_or_increases,"I think this matters because 'Because if we are not training or educating our young people first in the good use of GenAI , it's like giving them a gun and then telling them don't hurt them.","I think this matters because 'Because if we are not training or educating our young people first in the good use of GenAI , it's like giving them a gun and then telling them don't hurt them.",policy_claim_00212,policy_ai_advisory_council_ai_on_education_paper_chunk_0002,policy,0,P0,"Instead we should try to ensure that it is used properly, ethically and only when its benefits outweigh its costs for instructors and students in an education setting.","Instead we should try to ensure that it is used properly, ethically and only when its benefits outweigh its costs for instructors and students in an education setting.",0.5820635557174683,0.5656203627586365,0.4343796372413635,sentence_transformer:sentence-transformers/paraphrase-multilingual-MiniLM-L12-v2,False,0.5118606686592102,pooled_empirical_10th_percentile_provisional
synthetic_to_policy,synthetic_sentiment_claim_00628,sentiment_synthetic_sentiment_public_sentiment_ao_chunk_0001,sentiment_synthetic_sentiment_public_sentiment_ao,synthetic,sentiment,3,S3,causes_or_increases,"Public sentiment on privacy, assessment and AI - I think this matters because the research presented in this report was co-funded by the European Commission's Joint Research Centre and the Directorate-General for Education, Youth, Sport and Culture (Nº JRC SEV--NFP // EAC--).","Public sentiment on privacy, assessment and AI - I think this matters because the research presented in this report was co-funded by the European Commission's Joint Research Centre and the Directorate-General for Education, Youth, Sport and Culture (Nº JRC SEV--NFP // EAC--).",policy_claim_03546,policy_oco_ai_policy_spotlight_report_chunk_0050,policy,6,P6,"Though it does not have a specific focus on children, it makes several recommendations relating to the use of algorithmic decision-making and AI used for the purpose of law enforcement; 73 71 UN General Assembly (2018), Report of the Special Rapporteur on the promotion and protection of the right to freedom of opinion and expression, A/73/348.","Though it does not have a specific focus on children, it makes several recommendations relating to the use of algorithmic decision-making and AI used for the purpose of law enforcement; 73 71 UN General Assembly (2018), Report of the Special Rapporteur on the promotion and protection of the right to freedom of opinion and expression, A/73/348.",0.6383062601089478,0.6196064949035645,0.38039350509643555,sentence_transformer:sentence-transformers/paraphrase-multilingual-MiniLM-L12-v2,False,0.5118606686592102,pooled_empirical_10th_percentile_provisional
synthetic_to_policy,synthetic_sentiment_claim_00629,sentiment_synthetic_sentiment_public_sentiment_ao_chunk_0001,sentiment_synthetic_sentiment_public_sentiment_ao,synthetic,sentiment,3,S3,enables_or_supports,"Numbers/percentages of teachers who reported that the following descriptions could apply to an AI-based image recognition software - I would support this when car s'agissant de l'IA, la part des indécis est nettement plus élevée que pour le numérique : français sur ne parvient pas à avoir une opinion tranchée sur les effets de l'IA sur nos vies.","Numbers/percentages of teachers who reported that the following descriptions could apply to an AI-based image recognition software - I would support this when car s'agissant de l'IA, la part des indécis est nettement plus élevée que pour le numérique : français sur ne parvient pas à avoir une opinion tranchée sur les effets de l'IA sur nos vies.",policy_claim_02918,policy_guidance_on_artificial_intelligence_in_schools_2025_chunk_0044,policy,5,P5,"Ar tifi cial Intelligence: Five Considerations for Teacher Use Infographic: a concise guide to support responsible, effective, and inclusive integration of AI into teachers' practice.","Ar tifi cial Intelligence: Five Considerations for Teacher Use Infographic: a concise guide to support responsible, effective, and inclusive integration of AI into teachers' practice.",0.7263269424438477,0.7226983904838562,0.2773016095161438,sentence_transformer:sentence-transformers/paraphrase-multilingual-MiniLM-L12-v2,False,0.5118606686592102,pooled_empirical_10th_percentile_provisional
synthetic_to_policy,synthetic_sentiment_claim_00630,sentiment_synthetic_sentiment_public_sentiment_ao_chunk_0001,sentiment_synthetic_sentiment_public_sentiment_ao,synthetic,sentiment,3,S3,requires_or_depends_on,The public discussion should recognise that indicative comment: 'So if they're going to be using it I need to say how do I teach them to use it well.,The public discussion should recognise that indicative comment: 'So if they're going to be using it I need to say how do I teach them to use it well.,policy_claim_01796,policy_ai_report_us_gov_chunk_0068,policy,8,P8,But what we need is to have a clear view -to clearly show how those recommendations or those interactions are made and what evidence is used or what data is used to be able to make those recommendations so teachers and everyone involved know about why that kind of system is providing that type of information.,But what we need is to have a clear view -to clearly show how those recommendations or those interactions are made and what evidence is used or what data is used to be able to make those recommendations so teachers and everyone involved know about why that kind of system is providing that type of information.,0.6420127749443054,0.6361128687858582,0.36388713121414185,sentence_transformer:sentence-transformers/paraphrase-multilingual-MiniLM-L12-v2,False,0.5118606686592102,pooled_empirical_10th_percentile_provisional
synthetic_to_policy,synthetic_sentiment_claim_00631,sentiment_synthetic_sentiment_public_sentiment_ao_chunk_0002,sentiment_synthetic_sentiment_public_sentiment_ao,synthetic,sentiment,6,S6,causes_or_increases,"I think this matters because in most cases, however, the YAP are using AI on their own, not because teachers are asking them to or teaching them about it.","I think this matters because in most cases, however, the YAP are using AI on their own, not because teachers are asking them to or teaching them about it.",policy_claim_03011,policy_guidetoaiinschools_chunk_0034,policy,7,P7,"F Do we have a clear policy on when and how teachers may use AI, or do we need to make adjustments?","F Do we have a clear policy on when and how teachers may use AI, or do we need to make adjustments?",0.7405369281768799,0.7298571467399597,0.2701428532600403,sentence_transformer:sentence-transformers/paraphrase-multilingual-MiniLM-L12-v2,False,0.5118606686592102,pooled_empirical_10th_percentile_provisional
synthetic_to_policy,synthetic_sentiment_claim_00632,sentiment_synthetic_sentiment_public_sentiment_ao_chunk_0002,sentiment_synthetic_sentiment_public_sentiment_ao,synthetic,sentiment,6,S6,requires_or_depends_on,"They were aware that they have to be careful when doing so, like giving specific prompts to chatbots to get the information you need (e.g., write from the point of view of a Junior Cert student).","They were aware that they have to be careful when doing so, like giving specific prompts to chatbots to get the information you need (e.g., write from the point of view of a Junior Cert student).",policy_claim_01891,policy_ai_report_us_gov_chunk_0104,policy,8,P8,"Second, teachers are beginning to use chatbots to plan personalized instruction for their students; they will need to be involved in loops with other teachers to understand effective prompts, to know how to analyze AI-generated lesson plans for flaws, and to avoid the human tendency to overly trust AI systems and underapply human judgement.","Second, teachers are beginning to use chatbots to plan personalized instruction for their students; they will need to be involved in loops with other teachers to understand effective prompts, to know how to analyze AI-generated lesson plans for flaws, and to avoid the human tendency to overly trust AI systems and underapply human judgement.",0.6747023463249207,0.6340472102165222,0.3659527897834778,sentence_transformer:sentence-transformers/paraphrase-multilingual-MiniLM-L12-v2,False,0.5118606686592102,pooled_empirical_10th_percentile_provisional
synthetic_to_policy,synthetic_sentiment_claim_00633,sentiment_synthetic_sentiment_public_sentiment_ao_chunk_0002,sentiment_synthetic_sentiment_public_sentiment_ao,synthetic,sentiment,6,S6,causes_or_increases,"In summary, the Limerick dataset uncovers a generally heightened sense of public trepidation towards AI, potentially influenced by factors like age, employment.","In summary, the Limerick dataset uncovers a generally heightened sense of public trepidation towards AI, potentially influenced by factors like age, employment.",policy_claim_03189,policy_l_intelligence_artificielle_dans_les_tablissements_scolaires_sur_le_plan_administratif_et_p_dagogique_chunk_0013,policy,2,P2,"Un contexte marqué par une effervescence institutionnelle à tous les niveaux, au risque de la confusion l'IA et l'a venir des compétences, etc.).","Un contexte marqué par une effervescence institutionnelle à tous les niveaux, au risque de la confusion l'IA et l'a venir des compétences, etc.).",0.6613343954086304,0.6522841453552246,0.3477158546447754,sentence_transformer:sentence-transformers/paraphrase-multilingual-MiniLM-L12-v2,False,0.5118606686592102,pooled_empirical_10th_percentile_provisional
synthetic_to_policy,synthetic_sentiment_claim_00634,sentiment_synthetic_sentiment_public_sentiment_ao_chunk_0003,sentiment_synthetic_sentiment_public_sentiment_ao,synthetic,sentiment,4,S4,enables_or_supports,"Public sentiment on privacy, assessment and AI - I would support this when european Commission, Directorate-General for Education, Youth, Sport and Culture.","Public sentiment on privacy, assessment and AI - I would support this when european Commission, Directorate-General for Education, Youth, Sport and Culture.",policy_claim_03177,policy_l_ia_en_ducation_cadre_d_usage_chunk_0006,policy,2,P2,"Les organisations internationales (Unesco, OCDE), l'Union européenne, le Conseil de l'Europe, la France et de très nombreuses institutions universitaires ont émis un avis sur l'opportunité et les limites liées aux usages de l'IA dans l'éducation ; une sélection de ces avis est indiquée dans la bibliographie en annexe.","Les organisations internationales (Unesco, OCDE), l'Union européenne, le Conseil de l'Europe, la France et de très nombreuses institutions universitaires ont émis un avis sur l'opportunité et les limites liées aux usages de l'IA dans l'éducation ; une sélection de ces avis est indiquée dans la bibliographie en annexe.",0.6215733289718628,0.6089052557945251,0.39109474420547485,sentence_transformer:sentence-transformers/paraphrase-multilingual-MiniLM-L12-v2,False,0.5118606686592102,pooled_empirical_10th_percentile_provisional
synthetic_to_policy,synthetic_sentiment_claim_00635,sentiment_synthetic_sentiment_public_sentiment_ao_chunk_0003,sentiment_synthetic_sentiment_public_sentiment_ao,synthetic,sentiment,4,S4,causes_or_increases,"I think this matters because the first set of data was collected at the symposium Navigating Transitions: adapting policy to young people's changing realities , organised the partnership between the European Commission and the Council of Europe in the field of youth on - June in Tirana, Albania.","I think this matters because the first set of data was collected at the symposium Navigating Transitions: adapting policy to young people's changing realities , organised the partnership between the European Commission and the Council of Europe in the field of youth on - June in Tirana, Albania.",policy_claim_03706,policy_our_ai_our_ambition_for_france_chunk_0019,policy,8,P8,"The strategy recommended by our Commission is only the first mile Going beyond that will require not only consistency in public intervention, but also action to strengthen the adaptability of our organizations, both public and private A collegial approach to anticipation is also essential, to prepare our country for the effects of the technological revolution","The strategy recommended by our Commission is only the first mile Going beyond that will require not only consistency in public intervention, but also action to strengthen the adaptability of our organizations, both public and private A collegial approach to anticipation is also essential, to prepare our country for the effects of the technological revolution",0.5300240516662598,0.5247589945793152,0.4752410054206848,sentence_transformer:sentence-transformers/paraphrase-multilingual-MiniLM-L12-v2,False,0.5118606686592102,pooled_empirical_10th_percentile_provisional
synthetic_to_policy,synthetic_sentiment_claim_00636,sentiment_synthetic_sentiment_public_sentiment_ao_chunk_0003,sentiment_synthetic_sentiment_public_sentiment_ao,synthetic,sentiment,4,S4,enables_or_supports,The purpose of the workshop was to facilitate an open discussion with a group of symposium participants about their experiences of AI in the youth.,The purpose of the workshop was to facilitate an open discussion with a group of symposium participants about their experiences of AI in the youth.,policy_claim_03410,policy_men_dne_brochure_ia_2024_uk_web_chunk_0033,policy,3,P3,"They are invited to reflect collectively, through discussion forums, on issues raised by the development of AI.' (Romero et al.","They are invited to reflect collectively, through discussion forums, on issues raised by the development of AI.' (Romero et al.",0.7025836110115051,0.6751565933227539,0.3248434066772461,sentence_transformer:sentence-transformers/paraphrase-multilingual-MiniLM-L12-v2,False,0.5118606686592102,pooled_empirical_10th_percentile_provisional
synthetic_to_policy,synthetic_sentiment_claim_00637,sentiment_synthetic_sentiment_public_sentiment_ao_chunk_0003,sentiment_synthetic_sentiment_public_sentiment_ao,synthetic,sentiment,4,S4,enables_or_supports,"While AI has the potential to bring about positive changes and improvements, it also raises concerns and challenges that need to be addressed to ensure responsible and equitable deployment of AI technologies.","While AI has the potential to bring about positive changes and improvements, it also raises concerns and challenges that need to be addressed to ensure responsible and equitable deployment of AI technologies.",policy_claim_02788,policy_guidance_for_ai_policy_development_chunk_0016,policy,7,P7,Should the policies addressed above mention AI and have an addendum that addresses the issues raised by AI?,Should the policies addressed above mention AI and have an addendum that addresses the issues raised by AI?,0.7993351221084595,0.7930596470832825,0.20694035291671753,sentence_transformer:sentence-transformers/paraphrase-multilingual-MiniLM-L12-v2,False,0.5118606686592102,pooled_empirical_10th_percentile_provisional
synthetic_to_policy,synthetic_sentiment_claim_00638,sentiment_synthetic_sentiment_public_sentiment_ao_chunk_0004,sentiment_synthetic_sentiment_public_sentiment_ao,synthetic,sentiment,2,S2,enables_or_supports,"Public sentiment on privacy, assessment and AI be addressed to ensure responsible and equitable deployment of AI technologies.","Public sentiment on privacy, assessment and AI be addressed to ensure responsible and equitable deployment of AI technologies.",policy_claim_01250,policy_ai_in_australian_education_snapshot_principles_policy_and_practice_august_2023_chunk_0029,policy,6,P6,"Earning the public's trust Including developing technical mechanisms ensuring users know when they are interacting with an AI, a commitment to publicly report on AI systems' capabilities, limitations, and appropriate and inappropriate use, the prioritization of research on risks, and a focus on using the technologies to help address society's greatest challenges.","Earning the public's trust Including developing technical mechanisms ensuring users know when they are interacting with an AI, a commitment to publicly report on AI systems' capabilities, limitations, and appropriate and inappropriate use, the prioritization of research on risks, and a focus on using the technologies to help address society's greatest challenges.",0.7840118408203125,0.7666918635368347,0.23330813646316528,sentence_transformer:sentence-transformers/paraphrase-multilingual-MiniLM-L12-v2,False,0.5118606686592102,pooled_empirical_10th_percentile_provisional
synthetic_to_policy,synthetic_sentiment_claim_00639,sentiment_synthetic_sentiment_public_sentiment_ao_chunk_0004,sentiment_synthetic_sentiment_public_sentiment_ao,synthetic,sentiment,2,S2,requires_or_depends_on,"Experts break down complex concepts about AI into straightforward activities - Parents and teachers need to know that carvalho, L., Martinez-Maldonado, R., Tsai, Y.-S., Markauskaite, L.","Experts break down complex concepts about AI into straightforward activities - Parents and teachers need to know that carvalho, L., Martinez-Maldonado, R., Tsai, Y.-S., Markauskaite, L.",policy_claim_00985,policy_ai_guidance_chunk_0009,policy,7,P7,"Educators, students, and families need broad, transferable skills to understand, question, and critique AI-powered features, whether or not they are clearly labeled.","Educators, students, and families need broad, transferable skills to understand, question, and critique AI-powered features, whether or not they are clearly labeled.",0.6845729351043701,0.6704797148704529,0.3295202851295471,sentence_transformer:sentence-transformers/paraphrase-multilingual-MiniLM-L12-v2,False,0.5118606686592102,pooled_empirical_10th_percentile_provisional
synthetic_to_policy,synthetic_sentiment_claim_00640,sentiment_synthetic_sentiment_public_sentiment_ao_chunk_0004,sentiment_synthetic_sentiment_public_sentiment_ao,synthetic,sentiment,2,S2,enables_or_supports,"This seems useful if genAI can be harnessed to improve student engagement in various ways, including personalizing learning experiences, providing interactive and immersive learning environments, and facilitating real-time feedback and assessment.","This seems useful if genAI can be harnessed to improve student engagement in various ways, including personalizing learning experiences, providing interactive and immersive learning environments, and facilitating real-time feedback and assessment.",policy_claim_02671,policy_generative_artificial_intelligence_ai_in_k_12_classrooms_v2_chunk_0018,policy,5,P5,"By leveraging genAI, educators can create inclusive learning environments, ensure equal opportunities for multilingual learners, and enhance overall student engagement and comprehension.","By leveraging genAI, educators can create inclusive learning environments, ensure equal opportunities for multilingual learners, and enhance overall student engagement and comprehension.",0.7478440999984741,0.7398662567138672,0.2601337432861328,sentence_transformer:sentence-transformers/paraphrase-multilingual-MiniLM-L12-v2,False,0.5118606686592102,pooled_empirical_10th_percentile_provisional
synthetic_to_policy,synthetic_sentiment_claim_00641,sentiment_synthetic_sentiment_public_sentiment_ao_chunk_0004,sentiment_synthetic_sentiment_public_sentiment_ao,synthetic,sentiment,2,S2,risks_or_threatens,They say it is acceptable to use GenAI without integrity being undermined if people are transparent about it.,They say it is acceptable to use GenAI without integrity being undermined if people are transparent about it.,policy_claim_03788,policy_tafe_nsw_generative_artificial_intelligence_in_education_policy_chunk_0002,policy,6,P6,"Fairness - Users of GenAI technology must include safeguards to manage data bias and data quality, be inclusive and accessible and should not involve or result in unfair discrimination against individuals, communities or groups.","Fairness - Users of GenAI technology must include safeguards to manage data bias and data quality, be inclusive and accessible and should not involve or result in unfair discrimination against individuals, communities or groups.",0.7601966857910156,0.6916401982307434,0.3083598017692566,sentence_transformer:sentence-transformers/paraphrase-multilingual-MiniLM-L12-v2,False,0.5118606686592102,pooled_empirical_10th_percentile_provisional
synthetic_to_policy,synthetic_sentiment_claim_00642,sentiment_synthetic_sentiment_public_sentiment_ao_chunk_0004,sentiment_synthetic_sentiment_public_sentiment_ao,synthetic,sentiment,2,S2,causes_or_increases,"Some participants, however, raise questions of authenticity of work and say that outcomes are compromised when resources are not cited or researched properly.","Some participants, however, raise questions of authenticity of work and say that outcomes are compromised when resources are not cited or researched properly.",policy_claim_00365,policy_ai_cognitive_offloading_and_implications_for_education_chunk_0049,policy,4,P4,Unskilled and unaware of it: How difficulties in recognizing one's own incompetence lead to inflated self-assessments.,Unskilled and unaware of it: How difficulties in recognizing one's own incompetence lead to inflated self-assessments.,0.6095166802406311,0.5967457890510559,0.4032542109489441,sentence_transformer:sentence-transformers/paraphrase-multilingual-MiniLM-L12-v2,False,0.5118606686592102,pooled_empirical_10th_percentile_provisional
synthetic_to_policy,synthetic_sentiment_claim_00643,sentiment_synthetic_sentiment_public_sentiment_ap_chunk_0001,sentiment_synthetic_sentiment_public_sentiment_ap,synthetic,sentiment,4,S4,enables_or_supports,All data was anonymized during the analysis phase to ensure the privacy and confidentiality of the people.,All data was anonymized during the analysis phase to ensure the privacy and confidentiality of the people.,policy_claim_01499,policy_ai_policy_april_2025_v2_chunk_0020,policy,6,P6,Data used or generated by generative AI tools will be anonymised where possible and stored securely.,Data used or generated by generative AI tools will be anonymised where possible and stored securely.,0.6786149740219116,0.5949224829673767,0.4050775170326233,sentence_transformer:sentence-transformers/paraphrase-multilingual-MiniLM-L12-v2,False,0.5118606686592102,pooled_empirical_10th_percentile_provisional
synthetic_to_policy,synthetic_sentiment_claim_00644,sentiment_synthetic_sentiment_public_sentiment_ap_chunk_0001,sentiment_synthetic_sentiment_public_sentiment_ap,synthetic,sentiment,4,S4,causes_or_increases,"A sensible approach would start from the idea that 'At its best, artificial intelligence can provide personal learning and act as a study coach.' (School director in Finland, translation) - I am cautious because pawluczuk A.","A sensible approach would start from the idea that 'At its best, artificial intelligence can provide personal learning and act as a study coach.' (School director in Finland, translation) - I am cautious because pawluczuk A.",policy_claim_01135,policy_ai_guidance_classroom_considerations_chunk_0001,policy,7,P7,"Students and educators are already engaging with AI, but the key question remains: How will we use it in a way that empowers critical thinking?","Students and educators are already engaging with AI, but the key question remains: How will we use it in a way that empowers critical thinking?",0.7217367887496948,0.7082640528678894,0.2917359471321106,sentence_transformer:sentence-transformers/paraphrase-multilingual-MiniLM-L12-v2,False,0.5118606686592102,pooled_empirical_10th_percentile_provisional
synthetic_to_policy,synthetic_sentiment_claim_00645,sentiment_synthetic_sentiment_public_sentiment_ap_chunk_0002,sentiment_synthetic_sentiment_public_sentiment_ap,synthetic,sentiment,6,S6,requires_or_depends_on,"Parents and teachers need to know that one study conducted a content analysis of social media data to explore the public perception of AI in medical care (Gao et al., ).","Parents and teachers need to know that one study conducted a content analysis of social media data to explore the public perception of AI in medical care (Gao et al., ).",policy_claim_03037,policy_guidetoaiinschools_chunk_0056,policy,0,P0,Learning About AI Helps Students Critically Evaluate AI Output an instructional coach in the Middle Atlantic region: 'My middle school students live on social media.,Learning About AI Helps Students Critically Evaluate AI Output an instructional coach in the Middle Atlantic region: 'My middle school students live on social media.,0.6667683124542236,0.6626126170158386,0.3373873829841614,sentence_transformer:sentence-transformers/paraphrase-multilingual-MiniLM-L12-v2,False,0.5118606686592102,pooled_empirical_10th_percentile_provisional
synthetic_to_policy,synthetic_sentiment_claim_00646,sentiment_synthetic_sentiment_public_sentiment_ap_chunk_0003,sentiment_synthetic_sentiment_public_sentiment_ap,synthetic,sentiment,6,S6,requires_or_depends_on,"The public discussion should recognise that indicative comment: 'So I think teachers need to be trained up on the various technologies, I think, yeah, continuous professional learning is hugely important.","The public discussion should recognise that indicative comment: 'So I think teachers need to be trained up on the various technologies, I think, yeah, continuous professional learning is hugely important.",policy_claim_02338,policy_digital_strategy_for_schools_to_2027_chunk_0053,policy,5,P5,"As such, it is important for teachers, with the necessary support, to develop their own competence in this area in line with emerging trends and requirements, in order to fully realise the potential of digital technologies to support and enhance teaching, learning and assessment practices and to provide the most up ­ to ­ date learning experiences for learners.","As such, it is important for teachers, with the necessary support, to develop their own competence in this area in line with emerging trends and requirements, in order to fully realise the potential of digital technologies to support and enhance teaching, learning and assessment practices and to provide the most up ­ to ­ date learning experiences for learners.",0.7430146932601929,0.7348909378051758,0.2651090621948242,sentence_transformer:sentence-transformers/paraphrase-multilingual-MiniLM-L12-v2,False,0.5118606686592102,pooled_empirical_10th_percentile_provisional
synthetic_to_policy,synthetic_sentiment_claim_00647,sentiment_synthetic_sentiment_public_sentiment_ap_chunk_0003,sentiment_synthetic_sentiment_public_sentiment_ap,synthetic,sentiment,6,S6,enables_or_supports,"This seems useful if the United Nations Educational, Scientific and Cultural Organization's (UNESCO) Guidance for generative AI in education and research provides additional inspiration on how to deal with GenAI based on a human-centric approach and how to ensure an ethical, safe and meaningful use of such technologies.","This seems useful if the United Nations Educational, Scientific and Cultural Organization's (UNESCO) Guidance for generative AI in education and research provides additional inspiration on how to deal with GenAI based on a human-centric approach and how to ensure an ethical, safe and meaningful use of such technologies.",policy_claim_02928,policy_guidance_on_artificial_intelligence_in_schools_2025_chunk_0052,policy,5,P5,"Guidance for generative AI in education and research - UNESCO This global guidance on GenAI in education aims to support countries to implement immediate actions, plan long ­ term policies and develop human capacity to ensure a human ­ centred vision of these new technologies.","Guidance for generative AI in education and research - UNESCO This global guidance on GenAI in education aims to support countries to implement immediate actions, plan long ­ term policies and develop human capacity to ensure a human ­ centred vision of these new technologies.",0.8326513767242432,0.768008291721344,0.231991708278656,sentence_transformer:sentence-transformers/paraphrase-multilingual-MiniLM-L12-v2,False,0.5118606686592102,pooled_empirical_10th_percentile_provisional
synthetic_to_policy,synthetic_sentiment_claim_00648,sentiment_synthetic_sentiment_public_sentiment_ap_chunk_0004,sentiment_synthetic_sentiment_public_sentiment_ap,synthetic,sentiment,6,S6,causes_or_increases,"I am cautious because meanwhile, the OECD's Opportunities, guidelines and guardrails for effective and equitable use of AI in education () focuses mainly on how to 'integrate' AI into education in order to leverage AI for 'personalised learning' and administrative 'efficiency'.","I am cautious because meanwhile, the OECD's Opportunities, guidelines and guardrails for effective and equitable use of AI in education () focuses mainly on how to 'integrate' AI into education in order to leverage AI for 'personalised learning' and administrative 'efficiency'.",policy_claim_00248,policy_ai_cognitive_offloading_and_implications_for_education_chunk_0008,policy,4,P4,"Now, there is increasingly strong evidence that AI used in schooling must also be closely governed and directed, not only for safety but to ensure we have confidence in the AI tools themselves and that teachers are well-supported with effective pedagogical strategies.","Now, there is increasingly strong evidence that AI used in schooling must also be closely governed and directed, not only for safety but to ensure we have confidence in the AI tools themselves and that teachers are well-supported with effective pedagogical strategies.",0.7814027070999146,0.7728474736213684,0.2271525263786316,sentence_transformer:sentence-transformers/paraphrase-multilingual-MiniLM-L12-v2,False,0.5118606686592102,pooled_empirical_10th_percentile_provisional
synthetic_to_policy,synthetic_sentiment_claim_00649,sentiment_synthetic_sentiment_public_sentiment_ap_chunk_0004,sentiment_synthetic_sentiment_public_sentiment_ap,synthetic,sentiment,6,S6,enables_or_supports,"In other words, it assumes that the integration of AI into education is ultimately effective (despite the lack of evidence to support such a view).","In other words, it assumes that the integration of AI into education is ultimately effective (despite the lack of evidence to support such a view).",policy_claim_00993,policy_ai_guidance_chunk_0011,policy,6,P6,Schools teach and encourage thoughtful integration of AI rather than penalizing use outright.,Schools teach and encourage thoughtful integration of AI rather than penalizing use outright.,0.7798970937728882,0.7701869606971741,0.22981303930282593,sentence_transformer:sentence-transformers/paraphrase-multilingual-MiniLM-L12-v2,False,0.5118606686592102,pooled_empirical_10th_percentile_provisional
synthetic_to_policy,synthetic_sentiment_claim_00650,sentiment_synthetic_sentiment_public_sentiment_ap_chunk_0004,sentiment_synthetic_sentiment_public_sentiment_ap,synthetic,sentiment,6,S6,enables_or_supports,This seems useful if what is encouraging is that the majority of the teachers who did complete this section on the professional learning pathway stated that it had 'completely' or 'for the most part' met their expectations.,This seems useful if what is encouraging is that the majority of the teachers who did complete this section on the professional learning pathway stated that it had 'completely' or 'for the most part' met their expectations.,policy_claim_03869,policy_the_new_ai_powered_classroom_implications_for_students_teachers_and_equity_chunk_0045,policy,7,P7,"There is convincing evidence that implies teacher coaching improves instructional practice, student learning, and student achievement when coachers and teachers have defined roles and a relationship of trust 43 .","There is convincing evidence that implies teacher coaching improves instructional practice, student learning, and student achievement when coachers and teachers have defined roles and a relationship of trust 43 .",0.5987467765808105,0.5962925553321838,0.40370744466781616,sentence_transformer:sentence-transformers/paraphrase-multilingual-MiniLM-L12-v2,False,0.5118606686592102,pooled_empirical_10th_percentile_provisional
synthetic_to_policy,synthetic_sentiment_claim_00651,sentiment_synthetic_sentiment_public_sentiment_aq_chunk_0001,sentiment_synthetic_sentiment_public_sentiment_aq,synthetic,sentiment,5,S5,requires_or_depends_on,"Parents and teachers need to know that africanews Source: OECD (), Results from TALIS : The State of Teaching The countries that used AI in schools the least were in Bulgaria (), Hungary (), the French region of Belgium (), Turkey (), Italy (), Finland (), Montenegro (), and Slovakia ().","Parents and teachers need to know that africanews Source: OECD (), Results from TALIS : The State of Teaching The countries that used AI in schools the least were in Bulgaria (), Hungary (), the French region of Belgium (), Turkey (), Italy (), Finland (), Montenegro (), and Slovakia ().",policy_claim_01448,policy_ai_policy_and_regulations_of_france_comprehensive_report_fr_chunk_0002,policy,2,P2,■ Un usage limité de l'IA : 45 % des enseignants français et 39 % des enseignants à l'international rapportent ne pas avoir utilisé d'outils d'IA pour l'éducation depuis le début de l'année scolaire.,■ Un usage limité de l'IA : 45 % des enseignants français et 39 % des enseignants à l'international rapportent ne pas avoir utilisé d'outils d'IA pour l'éducation depuis le début de l'année scolaire.,0.711652398109436,0.6662938594818115,0.3337061405181885,sentence_transformer:sentence-transformers/paraphrase-multilingual-MiniLM-L12-v2,False,0.5118606686592102,pooled_empirical_10th_percentile_provisional
synthetic_to_policy,synthetic_sentiment_claim_00652,sentiment_synthetic_sentiment_public_sentiment_aq_chunk_0001,sentiment_synthetic_sentiment_public_sentiment_aq,synthetic,sentiment,5,S5,enables_or_supports,"For me, the important point is that genAI may also prove to be helpful as a tool for self-assessment, enabling students to receive timely feedback that allows them to refine their work before submission.","For me, the important point is that genAI may also prove to be helpful as a tool for self-assessment, enabling students to receive timely feedback that allows them to refine their work before submission.",policy_claim_02641,policy_generative_artificial_intelligence_ai_in_k_12_classrooms_v2_chunk_0008,policy,0,P0,All students should have access to genAI tools to ensure they have the opportunity to learn how to positively and expertly use it as they prepare for future college and career opportunities.,All students should have access to genAI tools to ensure they have the opportunity to learn how to positively and expertly use it as they prepare for future college and career opportunities.,0.7167462110519409,0.6936237215995789,0.30637627840042114,sentence_transformer:sentence-transformers/paraphrase-multilingual-MiniLM-L12-v2,False,0.5118606686592102,pooled_empirical_10th_percentile_provisional
synthetic_to_policy,synthetic_sentiment_claim_00653,sentiment_synthetic_sentiment_public_sentiment_aq_chunk_0001,sentiment_synthetic_sentiment_public_sentiment_aq,synthetic,sentiment,5,S5,enables_or_supports,"Parents and teachers need to know that the reporting of the findings in relation to the teachers who participated in the AIT project in Ireland is organised into two discrete sections in order to effectively capture a comprehensive understanding of teachers' knowledge, perceptions and use of AI, particularly in their classroom practice, in order to inform policy decisions relating to AI in education.","Parents and teachers need to know that the reporting of the findings in relation to the teachers who participated in the AIT project in Ireland is organised into two discrete sections in order to effectively capture a comprehensive understanding of teachers' knowledge, perceptions and use of AI, particularly in their classroom practice, in order to inform policy decisions relating to AI in education.",policy_claim_03212,policy_l_intelligence_artificielle_dans_les_tablissements_scolaires_sur_le_plan_administratif_et_p_dagogique_chunk_0031,policy,2,P2,"Et pourtant, l'analyse du terrain montre clairement combien l'IA renforce le besoin du regard expert de l'enseignant su r les contenus produits comme sur les choix didactiques et pédagogiques.","Et pourtant, l'analyse du terrain montre clairement combien l'IA renforce le besoin du regard expert de l'enseignant su r les contenus produits comme sur les choix didactiques et pédagogiques.",0.6716610193252563,0.6629618406295776,0.33703815937042236,sentence_transformer:sentence-transformers/paraphrase-multilingual-MiniLM-L12-v2,False,0.5118606686592102,pooled_empirical_10th_percentile_provisional
synthetic_to_policy,synthetic_sentiment_claim_00654,sentiment_synthetic_sentiment_public_sentiment_aq_chunk_0002,sentiment_synthetic_sentiment_public_sentiment_aq,synthetic,sentiment,5,S5,enables_or_supports,"Public sentiment on AI in education relation to the teachers who participated in the AIT project in Ireland is organised into two discrete sections in order to effectively capture a comprehensive understanding of teachers' knowledge, perceptions and use of AI, particularly in their classroom practice, in order to inform policy decisions relating to AI in education.","Public sentiment on AI in education relation to the teachers who participated in the AIT project in Ireland is organised into two discrete sections in order to effectively capture a comprehensive understanding of teachers' knowledge, perceptions and use of AI, particularly in their classroom practice, in order to inform policy decisions relating to AI in education.",policy_claim_01077,policy_ai_guidance_chunk_0059,policy,7,P7,"It details how AI can support teachers in areas like lesson planning, differentiation, assessment analysis, and providing timely feedback, while also outlining student uses for personalization, research, and accessibility.","It details how AI can support teachers in areas like lesson planning, differentiation, assessment analysis, and providing timely feedback, while also outlining student uses for personalization, research, and accessibility.",0.7180240154266357,0.7110639214515686,0.2889360785484314,sentence_transformer:sentence-transformers/paraphrase-multilingual-MiniLM-L12-v2,False,0.5118606686592102,pooled_empirical_10th_percentile_provisional
synthetic_to_policy,synthetic_sentiment_claim_00655,sentiment_synthetic_sentiment_public_sentiment_aq_chunk_0002,sentiment_synthetic_sentiment_public_sentiment_aq,synthetic,sentiment,5,S5,causes_or_increases,"For me, the important point is that in most cases, however, the YAP are using AI on their own, not because teachers are asking them to or teaching them about it.","For me, the important point is that in most cases, however, the YAP are using AI on their own, not because teachers are asking them to or teaching them about it.",policy_claim_00244,policy_ai_cognitive_offloading_and_implications_for_education_chunk_0007,policy,4,P4,"So, while the extent and scale to which students shift their knowledge and skill acquisition to AI raises fundamental questions for teaching and learning questions that cannot be answered solely by teaching AI literacy - it also brings an important opportunity to validate and bolster the role of teachers.","So, while the extent and scale to which students shift their knowledge and skill acquisition to AI raises fundamental questions for teaching and learning questions that cannot be answered solely by teaching AI literacy - it also brings an important opportunity to validate and bolster the role of teachers.",0.7313331365585327,0.7302324175834656,0.2697675824165344,sentence_transformer:sentence-transformers/paraphrase-multilingual-MiniLM-L12-v2,False,0.5118606686592102,pooled_empirical_10th_percentile_provisional
synthetic_to_policy,synthetic_sentiment_claim_00656,sentiment_synthetic_sentiment_public_sentiment_aq_chunk_0002,sentiment_synthetic_sentiment_public_sentiment_aq,synthetic,sentiment,5,S5,requires_or_depends_on,"They were aware that they have to be careful when doing so, like giving specific prompts to chatbots to get the information you need (e.g., write from the point of view of a Junior Cert student).","They were aware that they have to be careful when doing so, like giving specific prompts to chatbots to get the information you need (e.g., write from the point of view of a Junior Cert student).",policy_claim_01891,policy_ai_report_us_gov_chunk_0104,policy,8,P8,"Second, teachers are beginning to use chatbots to plan personalized instruction for their students; they will need to be involved in loops with other teachers to understand effective prompts, to know how to analyze AI-generated lesson plans for flaws, and to avoid the human tendency to overly trust AI systems and underapply human judgement.","Second, teachers are beginning to use chatbots to plan personalized instruction for their students; they will need to be involved in loops with other teachers to understand effective prompts, to know how to analyze AI-generated lesson plans for flaws, and to avoid the human tendency to overly trust AI systems and underapply human judgement.",0.6747023463249207,0.6340472102165222,0.3659527897834778,sentence_transformer:sentence-transformers/paraphrase-multilingual-MiniLM-L12-v2,False,0.5118606686592102,pooled_empirical_10th_percentile_provisional
synthetic_to_policy,synthetic_sentiment_claim_00657,sentiment_synthetic_sentiment_public_sentiment_aq_chunk_0003,sentiment_synthetic_sentiment_public_sentiment_aq,synthetic,sentiment,6,S6,causes_or_increases,"As one study participant argued, 'the new AI trends should not be disregarded and blocked, but rather explored and addressed responsibly because we never know what it could bring us in the end'.","As one study participant argued, 'the new AI trends should not be disregarded and blocked, but rather explored and addressed responsibly because we never know what it could bring us in the end'.",policy_claim_02780,policy_guidance_for_ai_policy_development_chunk_0015,policy,7,P7,Will we need to rethink assessments with AI?,Will we need to rethink assessments with AI?,0.7072840332984924,0.6973779201507568,0.30262207984924316,sentence_transformer:sentence-transformers/paraphrase-multilingual-MiniLM-L12-v2,False,0.5118606686592102,pooled_empirical_10th_percentile_provisional
synthetic_to_policy,synthetic_sentiment_claim_00658,sentiment_synthetic_sentiment_public_sentiment_aq_chunk_0003,sentiment_synthetic_sentiment_public_sentiment_aq,synthetic,sentiment,6,S6,causes_or_increases,I am cautious because the dataset from Table .,I am cautious because the dataset from Table .,policy_claim_02608,policy_generative_ai_usage_policy_chunk_0011,policy,6,P6,"You may, with caution (consult IT if unsure): - Upload de-identified data for analysis If using AI for insights or summaries (e.g., generating reports), ensure all data is anonymised.","You may, with caution (consult IT if unsure): - Upload de-identified data for analysis If using AI for insights or summaries (e.g., generating reports), ensure all data is anonymised.",0.47126519680023193,0.46028247475624084,0.5397175252437592,sentence_transformer:sentence-transformers/paraphrase-multilingual-MiniLM-L12-v2,True,0.5118606686592102,pooled_empirical_10th_percentile_provisional
synthetic_to_policy,synthetic_sentiment_claim_00659,sentiment_synthetic_sentiment_public_sentiment_aq_chunk_0003,sentiment_synthetic_sentiment_public_sentiment_aq,synthetic,sentiment,6,S6,requires_or_depends_on,"The public discussion should recognise that indicative comment: 'But like I feel, maybe if I needed to practice the difference between passe compose and imparfait , I wasn't kind of getting a feel that I could send them into a section to work on that.","The public discussion should recognise that indicative comment: 'But like I feel, maybe if I needed to practice the difference between passe compose and imparfait , I wasn't kind of getting a feel that I could send them into a section to work on that.",policy_claim_02534,policy_generative_ai_in_the_australian_education_system_an_open_data_set_of_stakeholder_recommendations_and_emerging_analysis_from_a_public_inquiry_chunk_0004,policy,8,P8,"Thus, understanding how submissions position themselves is beyond the scope of this paper, and nothing represented is intended to be evaluative in this way.","Thus, understanding how submissions position themselves is beyond the scope of this paper, and nothing represented is intended to be evaluative in this way.",0.5751339793205261,0.55837482213974,0.44162517786026,sentence_transformer:sentence-transformers/paraphrase-multilingual-MiniLM-L12-v2,False,0.5118606686592102,pooled_empirical_10th_percentile_provisional
synthetic_to_policy,synthetic_sentiment_claim_00660,sentiment_synthetic_sentiment_public_sentiment_aq_chunk_0004,sentiment_synthetic_sentiment_public_sentiment_aq,synthetic,sentiment,5,S5,enables_or_supports,"Focusing on this particular group enables us to examine what, if any, changes were observed in these teachers' knowledge of AI, their use of AI technologies, and their perceptions of AI as a result of..","Focusing on this particular group enables us to examine what, if any, changes were observed in these teachers' knowledge of AI, their use of AI technologies, and their perceptions of AI as a result of..",policy_claim_00703,policy_ai_competency_framework_for_teachers_chunk_0003,policy,3,P3,This shift requires a re-examination of teachers' roles and the competencies they need in the AI era.,This shift requires a re-examination of teachers' roles and the competencies they need in the AI era.,0.7723550200462341,0.7547544836997986,0.24524551630020142,sentence_transformer:sentence-transformers/paraphrase-multilingual-MiniLM-L12-v2,False,0.5118606686592102,pooled_empirical_10th_percentile_provisional
synthetic_to_policy,synthetic_sentiment_claim_00661,sentiment_synthetic_sentiment_public_sentiment_aq_chunk_0004,sentiment_synthetic_sentiment_public_sentiment_aq,synthetic,sentiment,5,S5,causes_or_increases,"I think this matters because indicative comment: 'So I think teachers need to be trained up on the various technologies, I think, yeah, continuous professional learning is hugely important.","I think this matters because indicative comment: 'So I think teachers need to be trained up on the various technologies, I think, yeah, continuous professional learning is hugely important.",policy_claim_02338,policy_digital_strategy_for_schools_to_2027_chunk_0053,policy,5,P5,"As such, it is important for teachers, with the necessary support, to develop their own competence in this area in line with emerging trends and requirements, in order to fully realise the potential of digital technologies to support and enhance teaching, learning and assessment practices and to provide the most up ­ to ­ date learning experiences for learners.","As such, it is important for teachers, with the necessary support, to develop their own competence in this area in line with emerging trends and requirements, in order to fully realise the potential of digital technologies to support and enhance teaching, learning and assessment practices and to provide the most up ­ to ­ date learning experiences for learners.",0.7612172961235046,0.7518907189369202,0.24810928106307983,sentence_transformer:sentence-transformers/paraphrase-multilingual-MiniLM-L12-v2,False,0.5118606686592102,pooled_empirical_10th_percentile_provisional
synthetic_to_policy,synthetic_sentiment_claim_00662,sentiment_synthetic_sentiment_public_sentiment_ar_chunk_0001,sentiment_synthetic_sentiment_public_sentiment_ar,synthetic,sentiment,6,S6,causes_or_increases,"I am cautious because aI as an unpredictable force - with many new AI-driven tools used in youth work settings, non-formal educators feel they have limited (if any) control over data harvesting practices, many of which can have a detrimental impact on young people's beliefs, everyday choices and self-development.","I am cautious because aI as an unpredictable force - with many new AI-driven tools used in youth work settings, non-formal educators feel they have limited (if any) control over data harvesting practices, many of which can have a detrimental impact on young people's beliefs, everyday choices and self-development.",policy_claim_00387,policy_ai_cognitive_offloading_and_implications_for_education_chunk_0058,policy,4,P4,"The findings suggest that the convenience of AI can undermine learners' engagement in essential self-regulatory processes, such as planning, monitoring, and revision.","The findings suggest that the convenience of AI can undermine learners' engagement in essential self-regulatory processes, such as planning, monitoring, and revision.",0.7833139896392822,0.7712278962135315,0.2287721037864685,sentence_transformer:sentence-transformers/paraphrase-multilingual-MiniLM-L12-v2,False,0.5118606686592102,pooled_empirical_10th_percentile_provisional
synthetic_to_policy,synthetic_sentiment_claim_00663,sentiment_synthetic_sentiment_public_sentiment_ar_chunk_0002,sentiment_synthetic_sentiment_public_sentiment_ar,synthetic,sentiment,5,S5,enables_or_supports,"Parents and teachers need to know that when looking at the five MSs studied, we found that Finland 's national curriculum had been developed more than a decade ago and, therefore, research participants stressed the need for an urgent update to include AI literacy in order to prepare students for a future increasingly influenced by AI.","Parents and teachers need to know that when looking at the five MSs studied, we found that Finland 's national curriculum had been developed more than a decade ago and, therefore, research participants stressed the need for an urgent update to include AI literacy in order to prepare students for a future increasingly influenced by AI.",policy_claim_01986,policy_ai_systems_in_teaching_and_learning_principles_and_practical_exa_chunk_0018,policy,3,P3,These aspectsknown as AI literacy-are essential to foster to prepare students for the future and ensure that they are equipped for the demands of an ever-changing society.,These aspectsknown as AI literacy-are essential to foster to prepare students for the future and ensure that they are equipped for the demands of an ever-changing society.,0.6836439967155457,0.6743422150611877,0.32565778493881226,sentence_transformer:sentence-transformers/paraphrase-multilingual-MiniLM-L12-v2,False,0.5118606686592102,pooled_empirical_10th_percentile_provisional
synthetic_to_policy,synthetic_sentiment_claim_00664,sentiment_synthetic_sentiment_public_sentiment_ar_chunk_0002,sentiment_synthetic_sentiment_public_sentiment_ar,synthetic,sentiment,5,S5,causes_or_increases,I am cautious because 'It's true that I think they teachers are going to have to learn to re-examine their methods and make a transformation in the way they teach.,I am cautious because 'It's true that I think they teachers are going to have to learn to re-examine their methods and make a transformation in the way they teach.,policy_claim_00211,policy_ai_advisory_council_ai_on_education_paper_chunk_0002,policy,0,P0,"This includes both educators and students and should prompt the teaching professions at all levels to do some difficult but important reassessment of their roles in order to appropriately leverage these new technologies, for the benefit of students and the integrity of the teaching-learning process.","This includes both educators and students and should prompt the teaching professions at all levels to do some difficult but important reassessment of their roles in order to appropriately leverage these new technologies, for the benefit of students and the integrity of the teaching-learning process.",0.6839833855628967,0.6755061745643616,0.3244938254356384,sentence_transformer:sentence-transformers/paraphrase-multilingual-MiniLM-L12-v2,False,0.5118606686592102,pooled_empirical_10th_percentile_provisional
synthetic_to_policy,synthetic_sentiment_claim_00665,sentiment_synthetic_sentiment_public_sentiment_ar_chunk_0002,sentiment_synthetic_sentiment_public_sentiment_ar,synthetic,sentiment,5,S5,causes_or_increases,"The students, because they'll learn to use it and understand it, since I think it's going to be something common in daily life in just a few years.","The students, because they'll learn to use it and understand it, since I think it's going to be something common in daily life in just a few years.",policy_claim_00332,policy_ai_cognitive_offloading_and_implications_for_education_chunk_0038,policy,4,P4,"2025), in other words, helping students to become better self-regulated learners.","2025), in other words, helping students to become better self-regulated learners.",0.6253913640975952,0.5833525061607361,0.4166474938392639,sentence_transformer:sentence-transformers/paraphrase-multilingual-MiniLM-L12-v2,False,0.5118606686592102,pooled_empirical_10th_percentile_provisional
synthetic_to_policy,synthetic_sentiment_claim_00666,sentiment_synthetic_sentiment_public_sentiment_ar_chunk_0002,sentiment_synthetic_sentiment_public_sentiment_ar,synthetic,sentiment,5,S5,causes_or_increases,"And the teachers, because I think it's inevitable that.","And the teachers, because I think it's inevitable that.",policy_claim_01772,policy_ai_report_us_gov_chunk_0060,policy,0,P0,"We cannot forget that if a technology allows a teacher choice -which it should -it will take significant time for a teacher to think through and set up all the options, requiring greater time initially.","We cannot forget that if a technology allows a teacher choice -which it should -it will take significant time for a teacher to think through and set up all the options, requiring greater time initially.",0.5612066984176636,0.5247895121574402,0.4752104878425598,sentence_transformer:sentence-transformers/paraphrase-multilingual-MiniLM-L12-v2,False,0.5118606686592102,pooled_empirical_10th_percentile_provisional
synthetic_to_policy,synthetic_sentiment_claim_00667,sentiment_synthetic_sentiment_public_sentiment_ar_chunk_0002,sentiment_synthetic_sentiment_public_sentiment_ar,synthetic,sentiment,5,S5,requires_or_depends_on,Parents and teachers need to know that aI was also seen as an opportunity in the context of data and policy analysis for the youth sector.,Parents and teachers need to know that aI was also seen as an opportunity in the context of data and policy analysis for the youth sector.,policy_claim_03479,policy_oco_ai_policy_spotlight_report_chunk_0016,policy,1,P1,"AI can be a lever for early childhood development, with opportunities to enhance learning, support language acquisition, develop social skills and creativity, and provide inclusive learning tools.","AI can be a lever for early childhood development, with opportunities to enhance learning, support language acquisition, develop social skills and creativity, and provide inclusive learning tools.",0.6950933933258057,0.6918209195137024,0.3081790804862976,sentence_transformer:sentence-transformers/paraphrase-multilingual-MiniLM-L12-v2,False,0.5118606686592102,pooled_empirical_10th_percentile_provisional
synthetic_to_policy,synthetic_sentiment_claim_00668,sentiment_synthetic_sentiment_public_sentiment_ar_chunk_0002,sentiment_synthetic_sentiment_public_sentiment_ar,synthetic,sentiment,5,S5,requires_or_depends_on,"As indicated by several experts, using existing data-based approaches to youth project design might mean a more effective targeting of youth at risks or identification of specific issues that might require youth workers attention.","As indicated by several experts, using existing data-based approaches to youth project design might mean a more effective targeting of youth at risks or identification of specific issues that might require youth workers attention.",policy_claim_01154,policy_ai_guidance_classroom_considerations_chunk_0008,policy,1,P1,"Because young children using these tools may be exposed to the same risks as teenagers and adolescents, educators should also be aware of the considerations listed below for middle and high school students.","Because young children using these tools may be exposed to the same risks as teenagers and adolescents, educators should also be aware of the considerations listed below for middle and high school students.",0.6923211812973022,0.6505839228630066,0.3494160771369934,sentence_transformer:sentence-transformers/paraphrase-multilingual-MiniLM-L12-v2,False,0.5118606686592102,pooled_empirical_10th_percentile_provisional
synthetic_to_policy,synthetic_sentiment_claim_00669,sentiment_synthetic_sentiment_public_sentiment_ar_chunk_0003,sentiment_synthetic_sentiment_public_sentiment_ar,synthetic,sentiment,6,S6,requires_or_depends_on,Public views on AI literacy and digital education might require youth workers attention.,Public views on AI literacy and digital education might require youth workers attention.,policy_claim_02188,policy_developing_policy_and_protocols_for_the_use_of_generative_ai_in_k_12_classrooms_march_2025_chunk_0018,policy,7,P7,"If we consider AI literacy as a required job skill, what would be the implications of denying certain students access to AI?.","If we consider AI literacy as a required job skill, what would be the implications of denying certain students access to AI?.",0.7541265487670898,0.7525312304496765,0.2474687695503235,sentence_transformer:sentence-transformers/paraphrase-multilingual-MiniLM-L12-v2,False,0.5118606686592102,pooled_empirical_10th_percentile_provisional
synthetic_to_policy,synthetic_sentiment_claim_00670,sentiment_synthetic_sentiment_public_sentiment_ar_chunk_0003,sentiment_synthetic_sentiment_public_sentiment_ar,synthetic,sentiment,6,S6,causes_or_increases,The Block by Block Foundation is an organisation tapping into this potential and it has created a new methodology to engage..,The Block by Block Foundation is an organisation tapping into this potential and it has created a new methodology to engage..,policy_claim_02100,policy_australian_framework_for_generative_ai_in_schools_chunk_0003,policy,6,P6,The Framework's Principles and Guiding Statements are designed to help jurisdictions and sectors align existing approaches while also supporting the development of future work.,The Framework's Principles and Guiding Statements are designed to help jurisdictions and sectors align existing approaches while also supporting the development of future work.,0.5477997064590454,0.5248894691467285,0.4751105308532715,sentence_transformer:sentence-transformers/paraphrase-multilingual-MiniLM-L12-v2,False,0.5118606686592102,pooled_empirical_10th_percentile_provisional
synthetic_to_policy,synthetic_sentiment_claim_00671,sentiment_synthetic_sentiment_public_sentiment_ar_chunk_0004,sentiment_synthetic_sentiment_public_sentiment_ar,synthetic,sentiment,3,S3,causes_or_increases,"I think this matters because luxembourg 's digital transformation in education is guided by national strategies like the Digital Decade Strategic Roadmap (Government of Luxembourg, ), aligning with the EU's digital goals.","I think this matters because luxembourg 's digital transformation in education is guided by national strategies like the Digital Decade Strategic Roadmap (Government of Luxembourg, ), aligning with the EU's digital goals.",policy_claim_02263,policy_digital_strategy_for_schools_to_2027_chunk_0029,policy,5,P5,"In line with the EU DEAP 2021 ­ 2027, as a key priority area this Strategy will focus on enhancing digital skills and competences for digital transformation as 'boosting the level of digital competences and capabilities to support the effective and pedagogical use of digital technologies is a key enabling factor in improving the quality, inclusivity and effectiveness of education and training' 10 .","In line with the EU DEAP 2021 ­ 2027, as a key priority area this Strategy will focus on enhancing digital skills and competences for digital transformation as 'boosting the level of digital competences and capabilities to support the effective and pedagogical use of digital technologies is a key enabling factor in improving the quality, inclusivity and effectiveness of education and training' 10 .",0.7514313459396362,0.7305488586425781,0.2694511413574219,sentence_transformer:sentence-transformers/paraphrase-multilingual-MiniLM-L12-v2,False,0.5118606686592102,pooled_empirical_10th_percentile_provisional
synthetic_to_policy,synthetic_sentiment_claim_00672,sentiment_synthetic_sentiment_public_sentiment_ar_chunk_0004,sentiment_synthetic_sentiment_public_sentiment_ar,synthetic,sentiment,3,S3,expected_to_improve,"This roadmap emphasises AI and data literacy, aiming to integrate AI into teaching methods and curricula to enhance digital literacy and workforce readiness.","This roadmap emphasises AI and data literacy, aiming to integrate AI into teaching methods and curricula to enhance digital literacy and workforce readiness.",policy_claim_01073,policy_ai_guidance_chunk_0059,policy,7,P7,"SUPPLEMENTAL RESOURCES AI Literacy: A Framework to Understand, Evaluate, and Use Emerging Technology (Digital Promise) : A research-informed guide designed to help educational leaders foster AI literacy in their schools.","SUPPLEMENTAL RESOURCES AI Literacy: A Framework to Understand, Evaluate, and Use Emerging Technology (Digital Promise) : A research-informed guide designed to help educational leaders foster AI literacy in their schools.",0.816558837890625,0.8105566501617432,0.18944334983825684,sentence_transformer:sentence-transformers/paraphrase-multilingual-MiniLM-L12-v2,False,0.5118606686592102,pooled_empirical_10th_percentile_provisional
synthetic_to_policy,synthetic_sentiment_claim_00673,sentiment_synthetic_sentiment_public_sentiment_as_chunk_0001,sentiment_synthetic_sentiment_public_sentiment_as,synthetic,sentiment,3,S3,causes_or_increases,"Educators and students saw GenAI as a tool to enhance learning, but also raised concerns about academic integrity, bias and the potential risks of.","Educators and students saw GenAI as a tool to enhance learning, but also raised concerns about academic integrity, bias and the potential risks of.",policy_claim_02741,policy_guidance_for_ai_policy_development_chunk_0001,policy,7,P7,"If used appropriately, GenAI has the potential to truly revolutionize the classroom, freeing up instructional time for educators and allowing for greater innovation.","If used appropriately, GenAI has the potential to truly revolutionize the classroom, freeing up instructional time for educators and allowing for greater innovation.",0.7121976613998413,0.7000591158866882,0.29994088411331177,sentence_transformer:sentence-transformers/paraphrase-multilingual-MiniLM-L12-v2,False,0.5118606686592102,pooled_empirical_10th_percentile_provisional
synthetic_to_policy,synthetic_sentiment_claim_00674,sentiment_synthetic_sentiment_public_sentiment_as_chunk_0001,sentiment_synthetic_sentiment_public_sentiment_as,synthetic,sentiment,3,S3,requires_or_depends_on,The Digital Services Act (DSA) requires digital platforms to prioritise children's safety and privacy and protect them from illegal content.,The Digital Services Act (DSA) requires digital platforms to prioritise children's safety and privacy and protect them from illegal content.,policy_claim_02854,policy_guidance_on_artificial_intelligence_in_schools_2025_chunk_0023,policy,1,P1,The Digital Services Act (2022) (DSA) requires digital platform to prioritise children's safety and privacy and protect them from illegal content.,The Digital Services Act (2022) (DSA) requires digital platform to prioritise children's safety and privacy and protect them from illegal content.,0.9757142663002014,0.8254757523536682,0.1745242476463318,sentence_transformer:sentence-transformers/paraphrase-multilingual-MiniLM-L12-v2,False,0.5118606686592102,pooled_empirical_10th_percentile_provisional
synthetic_to_policy,synthetic_sentiment_claim_00675,sentiment_synthetic_sentiment_public_sentiment_as_chunk_0001,sentiment_synthetic_sentiment_public_sentiment_as,synthetic,sentiment,3,S3,expected_to_improve,"The EU's Better Internet for Kids (BIK+) strategy seeks to boost digital literacy, provide awareness raising.","The EU's Better Internet for Kids (BIK+) strategy seeks to boost digital literacy, provide awareness raising.",policy_claim_02855,policy_guidance_on_artificial_intelligence_in_schools_2025_chunk_0023,policy,1,P1,"The EU's better Internet for Kids (BIK+) 15 strategy seeks to boost digital literacy, provide awareness raising material, information and educational resources, and create a safer internet environment for young people.","The EU's better Internet for Kids (BIK+) 15 strategy seeks to boost digital literacy, provide awareness raising material, information and educational resources, and create a safer internet environment for young people.",0.9541634917259216,0.7739118933677673,0.22608810663223267,sentence_transformer:sentence-transformers/paraphrase-multilingual-MiniLM-L12-v2,False,0.5118606686592102,pooled_empirical_10th_percentile_provisional
synthetic_to_policy,synthetic_sentiment_claim_00676,sentiment_synthetic_sentiment_public_sentiment_as_chunk_0001,sentiment_synthetic_sentiment_public_sentiment_as,synthetic,sentiment,3,S3,requires_or_depends_on,Parents and teachers need to know that .,Parents and teachers need to know that .,policy_claim_03644,policy_oco_ai_policy_spotlight_report_chunk_0109,policy,1,P1,"Parents, carers and teachers need training and resources.","Parents, carers and teachers need training and resources.",0.6477518081665039,0.5961043834686279,0.40389561653137207,sentence_transformer:sentence-transformers/paraphrase-multilingual-MiniLM-L12-v2,False,0.5118606686592102,pooled_empirical_10th_percentile_provisional
synthetic_to_policy,synthetic_sentiment_claim_00677,sentiment_synthetic_sentiment_public_sentiment_as_chunk_0001,sentiment_synthetic_sentiment_public_sentiment_as,synthetic,sentiment,3,S3,enables_or_supports,AI will enhance teachers' ability to support individual pupils .,AI will enhance teachers' ability to support individual pupils .,policy_claim_01077,policy_ai_guidance_chunk_0059,policy,7,P7,"It details how AI can support teachers in areas like lesson planning, differentiation, assessment analysis, and providing timely feedback, while also outlining student uses for personalization, research, and accessibility.","It details how AI can support teachers in areas like lesson planning, differentiation, assessment analysis, and providing timely feedback, while also outlining student uses for personalization, research, and accessibility.",0.8648885488510132,0.8606612086296082,0.13933879137039185,sentence_transformer:sentence-transformers/paraphrase-multilingual-MiniLM-L12-v2,False,0.5118606686592102,pooled_empirical_10th_percentile_provisional
synthetic_to_policy,synthetic_sentiment_claim_00678,sentiment_synthetic_sentiment_public_sentiment_as_chunk_0001,sentiment_synthetic_sentiment_public_sentiment_as,synthetic,sentiment,3,S3,causes_or_increases,AI will increase stress due to new responsibilities (e.g.,AI will increase stress due to new responsibilities (e.g.,policy_claim_01976,policy_ai_systems_in_teaching_and_learning_principles_and_practical_exa_chunk_0015,policy,6,P6,"Rather than increasing pressure around homework and assessments, AI should be considered to help alleviate these stressors.","Rather than increasing pressure around homework and assessments, AI should be considered to help alleviate these stressors.",0.7927075624465942,0.7390186786651611,0.26098132133483887,sentence_transformer:sentence-transformers/paraphrase-multilingual-MiniLM-L12-v2,False,0.5118606686592102,pooled_empirical_10th_percentile_provisional
synthetic_to_policy,synthetic_sentiment_claim_00679,sentiment_synthetic_sentiment_public_sentiment_as_chunk_0002,sentiment_synthetic_sentiment_public_sentiment_as,synthetic,sentiment,6,S6,causes_or_increases,"Parents and teachers need to know that 'AI is a robot that can learn from past conversations with people without needing to be reprogrammed.' - I think this matters because in response to the perceptions and uses of early adopters of GenAI in secondary education across the five EU Member States included in this study, the following considerations have been formulated to support the work of policymakers with responsibilities in this area.","Parents and teachers need to know that 'AI is a robot that can learn from past conversations with people without needing to be reprogrammed.' - I think this matters because in response to the perceptions and uses of early adopters of GenAI in secondary education across the five EU Member States included in this study, the following considerations have been formulated to support the work of policymakers with responsibilities in this area.",policy_claim_03040,policy_guidetoaiinschools_chunk_0058,policy,0,P0,"Learning About AI Promotes Best Practices When Using AI Steve Ouellette (Director of Technology, Learning, and Innovation, Westwood Public Schools): 'We have an obligation to teach kids to use it in the best way possible, because I think it's going to be part of the world that they go into.' an English Language Arts teacher in the South: 'They also need to understand how to not allow AI to take over their voice.'","Learning About AI Promotes Best Practices When Using AI Steve Ouellette (Director of Technology, Learning, and Innovation, Westwood Public Schools): 'We have an obligation to teach kids to use it in the best way possible, because I think it's going to be part of the world that they go into.' an English Language Arts teacher in the South: 'They also need to understand how to not allow AI to take over their voice.'",0.7570908069610596,0.7479718327522278,0.2520281672477722,sentence_transformer:sentence-transformers/paraphrase-multilingual-MiniLM-L12-v2,False,0.5118606686592102,pooled_empirical_10th_percentile_provisional
synthetic_to_policy,synthetic_sentiment_claim_00680,sentiment_synthetic_sentiment_public_sentiment_as_chunk_0002,sentiment_synthetic_sentiment_public_sentiment_as,synthetic,sentiment,6,S6,causes_or_increases,"I think this matters because research participants highlighted the importance of developing AI literacy among both in-service and pre-service teachers, in order for them to be able to harness the potential of GenAI in their teaching and minimise potential risks.","I think this matters because research participants highlighted the importance of developing AI literacy among both in-service and pre-service teachers, in order for them to be able to harness the potential of GenAI in their teaching and minimise potential risks.",policy_claim_01870,policy_ai_report_us_gov_chunk_0094,policy,7,P7,AI literacy is not only important to protect educators and students from possible dangers but also valuable to support teachers to harness the good and do so in innovative ways.,AI literacy is not only important to protect educators and students from possible dangers but also valuable to support teachers to harness the good and do so in innovative ways.,0.813884973526001,0.8060362935066223,0.19396370649337769,sentence_transformer:sentence-transformers/paraphrase-multilingual-MiniLM-L12-v2,False,0.5118606686592102,pooled_empirical_10th_percentile_provisional
synthetic_to_policy,synthetic_sentiment_claim_00681,sentiment_synthetic_sentiment_public_sentiment_as_chunk_0002,sentiment_synthetic_sentiment_public_sentiment_as,synthetic,sentiment,6,S6,requires_or_depends_on,Parents and teachers need to know that table .,Parents and teachers need to know that table .,policy_claim_02861,policy_guidance_on_artificial_intelligence_in_schools_2025_chunk_0026,policy,5,P5,The teacher uses this and other information to help identify gaps and adjust lesson planning.,The teacher uses this and other information to help identify gaps and adjust lesson planning.,0.5477930903434753,0.5364521145820618,0.46354788541793823,sentence_transformer:sentence-transformers/paraphrase-multilingual-MiniLM-L12-v2,False,0.5118606686592102,pooled_empirical_10th_percentile_provisional
synthetic_to_policy,synthetic_sentiment_claim_00682,sentiment_synthetic_sentiment_public_sentiment_as_chunk_0003,sentiment_synthetic_sentiment_public_sentiment_as,synthetic,sentiment,1,S1,reduces_or_prevents,"Public sentiment on privacy, assessment and AI able to harness the potential of GenAI in their teaching and minimise potential risks.","Public sentiment on privacy, assessment and AI able to harness the potential of GenAI in their teaching and minimise potential risks.",policy_claim_02693,policy_generative_artificial_intelligence_ai_in_k_12_classrooms_v2_chunk_0025,policy,0,P0,GenAI and Equity GenAI and Data Privacy Potential of GenAI Policy Considerations and Synthetic Media The continued development of genAI tools able to produce realistic synthetic media does truly offer educators some promising opportunities for student learning.,GenAI and Equity GenAI and Data Privacy Potential of GenAI Policy Considerations and Synthetic Media The continued development of genAI tools able to produce realistic synthetic media does truly offer educators some promising opportunities for student learning.,0.7855960726737976,0.7321427464485168,0.26785725355148315,sentence_transformer:sentence-transformers/paraphrase-multilingual-MiniLM-L12-v2,False,0.5118606686592102,pooled_empirical_10th_percentile_provisional
synthetic_to_policy,synthetic_sentiment_claim_00683,sentiment_synthetic_sentiment_public_sentiment_as_chunk_0003,sentiment_synthetic_sentiment_public_sentiment_as,synthetic,sentiment,1,S1,causes_or_increases,The dataset is structured along seven dimensions: - I think this matters because the evidence shows coded qualitative excerpts from teacher interviews about the AIT learning day.,The dataset is structured along seven dimensions: - I think this matters because the evidence shows coded qualitative excerpts from teacher interviews about the AIT learning day.,policy_claim_01756,policy_ai_report_us_gov_chunk_0055,policy,0,P0,"In Figure 7, below, see concerns that teachers raised about AI during listening sessions.","In Figure 7, below, see concerns that teachers raised about AI during listening sessions.",0.6323058605194092,0.6137173771858215,0.38628262281417847,sentence_transformer:sentence-transformers/paraphrase-multilingual-MiniLM-L12-v2,False,0.5118606686592102,pooled_empirical_10th_percentile_provisional
synthetic_to_policy,synthetic_sentiment_claim_00684,sentiment_synthetic_sentiment_public_sentiment_as_chunk_0003,sentiment_synthetic_sentiment_public_sentiment_as,synthetic,sentiment,1,S1,causes_or_increases,Parents and teachers need to know that an overview of this is outlined in Figure and a summary of each of the main points raised by the teachers is outlined below.,Parents and teachers need to know that an overview of this is outlined in Figure and a summary of each of the main points raised by the teachers is outlined below.,policy_claim_01796,policy_ai_report_us_gov_chunk_0068,policy,8,P8,But what we need is to have a clear view -to clearly show how those recommendations or those interactions are made and what evidence is used or what data is used to be able to make those recommendations so teachers and everyone involved know about why that kind of system is providing that type of information.,But what we need is to have a clear view -to clearly show how those recommendations or those interactions are made and what evidence is used or what data is used to be able to make those recommendations so teachers and everyone involved know about why that kind of system is providing that type of information.,0.6150259971618652,0.6065255999565125,0.39347440004348755,sentence_transformer:sentence-transformers/paraphrase-multilingual-MiniLM-L12-v2,False,0.5118606686592102,pooled_empirical_10th_percentile_provisional
synthetic_to_policy,synthetic_sentiment_claim_00685,sentiment_synthetic_sentiment_public_sentiment_as_chunk_0004,sentiment_synthetic_sentiment_public_sentiment_as,synthetic,sentiment,3,S3,requires_or_depends_on,"Parents and teachers need to know that the data collected for the study suggests that, shortly after the mainstreaming of GenAI tools, students in post-primary schools were already actively using GenAI systems for different purposes, often more intensively than their teachers.","Parents and teachers need to know that the data collected for the study suggests that, shortly after the mainstreaming of GenAI tools, students in post-primary schools were already actively using GenAI systems for different purposes, often more intensively than their teachers.",policy_claim_02868,policy_guidance_on_artificial_intelligence_in_schools_2025_chunk_0027,policy,5,P5,The GenAI tool processes the data to generate a summary of which criteria most students have mastered (Feed-Back) and which require further teaching (Feed-Forward).,The GenAI tool processes the data to generate a summary of which criteria most students have mastered (Feed-Back) and which require further teaching (Feed-Forward).,0.7420884966850281,0.7037509083747864,0.2962490916252136,sentence_transformer:sentence-transformers/paraphrase-multilingual-MiniLM-L12-v2,False,0.5118606686592102,pooled_empirical_10th_percentile_provisional
synthetic_to_policy,synthetic_sentiment_claim_00686,sentiment_synthetic_sentiment_public_sentiment_as_chunk_0004,sentiment_synthetic_sentiment_public_sentiment_as,synthetic,sentiment,3,S3,causes_or_increases,"I would support this when democratising AI - from a technical field to broad engagement -low youth engagement in formal AI governance processes, where other stakeholders are more active (including academia, private companies or more specialised digital rights organisations), might be because youth stakeholders have a fear of not having sufficient expertise on the topic and avoid participation.","I would support this when democratising AI - from a technical field to broad engagement -low youth engagement in formal AI governance processes, where other stakeholders are more active (including academia, private companies or more specialised digital rights organisations), might be because youth stakeholders have a fear of not having sufficient expertise on the topic and avoid participation.",policy_claim_03568,policy_oco_ai_policy_spotlight_report_chunk_0062,policy,1,P1,"Recommendations and guidance on the digital environment and AI safeguard and promote quality and meaningful youth participation in all AI governance processes, support the democratisation of AI as a complementary approach to all AI governance processes, put respect for human rights at the centre of AI policies and foster cross-sectoral and multi-stakeholder cooperation between AI, educational and youth stakeholders.","Recommendations and guidance on the digital environment and AI safeguard and promote quality and meaningful youth participation in all AI governance processes, support the democratisation of AI as a complementary approach to all AI governance processes, put respect for human rights at the centre of AI policies and foster cross-sectoral and multi-stakeholder cooperation between AI, educational and youth stakeholders.",0.7726085186004639,0.7424775958061218,0.2575224041938782,sentence_transformer:sentence-transformers/paraphrase-multilingual-MiniLM-L12-v2,False,0.5118606686592102,pooled_empirical_10th_percentile_provisional
synthetic_to_policy,synthetic_sentiment_claim_00687,sentiment_synthetic_sentiment_public_sentiment_at_chunk_0001,sentiment_synthetic_sentiment_public_sentiment_at,synthetic,sentiment,7,S7,causes_or_increases,"Public sentiment on privacy, assessment and AI - I think this matters because what can education providers do to help learners keep up with GenAI changes in education and the workplace?","Public sentiment on privacy, assessment and AI - I think this matters because what can education providers do to help learners keep up with GenAI changes in education and the workplace?",policy_claim_01786,policy_ai_report_us_gov_chunk_0064,policy,8,P8,Tension between representing students and protecting student privacy AI might help teachers when they seek to reflect student strengths by creating or adapting instructional resources.,Tension between representing students and protecting student privacy AI might help teachers when they seek to reflect student strengths by creating or adapting instructional resources.,0.7333196997642517,0.7227960228919983,0.2772039771080017,sentence_transformer:sentence-transformers/paraphrase-multilingual-MiniLM-L12-v2,False,0.5118606686592102,pooled_empirical_10th_percentile_provisional
synthetic_to_policy,synthetic_sentiment_claim_00688,sentiment_synthetic_sentiment_public_sentiment_at_chunk_0001,sentiment_synthetic_sentiment_public_sentiment_at,synthetic,sentiment,7,S7,enables_or_supports,"generating learning materials and activities, preparing assessment, facilitate the marking of exercises).","generating learning materials and activities, preparing assessment, facilitate the marking of exercises).",policy_claim_03331,policy_l_intelligence_artificielle_en_ducation_cadre_d_usage_et_de_confiance_chunk_0004,policy,2,P2,Les sensibiliser sur l'importance de développer une posture réflexive et métacognitive sur leurs apprentissages permet d'accorder aux élèves une place privilégiée dans la régulation des savoirs à acquérir.,Les sensibiliser sur l'importance de développer une posture réflexive et métacognitive sur leurs apprentissages permet d'accorder aux élèves une place privilégiée dans la régulation des savoirs à acquérir.,0.6214710474014282,0.6163150072097778,0.38368499279022217,sentence_transformer:sentence-transformers/paraphrase-multilingual-MiniLM-L12-v2,False,0.5118606686592102,pooled_empirical_10th_percentile_provisional
synthetic_to_policy,synthetic_sentiment_claim_00689,sentiment_synthetic_sentiment_public_sentiment_at_chunk_0001,sentiment_synthetic_sentiment_public_sentiment_at,synthetic,sentiment,7,S7,causes_or_increases,"I am cautious because indicative comment: 'But like I feel, maybe if I needed to practice the difference between passe compose and imparfait , I wasn't kind of getting a feel that I could send them into a section to work on that.","I am cautious because indicative comment: 'But like I feel, maybe if I needed to practice the difference between passe compose and imparfait , I wasn't kind of getting a feel that I could send them into a section to work on that.",policy_claim_03070,policy_guidetoaiinschools_chunk_0078,policy,0,P0,"But she chose not to because 'Especially in situations where it' s a test, I am not going to learn from what I'm doing in that moment.","But she chose not to because 'Especially in situations where it' s a test, I am not going to learn from what I'm doing in that moment.",0.5525313019752502,0.546125054359436,0.45387494564056396,sentence_transformer:sentence-transformers/paraphrase-multilingual-MiniLM-L12-v2,False,0.5118606686592102,pooled_empirical_10th_percentile_provisional
synthetic_to_policy,synthetic_sentiment_claim_00690,sentiment_synthetic_sentiment_public_sentiment_at_chunk_0001,sentiment_synthetic_sentiment_public_sentiment_at,synthetic,sentiment,7,S7,causes_or_increases,"I am cautious because participants' reactions were assessed through the measure of their engagement in, and satisfaction with, the professional learning pathway.","I am cautious because participants' reactions were assessed through the measure of their engagement in, and satisfaction with, the professional learning pathway.",policy_claim_02232,policy_digital_strategy_for_schools_to_2027_chunk_0019,policy,5,P5,"Some of the positive findings from the consultation process include: - The previous strategy was recognised as a ­ success and seen as being transformative, which was a tt ributed primarily to the clear vision around the potential of digital technologies to enhance teaching, learning and assessment.","Some of the positive findings from the consultation process include: - The previous strategy was recognised as a ­ success and seen as being transformative, which was a tt ributed primarily to the clear vision around the potential of digital technologies to enhance teaching, learning and assessment.",0.6053778529167175,0.5955713391304016,0.4044286608695984,sentence_transformer:sentence-transformers/paraphrase-multilingual-MiniLM-L12-v2,False,0.5118606686592102,pooled_empirical_10th_percentile_provisional
synthetic_to_policy,synthetic_sentiment_claim_00691,sentiment_synthetic_sentiment_public_sentiment_at_chunk_0001,sentiment_synthetic_sentiment_public_sentiment_at,synthetic,sentiment,7,S7,enables_or_supports,"Students should understand that design for learning is a key element of the teaching profession, understood as the planning of experiences and situations aimed at helping students achieve the intended learning outcomes of subjects and whole programmes, ultimately supporting the development of competences and attributes as defined by the curriculum.","Students should understand that design for learning is a key element of the teaching profession, understood as the planning of experiences and situations aimed at helping students achieve the intended learning outcomes of subjects and whole programmes, ultimately supporting the development of competences and attributes as defined by the curriculum.",policy_claim_02858,policy_guidance_on_artificial_intelligence_in_schools_2025_chunk_0026,policy,5,P5,Teacher Planning and Preparation supporting Learning Design by: · Assis ti - ng with curriculum and lesson planning Example: The Geography department is reviewing their literacy and numeracy actions.,Teacher Planning and Preparation supporting Learning Design by: · Assis ti - ng with curriculum and lesson planning Example: The Geography department is reviewing their literacy and numeracy actions.,0.6704509258270264,0.6574180722236633,0.34258192777633667,sentence_transformer:sentence-transformers/paraphrase-multilingual-MiniLM-L12-v2,False,0.5118606686592102,pooled_empirical_10th_percentile_provisional
synthetic_to_policy,synthetic_sentiment_claim_00692,sentiment_synthetic_sentiment_public_sentiment_at_chunk_0002,sentiment_synthetic_sentiment_public_sentiment_at,synthetic,sentiment,3,S3,enables_or_supports,"Public sentiment on privacy, assessment and AI as the planning of experiences and situations aimed at helping students achieve the intended learning outcomes of subjects and whole programmes, ultimately supporting the development of competences and attributes as defined by the curriculum.","Public sentiment on privacy, assessment and AI as the planning of experiences and situations aimed at helping students achieve the intended learning outcomes of subjects and whole programmes, ultimately supporting the development of competences and attributes as defined by the curriculum.",policy_claim_01498,policy_ai_policy_april_2025_v2_chunk_0020,policy,6,P6,"While we strive to enhance the educational experience through AI, we equally prioritise the privacy of our staff, pupils, and all stakeholders involved.","While we strive to enhance the educational experience through AI, we equally prioritise the privacy of our staff, pupils, and all stakeholders involved.",0.7461075782775879,0.7165840268135071,0.2834159731864929,sentence_transformer:sentence-transformers/paraphrase-multilingual-MiniLM-L12-v2,False,0.5118606686592102,pooled_empirical_10th_percentile_provisional
synthetic_to_policy,synthetic_sentiment_claim_00693,sentiment_synthetic_sentiment_public_sentiment_at_chunk_0002,sentiment_synthetic_sentiment_public_sentiment_at,synthetic,sentiment,3,S3,causes_or_increases,"This seems useful if out of teachers who used AI, on average in the European Union (EU-), almost twothirds ( per cent) say that they use it to efficiently learn about and summarise a topic, and per cent use AI to generate lesson plans or activities.","This seems useful if out of teachers who used AI, on average in the European Union (EU-), almost twothirds ( per cent) say that they use it to efficiently learn about and summarise a topic, and per cent use AI to generate lesson plans or activities.",policy_claim_01448,policy_ai_policy_and_regulations_of_france_comprehensive_report_fr_chunk_0002,policy,2,P2,■ Un usage limité de l'IA : 45 % des enseignants français et 39 % des enseignants à l'international rapportent ne pas avoir utilisé d'outils d'IA pour l'éducation depuis le début de l'année scolaire.,■ Un usage limité de l'IA : 45 % des enseignants français et 39 % des enseignants à l'international rapportent ne pas avoir utilisé d'outils d'IA pour l'éducation depuis le début de l'année scolaire.,0.7671427726745605,0.7585432529449463,0.2414567470550537,sentence_transformer:sentence-transformers/paraphrase-multilingual-MiniLM-L12-v2,False,0.5118606686592102,pooled_empirical_10th_percentile_provisional
synthetic_to_policy,synthetic_sentiment_claim_00694,sentiment_synthetic_sentiment_public_sentiment_at_chunk_0003,sentiment_synthetic_sentiment_public_sentiment_at,synthetic,sentiment,5,S5,causes_or_increases,Risk of inappropriate or unethical use of AI by pupils due to lack of clear guidance .,Risk of inappropriate or unethical use of AI by pupils due to lack of clear guidance .,policy_claim_03253,policy_l_intelligence_artificielle_dans_les_tablissements_scolaires_sur_le_plan_administratif_et_p_dagogique_chunk_0076,policy,2,P2,"2.1.2.2 Des risques réels nécessitant un accompagnement pédagogique fort Si les usages de l'IA sont encore quantitativement et qualitativement limités sur le terrain, c'est aussi parce que l'IA soulève des risques clairement identifiés et expliquant la réticence de certains acteurs, cadres comme enseignants 22 , parents, mais aussi élèves.","2.1.2.2 Des risques réels nécessitant un accompagnement pédagogique fort Si les usages de l'IA sont encore quantitativement et qualitativement limités sur le terrain, c'est aussi parce que l'IA soulève des risques clairement identifiés et expliquant la réticence de certains acteurs, cadres comme enseignants 22 , parents, mais aussi élèves.",0.7804110050201416,0.7782022356987,0.22179776430130005,sentence_transformer:sentence-transformers/paraphrase-multilingual-MiniLM-L12-v2,False,0.5118606686592102,pooled_empirical_10th_percentile_provisional
synthetic_to_policy,synthetic_sentiment_claim_00695,sentiment_synthetic_sentiment_public_sentiment_at_chunk_0003,sentiment_synthetic_sentiment_public_sentiment_at,synthetic,sentiment,5,S5,causes_or_increases,Risk of inappropriate or unethical use of AI by teachers due to lack of clear guidance .,Risk of inappropriate or unethical use of AI by teachers due to lack of clear guidance .,policy_claim_03253,policy_l_intelligence_artificielle_dans_les_tablissements_scolaires_sur_le_plan_administratif_et_p_dagogique_chunk_0076,policy,2,P2,"2.1.2.2 Des risques réels nécessitant un accompagnement pédagogique fort Si les usages de l'IA sont encore quantitativement et qualitativement limités sur le terrain, c'est aussi parce que l'IA soulève des risques clairement identifiés et expliquant la réticence de certains acteurs, cadres comme enseignants 22 , parents, mais aussi élèves.","2.1.2.2 Des risques réels nécessitant un accompagnement pédagogique fort Si les usages de l'IA sont encore quantitativement et qualitativement limités sur le terrain, c'est aussi parce que l'IA soulève des risques clairement identifiés et expliquant la réticence de certains acteurs, cadres comme enseignants 22 , parents, mais aussi élèves.",0.8056173324584961,0.7995554804801941,0.2004445195198059,sentence_transformer:sentence-transformers/paraphrase-multilingual-MiniLM-L12-v2,False,0.5118606686592102,pooled_empirical_10th_percentile_provisional
synthetic_to_policy,synthetic_sentiment_claim_00696,sentiment_synthetic_sentiment_public_sentiment_au_chunk_0001,sentiment_synthetic_sentiment_public_sentiment_au,synthetic,sentiment,4,S4,causes_or_increases,I would support this when f or others AI has brought about a sense of unease related to 'not knowing what might come next.,I would support this when f or others AI has brought about a sense of unease related to 'not knowing what might come next.,policy_claim_01766,policy_ai_report_us_gov_chunk_0058,policy,6,P6,"While these concerns will continue, AI will raise new concerns too.","While these concerns will continue, AI will raise new concerns too.",0.6491423845291138,0.6250844597816467,0.37491554021835327,sentence_transformer:sentence-transformers/paraphrase-multilingual-MiniLM-L12-v2,False,0.5118606686592102,pooled_empirical_10th_percentile_provisional
synthetic_to_policy,synthetic_sentiment_claim_00697,sentiment_synthetic_sentiment_public_sentiment_au_chunk_0001,sentiment_synthetic_sentiment_public_sentiment_au,synthetic,sentiment,4,S4,causes_or_increases,"As one study participant put it, the increasing use of AI might lead to 'dehumanisation of youth.","As one study participant put it, the increasing use of AI might lead to 'dehumanisation of youth.",policy_claim_00241,policy_ai_cognitive_offloading_and_implications_for_education_chunk_0006,policy,4,P4,"This cognitive offloading from human to AI is especially risky for school students ('novice' learners who are building foundational knowledge and skills) when they turn to AI as a tempting substitute, not an amplifier, increase their dependency on the tool and lose access to deeper learning.","This cognitive offloading from human to AI is especially risky for school students ('novice' learners who are building foundational knowledge and skills) when they turn to AI as a tempting substitute, not an amplifier, increase their dependency on the tool and lose access to deeper learning.",0.7678099870681763,0.7537586092948914,0.24624139070510864,sentence_transformer:sentence-transformers/paraphrase-multilingual-MiniLM-L12-v2,False,0.5118606686592102,pooled_empirical_10th_percentile_provisional
synthetic_to_policy,synthetic_sentiment_claim_00698,sentiment_synthetic_sentiment_public_sentiment_au_chunk_0001,sentiment_synthetic_sentiment_public_sentiment_au,synthetic,sentiment,4,S4,causes_or_increases,I think this matters because european Union Agency for Fundamental Rights.,I think this matters because european Union Agency for Fundamental Rights.,policy_claim_03579,policy_oco_ai_policy_spotlight_report_chunk_0070,policy,1,P1,Key takeaways - Article 24 of the EU Charter of Fundamental Rights requires Member States to comply with children's rights when implementing EU law.,Key takeaways - Article 24 of the EU Charter of Fundamental Rights requires Member States to comply with children's rights when implementing EU law.,0.705452561378479,0.6176684498786926,0.3823315501213074,sentence_transformer:sentence-transformers/paraphrase-multilingual-MiniLM-L12-v2,False,0.5118606686592102,pooled_empirical_10th_percentile_provisional
synthetic_to_policy,synthetic_sentiment_claim_00699,sentiment_synthetic_sentiment_public_sentiment_au_chunk_0002,sentiment_synthetic_sentiment_public_sentiment_au,synthetic,sentiment,6,S6,causes_or_increases,"For me, the important point is that the dematerialization of the relationship with the administration for access to social rights is also leading to a reconfiguration of social work.","For me, the important point is that the dematerialization of the relationship with the administration for access to social rights is also leading to a reconfiguration of social work.",policy_claim_00885,policy_ai_competency_framework_for_teachers_chunk_0080,policy,3,P3,"Reflection on and promotion of human-centric social relations and social cohesion: Write blogs or champion dialogues on what desirable social relations and social cohesion can look like in the AI era, the technological and economic barriers to the building of human relations and social order and list the global and local compacts that are being developed to lead to the societies we want.","Reflection on and promotion of human-centric social relations and social cohesion: Write blogs or champion dialogues on what desirable social relations and social cohesion can look like in the AI era, the technological and economic barriers to the building of human relations and social order and list the global and local compacts that are being developed to lead to the societies we want.",0.4959298372268677,0.4909322261810303,0.5090677738189697,sentence_transformer:sentence-transformers/paraphrase-multilingual-MiniLM-L12-v2,True,0.5118606686592102,pooled_empirical_10th_percentile_provisional
synthetic_to_policy,synthetic_sentiment_claim_00700,sentiment_synthetic_sentiment_public_sentiment_au_chunk_0002,sentiment_synthetic_sentiment_public_sentiment_au,synthetic,sentiment,6,S6,causes_or_increases,"I think this matters because the growing pervasiveness of GenAI is redefining what it means to be digitally competent, as it carries profound implications for study, work and everyday life.","I think this matters because the growing pervasiveness of GenAI is redefining what it means to be digitally competent, as it carries profound implications for study, work and everyday life.",policy_claim_02741,policy_guidance_for_ai_policy_development_chunk_0001,policy,7,P7,"If used appropriately, GenAI has the potential to truly revolutionize the classroom, freeing up instructional time for educators and allowing for greater innovation.","If used appropriately, GenAI has the potential to truly revolutionize the classroom, freeing up instructional time for educators and allowing for greater innovation.",0.7092870473861694,0.6663151383399963,0.33368486166000366,sentence_transformer:sentence-transformers/paraphrase-multilingual-MiniLM-L12-v2,False,0.5118606686592102,pooled_empirical_10th_percentile_provisional
synthetic_to_policy,synthetic_sentiment_claim_00701,sentiment_synthetic_sentiment_public_sentiment_au_chunk_0002,sentiment_synthetic_sentiment_public_sentiment_au,synthetic,sentiment,6,S6,causes_or_increases,"My concern is that they outlined individualisation as a key benefit, how the design of the software (specifically, its resemblance to a game) increased student engagement, and the convenience of the software for the students (e.g., how students can log on for a short amount of time anywhere they are able to use their phone and complete a short language lesson).","My concern is that they outlined individualisation as a key benefit, how the design of the software (specifically, its resemblance to a game) increased student engagement, and the convenience of the software for the students (e.g., how students can log on for a short amount of time anywhere they are able to use their phone and complete a short language lesson).",policy_claim_01504,policy_ai_policy_april_2025_v2_chunk_0022,policy,7,P7,"The technology allows us to provide individualised learning materials that can adjust to the pupil's progression, thereby boosting engagement levels and improving academic outcomes.","The technology allows us to provide individualised learning materials that can adjust to the pupil's progression, thereby boosting engagement levels and improving academic outcomes.",0.6421403884887695,0.6354953646659851,0.3645046353340149,sentence_transformer:sentence-transformers/paraphrase-multilingual-MiniLM-L12-v2,False,0.5118606686592102,pooled_empirical_10th_percentile_provisional
synthetic_to_policy,synthetic_sentiment_claim_00702,sentiment_synthetic_sentiment_public_sentiment_au_chunk_0003,sentiment_synthetic_sentiment_public_sentiment_au,synthetic,sentiment,3,S3,causes_or_increases,"I am cautious because nevertheless, while many teachers appreciated the benefits in terms of potential for time saving, some remained cautious, expressing concerns about the accuracy and reliability of AI-generated content, which always requires careful verification and therefore the allocation of extra time for that process.","I am cautious because nevertheless, while many teachers appreciated the benefits in terms of potential for time saving, some remained cautious, expressing concerns about the accuracy and reliability of AI-generated content, which always requires careful verification and therefore the allocation of extra time for that process.",policy_claim_01809,policy_ai_report_us_gov_chunk_0072,policy,0,P0,"AI-enhanced formative assessments may have the potential to save teachers ' time (e.g., time spent on grading), allowing the instructor to spend more time engaged in helping students.","AI-enhanced formative assessments may have the potential to save teachers ' time (e.g., time spent on grading), allowing the instructor to spend more time engaged in helping students.",0.7289019823074341,0.7166061401367188,0.28339385986328125,sentence_transformer:sentence-transformers/paraphrase-multilingual-MiniLM-L12-v2,False,0.5118606686592102,pooled_empirical_10th_percentile_provisional
synthetic_to_policy,synthetic_sentiment_claim_00703,sentiment_synthetic_sentiment_public_sentiment_au_chunk_0003,sentiment_synthetic_sentiment_public_sentiment_au,synthetic,sentiment,3,S3,causes_or_increases,"The public discussion should recognise that an AI system is a machine-based system that, for explicit or implicit objectives, infers, from the input it receives, how to generate outputs such as predictions, content, recommendations or decisions that may influence physical or virtual environments.","The public discussion should recognise that an AI system is a machine-based system that, for explicit or implicit objectives, infers, from the input it receives, how to generate outputs such as predictions, content, recommendations or decisions that may influence physical or virtual environments.",policy_claim_01949,policy_ai_systems_in_teaching_and_learning_principles_and_practical_exa_chunk_0003,policy,0,P0,"Here, we use the following definition: An AI system is a machine-based system that, for explicit or implicit objectives, infers, from the input it receives, how to generate outputs such as predictions, content, recommendations, or decisions that can influence physical or virtual environments.","Here, we use the following definition: An AI system is a machine-based system that, for explicit or implicit objectives, infers, from the input it receives, how to generate outputs such as predictions, content, recommendations, or decisions that can influence physical or virtual environments.",0.9032822847366333,0.8706832528114319,0.12931674718856812,sentence_transformer:sentence-transformers/paraphrase-multilingual-MiniLM-L12-v2,False,0.5118606686592102,pooled_empirical_10th_percentile_provisional
synthetic_to_policy,synthetic_sentiment_claim_00704,sentiment_synthetic_sentiment_public_sentiment_au_chunk_0003,sentiment_synthetic_sentiment_public_sentiment_au,synthetic,sentiment,3,S3,causes_or_increases,I am cautious because informed consent was obtained from all survey participants.,I am cautious because informed consent was obtained from all survey participants.,policy_claim_01322,policy_ai_in_australian_education_snapshot_principles_policy_and_practice_august_2023_chunk_0071,policy,6,P6,"There is reasonable clarity about the required action of informed consent, however, it is not clear what 'proactively informed' implies leaving scope interpretation e.g.","There is reasonable clarity about the required action of informed consent, however, it is not clear what 'proactively informed' implies leaving scope interpretation e.g.",0.482379674911499,0.48152557015419006,0.5184744298458099,sentence_transformer:sentence-transformers/paraphrase-multilingual-MiniLM-L12-v2,True,0.5118606686592102,pooled_empirical_10th_percentile_provisional
synthetic_to_policy,synthetic_sentiment_claim_00705,sentiment_synthetic_sentiment_public_sentiment_au_chunk_0004,sentiment_synthetic_sentiment_public_sentiment_au,synthetic,sentiment,7,S7,enables_or_supports,All data was anonymized during the analysis phase to ensure the privacy and confidentiality of the respondents.,All data was anonymized during the analysis phase to ensure the privacy and confidentiality of the respondents.,policy_claim_01499,policy_ai_policy_april_2025_v2_chunk_0020,policy,6,P6,Data used or generated by generative AI tools will be anonymised where possible and stored securely.,Data used or generated by generative AI tools will be anonymised where possible and stored securely.,0.6650558710098267,0.5793406367301941,0.4206593632698059,sentence_transformer:sentence-transformers/paraphrase-multilingual-MiniLM-L12-v2,False,0.5118606686592102,pooled_empirical_10th_percentile_provisional
synthetic_to_policy,synthetic_sentiment_claim_00706,sentiment_synthetic_sentiment_public_sentiment_au_chunk_0004,sentiment_synthetic_sentiment_public_sentiment_au,synthetic,sentiment,7,S7,requires_or_depends_on,I would support this when this indicates how the same technology needs a dual perspective.,I would support this when this indicates how the same technology needs a dual perspective.,policy_claim_00437,policy_ai_competency_framework_for_students_chunk_0004,policy,3,P3,It is my hope that these two frameworks will empower students and teachers to shape the digital futures we want.,It is my hope that these two frameworks will empower students and teachers to shape the digital futures we want.,0.5364380478858948,0.5184282660484314,0.4815717339515686,sentence_transformer:sentence-transformers/paraphrase-multilingual-MiniLM-L12-v2,False,0.5118606686592102,pooled_empirical_10th_percentile_provisional
synthetic_to_policy,synthetic_sentiment_claim_00707,sentiment_synthetic_sentiment_public_sentiment_au_chunk_0004,sentiment_synthetic_sentiment_public_sentiment_au,synthetic,sentiment,7,S7,causes_or_increases,The growing use of tools such as ChatGPT in such a short time has raised additional questions on the use of AI technologies on a large scale and their impact on society and individuals using them.,The growing use of tools such as ChatGPT in such a short time has raised additional questions on the use of AI technologies on a large scale and their impact on society and individuals using them.,policy_claim_02824,policy_guidance_on_artificial_intelligence_in_schools_2025_chunk_0011,policy,5,P5,"The need for guidance Although the general public has interacted with AI for many years, the launch of ChatGPT in late 2022 and other similar large ­ language models subsequently triggered a marked increase in public awareness and interaction with these tools.","The need for guidance Although the general public has interacted with AI for many years, the launch of ChatGPT in late 2022 and other similar large ­ language models subsequently triggered a marked increase in public awareness and interaction with these tools.",0.7733118534088135,0.7172735333442688,0.2827264666557312,sentence_transformer:sentence-transformers/paraphrase-multilingual-MiniLM-L12-v2,False,0.5118606686592102,pooled_empirical_10th_percentile_provisional
synthetic_to_policy,synthetic_sentiment_claim_00708,sentiment_synthetic_sentiment_public_sentiment_au_chunk_0004,sentiment_synthetic_sentiment_public_sentiment_au,synthetic,sentiment,7,S7,requires_or_depends_on,"While developing AI technologies can bring multiple benefits, many stakeholders have already called for more attention as to how to develop and deploy them.","While developing AI technologies can bring multiple benefits, many stakeholders have already called for more attention as to how to develop and deploy them.",policy_claim_03690,policy_our_ai_our_ambition_for_france_chunk_0007,policy,8,P8,"At both national and company level, AI uses need to be built through a collaboration with workers At the same time, we need to invest in analyzing the impact of AI on the quantity and quality of jobs AI itself can be put at the service of social dialogue, with the creation and deployment of specialized tools Finally, AI systems should be used to improve the quality of public services.","At both national and company level, AI uses need to be built through a collaboration with workers At the same time, we need to invest in analyzing the impact of AI on the quantity and quality of jobs AI itself can be put at the service of social dialogue, with the creation and deployment of specialized tools Finally, AI systems should be used to improve the quality of public services.",0.7408990859985352,0.7368419766426086,0.26315802335739136,sentence_transformer:sentence-transformers/paraphrase-multilingual-MiniLM-L12-v2,False,0.5118606686592102,pooled_empirical_10th_percentile_provisional
synthetic_to_policy,synthetic_sentiment_claim_00709,sentiment_synthetic_sentiment_public_sentiment_av_chunk_0001,sentiment_synthetic_sentiment_public_sentiment_av,synthetic,sentiment,6,S6,causes_or_increases,"I am cautious because to assign teachers and schools to the control and intervention groups, a stratification procedure was followed by the evaluation team (see Appendix ).","I am cautious because to assign teachers and schools to the control and intervention groups, a stratification procedure was followed by the evaluation team (see Appendix ).",policy_claim_01833,policy_ai_report_us_gov_chunk_0083,policy,0,P0,Are we providing empowering professional development to teachers so they can leverage feedback loops and safeguard against concerns?,Are we providing empowering professional development to teachers so they can leverage feedback loops and safeguard against concerns?,0.6212018728256226,0.6157448291778564,0.38425517082214355,sentence_transformer:sentence-transformers/paraphrase-multilingual-MiniLM-L12-v2,False,0.5118606686592102,pooled_empirical_10th_percentile_provisional
synthetic_to_policy,synthetic_sentiment_claim_00710,sentiment_synthetic_sentiment_public_sentiment_av_chunk_0001,sentiment_synthetic_sentiment_public_sentiment_av,synthetic,sentiment,6,S6,causes_or_increases,"I am cautious because schema was employed on a dataset drawn from Cork City Centre, containing people.","I am cautious because schema was employed on a dataset drawn from Cork City Centre, containing people.",policy_claim_01107,policy_ai_guidance_chunk_0074,policy,7,P7,"What assumptions or data sources drive those projections, and how transparent are they to stakeholders?","What assumptions or data sources drive those projections, and how transparent are they to stakeholders?",0.5214847326278687,0.49052128195762634,0.5094787180423737,sentence_transformer:sentence-transformers/paraphrase-multilingual-MiniLM-L12-v2,True,0.5118606686592102,pooled_empirical_10th_percentile_provisional
synthetic_to_policy,synthetic_sentiment_claim_00711,sentiment_synthetic_sentiment_public_sentiment_av_chunk_0003,sentiment_synthetic_sentiment_public_sentiment_av,synthetic,sentiment,3,S3,enables_or_supports,At the core there were several issues clustered in two main categories: - I would support this when all the teachers indicated that the design of the AIT professional learning pathway with the combination of different elements worked particularly well.,At the core there were several issues clustered in two main categories: - I would support this when all the teachers indicated that the design of the AIT professional learning pathway with the combination of different elements worked particularly well.,policy_claim_00779,policy_ai_competency_framework_for_teachers_chunk_0039,policy,3,P3,"The AI CFT outlines competencies at multiple levels to guide this progression and suggests training methodologies to help teachers remain conversant with the emerging technologies and their broader implications for pedagogy, ethics as well as their societal impact.","The AI CFT outlines competencies at multiple levels to guide this progression and suggests training methodologies to help teachers remain conversant with the emerging technologies and their broader implications for pedagogy, ethics as well as their societal impact.",0.7206131219863892,0.6821640133857727,0.3178359866142273,sentence_transformer:sentence-transformers/paraphrase-multilingual-MiniLM-L12-v2,False,0.5118606686592102,pooled_empirical_10th_percentile_provisional
synthetic_to_policy,synthetic_sentiment_claim_00712,sentiment_synthetic_sentiment_public_sentiment_av_chunk_0003,sentiment_synthetic_sentiment_public_sentiment_av,synthetic,sentiment,3,S3,enables_or_supports,"The different elements coupled with the excellent quality of facilitation during the pathway (e.g., the pedagogical team was very responsive to participants' questions) enabled them to take an active role in the pathway, including sharing their professional.","The different elements coupled with the excellent quality of facilitation during the pathway (e.g., the pedagogical team was very responsive to participants' questions) enabled them to take an active role in the pathway, including sharing their professional.",policy_claim_00965,policy_ai_competency_framework_for_teachers_chunk_0109,policy,3,P3,"Stakeholders involved in teacher professional development are encouraged to engage and share their experiences with peer trainers and UNESCO, with a view to co-creating subsequent iterations of this framework.","Stakeholders involved in teacher professional development are encouraged to engage and share their experiences with peer trainers and UNESCO, with a view to co-creating subsequent iterations of this framework.",0.6068440079689026,0.595579206943512,0.40442079305648804,sentence_transformer:sentence-transformers/paraphrase-multilingual-MiniLM-L12-v2,False,0.5118606686592102,pooled_empirical_10th_percentile_provisional
synthetic_to_policy,synthetic_sentiment_claim_00713,sentiment_synthetic_sentiment_public_sentiment_av_chunk_0003,sentiment_synthetic_sentiment_public_sentiment_av,synthetic,sentiment,3,S3,causes_or_increases,"As debates about AI governance have intensified during the past years, even before the major international human rights organisations started working on it, many companies developing AI technologies recognised the importance of engaging wider social groups in..","As debates about AI governance have intensified during the past years, even before the major international human rights organisations started working on it, many companies developing AI technologies recognised the importance of engaging wider social groups in..",policy_claim_00831,policy_ai_competency_framework_for_teachers_chunk_0053,policy,3,P3,"Actively participate in and contribute to the building of inclusive AI societies guided by a critical understanding of the implications of AI for societal norms, and to promoting the design and use of AI for the enhancement of human welfare, inclusion and social justice.","Actively participate in and contribute to the building of inclusive AI societies guided by a critical understanding of the implications of AI for societal norms, and to promoting the design and use of AI for the enhancement of human welfare, inclusion and social justice.",0.7807834148406982,0.7646768093109131,0.23532319068908691,sentence_transformer:sentence-transformers/paraphrase-multilingual-MiniLM-L12-v2,False,0.5118606686592102,pooled_empirical_10th_percentile_provisional
synthetic_to_policy,synthetic_sentiment_claim_00714,sentiment_synthetic_sentiment_public_sentiment_av_chunk_0003,sentiment_synthetic_sentiment_public_sentiment_av,synthetic,sentiment,3,S3,causes_or_increases,"I think this matters because how to cite this report: Villar Onrubia, D., Cachia, R., Rietz, C., Feltrero, R., Niemi, H.","I think this matters because how to cite this report: Villar Onrubia, D., Cachia, R., Rietz, C., Feltrero, R., Niemi, H.",policy_claim_03353,policy_l_intelligence_artificielle_en_ducation_cadre_d_usage_et_de_confiance_chunk_0021,policy,2,P2,UTILISER UN IA GÉNÉRATIVE : AVANTAGES ET LIMITES Atouts : synthèse claire des documents sélectionnés dans leur ensemble.,UTILISER UN IA GÉNÉRATIVE : AVANTAGES ET LIMITES Atouts : synthèse claire des documents sélectionnés dans leur ensemble.,0.4997851252555847,0.4652039110660553,0.5347960889339447,sentence_transformer:sentence-transformers/paraphrase-multilingual-MiniLM-L12-v2,True,0.5118606686592102,pooled_empirical_10th_percentile_provisional
synthetic_to_policy,synthetic_sentiment_claim_00715,sentiment_synthetic_sentiment_public_sentiment_av_chunk_0004,sentiment_synthetic_sentiment_public_sentiment_av,synthetic,sentiment,5,S5,causes_or_increases,"They preferred to use Chat GPT than traditional search engines because it's 'sleek, calm' and in their opinion, uses a wider range of reliable sources.","They preferred to use Chat GPT than traditional search engines because it's 'sleek, calm' and in their opinion, uses a wider range of reliable sources.",policy_claim_02084,policy_artificial_intelligence_policy_chunk_0007,policy,0,P0,"Where ChatGPT for example has been used to support the development of content for a course, it should be acknowledged.","Where ChatGPT for example has been used to support the development of content for a course, it should be acknowledged.",0.6439954042434692,0.6024885177612305,0.39751148223876953,sentence_transformer:sentence-transformers/paraphrase-multilingual-MiniLM-L12-v2,False,0.5118606686592102,pooled_empirical_10th_percentile_provisional
synthetic_to_policy,synthetic_sentiment_claim_00716,sentiment_synthetic_sentiment_public_sentiment_av_chunk_0004,sentiment_synthetic_sentiment_public_sentiment_av,synthetic,sentiment,5,S5,causes_or_increases,"I am cautious because in Ireland , Oide have recently developed a dedicated webpage for AI in schools, the AI Hub, which provides information and resources on AI and how it can benefit and support users, as well the current limitations and concerns about its use.","I am cautious because in Ireland , Oide have recently developed a dedicated webpage for AI in schools, the AI Hub, which provides information and resources on AI and how it can benefit and support users, as well the current limitations and concerns about its use.",policy_claim_02799,policy_guidance_on_artificial_intelligence_in_schools_2025_chunk_0003,policy,5,P5,"Resources and supports currently available in relation to AI can be found on the Oide TiE website, where there is a dedicated AI in Schools Hub 2 .","Resources and supports currently available in relation to AI can be found on the Oide TiE website, where there is a dedicated AI in Schools Hub 2 .",0.8446216583251953,0.7940008044242859,0.2059991955757141,sentence_transformer:sentence-transformers/paraphrase-multilingual-MiniLM-L12-v2,False,0.5118606686592102,pooled_empirical_10th_percentile_provisional
synthetic_to_policy,synthetic_sentiment_claim_00717,sentiment_synthetic_sentiment_public_sentiment_av_chunk_0004,sentiment_synthetic_sentiment_public_sentiment_av,synthetic,sentiment,5,S5,causes_or_increases,"I think this matters because it was just the fact that, the discussion between the facilitators and the other teachers.","I think this matters because it was just the fact that, the discussion between the facilitators and the other teachers.",policy_claim_03190,policy_l_intelligence_artificielle_dans_les_tablissements_scolaires_sur_le_plan_administratif_et_p_dagogique_chunk_0016,policy,2,P2,L'enjeu de la formation de formateurs est crucial afin de toucher un plus grand nombre d'enseignant s.,L'enjeu de la formation de formateurs est crucial afin de toucher un plus grand nombre d'enseignant s.,0.6466799974441528,0.6418941020965576,0.3581058979034424,sentence_transformer:sentence-transformers/paraphrase-multilingual-MiniLM-L12-v2,False,0.5118606686592102,pooled_empirical_10th_percentile_provisional
synthetic_to_policy,synthetic_sentiment_claim_00718,sentiment_synthetic_sentiment_public_sentiment_av_chunk_0004,sentiment_synthetic_sentiment_public_sentiment_av,synthetic,sentiment,5,S5,requires_or_depends_on,"But at the same time I found it interesting, and I suppose I was hoping for a similar experience with the maths one.","But at the same time I found it interesting, and I suppose I was hoping for a similar experience with the maths one.",policy_claim_01693,policy_ai_report_us_gov_chunk_0031,policy,1,P1,Online mathematics homework increases student achievement.,Online mathematics homework increases student achievement.,0.5583431124687195,0.5008413195610046,0.49915868043899536,sentence_transformer:sentence-transformers/paraphrase-multilingual-MiniLM-L12-v2,True,0.5118606686592102,pooled_empirical_10th_percentile_provisional
synthetic_to_policy,synthetic_sentiment_claim_00719,sentiment_synthetic_sentiment_public_sentiment_aw_chunk_0001,sentiment_synthetic_sentiment_public_sentiment_aw,synthetic,sentiment,3,S3,causes_or_increases,"AI is important due to its ability to automate tasks, improve efficiency, and enhance decision-making processes.","AI is important due to its ability to automate tasks, improve efficiency, and enhance decision-making processes.",policy_claim_02059,policy_ai_to_support_learning_and_teaching_in_the_re_classroom_chunk_0002,policy,1,P1,"Artificial intelligence (AI) is technology that enables computers and machines to simulate human learning, comprehension, problem solving, decision making, creativity and autonomy.","Artificial intelligence (AI) is technology that enables computers and machines to simulate human learning, comprehension, problem solving, decision making, creativity and autonomy.",0.8182363510131836,0.8126742243766785,0.18732577562332153,sentence_transformer:sentence-transformers/paraphrase-multilingual-MiniLM-L12-v2,False,0.5118606686592102,pooled_empirical_10th_percentile_provisional
synthetic_to_policy,synthetic_sentiment_claim_00720,sentiment_synthetic_sentiment_public_sentiment_aw_chunk_0001,sentiment_synthetic_sentiment_public_sentiment_aw,synthetic,sentiment,3,S3,enables_or_supports,"Its impact in Europe is significant, with investments in research and development and initiatives to promote its adoption.","Its impact in Europe is significant, with investments in research and development and initiatives to promote its adoption.",policy_claim_02408,policy_digital_strategy_for_schools_to_2027_chunk_0080,policy,5,P5,This blended learning approach continues to increase in prominence across Europe and globally.,This blended learning approach continues to increase in prominence across Europe and globally.,0.590180516242981,0.5753454566001892,0.4246545433998108,sentence_transformer:sentence-transformers/paraphrase-multilingual-MiniLM-L12-v2,False,0.5118606686592102,pooled_empirical_10th_percentile_provisional
synthetic_to_policy,synthetic_sentiment_claim_00721,sentiment_synthetic_sentiment_public_sentiment_aw_chunk_0001,sentiment_synthetic_sentiment_public_sentiment_aw,synthetic,sentiment,3,S3,enables_or_supports,"For me, the important point is that what needs to be done to enable staff to keep pace with changes you expect in education and in the workforce because of GenAI?","For me, the important point is that what needs to be done to enable staff to keep pace with changes you expect in education and in the workforce because of GenAI?",policy_claim_02884,policy_guidance_on_artificial_intelligence_in_schools_2025_chunk_0030,policy,7,P7,School Leadership and Management Planning: GenAI can assist in summarising documents and support interactive engagement which can help with school improvement planning and strategic planning.,School Leadership and Management Planning: GenAI can assist in summarising documents and support interactive engagement which can help with school improvement planning and strategic planning.,0.630681037902832,0.6104597449302673,0.38954025506973267,sentence_transformer:sentence-transformers/paraphrase-multilingual-MiniLM-L12-v2,False,0.5118606686592102,pooled_empirical_10th_percentile_provisional
synthetic_to_policy,synthetic_sentiment_claim_00722,sentiment_synthetic_sentiment_public_sentiment_aw_chunk_0004,sentiment_synthetic_sentiment_public_sentiment_aw,synthetic,sentiment,4,S4,requires_or_depends_on,Parents and teachers need to know that teachers expressed how it was important for schools to have an organised and coordinated approach to the use of AI tools.,Parents and teachers need to know that teachers expressed how it was important for schools to have an organised and coordinated approach to the use of AI tools.,policy_claim_01979,policy_ai_systems_in_teaching_and_learning_principles_and_practical_exa_chunk_0015,policy,6,P6,Ensuring teachers are equipped with the necessary skills to evaluate AI tools fosters a balanced and informed approach to technology adoption in education.,Ensuring teachers are equipped with the necessary skills to evaluate AI tools fosters a balanced and informed approach to technology adoption in education.,0.8465230464935303,0.8441031575202942,0.1558968424797058,sentence_transformer:sentence-transformers/paraphrase-multilingual-MiniLM-L12-v2,False,0.5118606686592102,pooled_empirical_10th_percentile_provisional
synthetic_to_policy,synthetic_sentiment_claim_00723,sentiment_synthetic_sentiment_public_sentiment_aw_chunk_0004,sentiment_synthetic_sentiment_public_sentiment_aw,synthetic,sentiment,4,S4,enables_or_supports,"Specifically, they recommended conducting cost-benefit analyses of AI tools, having a dedicated AI policy, and encouraging staff professional learning about such tools.","Specifically, they recommended conducting cost-benefit analyses of AI tools, having a dedicated AI policy, and encouraging staff professional learning about such tools.",policy_claim_03386,policy_men_dne_brochure_ia_2024_uk_web_chunk_0021,policy,8,P8,"By using various sources of information on AI, including expert evaluations, the project aims at providing policy makers with the knowledge they need to shape future-oriented education- and labour-market policies.","By using various sources of information on AI, including expert evaluations, the project aims at providing policy makers with the knowledge they need to shape future-oriented education- and labour-market policies.",0.7534842491149902,0.7469975352287292,0.25300246477127075,sentence_transformer:sentence-transformers/paraphrase-multilingual-MiniLM-L12-v2,False,0.5118606686592102,pooled_empirical_10th_percentile_provisional
synthetic_to_policy,synthetic_sentiment_claim_00724,sentiment_synthetic_sentiment_public_sentiment_aw_chunk_0004,sentiment_synthetic_sentiment_public_sentiment_aw,synthetic,sentiment,4,S4,causes_or_increases,Parents and teachers need to know that the evidence is relevant because it shows that responsible AI is shaped by both rights-based and innovation-oriented concerns.,Parents and teachers need to know that the evidence is relevant because it shows that responsible AI is shaped by both rights-based and innovation-oriented concerns.,policy_claim_00248,policy_ai_cognitive_offloading_and_implications_for_education_chunk_0008,policy,4,P4,"Now, there is increasingly strong evidence that AI used in schooling must also be closely governed and directed, not only for safety but to ensure we have confidence in the AI tools themselves and that teachers are well-supported with effective pedagogical strategies.","Now, there is increasingly strong evidence that AI used in schooling must also be closely governed and directed, not only for safety but to ensure we have confidence in the AI tools themselves and that teachers are well-supported with effective pedagogical strategies.",0.7749698162078857,0.7644718289375305,0.23552817106246948,sentence_transformer:sentence-transformers/paraphrase-multilingual-MiniLM-L12-v2,False,0.5118606686592102,pooled_empirical_10th_percentile_provisional
synthetic_to_policy,synthetic_sentiment_claim_00725,sentiment_synthetic_sentiment_public_sentiment_aw_chunk_0004,sentiment_synthetic_sentiment_public_sentiment_aw,synthetic,sentiment,4,S4,enables_or_supports,"In AI-in-education governance, this supports the need to balance ethical safeguards, justice, and human rights with innovation and competitiveness.","In AI-in-education governance, this supports the need to balance ethical safeguards, justice, and human rights with innovation and competitiveness.",policy_claim_03404,policy_men_dne_brochure_ia_2024_uk_web_chunk_0032,policy,0,P0,"This is useful for AI-in-education governance because it links technical capabilities with ethical, social, and educational consequences.","This is useful for AI-in-education governance because it links technical capabilities with ethical, social, and educational consequences.",0.8257484436035156,0.7831593155860901,0.2168406844139099,sentence_transformer:sentence-transformers/paraphrase-multilingual-MiniLM-L12-v2,False,0.5118606686592102,pooled_empirical_10th_percentile_provisional
synthetic_to_policy,synthetic_sentiment_claim_00726,sentiment_synthetic_sentiment_public_sentiment_ax_chunk_0001,sentiment_synthetic_sentiment_public_sentiment_ax,synthetic,sentiment,0,S0,causes_or_increases,I think this matters because - Road map for digital cooperation.,I think this matters because - Road map for digital cooperation.,policy_claim_02411,policy_digital_strategy_for_schools_to_2027_chunk_0083,policy,5,P5,This will require further collaboration with DFHERIS in developing relevant actions while recognising the role of the Digital Strategy as part of the continuum of the overall requirement for digital skills for all citizens.,This will require further collaboration with DFHERIS in developing relevant actions while recognising the role of the Digital Strategy as part of the continuum of the overall requirement for digital skills for all citizens.,0.7028992176055908,0.6675170063972473,0.3324829936027527,sentence_transformer:sentence-transformers/paraphrase-multilingual-MiniLM-L12-v2,False,0.5118606686592102,pooled_empirical_10th_percentile_provisional
synthetic_to_policy,synthetic_sentiment_claim_00727,sentiment_synthetic_sentiment_public_sentiment_ax_chunk_0001,sentiment_synthetic_sentiment_public_sentiment_ax,synthetic,sentiment,0,S0,enables_or_supports,"This seems useful if e(）,this.liste YAP members spoke about how AI could support their creativity beyond being a useful tool.","This seems useful if e(）,this.liste YAP members spoke about how AI could support their creativity beyond being a useful tool.",policy_claim_03252,policy_l_intelligence_artificielle_dans_les_tablissements_scolaires_sur_le_plan_administratif_et_p_dagogique_chunk_0075,policy,2,P2,"L'IA comme une aide à l'enseignant de l'autonomie et de la créativité d es élèves, et notamment de renforcer la pédagogie de projet, facilitée par les outils d'IA.","L'IA comme une aide à l'enseignant de l'autonomie et de la créativité d es élèves, et notamment de renforcer la pédagogie de projet, facilitée par les outils d'IA.",0.7121519446372986,0.6914848685264587,0.30851513147354126,sentence_transformer:sentence-transformers/paraphrase-multilingual-MiniLM-L12-v2,False,0.5118606686592102,pooled_empirical_10th_percentile_provisional
synthetic_to_policy,synthetic_sentiment_claim_00728,sentiment_synthetic_sentiment_public_sentiment_ax_chunk_0002,sentiment_synthetic_sentiment_public_sentiment_ax,synthetic,sentiment,1,S1,causes_or_increases,"Students should understand that out of teachers who used AI, on average in the European Union (EU-), almost twothirds ( per cent) say that they use it to efficiently learn about and summarise a topic, and per cent use AI to generate lesson plans or activities.","Students should understand that out of teachers who used AI, on average in the European Union (EU-), almost twothirds ( per cent) say that they use it to efficiently learn about and summarise a topic, and per cent use AI to generate lesson plans or activities.",policy_claim_03176,policy_l_ia_en_ducation_cadre_d_usage_chunk_0004,policy,2,P2,"En effet, l'utilisation éclairée de l'IA nécessite un savoir que l'École doit transmettre aux élèves pour qu'ils puissent la comprendre et la maîtriser en tant qu'utilisateurs et futurs citoyens.","En effet, l'utilisation éclairée de l'IA nécessite un savoir que l'École doit transmettre aux élèves pour qu'ils puissent la comprendre et la maîtriser en tant qu'utilisateurs et futurs citoyens.",0.7738825082778931,0.7694778442382812,0.23052215576171875,sentence_transformer:sentence-transformers/paraphrase-multilingual-MiniLM-L12-v2,False,0.5118606686592102,pooled_empirical_10th_percentile_provisional
synthetic_to_policy,synthetic_sentiment_claim_00729,sentiment_synthetic_sentiment_public_sentiment_ax_chunk_0003,sentiment_synthetic_sentiment_public_sentiment_ax,synthetic,sentiment,6,S6,causes_or_increases,"Public views on AI tools and learning on average in the European Union (EU-), almost twothirds ( per cent) say that they use it to efficiently learn about and summarise a topic, and per cent use AI to generate lesson plans or activities.","Public views on AI tools and learning on average in the European Union (EU-), almost twothirds ( per cent) say that they use it to efficiently learn about and summarise a topic, and per cent use AI to generate lesson plans or activities.",policy_claim_03176,policy_l_ia_en_ducation_cadre_d_usage_chunk_0004,policy,2,P2,"En effet, l'utilisation éclairée de l'IA nécessite un savoir que l'École doit transmettre aux élèves pour qu'ils puissent la comprendre et la maîtriser en tant qu'utilisateurs et futurs citoyens.","En effet, l'utilisation éclairée de l'IA nécessite un savoir que l'École doit transmettre aux élèves pour qu'ils puissent la comprendre et la maîtriser en tant qu'utilisateurs et futurs citoyens.",0.6972107887268066,0.6907808184623718,0.3092191815376282,sentence_transformer:sentence-transformers/paraphrase-multilingual-MiniLM-L12-v2,False,0.5118606686592102,pooled_empirical_10th_percentile_provisional
synthetic_to_policy,synthetic_sentiment_claim_00730,sentiment_synthetic_sentiment_public_sentiment_ax_chunk_0003,sentiment_synthetic_sentiment_public_sentiment_ax,synthetic,sentiment,6,S6,causes_or_increases,I think this matters because the dataset from Table .,I think this matters because the dataset from Table .,policy_claim_02538,policy_generative_ai_in_the_australian_education_system_an_open_data_set_of_stakeholder_recommendations_and_emerging_analysis_from_a_public_inquiry_chunk_0011,policy,8,P8,Our analysis uses this framing to drive data extraction.,Our analysis uses this framing to drive data extraction.,0.5584268569946289,0.5516254305839539,0.44837456941604614,sentence_transformer:sentence-transformers/paraphrase-multilingual-MiniLM-L12-v2,False,0.5118606686592102,pooled_empirical_10th_percentile_provisional
synthetic_to_policy,synthetic_sentiment_claim_00731,sentiment_synthetic_sentiment_public_sentiment_ax_chunk_0003,sentiment_synthetic_sentiment_public_sentiment_ax,synthetic,sentiment,6,S6,causes_or_increases,"Parents and teachers need to know that aI as a challenge for youth and fundamental rights - research published in recent years showcases an increasing number of situations in which AI technologies have led to social harms, especially by perpetrating historic biases, amplifying polarisation and accumulated disadvantages.","Parents and teachers need to know that aI as a challenge for youth and fundamental rights - research published in recent years showcases an increasing number of situations in which AI technologies have led to social harms, especially by perpetrating historic biases, amplifying polarisation and accumulated disadvantages.",policy_claim_03480,policy_oco_ai_policy_spotlight_report_chunk_0016,policy,1,P1,"AI also presents several significant challenges that may hinder growth and learning, including risks of data breaches and misuse of sensitive data, exacerbation of existing inequalities in accessing technology, overreliance on technology leading to diminished interpersonal interactions, social and emotional skills.","AI also presents several significant challenges that may hinder growth and learning, including risks of data breaches and misuse of sensitive data, exacerbation of existing inequalities in accessing technology, overreliance on technology leading to diminished interpersonal interactions, social and emotional skills.",0.8045846819877625,0.7995233535766602,0.20047664642333984,sentence_transformer:sentence-transformers/paraphrase-multilingual-MiniLM-L12-v2,False,0.5118606686592102,pooled_empirical_10th_percentile_provisional
synthetic_to_policy,synthetic_sentiment_claim_00732,sentiment_synthetic_sentiment_public_sentiment_ax_chunk_0003,sentiment_synthetic_sentiment_public_sentiment_ax,synthetic,sentiment,6,S6,risks_or_threatens,"Some of the causes of such harms have been connected to insufficient testing, lack of ethical or legal standards, or lack of information.","Some of the causes of such harms have been connected to insufficient testing, lack of ethical or legal standards, or lack of information.",policy_claim_00395,policy_ai_cognitive_offloading_and_implications_for_education_chunk_0062,policy,4,P4,"The findings need to be treated with caution, as the studies included in the analysis are often underpowered and use only testing (i.e., short-term performance) to determine the effect.","The findings need to be treated with caution, as the studies included in the analysis are often underpowered and use only testing (i.e., short-term performance) to determine the effect.",0.598446786403656,0.5777942538261414,0.42220574617385864,sentence_transformer:sentence-transformers/paraphrase-multilingual-MiniLM-L12-v2,False,0.5118606686592102,pooled_empirical_10th_percentile_provisional
synthetic_to_policy,synthetic_sentiment_claim_00733,sentiment_synthetic_sentiment_public_sentiment_ax_chunk_0004,sentiment_synthetic_sentiment_public_sentiment_ax,synthetic,sentiment,4,S4,requires_or_depends_on,"Parents and teachers need to know that ces analyses convergent sur un point : lorsque la compréhension n'avance pas au même rythme que la technique, la capacité de maîtriser les usages s'amenuise.","Parents and teachers need to know that ces analyses convergent sur un point : lorsque la compréhension n'avance pas au même rythme que la technique, la capacité de maîtriser les usages s'amenuise.",policy_claim_01751,policy_ai_report_us_gov_chunk_0054,policy,0,P0,"For example, in the next section, Formative Assessment , we note that teachers can't always know what's going on for each student and in each small group of students; emerging products might signal to the teacher when a student or teacher may need some more personal attention.","For example, in the next section, Formative Assessment , we note that teachers can't always know what's going on for each student and in each small group of students; emerging products might signal to the teacher when a student or teacher may need some more personal attention.",0.674407422542572,0.6718810200691223,0.3281189799308777,sentence_transformer:sentence-transformers/paraphrase-multilingual-MiniLM-L12-v2,False,0.5118606686592102,pooled_empirical_10th_percentile_provisional
synthetic_to_policy,synthetic_sentiment_claim_00734,sentiment_synthetic_sentiment_public_sentiment_ax_chunk_0004,sentiment_synthetic_sentiment_public_sentiment_ax,synthetic,sentiment,4,S4,causes_or_increases,"Research participants highlighted how by automating routine tasks and generating new ideas, GenAI may facilitate artistic.","Research participants highlighted how by automating routine tasks and generating new ideas, GenAI may facilitate artistic.",policy_claim_03148,policy_k_12_artificial_intelligence_ai_use_guidelines_chunk_0015,policy,0,P0,Aiding Creativity: Students can harness generative AI to generate creativity across diverse subjects and content areas..,Aiding Creativity: Students can harness generative AI to generate creativity across diverse subjects and content areas..,0.6829650402069092,0.6765287518501282,0.3234712481498718,sentence_transformer:sentence-transformers/paraphrase-multilingual-MiniLM-L12-v2,False,0.5118606686592102,pooled_empirical_10th_percentile_provisional
synthetic_to_policy,synthetic_sentiment_claim_00735,sentiment_synthetic_sentiment_public_sentiment_ay_chunk_0001,sentiment_synthetic_sentiment_public_sentiment_ay,synthetic,sentiment,0,S0,enables_or_supports,AI was also used to help young people with personal and creative writing.,AI was also used to help young people with personal and creative writing.,policy_claim_01609,policy_ai_report_us_gov_chunk_0003,policy,7,P7,"They are exploring how AI can enable writing or improving lessons, as well as their process for finding, choosing, and adapting material for use in their lessons.","They are exploring how AI can enable writing or improving lessons, as well as their process for finding, choosing, and adapting material for use in their lessons.",0.7911677360534668,0.7684486508369446,0.23155134916305542,sentence_transformer:sentence-transformers/paraphrase-multilingual-MiniLM-L12-v2,False,0.5118606686592102,pooled_empirical_10th_percentile_provisional
synthetic_to_policy,synthetic_sentiment_claim_00736,sentiment_synthetic_sentiment_public_sentiment_ay_chunk_0001,sentiment_synthetic_sentiment_public_sentiment_ay,synthetic,sentiment,0,S0,enables_or_supports,How could AI be developed to help you with your professional needs?,How could AI be developed to help you with your professional needs?,policy_claim_02187,policy_developing_policy_and_protocols_for_the_use_of_generative_ai_in_k_12_classrooms_march_2025_chunk_0018,policy,7,P7,How can AI potentially be leveraged to support these needs?,How can AI potentially be leveraged to support these needs?,0.7937359809875488,0.7745160460472107,0.2254839539527893,sentence_transformer:sentence-transformers/paraphrase-multilingual-MiniLM-L12-v2,False,0.5118606686592102,pooled_empirical_10th_percentile_provisional
synthetic_to_policy,synthetic_sentiment_claim_00737,sentiment_synthetic_sentiment_public_sentiment_ay_chunk_0002,sentiment_synthetic_sentiment_public_sentiment_ay,synthetic,sentiment,1,S1,causes_or_increases,I think this matters because such technologies are also known as general purpose AIs (GPAIs) as the same technology can be applied in multiple contexts and for different goals.,I think this matters because such technologies are also known as general purpose AIs (GPAIs) as the same technology can be applied in multiple contexts and for different goals.,policy_claim_02187,policy_developing_policy_and_protocols_for_the_use_of_generative_ai_in_k_12_classrooms_march_2025_chunk_0018,policy,7,P7,How can AI potentially be leveraged to support these needs?,How can AI potentially be leveraged to support these needs?,0.7134084105491638,0.687964916229248,0.31203508377075195,sentence_transformer:sentence-transformers/paraphrase-multilingual-MiniLM-L12-v2,False,0.5118606686592102,pooled_empirical_10th_percentile_provisional
synthetic_to_policy,synthetic_sentiment_claim_00738,sentiment_synthetic_sentiment_public_sentiment_ay_chunk_0002,sentiment_synthetic_sentiment_public_sentiment_ay,synthetic,sentiment,1,S1,causes_or_increases,"For this publication, we will further refer to such technologies as GenAI, with their main capacity to generate new content based on short inputs - text, images, videos.","For this publication, we will further refer to such technologies as GenAI, with their main capacity to generate new content based on short inputs - text, images, videos.",policy_claim_02613,policy_generative_artificial_intelligence_ai_in_k_12_classrooms_v2_chunk_0003,policy,0,P0,"GenAI is generating some form of output, either text, images, video or audio.","GenAI is generating some form of output, either text, images, video or audio.",0.7851289510726929,0.714972734451294,0.28502726554870605,sentence_transformer:sentence-transformers/paraphrase-multilingual-MiniLM-L12-v2,False,0.5118606686592102,pooled_empirical_10th_percentile_provisional
synthetic_to_policy,synthetic_sentiment_claim_00739,sentiment_synthetic_sentiment_public_sentiment_ay_chunk_0002,sentiment_synthetic_sentiment_public_sentiment_ay,synthetic,sentiment,1,S1,enables_or_supports,"For example, AI-powered tools can be used to analyse student artwork and provide suggestions for improvement, allowing students to refine their skills and develop their own unique style.","For example, AI-powered tools can be used to analyse student artwork and provide suggestions for improvement, allowing students to refine their skills and develop their own unique style.",policy_claim_02508,policy_doai_24_educator_guide_chunk_0005,policy,0,P0,"USE OF AI TOOLS In our lesson materials, we make use of a number of AI tools to create practical, hands-on activities that are engaging for students.","USE OF AI TOOLS In our lesson materials, we make use of a number of AI tools to create practical, hands-on activities that are engaging for students.",0.8024438619613647,0.7945306897163391,0.2054693102836609,sentence_transformer:sentence-transformers/paraphrase-multilingual-MiniLM-L12-v2,False,0.5118606686592102,pooled_empirical_10th_percentile_provisional
synthetic_to_policy,synthetic_sentiment_claim_00740,sentiment_synthetic_sentiment_public_sentiment_ay_chunk_0002,sentiment_synthetic_sentiment_public_sentiment_ay,synthetic,sentiment,1,S1,causes_or_increases,"I would support this when for more than a decade, and accelerated by the arrival of generative AI (GenAI), a growing diversity of AI-mediated technologies have been widely deployed in classrooms and other education settings across Europe and beyond (Holmes et al., ; Tuomi, ).","I would support this when for more than a decade, and accelerated by the arrival of generative AI (GenAI), a growing diversity of AI-mediated technologies have been widely deployed in classrooms and other education settings across Europe and beyond (Holmes et al., ; Tuomi, ).",policy_claim_02673,policy_generative_artificial_intelligence_ai_in_k_12_classrooms_v2_chunk_0018,policy,5,P5,"Although generative AI is still in its infancy, educators across the world have found beneficial use of these tools to create increased learning opportunities for their students.","Although generative AI is still in its infancy, educators across the world have found beneficial use of these tools to create increased learning opportunities for their students.",0.7394823431968689,0.7344263195991516,0.2655736804008484,sentence_transformer:sentence-transformers/paraphrase-multilingual-MiniLM-L12-v2,False,0.5118606686592102,pooled_empirical_10th_percentile_provisional
synthetic_to_policy,synthetic_sentiment_claim_00741,sentiment_synthetic_sentiment_public_sentiment_ay_chunk_0003,sentiment_synthetic_sentiment_public_sentiment_ay,synthetic,sentiment,7,S7,enables_or_supports,"These include student-focused AI systems (from adaptive tutoring systems to support chatbots), teacher-focused AI systems (from plagiarism detection to resources.","These include student-focused AI systems (from adaptive tutoring systems to support chatbots), teacher-focused AI systems (from plagiarism detection to resources.",policy_claim_02018,policy_ai_systems_in_teaching_and_learning_principles_and_practical_exa_chunk_0031,policy,5,P5,Education-specific AI systems There is a diverse range of ways of using AI to promote teaching and learning.,Education-specific AI systems There is a diverse range of ways of using AI to promote teaching and learning.,0.8001911640167236,0.7951117157936096,0.20488828420639038,sentence_transformer:sentence-transformers/paraphrase-multilingual-MiniLM-L12-v2,False,0.5118606686592102,pooled_empirical_10th_percentile_provisional
synthetic_to_policy,synthetic_sentiment_claim_00742,sentiment_synthetic_sentiment_public_sentiment_ay_chunk_0003,sentiment_synthetic_sentiment_public_sentiment_ay,synthetic,sentiment,7,S7,causes_or_increases,"I think this matters because the material compares institutional arrangements for AI policy and youth participation across the Council of Europe, the European Union, the United Nations system, and the OECD.","I think this matters because the material compares institutional arrangements for AI policy and youth participation across the Council of Europe, the European Union, the United Nations system, and the OECD.",policy_claim_03177,policy_l_ia_en_ducation_cadre_d_usage_chunk_0006,policy,2,P2,"Les organisations internationales (Unesco, OCDE), l'Union européenne, le Conseil de l'Europe, la France et de très nombreuses institutions universitaires ont émis un avis sur l'opportunité et les limites liées aux usages de l'IA dans l'éducation ; une sélection de ces avis est indiquée dans la bibliographie en annexe.","Les organisations internationales (Unesco, OCDE), l'Union européenne, le Conseil de l'Europe, la France et de très nombreuses institutions universitaires ont émis un avis sur l'opportunité et les limites liées aux usages de l'IA dans l'éducation ; une sélection de ces avis est indiquée dans la bibliographie en annexe.",0.7608238458633423,0.713463544845581,0.28653645515441895,sentence_transformer:sentence-transformers/paraphrase-multilingual-MiniLM-L12-v2,False,0.5118606686592102,pooled_empirical_10th_percentile_provisional
synthetic_to_policy,synthetic_sentiment_claim_00743,sentiment_synthetic_sentiment_public_sentiment_ay_chunk_0003,sentiment_synthetic_sentiment_public_sentiment_ay,synthetic,sentiment,7,S7,enables_or_supports,Theme definition: The researcher then defined each theme in order to capture its 'essence'.,Theme definition: The researcher then defined each theme in order to capture its 'essence'.,policy_claim_02038,policy_ai_systems_in_teaching_and_learning_principles_and_practical_exa_chunk_0034,policy,0,P0,Visual Prompts: Generating images or multimedia content that aligns with poetry themes for inspiration.,Visual Prompts: Generating images or multimedia content that aligns with poetry themes for inspiration.,0.4964140057563782,0.48517489433288574,0.5148251056671143,sentence_transformer:sentence-transformers/paraphrase-multilingual-MiniLM-L12-v2,True,0.5118606686592102,pooled_empirical_10th_percentile_provisional
synthetic_to_policy,synthetic_sentiment_claim_00744,sentiment_synthetic_sentiment_public_sentiment_ay_chunk_0004,sentiment_synthetic_sentiment_public_sentiment_ay,synthetic,sentiment,6,S6,enables_or_supports,"The public discussion should recognise that the majority of people are already using AI, primarily as a tool to support planning and preparation, but adoption remains uneven across school actors and tasks.","The public discussion should recognise that the majority of people are already using AI, primarily as a tool to support planning and preparation, but adoption remains uneven across school actors and tasks.",policy_claim_02182,policy_developing_policy_and_protocols_for_the_use_of_generative_ai_in_k_12_classrooms_march_2025_chunk_0017,policy,7,P7,What areas need to progress before widespread AI use by students and staff?,What areas need to progress before widespread AI use by students and staff?,0.7854012250900269,0.7778136134147644,0.2221863865852356,sentence_transformer:sentence-transformers/paraphrase-multilingual-MiniLM-L12-v2,False,0.5118606686592102,pooled_empirical_10th_percentile_provisional
synthetic_to_policy,synthetic_sentiment_claim_00745,sentiment_synthetic_sentiment_public_sentiment_ay_chunk_0004,sentiment_synthetic_sentiment_public_sentiment_ay,synthetic,sentiment,6,S6,causes_or_increases,"While people recognise clear benefits -particularly in terms of time savings, personalisation and access to resources - they also raise substantial concerns around pupils' behaviour, academic integrity, data privacy, assessment and the absence of clear.","While people recognise clear benefits -particularly in terms of time savings, personalisation and access to resources - they also raise substantial concerns around pupils' behaviour, academic integrity, data privacy, assessment and the absence of clear.",policy_claim_01768,policy_ai_report_us_gov_chunk_0058,policy,6,P6,Those concerns go beyond data privacy and security; they raise attention to how technologies may unfairly direct or limit some students' opportunities to learn.,Those concerns go beyond data privacy and security; they raise attention to how technologies may unfairly direct or limit some students' opportunities to learn.,0.6906850934028625,0.6568601727485657,0.3431398272514343,sentence_transformer:sentence-transformers/paraphrase-multilingual-MiniLM-L12-v2,False,0.5118606686592102,pooled_empirical_10th_percentile_provisional
synthetic_to_policy,synthetic_sentiment_claim_00746,sentiment_synthetic_sentiment_public_sentiment_az_chunk_0001,sentiment_synthetic_sentiment_public_sentiment_az,synthetic,sentiment,7,S7,causes_or_increases,"I think this matters because fernandez Machado, R., Sofia Amaral-Garcia and Duch Brown, N.","I think this matters because fernandez Machado, R., Sofia Amaral-Garcia and Duch Brown, N.",policy_claim_01778,policy_ai_report_us_gov_chunk_0062,policy,6,P6,"This information could be, but need not be, demographic details.","This information could be, but need not be, demographic details.",0.3575398325920105,0.3437530994415283,0.6562469005584717,sentence_transformer:sentence-transformers/paraphrase-multilingual-MiniLM-L12-v2,True,0.5118606686592102,pooled_empirical_10th_percentile_provisional
synthetic_to_policy,synthetic_sentiment_claim_00747,sentiment_synthetic_sentiment_public_sentiment_az_chunk_0001,sentiment_synthetic_sentiment_public_sentiment_az,synthetic,sentiment,7,S7,causes_or_increases,"While GenAI offers many benefits, such as facilitating artistic exploration and innovation, making language learning more inclusive, and providing personalised feedback and guidance, it also raises important questions about the nature of creativity, human interaction, and.","While GenAI offers many benefits, such as facilitating artistic exploration and innovation, making language learning more inclusive, and providing personalised feedback and guidance, it also raises important questions about the nature of creativity, human interaction, and.",policy_claim_02741,policy_guidance_for_ai_policy_development_chunk_0001,policy,7,P7,"If used appropriately, GenAI has the potential to truly revolutionize the classroom, freeing up instructional time for educators and allowing for greater innovation.","If used appropriately, GenAI has the potential to truly revolutionize the classroom, freeing up instructional time for educators and allowing for greater innovation.",0.700066328048706,0.6962701678276062,0.3037298321723938,sentence_transformer:sentence-transformers/paraphrase-multilingual-MiniLM-L12-v2,False,0.5118606686592102,pooled_empirical_10th_percentile_provisional
synthetic_to_policy,synthetic_sentiment_claim_00748,sentiment_synthetic_sentiment_public_sentiment_az_chunk_0001,sentiment_synthetic_sentiment_public_sentiment_az,synthetic,sentiment,7,S7,causes_or_increases,"I think this matters because jang, Y., Choi, S., & Kim, H.","I think this matters because jang, Y., Choi, S., & Kim, H.",policy_claim_00604,policy_ai_competency_framework_for_students_chunk_0092,policy,5,P5,"Box 2: Supporting human resource development: The Republic of Korea's National Strategy for Artificial Intelligence The Republic of Korea's National Strategy for Artificial Intelligence has three main focus areas: (1) Establish reliable AI infrastructure, including to support human talent and improve technology; (2) expand the utilization of AI throughout the industrial and social sectors; and (3) respond proactively to social changes, including labour market needs.","Box 2: Supporting human resource development: The Republic of Korea's National Strategy for Artificial Intelligence The Republic of Korea's National Strategy for Artificial Intelligence has three main focus areas: (1) Establish reliable AI infrastructure, including to support human talent and improve technology; (2) expand the utilization of AI throughout the industrial and social sectors; and (3) respond proactively to social changes, including labour market needs.",0.3490626811981201,0.3224359452724457,0.6775640547275543,sentence_transformer:sentence-transformers/paraphrase-multilingual-MiniLM-L12-v2,True,0.5118606686592102,pooled_empirical_10th_percentile_provisional
synthetic_to_policy,synthetic_sentiment_claim_00749,sentiment_synthetic_sentiment_public_sentiment_az_chunk_0001,sentiment_synthetic_sentiment_public_sentiment_az,synthetic,sentiment,7,S7,requires_or_depends_on,"This seems useful if indicative comment: 'I suppose when I left the initial launch day, I still wasn't entirely sure what I was going to do in my classroom.","This seems useful if indicative comment: 'I suppose when I left the initial launch day, I still wasn't entirely sure what I was going to do in my classroom.",policy_claim_01550,policy_ai_policy_june_2025_chunk_0011,policy,7,P7,"Provided, however, that these suggestions are either a mere starting point, or used to customise the lesson plan or make necessary adjustments to ensure Student learning objectives..","Provided, however, that these suggestions are either a mere starting point, or used to customise the lesson plan or make necessary adjustments to ensure Student learning objectives..",0.5415542721748352,0.5014758706092834,0.49852412939071655,sentence_transformer:sentence-transformers/paraphrase-multilingual-MiniLM-L12-v2,True,0.5118606686592102,pooled_empirical_10th_percentile_provisional
synthetic_to_policy,synthetic_sentiment_claim_00750,sentiment_synthetic_sentiment_public_sentiment_az_chunk_0002,sentiment_synthetic_sentiment_public_sentiment_az,synthetic,sentiment,7,S7,requires_or_depends_on,"What am I going to do?' - Parents and teachers need to know that transférer la responsabilité de comprendre aux seules organisations ou aux seuls individus revient à laisser s'installer un décalage qui n'est plus seulement technique mais potentiellement, sociétal.","What am I going to do?' - Parents and teachers need to know that transférer la responsabilité de comprendre aux seules organisations ou aux seuls individus revient à laisser s'installer un décalage qui n'est plus seulement technique mais potentiellement, sociétal.",policy_claim_00754,policy_ai_competency_framework_for_teachers_chunk_0034,policy,6,P6,"The implementation of a human-centred approach requires regulators, providers of AI and institutions to be co-responsible for governance before requiring teachers to apply principles applicable for their profession.","The implementation of a human-centred approach requires regulators, providers of AI and institutions to be co-responsible for governance before requiring teachers to apply principles applicable for their profession.",0.6387113928794861,0.6331611275672913,0.36683887243270874,sentence_transformer:sentence-transformers/paraphrase-multilingual-MiniLM-L12-v2,False,0.5118606686592102,pooled_empirical_10th_percentile_provisional
synthetic_to_policy,synthetic_sentiment_claim_00751,sentiment_synthetic_sentiment_public_sentiment_az_chunk_0002,sentiment_synthetic_sentiment_public_sentiment_az,synthetic,sentiment,7,S7,requires_or_depends_on,"Parents and teachers need to know that in the survey, AI use includes making predictions, suggesting decisions or generating text.","Parents and teachers need to know that in the survey, AI use includes making predictions, suggesting decisions or generating text.",policy_claim_00702,policy_ai_competency_framework_for_teachers_chunk_0003,policy,3,P3,"Guiding teachers on AI use and misuse in education AI processes vast information, generates new content, and helps decision-making through predictive analyses.","Guiding teachers on AI use and misuse in education AI processes vast information, generates new content, and helps decision-making through predictive analyses.",0.7823601961135864,0.7645354270935059,0.23546457290649414,sentence_transformer:sentence-transformers/paraphrase-multilingual-MiniLM-L12-v2,False,0.5118606686592102,pooled_empirical_10th_percentile_provisional
synthetic_to_policy,synthetic_sentiment_claim_00752,sentiment_synthetic_sentiment_public_sentiment_az_chunk_0002,sentiment_synthetic_sentiment_public_sentiment_az,synthetic,sentiment,7,S7,enables_or_supports,It covers the use of AI in teaching or to facilitate student learning in the months prior to the survey.,It covers the use of AI in teaching or to facilitate student learning in the months prior to the survey.,policy_claim_03200,policy_l_intelligence_artificielle_dans_les_tablissements_scolaires_sur_le_plan_administratif_et_p_dagogique_chunk_0024,policy,2,P2,"L'IA comme outil d'aide à la révision Des d'élèves déclarent se servir de l'IA comme assistant de révision de leur cours : génération de résumés, de questions / réponses pour pouvoir s'interroger, autant de fonctionnalités qui leur permettent de vérifier leur degré de maitrise des contenus.","L'IA comme outil d'aide à la révision Des d'élèves déclarent se servir de l'IA comme assistant de révision de leur cours : génération de résumés, de questions / réponses pour pouvoir s'interroger, autant de fonctionnalités qui leur permettent de vérifier leur degré de maitrise des contenus.",0.7245686054229736,0.7232488989830017,0.2767511010169983,sentence_transformer:sentence-transformers/paraphrase-multilingual-MiniLM-L12-v2,False,0.5118606686592102,pooled_empirical_10th_percentile_provisional
synthetic_to_policy,synthetic_sentiment_claim_00753,sentiment_synthetic_sentiment_public_sentiment_az_chunk_0002,sentiment_synthetic_sentiment_public_sentiment_az,synthetic,sentiment,7,S7,causes_or_increases,"I think this matters because despite differences, educators across disciplines have recognised the potential of GenAI in their respective contexts, without ignoring important challenges at the same time.","I think this matters because despite differences, educators across disciplines have recognised the potential of GenAI in their respective contexts, without ignoring important challenges at the same time.",policy_claim_02879,policy_guidance_on_artificial_intelligence_in_schools_2025_chunk_0028,policy,5,P5,Inclusion: GenAI can support inclusive practices by tailoring tasks to better ensure that all learners are appropriately challenged and able to progress at their own pace.,Inclusion: GenAI can support inclusive practices by tailoring tasks to better ensure that all learners are appropriately challenged and able to progress at their own pace.,0.717440128326416,0.7037246823310852,0.2962753176689148,sentence_transformer:sentence-transformers/paraphrase-multilingual-MiniLM-L12-v2,False,0.5118606686592102,pooled_empirical_10th_percentile_provisional
synthetic_to_policy,synthetic_sentiment_claim_00754,sentiment_synthetic_sentiment_public_sentiment_az_chunk_0003,sentiment_synthetic_sentiment_public_sentiment_az,synthetic,sentiment,3,S3,causes_or_increases,"I am cautious because in summary, for AIED ethical guidance to be actionable and effective, it is necessary to ground the discussion in a robust understanding of normative ethics, the ethics of AI, and the ethics of education itself.","I am cautious because in summary, for AIED ethical guidance to be actionable and effective, it is necessary to ground the discussion in a robust understanding of normative ethics, the ethics of AI, and the ethics of education itself.",policy_claim_00832,policy_ai_competency_framework_for_teachers_chunk_0053,policy,3,P3,"Champion the ethics of AI through critical advocacy and empathy, leading discussions and actions that address ethical, sociocultural and environmental concerns from design to the use of AI and contribute to the co-creation of ethical standards for AI practices in education.","Champion the ethics of AI through critical advocacy and empathy, leading discussions and actions that address ethical, sociocultural and environmental concerns from design to the use of AI and contribute to the co-creation of ethical standards for AI practices in education.",0.7835123538970947,0.7762741446495056,0.22372585535049438,sentence_transformer:sentence-transformers/paraphrase-multilingual-MiniLM-L12-v2,False,0.5118606686592102,pooled_empirical_10th_percentile_provisional
synthetic_to_policy,synthetic_sentiment_claim_00755,sentiment_synthetic_sentiment_public_sentiment_az_chunk_0003,sentiment_synthetic_sentiment_public_sentiment_az,synthetic,sentiment,3,S3,causes_or_increases,This seems useful if it is also necessary for developers to work with teachers to create more appropriate educational AI tools.,This seems useful if it is also necessary for developers to work with teachers to create more appropriate educational AI tools.,policy_claim_01777,policy_ai_report_us_gov_chunk_0062,policy,6,P6,"AI could assist in this process by helping teachers with customizing curricular resources, for example.","AI could assist in this process by helping teachers with customizing curricular resources, for example.",0.812942624092102,0.8093540072441101,0.1906459927558899,sentence_transformer:sentence-transformers/paraphrase-multilingual-MiniLM-L12-v2,False,0.5118606686592102,pooled_empirical_10th_percentile_provisional
synthetic_to_policy,synthetic_sentiment_claim_00756,sentiment_synthetic_sentiment_public_sentiment_az_chunk_0003,sentiment_synthetic_sentiment_public_sentiment_az,synthetic,sentiment,3,S3,requires_or_depends_on,"For me, the important point is that indicative comment: 'I suppose when I left the initial launch day, I still wasn't entirely sure what I was going to do in my classroom.","For me, the important point is that indicative comment: 'I suppose when I left the initial launch day, I still wasn't entirely sure what I was going to do in my classroom.",policy_claim_01550,policy_ai_policy_june_2025_chunk_0011,policy,7,P7,"Provided, however, that these suggestions are either a mere starting point, or used to customise the lesson plan or make necessary adjustments to ensure Student learning objectives..","Provided, however, that these suggestions are either a mere starting point, or used to customise the lesson plan or make necessary adjustments to ensure Student learning objectives..",0.5531865358352661,0.5155606865882874,0.48443931341171265,sentence_transformer:sentence-transformers/paraphrase-multilingual-MiniLM-L12-v2,False,0.5118606686592102,pooled_empirical_10th_percentile_provisional
synthetic_to_policy,synthetic_sentiment_claim_00757,sentiment_synthetic_sentiment_public_sentiment_az_chunk_0003,sentiment_synthetic_sentiment_public_sentiment_az,synthetic,sentiment,3,S3,causes_or_increases,What am I going to do?' - I think this matters because comprehending these intricate perspectives is pivotal for the formulation of informed policies and AI development strategies that resonate with societal values and aspirations.,What am I going to do?' - I think this matters because comprehending these intricate perspectives is pivotal for the formulation of informed policies and AI development strategies that resonate with societal values and aspirations.,policy_claim_00971,policy_ai_guidance_chunk_0003,policy,7,P7,"Rather, this guidance is designed to help districts that opt to move forward with AI develop thoughtful, responsible, and equitable approaches.","Rather, this guidance is designed to help districts that opt to move forward with AI develop thoughtful, responsible, and equitable approaches.",0.6896224021911621,0.6857500672340393,0.3142499327659607,sentence_transformer:sentence-transformers/paraphrase-multilingual-MiniLM-L12-v2,False,0.5118606686592102,pooled_empirical_10th_percentile_provisional
synthetic_to_policy,synthetic_sentiment_claim_00758,sentiment_synthetic_sentiment_public_sentiment_az_chunk_0004,sentiment_synthetic_sentiment_public_sentiment_az,synthetic,sentiment,3,S3,causes_or_increases,"I think this matters because strong regional patterns do not clearly emerge, although in general, Western European countries tend to have lower teacher use of AI compared with the Western Balkans and Eastern Europe.","I think this matters because strong regional patterns do not clearly emerge, although in general, Western European countries tend to have lower teacher use of AI compared with the Western Balkans and Eastern Europe.",policy_claim_00951,policy_ai_competency_framework_for_teachers_chunk_0102,policy,3,P3,"This is seldom the case at present, where the development of AI competency frameworks for teachers is often driven by academic institutes, commercial companies and regional or international organizations.","This is seldom the case at present, where the development of AI competency frameworks for teachers is often driven by academic institutes, commercial companies and regional or international organizations.",0.7073864936828613,0.686984121799469,0.313015878200531,sentence_transformer:sentence-transformers/paraphrase-multilingual-MiniLM-L12-v2,False,0.5118606686592102,pooled_empirical_10th_percentile_provisional
synthetic_to_policy,synthetic_sentiment_claim_00759,sentiment_synthetic_sentiment_public_sentiment_az_chunk_0004,sentiment_synthetic_sentiment_public_sentiment_az,synthetic,sentiment,3,S3,requires_or_depends_on,"My concern is that the interactions began with a warm-up discussion leading into the main questions, which followed different tracks depending on whether the session was an interview or a focus group.","My concern is that the interactions began with a warm-up discussion leading into the main questions, which followed different tracks depending on whether the session was an interview or a focus group.",policy_claim_03113,policy_guidetoaiinschools_chunk_0101,policy,4,P4,"Each case study began with a 'setup,' a short vignette describing a specific scenario, followed by a series of thoughtprovoking questions designed to stimulate discussion and critical thinking.'","Each case study began with a 'setup,' a short vignette describing a specific scenario, followed by a series of thoughtprovoking questions designed to stimulate discussion and critical thinking.'",0.6157070994377136,0.5928396582603455,0.40716034173965454,sentence_transformer:sentence-transformers/paraphrase-multilingual-MiniLM-L12-v2,False,0.5118606686592102,pooled_empirical_10th_percentile_provisional
synthetic_to_policy,synthetic_sentiment_claim_00760,sentiment_synthetic_sentiment_public_sentiment_ba_chunk_0001,sentiment_synthetic_sentiment_public_sentiment_ba,synthetic,sentiment,4,S4,requires_or_depends_on,"Parents and teachers need to know that the education system in Spain is highly decentralised, with responsibilities shared between the national government and autonomous communities.","Parents and teachers need to know that the education system in Spain is highly decentralised, with responsibilities shared between the national government and autonomous communities.",policy_claim_03329,policy_l_intelligence_artificielle_en_ducation_cadre_d_usage_et_de_confiance_chunk_0001,policy,2,P2,"Ils concernent, notamment, la sécurisation des pratiques des personnels et des élèves, leur accompagnement, l'information et la formation de la communauté éducative ou encore la nécessité d'assurer une cohérence des actions au sein de la région académique d'Île-de-France.","Ils concernent, notamment, la sécurisation des pratiques des personnels et des élèves, leur accompagnement, l'information et la formation de la communauté éducative ou encore la nécessité d'assurer une cohérence des actions au sein de la région académique d'Île-de-France.",0.5726571679115295,0.548689067363739,0.451310932636261,sentence_transformer:sentence-transformers/paraphrase-multilingual-MiniLM-L12-v2,False,0.5118606686592102,pooled_empirical_10th_percentile_provisional
