"Pre-campaign expenditure","Pre-campaign visits","Pre-campaign spend category","Pre-campaign visits category","Total number of visits","Total spend","Post Code","52 Mosaic Groups","Mosaic Bands","Title","Gender","Year Of Birth","Age","Age category","Response to campaign"
56.0,2.0,"£50-£100","2 Visits",2.0,56.0,"SE27 0QE",40.0,9.0,"MISS","Female",1975.0,19.0,"18-25 years","Non-responder"
60.0,1.0,"£50-£100","1 Visit",1.0,60.0,"DN16 3TA",11.0,3.0,"MISS","Female",1974.0,20.0,"18-25 years","Non-responder"
70.0,5.0,"£50-£100","5 Or More Visits",5.0,70.0,"WV12 5LB",13.0,4.0,"MR","Male",1974.0,20.0,"18-25 years","Non-responder"
68.0,3.0,"£50-£100","3 Visits",3.0,68.0,"DN 1 2SL",29.0,6.0,"MR","Male",1974.0,20.0,"18-25 years","Non-responder"
75.0,4.0,"£50-£100","4 Visits",4.0,75.0,"NG 5 5PN",16.0,4.0,"MISS","Female",1973.0,21.0,"18-25 years","Non-responder"
95.0,4.0,"£50-£100","4 Visits",5.0,128.0,"LE 9 5TL",9.0,3.0,"MR","Male",1973.0,21.0,"18-25 years","Responder"
61.0,4.0,"£50-£100","4 Visits",6.0,78.0,"ST16 3BE",22.0,5.0,"MR","Male",1973.0,21.0,"18-25 years","Responder"
77.0,5.0,"£50-£100","5 Or More Visits",5.0,77.0,"TR 1 1LJ",8.0,2.0,"MR","Male",1973.0,21.0,"18-25 years","Non-responder"
98.0,1.0,"£50-£100","1 Visit",1.0,98.0,"IP32 6DL",13.0,4.0,"MR","Male",1973.0,21.0,"18-25 years","Non-responder"
59.0,1.0,"£50-£100","1 Visit",1.0,59.0,"DN21 1BH",29.0,6.0,"MR","Male",1973.0,21.0,"18-25 years","Non-responder"
50.0,1.0,"£50-£100","1 Visit",1.0,50.0,"WA 7 5QX",12.0,3.0,"MR","Male",1973.0,21.0,"18-25 years","Non-responder"
63.0,1.0,"£50-£100","1 Visit",1.0,63.0,"NW 4 1QT",1.0,1.0,"MR","Male",1973.0,21.0,"18-25 years","Non-responder"
35.0,1.0,"Under £50","1 Visit",5.0,110.0,"SS 2 4EN",31.0,7.0,"MISS","Female",1972.0,22.0,"18-25 years","Responder"
59.0,1.0,"£50-£100","1 Visit",1.0,59.0,"NW 9 5JT",24.0,6.0,"MISS","Female",1972.0,22.0,"18-25 years","Non-responder"
70.0,7.0,"£50-£100","5 Or More Visits",7.0,70.0,"SG 2 9DZ",16.0,4.0,"MISS","Female",1972.0,22.0,"18-25 years","Non-responder"
68.0,2.0,"£50-£100","2 Visits",2.0,68.0,"LE10 0UW",9.0,3.0,"MISS","Female",1972.0,22.0,"18-25 years","Non-responder"
61.0,1.0,"£50-£100","1 Visit",1.0,61.0,"TA14 6RH",12.0,3.0,"MRS","Female",1972.0,22.0,"18-25 years","Non-responder"
66.0,3.0,"£50-£100","3 Visits",3.0,66.0,"NE15 9BA",30.0,7.0,"MISS","Female",1972.0,22.0,"18-25 years","Non-responder"
52.0,1.0,"£50-£100","1 Visit",1.0,52.0,"TF 7 4NJ",41.0,10.0,"MISS","Female",1972.0,22.0,"18-25 years","Non-responder"
88.0,4.0,"£50-£100","4 Visits",4.0,88.0,"MK 2 3QF",17.0,4.0,"MISS","Female",1972.0,22.0,"18-25 years","Non-responder"
45.0,2.0,"Under £50","2 Visits",3.0,58.0,"LL57 1NH",16.0,4.0,"MR","Male",1972.0,22.0,"18-25 years","Responder"
83.0,12.0,"£50-£100","5 Or More Visits",14.0,105.0,"BA11 4JA",11.0,3.0,"MR","Male",1972.0,22.0,"18-25 years","Responder"
65.0,1.0,"£50-£100","1 Visit",1.0,65.0,"DE56 1HS",6.0,2.0,"MR","Male",1972.0,22.0,"18-25 years","Non-responder"
79.0,1.0,"£50-£100","1 Visit",1.0,79.0,"BA11 4HY",11.0,3.0,"MR","Male",1972.0,22.0,"18-25 years","Non-responder"
88.0,2.0,"£50-£100","2 Visits",2.0,88.0,"SG 1 1QT",16.0,4.0,"MR","Male",1972.0,22.0,"18-25 years","Non-responder"
54.0,6.0,"£50-£100","5 Or More Visits",6.0,54.0,"L 37 6EE",8.0,2.0,"MR","Male",1972.0,22.0,"18-25 years","Non-responder"
63.0,2.0,"£50-£100","2 Visits",2.0,63.0,"SN 7 7JA",36.0,8.0,"MR","Male",1972.0,22.0,"18-25 years","Non-responder"
55.0,2.0,"£50-£100","2 Visits",2.0,55.0,"BB 4 8JL",12.0,3.0,"MR","Male",1972.0,22.0,"18-25 years","Non-responder"
57.0,1.0,"£50-£100","1 Visit",1.0,57.0,"WS 5 4RW",11.0,3.0,"MR","Male",1972.0,22.0,"18-25 years","Non-responder"
55.0,1.0,"£50-£100","1 Visit",1.0,55.0,"CF 3 8SJ",14.0,4.0,"MR","Male",1972.0,22.0,"18-25 years","Non-responder"
52.0,1.0,"£50-£100","1 Visit",1.0,52.0,"LU 2 0QZ",26.0,6.0,"MR","Male",1972.0,22.0,"18-25 years","Non-responder"
255.0,14.0,"£200-£300","5 Or More Visits",16.0,263.0,"SK14 4AA",11.0,3.0,"Mrs","Female",1971.0,23.0,"18-25 years","Responder"
84.0,1.0,"£50-£100","1 Visit",1.0,84.0,"NE12 0JR",39.0,9.0,"MISS","Female",1971.0,23.0,"18-25 years","Non-responder"
82.0,2.0,"£50-£100","2 Visits",2.0,82.0,"DA 1 1QS",30.0,7.0,"MISS","Female",1971.0,23.0,"18-25 years","Non-responder"
117.0,6.0,"£100-£150","5 Or More Visits",6.0,117.0,"SO 5 5LS",29.0,6.0,"MISS","Female",1971.0,23.0,"18-25 years","Non-responder"
60.0,5.0,"£50-£100","5 Or More Visits",5.0,60.0,"WF17 8DB",11.0,3.0,"MISS","Female",1971.0,23.0,"18-25 years","Non-responder"
76.0,3.0,"£50-£100","3 Visits",3.0,76.0,"CH 4 0TE",43.0,10.0,"MISS","Female",1971.0,23.0,"18-25 years","Non-responder"
120.0,4.0,"£100-£150","4 Visits",4.0,120.0,"LL55 4UP",37.0,9.0,"MRS","Female",1971.0,23.0,"18-25 years","Non-responder"
52.0,1.0,"£50-£100","1 Visit",1.0,52.0,"NW 6 5DE",23.0,5.0,"MRS","Female",1971.0,23.0,"18-25 years","Non-responder"
83.0,4.0,"£50-£100","4 Visits",4.0,83.0,"DE 4 2GG",11.0,3.0,"MISS","Female",1971.0,23.0,"18-25 years","Non-responder"
70.0,6.0,"£50-£100","5 Or More Visits",6.0,70.0,"SY15 6LH",50.0,11.0,"MISS","Female",1971.0,23.0,"18-25 years","Non-responder"
98.0,6.0,"£50-£100","5 Or More Visits",6.0,98.0,"WS13 7PB",16.0,4.0,"MRS","Female",1971.0,23.0,"18-25 years","Non-responder"
85.0,6.0,"£50-£100","5 Or More Visits",6.0,85.0,"BD22 8JX",29.0,6.0,"MISS","Female",1971.0,23.0,"18-25 years","Non-responder"
67.0,4.0,"£50-£100","4 Visits",4.0,67.0,"NN 3 5JH",43.0,10.0,"MISS","Female",1971.0,23.0,"18-25 years","Non-responder"
69.0,2.0,"£50-£100","2 Visits",2.0,69.0,"LE11 0JJ",17.0,4.0,"MS","Female",1971.0,23.0,"18-25 years","Non-responder"
61.0,1.0,"£50-£100","1 Visit",6.0,180.0,"PR 8 4EQ",8.0,2.0,"MR","Male",1971.0,23.0,"18-25 years","Responder"
96.0,5.0,"£50-£100","5 Or More Visits",6.0,104.0,"B 79 0JP",11.0,3.0,"MR","Male",1971.0,23.0,"18-25 years","Responder"
99.0,2.0,"£50-£100","2 Visits",2.0,99.0,"SL 1 2AX",32.0,7.0,"MR","Male",1971.0,23.0,"18-25 years","Non-responder"
37.0,3.0,"Under £50","3 Visits",3.0,37.0,"DA 1 5AN",30.0,7.0,"MR","Male",1971.0,23.0,"18-25 years","Non-responder"
52.0,1.0,"£50-£100","1 Visit",1.0,52.0,"CF38 2NS",44.0,10.0,"MR","Male",1971.0,23.0,"18-25 years","Non-responder"
91.0,1.0,"£50-£100","1 Visit",1.0,91.0,"CM 1 2PE",7.0,2.0,"MR","Male",1971.0,23.0,"18-25 years","Non-responder"
89.0,3.0,"£50-£100","3 Visits",3.0,89.0,"OL13 8QE",11.0,3.0,"MR","Male",1971.0,23.0,"18-25 years","Non-responder"
69.0,3.0,"£50-£100","3 Visits",3.0,69.0,"SY 2 5XN",15.0,4.0,"MR","Male",1971.0,23.0,"18-25 years","Non-responder"
54.0,4.0,"£50-£100","4 Visits",4.0,54.0,"SR 4 6QS",29.0,6.0,"MR","Male",1971.0,23.0,"18-25 years","Non-responder"
53.0,7.0,"£50-£100","5 Or More Visits",7.0,53.0,"BS21 6UQ",11.0,3.0,"MR","Male",1971.0,23.0,"18-25 years","Non-responder"
60.0,1.0,"£50-£100","1 Visit",1.0,60.0,"BN17 5LD",40.0,9.0,"MR","Male",1971.0,23.0,"18-25 years","Non-responder"
349.0,17.0,"£300-£500","5 Or More Visits",20.0,422.0,"CT18 7LZ",8.0,2.0,"Miss","Female",1970.0,24.0,"18-25 years","Responder"
32.0,5.0,"Under £50","5 Or More Visits",6.0,39.0,"SP10 3QF",10.0,3.0,"MISS","Female",1970.0,24.0,"18-25 years","Responder"
190.0,6.0,"£150-£200","5 Or More Visits",8.0,198.0,"SP10 3TT",42.0,10.0,"MISS","Female",1970.0,24.0,"18-25 years","Responder"
78.0,6.0,"£50-£100","5 Or More Visits",7.0,95.0,"PO 3 5DH",30.0,7.0,"MRS","Female",1970.0,24.0,"18-25 years","Responder"
70.0,2.0,"£50-£100","2 Visits",3.0,84.0,"NR 8 6LQ",7.0,2.0,"MISS","Female",1970.0,24.0,"18-25 years","Responder"
73.0,2.0,"£50-£100","2 Visits",2.0,73.0,"BS 4 1LX",17.0,4.0,"MISS","Female",1970.0,24.0,"18-25 years","Non-responder"
75.0,1.0,"£50-£100","1 Visit",1.0,75.0,"BA12 7AW",47.0,11.0,"MISS","Female",1970.0,24.0,"18-25 years","Non-responder"
57.0,1.0,"£50-£100","1 Visit",1.0,57.0,"SM 4 6PF",29.0,6.0,"MRS","Female",1970.0,24.0,"18-25 years","Non-responder"
51.0,5.0,"£50-£100","5 Or More Visits",5.0,51.0,"DY 5 3GZ",2.0,1.0,"MRS","Female",1970.0,24.0,"18-25 years","Non-responder"
63.0,3.0,"£50-£100","3 Visits",3.0,63.0,"SS 9 2AP",7.0,2.0,"MRS","Female",1970.0,24.0,"18-25 years","Non-responder"
77.0,4.0,"£50-£100","4 Visits",4.0,77.0,"PO 7 8PJ",17.0,4.0,"MISS","Female",1970.0,24.0,"18-25 years","Non-responder"
90.0,1.0,"£50-£100","1 Visit",1.0,90.0,"CF48 1YX",17.0,4.0,"MRS","Female",1970.0,24.0,"18-25 years","Non-responder"
67.0,8.0,"£50-£100","5 Or More Visits",8.0,67.0,"NR 9 3QG",43.0,10.0,"MRS","Female",1970.0,24.0,"18-25 years","Non-responder"
91.0,2.0,"£50-£100","2 Visits",2.0,91.0,"WS12 4NZ",41.0,10.0,"MRS","Female",1970.0,24.0,"18-25 years","Non-responder"
60.0,2.0,"£50-£100","2 Visits",2.0,60.0,"BL 9 7DP",12.0,3.0,"MISS","Female",1970.0,24.0,"18-25 years","Non-responder"
51.0,2.0,"£50-£100","2 Visits",2.0,51.0,"SW18 1HN",34.0,8.0,"MISS","Female",1970.0,24.0,"18-25 years","Non-responder"
92.0,1.0,"£50-£100","1 Visit",1.0,92.0,"WF17 0PR",20.0,5.0,"MISS","Female",1970.0,24.0,"18-25 years","Non-responder"
91.0,6.0,"£50-£100","5 Or More Visits",8.0,104.0,"OL13 8PG",12.0,3.0,"MR","Male",1970.0,24.0,"18-25 years","Responder"
92.0,5.0,"£50-£100","5 Or More Visits",6.0,94.0,"NR31 6BG",29.0,6.0,"MR","Male",1970.0,24.0,"18-25 years","Responder"
54.0,5.0,"£50-£100","5 Or More Visits",7.0,62.0,"ST15 8SX",41.0,10.0,"MR","Male",1970.0,24.0,"18-25 years","Responder"
64.0,10.0,"£50-£100","5 Or More Visits",12.0,76.0,"BB11 4PP",20.0,5.0,"MR","Male",1970.0,24.0,"18-25 years","Responder"
0.0,0.0,"Under £50","No Visits",0.0,0.0,"EN 2 8BU",30.0,7.0,"Mr","Male",1970.0,24.0,"18-25 years","Non-responder"
56.0,2.0,"£50-£100","2 Visits",2.0,56.0,"SP 9 7RD",51.0,12.0,"MR","Male",1970.0,24.0,"18-25 years","Non-responder"
56.0,3.0,"£50-£100","3 Visits",3.0,56.0,"KT13 8RB",40.0,9.0,"MR","Male",1970.0,24.0,"18-25 years","Non-responder"
92.0,4.0,"£50-£100","4 Visits",4.0,92.0,"LE15 6ND",41.0,10.0,"MR","Male",1970.0,24.0,"18-25 years","Non-responder"
74.0,4.0,"£50-£100","4 Visits",4.0,74.0,"CV 6 7DA",11.0,3.0,"MR","Male",1970.0,24.0,"18-25 years","Non-responder"
80.0,3.0,"£50-£100","3 Visits",3.0,80.0,"PL31 1LX",16.0,4.0,"MR","Male",1970.0,24.0,"18-25 years","Non-responder"
66.0,2.0,"£50-£100","2 Visits",2.0,66.0,"PO 8 9UG",17.0,4.0,"MR","Male",1970.0,24.0,"18-25 years","Non-responder"
88.0,8.0,"£50-£100","5 Or More Visits",8.0,88.0,"CR 5 2SJ",30.0,7.0,"MR","Male",1970.0,24.0,"18-25 years","Non-responder"
182.0,6.0,"£150-£200","5 Or More Visits",6.0,182.0,"BA21 3DY",11.0,3.0,"MR","Male",1970.0,24.0,"18-25 years","Non-responder"
58.0,1.0,"£50-£100","1 Visit",1.0,58.0,"NN 5 7AZ",12.0,3.0,"MR","Male",1970.0,24.0,"18-25 years","Non-responder"
89.0,3.0,"£50-£100","3 Visits",3.0,89.0,"ME10 3PJ",44.0,10.0,"MR","Male",1970.0,24.0,"18-25 years","Non-responder"
67.0,1.0,"£50-£100","1 Visit",3.0,103.0,"RH16 3RE",37.0,9.0,"MRS","Female",1969.0,25.0,"18-25 years","Responder"
98.0,1.0,"£50-£100","1 Visit",2.0,151.0,"WN 4 0RY",44.0,10.0,"MRS","Female",1969.0,25.0,"18-25 years","Responder"
67.0,3.0,"£50-£100","3 Visits",6.0,148.0,"SN 4 0PF",3.0,1.0,"MRS","Female",1969.0,25.0,"18-25 years","Responder"
85.0,1.0,"£50-£100","1 Visit",1.0,85.0,"IG 8 7EX",30.0,7.0,"MISS","Female",1969.0,25.0,"18-25 years","Non-responder"
54.0,2.0,"£50-£100","2 Visits",2.0,54.0,"LS13 2SU",18.0,5.0,"MISS","Female",1969.0,25.0,"18-25 years","Non-responder"
87.0,3.0,"£50-£100","3 Visits",3.0,87.0,"SL 2 5NR",27.0,6.0,"MRS","Female",1969.0,25.0,"18-25 years","Non-responder"
91.0,1.0,"£50-£100","1 Visit",1.0,91.0,"OX14 5JT",14.0,4.0,"MRS","Female",1969.0,25.0,"18-25 years","Non-responder"
51.0,4.0,"£50-£100","4 Visits",4.0,51.0,"LE 3 6PX",11.0,3.0,"MRS","Female",1969.0,25.0,"18-25 years","Non-responder"
72.0,1.0,"£50-£100","1 Visit",1.0,72.0,"WA 2 0UR",43.0,10.0,"MRS","Female",1969.0,25.0,"18-25 years","Non-responder"
89.0,1.0,"£50-£100","1 Visit",1.0,89.0,"WS15 1JX",10.0,3.0,"MRS","Female",1969.0,25.0,"18-25 years","Non-responder"
51.0,3.0,"£50-£100","3 Visits",3.0,51.0,"WA 2 9TZ",15.0,4.0,"MRS","Female",1969.0,25.0,"18-25 years","Non-responder"
62.0,1.0,"£50-£100","1 Visit",1.0,62.0,"NN 9 7LQ",10.0,3.0,"MRS","Female",1969.0,25.0,"18-25 years","Non-responder"
69.0,4.0,"£50-£100","4 Visits",4.0,69.0,"PO 7 6XL",2.0,1.0,"MRS","Female",1969.0,25.0,"18-25 years","Non-responder"
71.0,2.0,"£50-£100","2 Visits",2.0,71.0,"BS19 1HR",11.0,3.0,"MISS","Female",1969.0,25.0,"18-25 years","Non-responder"
85.0,1.0,"£50-£100","1 Visit",4.0,112.0,"CV 2 4LN",29.0,6.0,"MR","Male",1969.0,25.0,"18-25 years","Responder"
86.0,11.0,"£50-£100","5 Or More Visits",16.0,148.0,"B 79 8NP",9.0,3.0,"MR","Male",1969.0,25.0,"18-25 years","Responder"
121.0,6.0,"£100-£150","5 Or More Visits",9.0,153.0,"WA10 2SA",17.0,4.0,"MR","Male",1969.0,25.0,"18-25 years","Responder"
50.0,3.0,"£50-£100","3 Visits",5.0,72.0,"SN 3 4JY",9.0,3.0,"MR","Male",1969.0,25.0,"18-25 years","Responder"
17.0,1.0,"Under £50","1 Visit",5.0,60.0,"WS 8 6AR",28.0,6.0,"MR","Male",1969.0,25.0,"18-25 years","Responder"
83.0,5.0,"£50-£100","5 Or More Visits",7.0,111.0,"W  5 4XR",24.0,6.0,"MR","Male",1969.0,25.0,"18-25 years","Responder"
251.0,6.0,"£200-£300","5 Or More Visits",6.0,251.0,"IP 1 5HD",29.0,6.0,"Mr","Male",1969.0,25.0,"18-25 years","Non-responder"
58.0,2.0,"£50-£100","2 Visits",2.0,58.0,"S 61 1SQ",17.0,4.0,"MR","Male",1969.0,25.0,"18-25 years","Non-responder"
61.0,2.0,"£50-£100","2 Visits",2.0,61.0,"SS14 2JL",15.0,4.0,"MR","Male",1969.0,25.0,"18-25 years","Non-responder"
68.0,1.0,"£50-£100","1 Visit",1.0,68.0,"RH16 2BW",30.0,7.0,"MR","Male",1969.0,25.0,"18-25 years","Non-responder"
95.0,1.0,"£50-£100","1 Visit",1.0,95.0,"E  9 5BA",23.0,5.0,"MR","Male",1969.0,25.0,"18-25 years","Non-responder"
57.0,4.0,"£50-£100","4 Visits",4.0,57.0,"TQ 1 1SZ",31.0,7.0,"MR","Male",1969.0,25.0,"18-25 years","Non-responder"
69.0,3.0,"£50-£100","3 Visits",3.0,69.0,"EX 4 9BJ",16.0,4.0,"MR","Male",1969.0,25.0,"18-25 years","Non-responder"
85.0,3.0,"£50-£100","3 Visits",3.0,85.0,"M 26 0EY",11.0,3.0,"MR","Male",1969.0,25.0,"18-25 years","Non-responder"
53.0,2.0,"£50-£100","2 Visits",2.0,53.0,"CM 1 4UP",44.0,10.0,"MR","Male",1969.0,25.0,"18-25 years","Non-responder"
59.0,1.0,"£50-£100","1 Visit",1.0,59.0,"B 24 9ND",10.0,3.0,"MR","Male",1969.0,25.0,"18-25 years","Non-responder"
59.0,7.0,"£50-£100","5 Or More Visits",7.0,59.0,"GU16 5DX",42.0,10.0,"MR","Male",1969.0,25.0,"18-25 years","Non-responder"
83.0,2.0,"£50-£100","2 Visits",2.0,83.0,"B 34 7DP",15.0,4.0,"MR","Male",1969.0,25.0,"18-25 years","Non-responder"
80.0,1.0,"£50-£100","1 Visit",1.0,80.0,"GU14 7BS",1.0,1.0,"MR","Male",1969.0,25.0,"18-25 years","Non-responder"
64.0,7.0,"£50-£100","5 Or More Visits",7.0,64.0,"WS12 4SJ",43.0,10.0,"MR","Male",1969.0,25.0,"18-25 years","Non-responder"
76.0,10.0,"£50-£100","5 Or More Visits",10.0,76.0,"GU15 3BD",34.0,8.0,"MR","Male",1969.0,25.0,"18-25 years","Non-responder"
62.0,2.0,"£50-£100","2 Visits",2.0,62.0,"LS25 7HB",29.0,6.0,"MR","Male",1969.0,25.0,"18-25 years","Non-responder"
53.0,1.0,"£50-£100","1 Visit",1.0,53.0,"CV 6 3GW",12.0,3.0,"MR","Male",1969.0,25.0,"18-25 years","Non-responder"
111.0,2.0,"£100-£150","2 Visits",2.0,111.0,"TS 7 8HZ",1.0,1.0,"MR","Male",1969.0,25.0,"18-25 years","Non-responder"
63.0,4.0,"£50-£100","4 Visits",4.0,63.0,"WF10 2LR",12.0,3.0,"MR","Male",1969.0,25.0,"18-25 years","Non-responder"
57.0,2.0,"£50-£100","2 Visits",2.0,57.0,"NG10 3GR",11.0,3.0,"MR","Male",1969.0,25.0,"18-25 years","Non-responder"
72.0,1.0,"£50-£100","1 Visit",1.0,72.0,"PE 1 3EB",8.0,2.0,"MR","Male",1969.0,25.0,"18-25 years","Non-responder"
60.0,1.0,"£50-£100","1 Visit",1.0,60.0,"WS 5 4SA",41.0,10.0,"MR","Male",1969.0,25.0,"18-25 years","Non-responder"
74.0,2.0,"£50-£100","2 Visits",2.0,74.0,"LS28 9BS",44.0,10.0,"MR","Male",1969.0,25.0,"18-25 years","Non-responder"
99.0,1.0,"£50-£100","1 Visit",1.0,99.0,"WF 5 8DL",10.0,3.0,"MR","Male",1969.0,25.0,"18-25 years","Non-responder"
83.0,2.0,"£50-£100","2 Visits",2.0,83.0,"BD23 1ST",29.0,6.0,"MR","Male",1969.0,25.0,"18-25 years","Non-responder"
84.0,1.0,"£50-£100","1 Visit",1.0,84.0,"IG11 7QE",24.0,6.0,"MR","Male",1969.0,25.0,"18-25 years","Non-responder"
77.0,10.0,"£50-£100","5 Or More Visits",10.0,77.0,"CV22 7TR",2.0,1.0,"MR","Male",1969.0,25.0,"18-25 years","Non-responder"
91.0,6.0,"£50-£100","5 Or More Visits",7.0,93.0,"CM 3 3EN",31.0,7.0,"MISS","Female",1968.0,26.0,"26-35 years","Responder"
71.0,5.0,"£50-£100","5 Or More Visits",6.0,76.0,"OX16 7WP",43.0,10.0,"MISS","Female",1968.0,26.0,"26-35 years","Responder"
88.0,4.0,"£50-£100","4 Visits",13.0,324.0,"B 44 9DJ",13.0,4.0,"MRS","Female",1968.0,26.0,"26-35 years","Responder"
53.0,1.0,"£50-£100","1 Visit",3.0,226.0,"NN11 4SP",43.0,10.0,"MISS","Female",1968.0,26.0,"26-35 years","Responder"
61.0,1.0,"£50-£100","1 Visit",3.0,93.0,"BD21 2QT",12.0,3.0,"MRS","Female",1968.0,26.0,"26-35 years","Responder"
198.0,16.0,"£150-£200","5 Or More Visits",16.0,198.0,"CR 0 3HJ",24.0,6.0,"Mrs","Female",1968.0,26.0,"26-35 years","Non-responder"
58.0,8.0,"£50-£100","5 Or More Visits",8.0,58.0,"HU 5 5YE",44.0,10.0,"MS","Female",1968.0,26.0,"26-35 years","Non-responder"
51.0,2.0,"£50-£100","2 Visits",2.0,51.0,"BA11 1PJ",29.0,6.0,"MISS","Female",1968.0,26.0,"26-35 years","Non-responder"
95.0,7.0,"£50-£100","5 Or More Visits",7.0,95.0,"CV 7 8GR",11.0,3.0,"MRS","Female",1968.0,26.0,"26-35 years","Non-responder"
83.0,2.0,"£50-£100","2 Visits",2.0,83.0,"DA 1 2QX",16.0,4.0,"MISS","Female",1968.0,26.0,"26-35 years","Non-responder"
70.0,6.0,"£50-£100","5 Or More Visits",6.0,70.0,"PE32 1DG",6.0,2.0,"MRS","Female",1968.0,26.0,"26-35 years","Non-responder"
70.0,1.0,"£50-£100","1 Visit",1.0,70.0,"SA67 8LX",50.0,11.0,"MRS","Female",1968.0,26.0,"26-35 years","Non-responder"
68.0,1.0,"£50-£100","1 Visit",1.0,68.0,"SK 2 7DZ",6.0,2.0,"MRS","Female",1968.0,26.0,"26-35 years","Non-responder"
76.0,2.0,"£50-£100","2 Visits",2.0,76.0,"YO 8 0YF",17.0,4.0,"MS","Female",1968.0,26.0,"26-35 years","Non-responder"
78.0,2.0,"£50-£100","2 Visits",2.0,78.0,"OL13 8JB",9.0,3.0,"MISS","Female",1968.0,26.0,"26-35 years","Non-responder"
63.0,2.0,"£50-£100","2 Visits",2.0,63.0,"S 12 2GU",44.0,10.0,"MRS","Female",1968.0,26.0,"26-35 years","Non-responder"
79.0,2.0,"£50-£100","2 Visits",2.0,79.0,"WS10 8RJ",17.0,4.0,"MISS","Female",1968.0,26.0,"26-35 years","Non-responder"
59.0,7.0,"£50-£100","5 Or More Visits",7.0,59.0,"TS 1 4NF",27.0,6.0,"MISS","Female",1968.0,26.0,"26-35 years","Non-responder"
94.0,1.0,"£50-£100","1 Visit",1.0,94.0,"LD 1 5NB",45.0,11.0,"MRS","Female",1968.0,26.0,"26-35 years","Non-responder"
75.0,1.0,"£50-£100","1 Visit",1.0,75.0,"CT21 5BZ",22.0,5.0,"MISS","Female",1968.0,26.0,"26-35 years","Non-responder"
52.0,1.0,"£50-£100","1 Visit",1.0,52.0,"ME16 9BJ",40.0,9.0,"MISS","Female",1968.0,26.0,"26-35 years","Non-responder"
366.0,36.0,"£300-£500","5 Or More Visits",38.0,399.0,"CV21 4JU",9.0,3.0,"Mr","Male",1968.0,26.0,"26-35 years","Responder"
58.0,3.0,"£50-£100","3 Visits",4.0,63.0,"WF 6 1RQ",29.0,6.0,"MR","Male",1968.0,26.0,"26-35 years","Responder"
80.0,8.0,"£50-£100","5 Or More Visits",12.0,139.0,"OX16 8FP",43.0,10.0,"MR","Male",1968.0,26.0,"26-35 years","Responder"
99.0,1.0,"£50-£100","1 Visit",1.0,99.0,"HD 3 3AJ",6.0,2.0,"MR","Male",1968.0,26.0,"26-35 years","Non-responder"
86.0,2.0,"£50-£100","2 Visits",2.0,86.0,"SS16 5AT",12.0,3.0,"MR","Male",1968.0,26.0,"26-35 years","Non-responder"
79.0,1.0,"£50-£100","1 Visit",1.0,79.0,"MK45 4JH",4.0,1.0,"MR","Male",1968.0,26.0,"26-35 years","Non-responder"
60.0,2.0,"£50-£100","2 Visits",2.0,60.0,"BD15 0JL",11.0,3.0,"MR","Male",1968.0,26.0,"26-35 years","Non-responder"
77.0,1.0,"£50-£100","1 Visit",1.0,77.0,"DA16 2HZ",8.0,2.0,"MR","Male",1968.0,26.0,"26-35 years","Non-responder"
52.0,1.0,"£50-£100","1 Visit",1.0,52.0,"TN29 9BL",28.0,6.0,"MR","Male",1968.0,26.0,"26-35 years","Non-responder"
87.0,1.0,"£50-£100","1 Visit",1.0,87.0,"WF 5 9RL",11.0,3.0,"MR","Male",1968.0,26.0,"26-35 years","Non-responder"
97.0,2.0,"£50-£100","2 Visits",2.0,97.0,"RG28 7EW",6.0,2.0,"MR","Male",1968.0,26.0,"26-35 years","Non-responder"
80.0,4.0,"£50-£100","4 Visits",4.0,80.0,"PR 1 8EX",29.0,6.0,"MR","Male",1968.0,26.0,"26-35 years","Non-responder"
86.0,10.0,"£50-£100","5 Or More Visits",10.0,86.0,"B 78 1PF",13.0,4.0,"MR","Male",1968.0,26.0,"26-35 years","Non-responder"
74.0,3.0,"£50-£100","3 Visits",3.0,74.0,"PO21 1JQ",29.0,6.0,"MR","Male",1968.0,26.0,"26-35 years","Non-responder"
73.0,1.0,"£50-£100","1 Visit",1.0,73.0,"WD 6 3QF",32.0,7.0,"MR","Male",1968.0,26.0,"26-35 years","Non-responder"
96.0,1.0,"£50-£100","1 Visit",1.0,96.0,"IP24 1PF",47.0,11.0,"MR","Male",1968.0,26.0,"26-35 years","Non-responder"
59.0,3.0,"£50-£100","3 Visits",3.0,59.0,"GU13 0YS",41.0,10.0,"MR","Male",1968.0,26.0,"26-35 years","Non-responder"
53.0,1.0,"£50-£100","1 Visit",1.0,53.0,"SY 3 0DR",39.0,9.0,"MR","Male",1968.0,26.0,"26-35 years","Non-responder"
63.0,3.0,"£50-£100","3 Visits",3.0,63.0,"N 13 6LD",41.0,10.0,"MR","Male",1968.0,26.0,"26-35 years","Non-responder"
60.0,2.0,"£50-£100","2 Visits",2.0,60.0,"RG11 1DA",32.0,7.0,"MR","Male",1968.0,26.0,"26-35 years","Non-responder"
93.0,3.0,"£50-£100","3 Visits",3.0,93.0,"SE 9 4LN",16.0,4.0,"MR","Male",1968.0,26.0,"26-35 years","Non-responder"
65.0,4.0,"£50-£100","4 Visits",4.0,65.0,"S 63 0RF",44.0,10.0,"MR","Male",1968.0,26.0,"26-35 years","Non-responder"
75.0,3.0,"£50-£100","3 Visits",3.0,75.0,"SW18 4BD",24.0,6.0,"MR","Male",1968.0,26.0,"26-35 years","Non-responder"
80.0,1.0,"£50-£100","1 Visit",1.0,80.0,"CT12 6SN",10.0,3.0,"MR","Male",1968.0,26.0,"26-35 years","Non-responder"
51.0,1.0,"£50-£100","1 Visit",1.0,51.0,"TR13 0SN",43.0,10.0,"MR","Male",1968.0,26.0,"26-35 years","Non-responder"
98.0,3.0,"£50-£100","3 Visits",3.0,98.0,"LE11 1RB",32.0,7.0,"MR","Male",1968.0,26.0,"26-35 years","Non-responder"
17.0,4.0,"Under £50","4 Visits",5.0,20.0,"TR 4 9BT",43.0,10.0,"MRS","Female",1967.0,27.0,"26-35 years","Responder"
99.0,5.0,"£50-£100","5 Or More Visits",7.0,126.0,"PL31 2NE",14.0,4.0,"MRS","Female",1967.0,27.0,"26-35 years","Responder"
58.0,3.0,"£50-£100","3 Visits",4.0,67.0,"SN 2 5LP",16.0,4.0,"MRS","Female",1967.0,27.0,"26-35 years","Responder"
155.0,7.0,"£150-£200","5 Or More Visits",8.0,174.0,"MK40 2BD",7.0,2.0,"MISS","Female",1967.0,27.0,"26-35 years","Responder"
50.0,1.0,"£50-£100","1 Visit",1.0,50.0,"PL20 6QP",28.0,6.0,"MRS","Female",1967.0,27.0,"26-35 years","Non-responder"
84.0,3.0,"£50-£100","3 Visits",3.0,84.0,"N 17 6XQ",24.0,6.0,"MRS","Female",1967.0,27.0,"26-35 years","Non-responder"
78.0,1.0,"£50-£100","1 Visit",1.0,78.0,"BS 9 2ND",16.0,4.0,"MRS","Female",1967.0,27.0,"26-35 years","Non-responder"
64.0,1.0,"£50-£100","1 Visit",1.0,64.0,"LE 9 6QX",44.0,10.0,"MRS","Female",1967.0,27.0,"26-35 years","Non-responder"
97.0,9.0,"£50-£100","5 Or More Visits",9.0,97.0,"TF 3 5DQ",43.0,10.0,"MRS","Female",1967.0,27.0,"26-35 years","Non-responder"
52.0,1.0,"£50-£100","1 Visit",1.0,52.0,"NW 2 1PJ",8.0,2.0,"MRS","Female",1967.0,27.0,"26-35 years","Non-responder"
91.0,1.0,"£50-£100","1 Visit",1.0,91.0,"SN 9 6LP",39.0,9.0,"MS","Female",1967.0,27.0,"26-35 years","Non-responder"
52.0,1.0,"£50-£100","1 Visit",1.0,52.0,"NW 6 6AD",33.0,8.0,"MISS","Female",1967.0,27.0,"26-35 years","Non-responder"
86.0,6.0,"£50-£100","5 Or More Visits",6.0,86.0,"S 10 1RA",29.0,6.0,"MS","Female",1967.0,27.0,"26-35 years","Non-responder"
90.0,2.0,"£50-£100","2 Visits",2.0,90.0,"LE17 4NT",13.0,4.0,"MRS","Female",1967.0,27.0,"26-35 years","Non-responder"
79.0,2.0,"£50-£100","2 Visits",2.0,79.0,"SM 1 4NF",7.0,2.0,"MRS","Female",1967.0,27.0,"26-35 years","Non-responder"
44.0,3.0,"Under £50","3 Visits",3.0,44.0,"OX15 4HA",42.0,10.0,"MISS","Female",1967.0,27.0,"26-35 years","Non-responder"
68.0,2.0,"£50-£100","2 Visits",2.0,68.0,"OL 8 4JA",12.0,3.0,"MRS","Female",1967.0,27.0,"26-35 years","Non-responder"
71.0,2.0,"£50-£100","2 Visits",2.0,71.0,"BD13 4LX",44.0,10.0,"MRS","Female",1967.0,27.0,"26-35 years","Non-responder"
56.0,1.0,"£50-£100","1 Visit",1.0,56.0,"IG11 7JB",23.0,5.0,"MISS","Female",1967.0,27.0,"26-35 years","Non-responder"
56.0,3.0,"£50-£100","3 Visits",4.0,62.0,"PO 2 0HF",29.0,6.0,"Mr","Male",1967.0,27.0,"26-35 years","Responder"
84.0,1.0,"£50-£100","1 Visit",2.0,99.0,"CV11 4QX",12.0,3.0,"MR","Male",1967.0,27.0,"26-35 years","Responder"
85.0,2.0,"£50-£100","2 Visits",3.0,114.0,"EN 8 9HT",8.0,2.0,"MR","Male",1967.0,27.0,"26-35 years","Responder"
94.0,5.0,"£50-£100","5 Or More Visits",6.0,105.0,"CV11 4NN",12.0,3.0,"MR","Male",1967.0,27.0,"26-35 years","Responder"
71.0,5.0,"£50-£100","5 Or More Visits",6.0,82.0,"SY16 1NN",11.0,3.0,"MR","Male",1967.0,27.0,"26-35 years","Responder"
71.0,5.0,"£50-£100","5 Or More Visits",12.0,110.0,"LU 4 9SZ",10.0,3.0,"MR","Male",1967.0,27.0,"26-35 years","Responder"
74.0,1.0,"£50-£100","1 Visit",2.0,117.0,"BS19 4HQ",44.0,10.0,"MR","Male",1967.0,27.0,"26-35 years","Responder"
77.0,6.0,"£50-£100","5 Or More Visits",10.0,0.0,"WA 8 0NB",15.0,4.0,"MR","Male",1967.0,27.0,"26-35 years","Responder"
69.0,2.0,"£50-£100","2 Visits",2.0,69.0,"PR 2 7EH",26.0,6.0,"MR","Male",1967.0,27.0,"26-35 years","Non-responder"
52.0,6.0,"£50-£100","5 Or More Visits",6.0,52.0,"EN 4 9DS",8.0,2.0,"MR","Male",1967.0,27.0,"26-35 years","Non-responder"
90.0,1.0,"£50-£100","1 Visit",1.0,90.0,"LE13 1QH",12.0,3.0,"MR","Male",1967.0,27.0,"26-35 years","Non-responder"
53.0,1.0,"£50-£100","1 Visit",1.0,53.0,"LE13 0TJ",42.0,10.0,"MR","Male",1967.0,27.0,"26-35 years","Non-responder"
71.0,1.0,"£50-£100","1 Visit",1.0,71.0,"SS16 4BW",30.0,7.0,"MR","Male",1967.0,27.0,"26-35 years","Non-responder"
57.0,1.0,"£50-£100","1 Visit",1.0,57.0,"SW 9 0LL",34.0,8.0,"MR","Male",1967.0,27.0,"26-35 years","Non-responder"
60.0,3.0,"£50-£100","3 Visits",3.0,60.0,"ST 3 6AQ",12.0,3.0,"MR","Male",1967.0,27.0,"26-35 years","Non-responder"
90.0,3.0,"£50-£100","3 Visits",3.0,90.0,"SG 8 5SS",17.0,4.0,"MR","Male",1967.0,27.0,"26-35 years","Non-responder"
80.0,7.0,"£50-£100","5 Or More Visits",7.0,80.0,"SS 2 4NX",29.0,6.0,"MR","Male",1967.0,27.0,"26-35 years","Non-responder"
85.0,5.0,"£50-£100","5 Or More Visits",5.0,85.0,"B 11 3DY",27.0,6.0,"MR","Male",1967.0,27.0,"26-35 years","Non-responder"
83.0,6.0,"£50-£100","5 Or More Visits",6.0,83.0,"PO 4 9AJ",29.0,6.0,"MR","Male",1967.0,27.0,"26-35 years","Non-responder"
73.0,2.0,"£50-£100","2 Visits",2.0,73.0,"SG 2 9PD",17.0,4.0,"MR","Male",1967.0,27.0,"26-35 years","Non-responder"
58.0,3.0,"£50-£100","3 Visits",3.0,58.0,"ST 1 3PL",12.0,3.0,"MR","Male",1967.0,27.0,"26-35 years","Non-responder"
82.0,1.0,"£50-£100","1 Visit",1.0,82.0,"CV 7 9BL",11.0,3.0,"MR","Male",1967.0,27.0,"26-35 years","Non-responder"
68.0,1.0,"£50-£100","1 Visit",1.0,68.0,"DN11 0PR",17.0,4.0,"MR","Male",1967.0,27.0,"26-35 years","Non-responder"
74.0,6.0,"£50-£100","5 Or More Visits",6.0,74.0,"DN 5 8AY",10.0,3.0,"MR","Male",1967.0,27.0,"26-35 years","Non-responder"
69.0,4.0,"£50-£100","4 Visits",4.0,69.0,"WS15 2HA",6.0,2.0,"MR","Male",1967.0,27.0,"26-35 years","Non-responder"
85.0,8.0,"£50-£100","5 Or More Visits",8.0,85.0,"WS15 2GD",11.0,3.0,"MR","Male",1967.0,27.0,"26-35 years","Non-responder"
83.0,3.0,"£50-£100","3 Visits",3.0,83.0,"W  9 1QQ",23.0,5.0,"MR","Male",1967.0,27.0,"26-35 years","Non-responder"
61.0,2.0,"£50-£100","2 Visits",2.0,61.0,"WN 7 4UG",42.0,10.0,"MR","Male",1967.0,27.0,"26-35 years","Non-responder"
53.0,2.0,"£50-£100","2 Visits",2.0,53.0,"WN 4 9EE",28.0,6.0,"MR","Male",1967.0,27.0,"26-35 years","Non-responder"
69.0,2.0,"£50-£100","2 Visits",2.0,69.0,"ST15 8SU",41.0,10.0,"MR","Male",1967.0,27.0,"26-35 years","Non-responder"
96.0,2.0,"£50-£100","2 Visits",2.0,96.0,"N  1 1BB",34.0,8.0,"MR","Male",1967.0,27.0,"26-35 years","Non-responder"
92.0,5.0,"£50-£100","5 Or More Visits",5.0,92.0,"CF 3 8PZ",16.0,4.0,"MR","Male",1967.0,27.0,"26-35 years","Non-responder"
62.0,3.0,"£50-£100","3 Visits",3.0,62.0,"NN 4 9EE",30.0,7.0,"MR","Male",1967.0,27.0,"26-35 years","Non-responder"
32.0,1.0,"Under £50","1 Visit",1.0,32.0,"WV 4 5QD",7.0,2.0,"MR","Male",1967.0,27.0,"26-35 years","Non-responder"
93.0,2.0,"£50-£100","2 Visits",2.0,93.0,"NN13 6HY",2.0,1.0,"MR","Male",1967.0,27.0,"26-35 years","Non-responder"
57.0,1.0,"£50-£100","1 Visit",1.0,57.0,"WD 3 2PU",7.0,2.0,"MR","Male",1967.0,27.0,"26-35 years","Non-responder"
78.0,7.0,"£50-£100","5 Or More Visits",7.0,78.0,"ME10 1EB",30.0,7.0,"MR","Male",1967.0,27.0,"26-35 years","Non-responder"
70.0,1.0,"£50-£100","1 Visit",1.0,70.0,"TW 8 0NX",24.0,6.0,"MR","Male",1967.0,27.0,"26-35 years","Non-responder"
161.0,10.0,"£150-£200","5 Or More Visits",11.0,182.0,"NE 2 2JY",36.0,8.0,"Miss","Female",1966.0,28.0,"26-35 years","Responder"
56.0,1.0,"£50-£100","1 Visit",3.0,50.0,"DN11 0XX",2.0,1.0,"MRS","Female",1966.0,28.0,"26-35 years","Responder"
88.0,5.0,"£50-£100","5 Or More Visits",6.0,99.0,"SG 2 9JZ",14.0,4.0,"MISS","Female",1966.0,28.0,"26-35 years","Responder"
100.0,19.0,"£50-£100","5 Or More Visits",23.0,197.0,"MK45 3LQ",43.0,10.0,"MRS","Female",1966.0,28.0,"26-35 years","Responder"
36.0,2.0,"Under £50","2 Visits",3.0,42.0,"CV22 6JY",6.0,2.0,"MISS","Female",1966.0,28.0,"26-35 years","Responder"
75.0,3.0,"£50-£100","3 Visits",4.0,80.0,"DN16 2HG",15.0,4.0,"MISS","Female",1966.0,28.0,"26-35 years","Responder"
87.0,3.0,"£50-£100","3 Visits",5.0,93.0,"PE 1 5LP",8.0,2.0,"MRS","Female",1966.0,28.0,"26-35 years","Responder"
265.0,16.0,"£200-£300","5 Or More Visits",16.0,265.0,"DY10 2YS",11.0,3.0,"Mrs","Female",1966.0,28.0,"26-35 years","Non-responder"
85.0,3.0,"£50-£100","3 Visits",3.0,85.0,"SY 1 2JQ",29.0,6.0,"MS","Female",1966.0,28.0,"26-35 years","Non-responder"
59.0,3.0,"£50-£100","3 Visits",3.0,59.0,"SW19 1EW",36.0,8.0,"MS","Female",1966.0,28.0,"26-35 years","Non-responder"
78.0,6.0,"£50-£100","5 Or More Visits",6.0,78.0,"SG 4 7BB",31.0,7.0,"MRS","Female",1966.0,28.0,"26-35 years","Non-responder"
60.0,1.0,"£50-£100","1 Visit",1.0,60.0,"TS 6 0LP",11.0,3.0,"MISS","Female",1966.0,28.0,"26-35 years","Non-responder"
104.0,4.0,"£100-£150","4 Visits",4.0,104.0,"CV10 9HZ",11.0,3.0,"MRS","Female",1966.0,28.0,"26-35 years","Non-responder"
51.0,4.0,"£50-£100","4 Visits",4.0,51.0,"NG 6 0DS",26.0,6.0,"MRS","Female",1966.0,28.0,"26-35 years","Non-responder"
71.0,1.0,"£50-£100","1 Visit",1.0,71.0,"SK 3 9LS",29.0,6.0,"MISS","Female",1966.0,28.0,"26-35 years","Non-responder"
95.0,1.0,"£50-£100","1 Visit",1.0,95.0,"NE32 4TY",44.0,10.0,"MISS","Female",1966.0,28.0,"26-35 years","Non-responder"
66.0,1.0,"£50-£100","1 Visit",1.0,66.0,"LL29 9SU",31.0,7.0,"MRS","Female",1966.0,28.0,"26-35 years","Non-responder"
60.0,1.0,"£50-£100","1 Visit",1.0,60.0,"N  7 9DD",15.0,4.0,"MRS","Female",1966.0,28.0,"26-35 years","Non-responder"
95.0,1.0,"£50-£100","1 Visit",1.0,95.0,"WS 2 9PZ",13.0,4.0,"MRS","Female",1966.0,28.0,"26-35 years","Non-responder"
77.0,4.0,"£50-£100","4 Visits",4.0,77.0,"DH 4 6LZ",44.0,10.0,"MISS","Female",1966.0,28.0,"26-35 years","Non-responder"
76.0,1.0,"£50-£100","1 Visit",1.0,76.0,"SK 8 3JR",8.0,2.0,"MRS","Female",1966.0,28.0,"26-35 years","Non-responder"
51.0,6.0,"£50-£100","5 Or More Visits",6.0,51.0,"LU 4 9LA",11.0,3.0,"MRS","Female",1966.0,28.0,"26-35 years","Non-responder"
89.0,1.0,"£50-£100","1 Visit",1.0,89.0,"AL 5 3PA",1.0,1.0,"MRS","Female",1966.0,28.0,"26-35 years","Non-responder"
66.0,1.0,"£50-£100","1 Visit",1.0,66.0,"E  3 4PA",36.0,8.0,"MISS","Female",1966.0,28.0,"26-35 years","Non-responder"
56.0,4.0,"£50-£100","4 Visits",6.0,146.0,"NP 9 0HQ",12.0,3.0,"MR","Male",1966.0,28.0,"26-35 years","Responder"
69.0,3.0,"£50-£100","3 Visits",4.0,75.0,"B 60 3LG",17.0,4.0,"MR","Male",1966.0,28.0,"26-35 years","Responder"
98.0,4.0,"£50-£100","4 Visits",7.0,137.0,"SG14 2EH",7.0,2.0,"MR","Male",1966.0,28.0,"26-35 years","Responder"
23.0,2.0,"Under £50","2 Visits",2.0,23.0,"W  5 1NN",36.0,8.0,"MR","Male",1966.0,28.0,"26-35 years","Non-responder"
0.0,0.0,"Under £50","No Visits",0.0,0.0,"LN 2 4HD",17.0,4.0,"MR","Male",1966.0,28.0,"26-35 years","Non-responder"
65.0,1.0,"£50-£100","1 Visit",1.0,65.0,"S 60 3PB",31.0,7.0,"MR","Male",1966.0,28.0,"26-35 years","Non-responder"
84.0,3.0,"£50-£100","3 Visits",3.0,84.0,"SG 4 8AT",47.0,11.0,"MR","Male",1966.0,28.0,"26-35 years","Non-responder"
52.0,1.0,"£50-£100","1 Visit",1.0,52.0,"CO12 5EQ",6.0,2.0,"MR","Male",1966.0,28.0,"26-35 years","Non-responder"
92.0,4.0,"£50-£100","4 Visits",4.0,92.0,"PE 2 5QX",17.0,4.0,"MR","Male",1966.0,28.0,"26-35 years","Non-responder"
87.0,2.0,"£50-£100","2 Visits",2.0,87.0,"OX13 6PU",47.0,11.0,"MR","Male",1966.0,28.0,"26-35 years","Non-responder"
55.0,7.0,"£50-£100","5 Or More Visits",7.0,55.0,"DN15 8JG",10.0,3.0,"MR","Male",1966.0,28.0,"26-35 years","Non-responder"
80.0,1.0,"£50-£100","1 Visit",1.0,80.0,"SL 1 9HL",43.0,10.0,"MR","Male",1966.0,28.0,"26-35 years","Non-responder"
89.0,1.0,"£50-£100","1 Visit",1.0,89.0,"DN10 4BL",6.0,2.0,"MR","Male",1966.0,28.0,"26-35 years","Non-responder"
111.0,2.0,"£100-£150","2 Visits",2.0,111.0,"B 36 0RH",11.0,3.0,"MR","Male",1966.0,28.0,"26-35 years","Non-responder"
82.0,4.0,"£50-£100","4 Visits",4.0,82.0,"RG 3 1DB",29.0,6.0,"MR","Male",1966.0,28.0,"26-35 years","Non-responder"
78.0,2.0,"£50-£100","2 Visits",2.0,78.0,"NE29 8PP",15.0,4.0,"MR","Male",1966.0,28.0,"26-35 years","Non-responder"
88.0,2.0,"£50-£100","2 Visits",2.0,88.0,"OL11 2RP",17.0,4.0,"MR","Male",1966.0,28.0,"26-35 years","Non-responder"
52.0,1.0,"£50-£100","1 Visit",1.0,52.0,"NW 2 1DG",16.0,4.0,"MR","Male",1966.0,28.0,"26-35 years","Non-responder"
50.0,1.0,"£50-£100","1 Visit",1.0,50.0,"WA 5 5RY",2.0,1.0,"MR","Male",1966.0,28.0,"26-35 years","Non-responder"
65.0,4.0,"£50-£100","4 Visits",4.0,65.0,"PE 2 9LW",43.0,10.0,"MR","Male",1966.0,28.0,"26-35 years","Non-responder"
80.0,1.0,"£50-£100","1 Visit",1.0,80.0,"PE12 6AX",6.0,2.0,"MR","Male",1966.0,28.0,"26-35 years","Non-responder"
71.0,5.0,"£50-£100","5 Or More Visits",5.0,71.0,"PE 2 7WE",2.0,1.0,"MR","Male",1966.0,28.0,"26-35 years","Non-responder"
75.0,3.0,"£50-£100","3 Visits",3.0,75.0,"CF 2 1QZ",29.0,6.0,"MR","Male",1966.0,28.0,"26-35 years","Non-responder"
65.0,3.0,"£50-£100","3 Visits",3.0,65.0,"SL 6 4DY",11.0,3.0,"MR","Male",1966.0,28.0,"26-35 years","Non-responder"
57.0,1.0,"£50-£100","1 Visit",1.0,57.0,"NR30 3DG",28.0,6.0,"MR","Male",1966.0,28.0,"26-35 years","Non-responder"
60.0,1.0,"£50-£100","1 Visit",1.0,60.0,"TW12 1LG",7.0,2.0,"MR","Male",1966.0,28.0,"26-35 years","Non-responder"
90.0,1.0,"£50-£100","1 Visit",1.0,90.0,"SA 2 9DF",7.0,2.0,"MR","Male",1966.0,28.0,"26-35 years","Non-responder"
71.0,2.0,"£50-£100","2 Visits",2.0,71.0,"UB 9 6EZ",31.0,7.0,"MR","Male",1966.0,28.0,"26-35 years","Non-responder"
357.0,18.0,"£300-£500","5 Or More Visits",22.0,390.0,"TN36 4BG",6.0,2.0,"Mrs","Female",1965.0,29.0,"26-35 years","Responder"
281.0,20.0,"£200-£300","5 Or More Visits",24.0,343.0,"SE 7 8AA",24.0,6.0,"Ms","Female",1965.0,29.0,"26-35 years","Responder"
76.0,2.0,"£50-£100","2 Visits",3.0,83.0,"N 20 0HB",7.0,2.0,"MISS","Female",1965.0,29.0,"26-35 years","Responder"
70.0,3.0,"£50-£100","3 Visits",5.0,74.0,"L 43 4TX",24.0,6.0,"MRS","Female",1965.0,29.0,"26-35 years","Responder"
85.0,1.0,"£50-£100","1 Visit",2.0,98.0,"WV16 6SN",50.0,11.0,"MRS","Female",1965.0,29.0,"26-35 years","Responder"
105.0,4.0,"£100-£150","4 Visits",5.0,108.0,"WA10 2NW",12.0,3.0,"MISS","Female",1965.0,29.0,"26-35 years","Responder"
69.0,2.0,"£50-£100","2 Visits",2.0,69.0,"DY 5 2HS",10.0,3.0,"MRS","Female",1965.0,29.0,"26-35 years","Non-responder"
183.0,13.0,"£150-£200","5 Or More Visits",13.0,183.0,"NN14 2NX",10.0,3.0,"Mrs","Female",1965.0,29.0,"26-35 years","Non-responder"
60.0,2.0,"£50-£100","2 Visits",2.0,60.0,"PE12 9TY",48.0,11.0,"MRS","Female",1965.0,29.0,"26-35 years","Non-responder"
68.0,2.0,"£50-£100","2 Visits",2.0,68.0,"CR 0 0JT",18.0,5.0,"MISS","Female",1965.0,29.0,"26-35 years","Non-responder"
94.0,4.0,"£50-£100","4 Visits",4.0,94.0,"BL 8 4BJ",11.0,3.0,"MISS","Female",1965.0,29.0,"26-35 years","Non-responder"
32.0,2.0,"Under £50","2 Visits",2.0,32.0,"WF17 8QD",11.0,3.0,"MRS","Female",1965.0,29.0,"26-35 years","Non-responder"
52.0,2.0,"£50-£100","2 Visits",2.0,52.0,"SG 1 4TE",2.0,1.0,"MRS","Female",1965.0,29.0,"26-35 years","Non-responder"
69.0,3.0,"£50-£100","3 Visits",3.0,69.0,"DN12 2NG",14.0,4.0,"MRS","Female",1965.0,29.0,"26-35 years","Non-responder"
78.0,4.0,"£50-£100","4 Visits",4.0,78.0,"LS18 5DA",29.0,6.0,"MISS","Female",1965.0,29.0,"26-35 years","Non-responder"
79.0,1.0,"£50-£100","1 Visit",1.0,79.0,"B 46 1EP",10.0,3.0,"MRS","Female",1965.0,29.0,"26-35 years","Non-responder"
86.0,9.0,"£50-£100","5 Or More Visits",9.0,86.0,"B 24 9NW",37.0,9.0,"MRS","Female",1965.0,29.0,"26-35 years","Non-responder"
34.0,1.0,"Under £50","1 Visit",1.0,34.0,"GU17 0JB",43.0,10.0,"MRS","Female",1965.0,29.0,"26-35 years","Non-responder"
64.0,2.0,"£50-£100","2 Visits",2.0,64.0,"SK13 8NW",20.0,5.0,"MRS","Female",1965.0,29.0,"26-35 years","Non-responder"
92.0,3.0,"£50-£100","3 Visits",3.0,92.0,"MK40 2SE",32.0,7.0,"MS","Female",1965.0,29.0,"26-35 years","Non-responder"
87.0,13.0,"£50-£100","5 Or More Visits",13.0,87.0,"TF 3 5DW",44.0,10.0,"MRS","Female",1965.0,29.0,"26-35 years","Non-responder"
71.0,2.0,"£50-£100","2 Visits",2.0,71.0,"SA13 2HL",12.0,3.0,"MRS","Female",1965.0,29.0,"26-35 years","Non-responder"
90.0,6.0,"£50-£100","5 Or More Visits",6.0,90.0,"NN 4 0SX",43.0,10.0,"MRS","Female",1965.0,29.0,"26-35 years","Non-responder"
219.0,11.0,"£200-£300","5 Or More Visits",14.0,300.0,"WS15 4TE",43.0,10.0,"MR","Male",1965.0,29.0,"26-35 years","Responder"
73.0,12.0,"£50-£100","5 Or More Visits",13.0,79.0,"TQ 4 7AL",6.0,2.0,"MR","Male",1965.0,29.0,"26-35 years","Responder"
82.0,9.0,"£50-£100","5 Or More Visits",11.0,111.0,"BS10 7AY",15.0,4.0,"MR","Male",1965.0,29.0,"26-35 years","Responder"
53.0,2.0,"£50-£100","2 Visits",4.0,69.0,"WD 6 4PE",30.0,7.0,"MR","Male",1965.0,29.0,"26-35 years","Responder"
55.0,7.0,"£50-£100","5 Or More Visits",11.0,115.0,"PL31 1AL",31.0,7.0,"MR","Male",1965.0,29.0,"26-35 years","Responder"
36.0,4.0,"Under £50","4 Visits",6.0,49.0,"TF 3 1TY",12.0,3.0,"MR","Male",1965.0,29.0,"26-35 years","Responder"
83.0,3.0,"£50-£100","3 Visits",6.0,119.0,"NR31 9UF",2.0,1.0,"MR","Male",1965.0,29.0,"26-35 years","Responder"
97.0,2.0,"£50-£100","2 Visits",2.0,97.0,"DA 2 6AF",8.0,2.0,"MR","Male",1965.0,29.0,"26-35 years","Non-responder"
54.0,5.0,"£50-£100","5 Or More Visits",5.0,54.0,"IG 8 7DN",30.0,7.0,"MR","Male",1965.0,29.0,"26-35 years","Non-responder"
109.0,14.0,"£100-£150","5 Or More Visits",14.0,109.0,"LS19 7PF",11.0,3.0,"Mr","Male",1965.0,29.0,"26-35 years","Non-responder"
84.0,5.0,"£50-£100","5 Or More Visits",5.0,84.0,"SA 5 5JB",16.0,4.0,"MR","Male",1965.0,29.0,"26-35 years","Non-responder"
53.0,2.0,"£50-£100","2 Visits",2.0,53.0,"N  7 0JE",33.0,8.0,"MR","Male",1965.0,29.0,"26-35 years","Non-responder"
54.0,1.0,"£50-£100","1 Visit",1.0,54.0,"SE 9 5NA",16.0,4.0,"MR","Male",1965.0,29.0,"26-35 years","Non-responder"
101.0,7.0,"£100-£150","5 Or More Visits",7.0,101.0,"WS 9 9EU",11.0,3.0,"MR","Male",1965.0,29.0,"26-35 years","Non-responder"
61.0,3.0,"£50-£100","3 Visits",3.0,61.0,"LE13 0EN",44.0,10.0,"MR","Male",1965.0,29.0,"26-35 years","Non-responder"
56.0,2.0,"£50-£100","2 Visits",2.0,56.0,"KT 8 1RE",7.0,2.0,"MR","Male",1965.0,29.0,"26-35 years","Non-responder"
86.0,5.0,"£50-£100","5 Or More Visits",5.0,86.0,"RG28 7LQ",6.0,2.0,"MR","Male",1965.0,29.0,"26-35 years","Non-responder"
57.0,2.0,"£50-£100","2 Visits",2.0,57.0,"SP10 4DZ",30.0,7.0,"MR","Male",1965.0,29.0,"26-35 years","Non-responder"
51.0,2.0,"£50-£100","2 Visits",2.0,51.0,"BA11 2US",44.0,10.0,"MR","Male",1965.0,29.0,"26-35 years","Non-responder"
59.0,4.0,"£50-£100","4 Visits",4.0,59.0,"OX14 3SR",3.0,1.0,"MR","Male",1965.0,29.0,"26-35 years","Non-responder"
90.0,4.0,"£50-£100","4 Visits",4.0,90.0,"RG 3 4LS",44.0,10.0,"MR","Male",1965.0,29.0,"26-35 years","Non-responder"
83.0,5.0,"£50-£100","5 Or More Visits",5.0,83.0,"SA62 3HF",31.0,7.0,"MR","Male",1965.0,29.0,"26-35 years","Non-responder"
57.0,1.0,"£50-£100","1 Visit",1.0,57.0,"LS25 1NE",39.0,9.0,"MR","Male",1965.0,29.0,"26-35 years","Non-responder"
52.0,1.0,"£50-£100","1 Visit",1.0,52.0,"BL 8 2DD",3.0,1.0,"MR","Male",1965.0,29.0,"26-35 years","Non-responder"
83.0,4.0,"£50-£100","4 Visits",4.0,83.0,"HA 9 9XF",18.0,5.0,"MR","Male",1965.0,29.0,"26-35 years","Non-responder"
70.0,1.0,"£50-£100","1 Visit",1.0,70.0,"LL24 0BS",7.0,2.0,"MR","Male",1965.0,29.0,"26-35 years","Non-responder"
61.0,2.0,"£50-£100","2 Visits",2.0,61.0,"DN21 3TL",5.0,1.0,"MR","Male",1965.0,29.0,"26-35 years","Non-responder"
54.0,1.0,"£50-£100","1 Visit",1.0,54.0,"PR 4 5ZJ",3.0,1.0,"MR","Male",1965.0,29.0,"26-35 years","Non-responder"
72.0,3.0,"£50-£100","3 Visits",3.0,72.0,"S 43 2NN",13.0,4.0,"MR","Male",1965.0,29.0,"26-35 years","Non-responder"
65.0,2.0,"£50-£100","2 Visits",2.0,65.0,"CV 6 4JE",12.0,3.0,"MR","Male",1965.0,29.0,"26-35 years","Non-responder"
63.0,3.0,"£50-£100","3 Visits",3.0,63.0,"HA 8 8LY",1.0,1.0,"MR","Male",1965.0,29.0,"26-35 years","Non-responder"
119.0,4.0,"£100-£150","4 Visits",4.0,119.0,"WS12 4SH",44.0,10.0,"MR","Male",1965.0,29.0,"26-35 years","Non-responder"
75.0,1.0,"£50-£100","1 Visit",1.0,75.0,"ST15 0JA",12.0,3.0,"MR","Male",1965.0,29.0,"26-35 years","Non-responder"
62.0,3.0,"£50-£100","3 Visits",3.0,62.0,"HU 9 1HU",29.0,6.0,"MR","Male",1965.0,29.0,"26-35 years","Non-responder"
69.0,1.0,"£50-£100","1 Visit",1.0,69.0,"CR 0 4LR",7.0,2.0,"MR","Male",1965.0,29.0,"26-35 years","Non-responder"
69.0,7.0,"£50-£100","5 Or More Visits",7.0,69.0,"W  3 9RY",36.0,8.0,"MR","Male",1965.0,29.0,"26-35 years","Non-responder"
93.0,1.0,"£50-£100","1 Visit",1.0,93.0,"BD13 1AQ",29.0,6.0,"MR","Male",1965.0,29.0,"26-35 years","Non-responder"
75.0,1.0,"£50-£100","1 Visit",1.0,75.0,"SS15 6DZ",26.0,6.0,"MR","Male",1965.0,29.0,"26-35 years","Non-responder"
60.0,2.0,"£50-£100","2 Visits",2.0,60.0,"TR16 4LL",31.0,7.0,"MR","Male",1965.0,29.0,"26-35 years","Non-responder"
70.0,1.0,"£50-£100","1 Visit",1.0,70.0,"PL17 7EA",11.0,3.0,"MR","Male",1965.0,29.0,"26-35 years","Non-responder"
146.0,12.0,"£100-£150","5 Or More Visits",16.0,235.0,"LE17 4NS",13.0,4.0,"Miss","Female",1964.0,30.0,"26-35 years","Responder"
57.0,4.0,"£50-£100","4 Visits",5.0,74.0,"PE31 7DJ",6.0,2.0,"MRS","Female",1964.0,30.0,"26-35 years","Responder"
64.0,3.0,"£50-£100","3 Visits",4.0,87.0,"SA68 0SA",50.0,11.0,"MRS","Female",1964.0,30.0,"26-35 years","Responder"
76.0,2.0,"£50-£100","2 Visits",5.0,102.0,"SO 4 2JG",2.0,1.0,"MISS","Female",1964.0,30.0,"26-35 years","Responder"
6.0,1.0,"Under £50","1 Visit",2.0,33.0,"KT20 5LE",30.0,7.0,"MISS","Female",1964.0,30.0,"26-35 years","Responder"
99.0,8.0,"£50-£100","5 Or More Visits",14.0,160.0,"LE 3 3FR",10.0,3.0,"MISS","Female",1964.0,30.0,"26-35 years","Responder"
60.0,1.0,"£50-£100","1 Visit",5.0,155.0,"DN12 1NW",13.0,4.0,"MRS","Female",1964.0,30.0,"26-35 years","Responder"
126.0,11.0,"£100-£150","5 Or More Visits",11.0,126.0,"PO 1 5LN",29.0,6.0,"MRS","Female",1964.0,30.0,"26-35 years","Non-responder"
54.0,6.0,"£50-£100","5 Or More Visits",6.0,54.0,"SS 2 5PR",8.0,2.0,"MISS","Female",1964.0,30.0,"26-35 years","Non-responder"
94.0,1.0,"£50-£100","1 Visit",1.0,94.0,"DY 5 3NA",13.0,4.0,"MRS","Female",1964.0,30.0,"26-35 years","Non-responder"
72.0,6.0,"£50-£100","5 Or More Visits",6.0,72.0,"BA11 3DP",11.0,3.0,"MRS","Female",1964.0,30.0,"26-35 years","Non-responder"
61.0,1.0,"£50-£100","1 Visit",1.0,61.0,"BA12 6HW",31.0,7.0,"MISS","Female",1964.0,30.0,"26-35 years","Non-responder"
68.0,4.0,"£50-£100","4 Visits",4.0,68.0,"SE23 3RT",34.0,8.0,"MISS","Female",1964.0,30.0,"26-35 years","Non-responder"
54.0,1.0,"£50-£100","1 Visit",1.0,54.0,"CB 1 3NS",7.0,2.0,"MRS","Female",1964.0,30.0,"26-35 years","Non-responder"
75.0,1.0,"£50-£100","1 Visit",1.0,75.0,"PR 5 2XY",9.0,3.0,"MS","Female",1964.0,30.0,"26-35 years","Non-responder"
40.0,3.0,"Under £50","3 Visits",3.0,40.0,"SY 3 7NY",29.0,6.0,"MISS","Female",1964.0,30.0,"26-35 years","Non-responder"
58.0,1.0,"£50-£100","1 Visit",1.0,58.0,"ST18 9JA",3.0,1.0,"MISS","Female",1964.0,30.0,"26-35 years","Non-responder"
56.0,1.0,"£50-£100","1 Visit",1.0,56.0,"NW 8 9HE",24.0,6.0,"MRS","Female",1964.0,30.0,"26-35 years","Non-responder"
69.0,2.0,"£50-£100","2 Visits",2.0,69.0,"W  9 2PU",34.0,8.0,"MRS","Female",1964.0,30.0,"26-35 years","Non-responder"
63.0,1.0,"£50-£100","1 Visit",1.0,63.0,"SN 6 8ET",7.0,2.0,"MRS","Female",1964.0,30.0,"26-35 years","Non-responder"
60.0,1.0,"£50-£100","1 Visit",1.0,60.0,"WN 2 3JJ",44.0,10.0,"MRS","Female",1964.0,30.0,"26-35 years","Non-responder"
88.0,3.0,"£50-£100","3 Visits",3.0,88.0,"WS14 9SS",43.0,10.0,"MRS","Female",1964.0,30.0,"26-35 years","Non-responder"
59.0,1.0,"£50-£100","1 Visit",1.0,59.0,"KT10 8AZ",7.0,2.0,"MISS","Female",1964.0,30.0,"26-35 years","Non-responder"
80.0,2.0,"£50-£100","2 Visits",2.0,80.0,"W 13 8LB",36.0,8.0,"MRS","Female",1964.0,30.0,"26-35 years","Non-responder"
66.0,6.0,"£50-£100","5 Or More Visits",6.0,66.0,"SA10 7HF",15.0,4.0,"MRS","Female",1964.0,30.0,"26-35 years","Non-responder"
82.0,4.0,"£50-£100","4 Visits",4.0,82.0,"SK14 5NS",20.0,5.0,"MRS","Female",1964.0,30.0,"26-35 years","Non-responder"
54.0,1.0,"£50-£100","1 Visit",1.0,54.0,"BS21 5BP",44.0,10.0,"MRS","Female",1964.0,30.0,"26-35 years","Non-responder"
81.0,2.0,"£50-£100","2 Visits",2.0,81.0,"B 90 2AH",8.0,2.0,"MRS","Female",1964.0,30.0,"26-35 years","Non-responder"
60.0,2.0,"£50-£100","2 Visits",2.0,60.0,"DN 5 7PF",6.0,2.0,"MRS","Female",1964.0,30.0,"26-35 years","Non-responder"
367.0,28.0,"£300-£500","5 Or More Visits",37.0,468.0,"CV21 1NE",9.0,3.0,"Mr","Male",1964.0,30.0,"26-35 years","Responder"
441.0,18.0,"£300-£500","5 Or More Visits",19.0,457.0,"NR18 0QR",39.0,9.0,"Mr","Male",1964.0,30.0,"26-35 years","Responder"
61.0,11.0,"£50-£100","5 Or More Visits",16.0,76.0,"TQ 3 3TS",16.0,4.0,"Mr","Male",1964.0,30.0,"26-35 years","Responder"
69.0,5.0,"£50-£100","5 Or More Visits",10.0,180.0,"SA12 7LP",11.0,3.0,"MR","Male",1964.0,30.0,"26-35 years","Responder"
72.0,9.0,"£50-£100","5 Or More Visits",12.0,105.0,"NG10 4QY",29.0,6.0,"MR","Male",1964.0,30.0,"26-35 years","Responder"
96.0,4.0,"£50-£100","4 Visits",11.0,342.0,"NR 7 8DJ",41.0,10.0,"MR","Male",1964.0,30.0,"26-35 years","Responder"
87.0,7.0,"£50-£100","5 Or More Visits",8.0,113.0,"WS 9 8XL",3.0,1.0,"MR","Male",1964.0,30.0,"26-35 years","Responder"
27.0,2.0,"Under £50","2 Visits",3.0,35.0,"WF 6 1PE",44.0,10.0,"MR","Male",1964.0,30.0,"26-35 years","Responder"
71.0,5.0,"£50-£100","5 Or More Visits",11.0,139.0,"WS 2 7JD",12.0,3.0,"MR","Male",1964.0,30.0,"26-35 years","Responder"
81.0,2.0,"£50-£100","2 Visits",3.0,115.0,"NR31 8RA",18.0,5.0,"MR","Male",1964.0,30.0,"26-35 years","Responder"
154.0,5.0,"£150-£200","5 Or More Visits",7.0,166.0,"CR 0 2SF",34.0,8.0,"MR","Male",1964.0,30.0,"26-35 years","Responder"
50.0,1.0,"£50-£100","1 Visit",2.0,79.0,"W  5 2SJ",34.0,8.0,"MR","Male",1964.0,30.0,"26-35 years","Responder"
70.0,9.0,"£50-£100","5 Or More Visits",9.0,70.0,"CV21 1QP",44.0,10.0,"MR","Male",1964.0,30.0,"26-35 years","Non-responder"
522.0,17.0,"Over £500","5 Or More Visits",17.0,522.0,"KT12 4QZ",11.0,3.0,"Mr","Male",1964.0,30.0,"26-35 years","Non-responder"
153.0,4.0,"£150-£200","4 Visits",4.0,153.0,"TF 7 4BY",17.0,4.0,"Mr","Male",1964.0,30.0,"26-35 years","Non-responder"
76.0,5.0,"£50-£100","5 Or More Visits",5.0,76.0,"BB 2 2NS",12.0,3.0,"Mr","Male",1964.0,30.0,"26-35 years","Non-responder"
64.0,1.0,"£50-£100","1 Visit",1.0,64.0,"MK45 3JS",2.0,1.0,"MR","Male",1964.0,30.0,"26-35 years","Non-responder"
54.0,2.0,"£50-£100","2 Visits",2.0,54.0,"RH19 1NX",3.0,1.0,"MR","Male",1964.0,30.0,"26-35 years","Non-responder"
51.0,1.0,"£50-£100","1 Visit",1.0,51.0,"CF 8 3JF",43.0,10.0,"MR","Male",1964.0,30.0,"26-35 years","Non-responder"
80.0,1.0,"£50-£100","1 Visit",1.0,80.0,"RM14 2AA",7.0,2.0,"MR","Male",1964.0,30.0,"26-35 years","Non-responder"
60.0,1.0,"£50-£100","1 Visit",1.0,60.0,"CF 3 9LX",15.0,4.0,"MR","Male",1964.0,30.0,"26-35 years","Non-responder"
67.0,1.0,"£50-£100","1 Visit",1.0,67.0,"BN41 1GR",29.0,6.0,"MR","Male",1964.0,30.0,"26-35 years","Non-responder"
67.0,3.0,"£50-£100","3 Visits",3.0,67.0,"BN42 4LF",8.0,2.0,"MR","Male",1964.0,30.0,"26-35 years","Non-responder"
56.0,3.0,"£50-£100","3 Visits",3.0,56.0,"NP 9 9DS",26.0,6.0,"MR","Male",1964.0,30.0,"26-35 years","Non-responder"
64.0,2.0,"£50-£100","2 Visits",2.0,64.0,"SE12 9JG",30.0,7.0,"MR","Male",1964.0,30.0,"26-35 years","Non-responder"
70.0,1.0,"£50-£100","1 Visit",1.0,70.0,"NN 7 4SG",47.0,11.0,"MR","Male",1964.0,30.0,"26-35 years","Non-responder"
69.0,1.0,"£50-£100","1 Visit",1.0,69.0,"YO 7 1UD",41.0,10.0,"MR","Male",1964.0,30.0,"26-35 years","Non-responder"
86.0,1.0,"£50-£100","1 Visit",1.0,86.0,"DE 3 5ED",9.0,3.0,"MR","Male",1964.0,30.0,"26-35 years","Non-responder"
59.0,5.0,"£50-£100","5 Or More Visits",5.0,59.0,"LE 9 6QP",11.0,3.0,"MR","Male",1964.0,30.0,"26-35 years","Non-responder"
0.0,0.0,"Under £50","No Visits",0.0,0.0,"DN15 8JZ",13.0,4.0,"MR","Male",1964.0,30.0,"26-35 years","Non-responder"
69.0,2.0,"£50-£100","2 Visits",2.0,69.0,"OL 2 6EF",10.0,3.0,"MR","Male",1964.0,30.0,"26-35 years","Non-responder"
69.0,2.0,"£50-£100","2 Visits",2.0,69.0,"DL 5 7BG",17.0,4.0,"MR","Male",1964.0,30.0,"26-35 years","Non-responder"
57.0,3.0,"£50-£100","3 Visits",3.0,57.0,"SK14 5JB",8.0,2.0,"MR","Male",1964.0,30.0,"26-35 years","Non-responder"
79.0,1.0,"£50-£100","1 Visit",1.0,79.0,"KT 4 8PA",8.0,2.0,"MR","Male",1964.0,30.0,"26-35 years","Non-responder"
72.0,3.0,"£50-£100","3 Visits",3.0,72.0,"WN 2 3JL",44.0,10.0,"MR","Male",1964.0,30.0,"26-35 years","Non-responder"
86.0,1.0,"£50-£100","1 Visit",1.0,86.0,"SY23 1RG",37.0,9.0,"MR","Male",1964.0,30.0,"26-35 years","Non-responder"
79.0,2.0,"£50-£100","2 Visits",2.0,79.0,"TF10 7PT",31.0,7.0,"MR","Male",1964.0,30.0,"26-35 years","Non-responder"
75.0,1.0,"£50-£100","1 Visit",1.0,75.0,"LS 6 4LZ",7.0,2.0,"MR","Male",1964.0,30.0,"26-35 years","Non-responder"
51.0,4.0,"£50-£100","4 Visits",4.0,51.0,"WS 1 2BE",8.0,2.0,"MR","Male",1964.0,30.0,"26-35 years","Non-responder"
99.0,4.0,"£50-£100","4 Visits",4.0,99.0,"WV10 9BX",17.0,4.0,"MR","Male",1964.0,30.0,"26-35 years","Non-responder"
61.0,1.0,"£50-£100","1 Visit",1.0,61.0,"DA17 5PH",39.0,9.0,"MR","Male",1964.0,30.0,"26-35 years","Non-responder"
65.0,1.0,"£50-£100","1 Visit",1.0,65.0,"ME10 1TS",11.0,3.0,"MR","Male",1964.0,30.0,"26-35 years","Non-responder"
131.0,10.0,"£100-£150","5 Or More Visits",13.0,164.0,"OX10 9QY",8.0,2.0,"Miss","Female",1963.0,31.0,"26-35 years","Responder"
96.0,2.0,"£50-£100","2 Visits",3.0,121.0,"S 60 5JJ",44.0,10.0,"MRS","Female",1963.0,31.0,"26-35 years","Responder"
61.0,1.0,"£50-£100","1 Visit",5.0,142.0,"HX 1 2YZ",30.0,7.0,"MS","Female",1963.0,31.0,"26-35 years","Responder"
77.0,2.0,"£50-£100","2 Visits",3.0,87.0,"SG 1 5EE",30.0,7.0,"MRS","Female",1963.0,31.0,"26-35 years","Responder"
54.0,3.0,"£50-£100","3 Visits",9.0,87.0,"NG31 8HS",9.0,3.0,"MRS","Female",1963.0,31.0,"26-35 years","Responder"
85.0,4.0,"£50-£100","4 Visits",6.0,180.0,"LU 1 1TZ",29.0,6.0,"MRS","Female",1963.0,31.0,"26-35 years","Responder"
265.0,12.0,"£200-£300","5 Or More Visits",12.0,265.0,"CM23 4DT",43.0,10.0,"Miss","Female",1963.0,31.0,"26-35 years","Non-responder"
83.0,1.0,"£50-£100","1 Visit",1.0,83.0,"HU13 0JH",3.0,1.0,"MRS","Female",1963.0,31.0,"26-35 years","Non-responder"
73.0,1.0,"£50-£100","1 Visit",1.0,73.0,"SA10 6BQ",13.0,4.0,"MRS","Female",1963.0,31.0,"26-35 years","Non-responder"
64.0,3.0,"£50-£100","3 Visits",3.0,64.0,"RH16 3RT",7.0,2.0,"MRS","Female",1963.0,31.0,"26-35 years","Non-responder"
78.0,6.0,"£50-£100","5 Or More Visits",6.0,78.0,"BR 1 5PR",15.0,4.0,"MISS","Female",1963.0,31.0,"26-35 years","Non-responder"
57.0,3.0,"£50-£100","3 Visits",3.0,57.0,"BB 4 4DQ",44.0,10.0,"MRS","Female",1963.0,31.0,"26-35 years","Non-responder"
106.0,6.0,"£100-£150","5 Or More Visits",6.0,106.0,"B 79 8HW",14.0,4.0,"MRS","Female",1963.0,31.0,"26-35 years","Non-responder"
65.0,3.0,"£50-£100","3 Visits",3.0,65.0,"B 79 0HU",10.0,3.0,"MRS","Female",1963.0,31.0,"26-35 years","Non-responder"
97.0,5.0,"£50-£100","5 Or More Visits",5.0,97.0,"OL13 9PG",9.0,3.0,"MRS","Female",1963.0,31.0,"26-35 years","Non-responder"
63.0,2.0,"£50-£100","2 Visits",2.0,63.0,"SE23 3BJ",36.0,8.0,"MISS","Female",1963.0,31.0,"26-35 years","Non-responder"
70.0,2.0,"£50-£100","2 Visits",2.0,70.0,"WV12 4DG",44.0,10.0,"MRS","Female",1963.0,31.0,"26-35 years","Non-responder"
93.0,4.0,"£50-£100","4 Visits",4.0,93.0,"TW17 8QD",9.0,3.0,"MRS","Female",1963.0,31.0,"26-35 years","Non-responder"
85.0,5.0,"£50-£100","5 Or More Visits",5.0,85.0,"DN36 5BW",44.0,10.0,"MISS","Female",1963.0,31.0,"26-35 years","Non-responder"
61.0,1.0,"£50-£100","1 Visit",1.0,61.0,"PL 2 1NW",29.0,6.0,"MRS","Female",1963.0,31.0,"26-35 years","Non-responder"
58.0,5.0,"£50-£100","5 Or More Visits",5.0,58.0,"TA13 5EP",39.0,9.0,"MRS","Female",1963.0,31.0,"26-35 years","Non-responder"
61.0,2.0,"£50-£100","2 Visits",2.0,61.0,"LU 3 1EW",8.0,2.0,"MISS","Female",1963.0,31.0,"26-35 years","Non-responder"
58.0,2.0,"£50-£100","2 Visits",2.0,58.0,"NW10 5YP",24.0,6.0,"MISS","Female",1963.0,31.0,"26-35 years","Non-responder"
57.0,1.0,"£50-£100","1 Visit",1.0,57.0,"L 64 4DS",3.0,1.0,"MRS","Female",1963.0,31.0,"26-35 years","Non-responder"
30.0,4.0,"Under £50","4 Visits",6.0,48.0,"RG 3 6FL",44.0,10.0,"Mr","Male",1963.0,31.0,"26-35 years","Responder"
377.0,11.0,"£300-£500","5 Or More Visits",17.0,452.0,"PL19 9AY",39.0,9.0,"Mr","Male",1963.0,31.0,"26-35 years","Responder"
90.0,4.0,"£50-£100","4 Visits",5.0,96.0,"B 30 2RH",7.0,2.0,"MR","Male",1963.0,31.0,"26-35 years","Responder"
408.0,32.0,"£300-£500","5 Or More Visits",35.0,432.0,"BS 3 3DW",29.0,6.0,"Mr","Male",1963.0,31.0,"26-35 years","Responder"
56.0,1.0,"£50-£100","1 Visit",2.0,74.0,"BA21 4DL",29.0,6.0,"MR","Male",1963.0,31.0,"26-35 years","Responder"
87.0,1.0,"£50-£100","1 Visit",2.0,101.0,"NG16 2TD",44.0,10.0,"MR","Male",1963.0,31.0,"26-35 years","Responder"
94.0,6.0,"£50-£100","5 Or More Visits",8.0,100.0,"WV 6 7NJ",2.0,1.0,"MR","Male",1963.0,31.0,"26-35 years","Responder"
71.0,1.0,"£50-£100","1 Visit",2.0,94.0,"HP21 8SJ",43.0,10.0,"MR","Male",1963.0,31.0,"26-35 years","Responder"
93.0,8.0,"£50-£100","5 Or More Visits",9.0,97.0,"NE 3 2YW",44.0,10.0,"MR","Male",1963.0,31.0,"26-35 years","Responder"
65.0,3.0,"£50-£100","3 Visits",5.0,96.0,"WF 3 1UX",41.0,10.0,"MR","Male",1963.0,31.0,"26-35 years","Responder"
67.0,5.0,"£50-£100","5 Or More Visits",7.0,107.0,"B 77 2QN",41.0,10.0,"MR","Male",1963.0,31.0,"26-35 years","Responder"
111.0,12.0,"£100-£150","5 Or More Visits",16.0,146.0,"OL 8 3HW",16.0,4.0,"MR","Male",1963.0,31.0,"26-35 years","Responder"
99.0,1.0,"£50-£100","1 Visit",2.0,104.0,"WA 4 1LN",40.0,9.0,"MR","Male",1963.0,31.0,"26-35 years","Responder"
80.0,1.0,"£50-£100","1 Visit",2.0,89.0,"KT12 3RD",11.0,3.0,"MR","Male",1963.0,31.0,"26-35 years","Responder"
96.0,1.0,"£50-£100","1 Visit",2.0,109.0,"CF 2 6HA",8.0,2.0,"MR","Male",1963.0,31.0,"26-35 years","Responder"
92.0,7.0,"£50-£100","5 Or More Visits",8.0,103.0,"CM13 3QJ",8.0,2.0,"MR","Male",1963.0,31.0,"26-35 years","Responder"
55.0,1.0,"£50-£100","1 Visit",2.0,60.0,"B 73 6UA",8.0,2.0,"MR","Male",1963.0,31.0,"26-35 years","Responder"
52.0,3.0,"£50-£100","3 Visits",3.0,52.0,"SP10 5HP",17.0,4.0,"MR","Male",1963.0,31.0,"26-35 years","Non-responder"
64.0,1.0,"£50-£100","1 Visit",1.0,64.0,"N  5 1SG",23.0,5.0,"MR","Male",1963.0,31.0,"26-35 years","Non-responder"
80.0,3.0,"£50-£100","3 Visits",3.0,80.0,"AL 4 9JA",44.0,10.0,"MR","Male",1963.0,31.0,"26-35 years","Non-responder"
80.0,9.0,"£50-£100","5 Or More Visits",9.0,80.0,"SP10 5HP",17.0,4.0,"MR","Male",1963.0,31.0,"26-35 years","Non-responder"
73.0,1.0,"£50-£100","1 Visit",1.0,73.0,"CV10 9QN",43.0,10.0,"MR","Male",1963.0,31.0,"26-35 years","Non-responder"
74.0,2.0,"£50-£100","2 Visits",2.0,74.0,"LS29 0AQ",1.0,1.0,"MR","Male",1963.0,31.0,"26-35 years","Non-responder"
80.0,2.0,"£50-£100","2 Visits",2.0,80.0,"KT15 2DS",7.0,2.0,"MR","Male",1963.0,31.0,"26-35 years","Non-responder"
83.0,6.0,"£50-£100","5 Or More Visits",6.0,83.0,"NG 5 9NX",44.0,10.0,"MR","Male",1963.0,31.0,"26-35 years","Non-responder"
54.0,1.0,"£50-£100","1 Visit",1.0,54.0,"EX 2 4TD",32.0,7.0,"MR","Male",1963.0,31.0,"26-35 years","Non-responder"
83.0,3.0,"£50-£100","3 Visits",3.0,83.0,"YO 3 6NE",32.0,7.0,"MR","Male",1963.0,31.0,"26-35 years","Non-responder"
66.0,3.0,"£50-£100","3 Visits",3.0,66.0,"PO 1 5PP",15.0,4.0,"MR","Male",1963.0,31.0,"26-35 years","Non-responder"
86.0,1.0,"£50-£100","1 Visit",1.0,86.0,"BA 3 1AS",5.0,1.0,"MR","Male",1963.0,31.0,"26-35 years","Non-responder"
98.0,4.0,"£50-£100","4 Visits",4.0,98.0,"GU11 3PR",44.0,10.0,"MR","Male",1963.0,31.0,"26-35 years","Non-responder"
52.0,3.0,"£50-£100","3 Visits",3.0,52.0,"KT 5 9RG",30.0,7.0,"MR","Male",1963.0,31.0,"26-35 years","Non-responder"
62.0,3.0,"£50-£100","3 Visits",3.0,62.0,"SG14 3SQ",31.0,7.0,"MR","Male",1963.0,31.0,"26-35 years","Non-responder"
61.0,2.0,"£50-£100","2 Visits",2.0,61.0,"RH10 3TA",31.0,7.0,"MR","Male",1963.0,31.0,"26-35 years","Non-responder"
65.0,1.0,"£50-£100","1 Visit",1.0,65.0,"PR 2 3LY",8.0,2.0,"MR","Male",1963.0,31.0,"26-35 years","Non-responder"
75.0,1.0,"£50-£100","1 Visit",1.0,75.0,"B 77 2LH",9.0,3.0,"MR","Male",1963.0,31.0,"26-35 years","Non-responder"
74.0,3.0,"£50-£100","3 Visits",3.0,74.0,"HD 7 3JY",11.0,3.0,"MR","Male",1963.0,31.0,"26-35 years","Non-responder"
72.0,1.0,"£50-£100","1 Visit",1.0,72.0,"GU33 7SB",1.0,1.0,"MR","Male",1963.0,31.0,"26-35 years","Non-responder"
83.0,6.0,"£50-£100","5 Or More Visits",6.0,83.0,"NE38 7PQ",17.0,4.0,"MR","Male",1963.0,31.0,"26-35 years","Non-responder"
64.0,9.0,"£50-£100","5 Or More Visits",9.0,64.0,"HA 8 0JL",16.0,4.0,"MR","Male",1963.0,31.0,"26-35 years","Non-responder"
75.0,4.0,"£50-£100","4 Visits",4.0,75.0,"GU13 0AG",5.0,1.0,"MR","Male",1963.0,31.0,"26-35 years","Non-responder"
63.0,1.0,"£50-£100","1 Visit",1.0,63.0,"L 12 0NG",43.0,10.0,"MR","Male",1963.0,31.0,"26-35 years","Non-responder"
62.0,1.0,"£50-£100","1 Visit",1.0,62.0,"WS 2 8PR",27.0,6.0,"MR","Male",1963.0,31.0,"26-35 years","Non-responder"
54.0,1.0,"£50-£100","1 Visit",1.0,54.0,"CV 3 5JX",12.0,3.0,"MR","Male",1963.0,31.0,"26-35 years","Non-responder"
57.0,3.0,"£50-£100","3 Visits",3.0,57.0,"CF 5 1QR",29.0,6.0,"MR","Male",1963.0,31.0,"26-35 years","Non-responder"
82.0,1.0,"£50-£100","1 Visit",1.0,82.0,"SL 6 6TS",41.0,10.0,"MR","Male",1963.0,31.0,"26-35 years","Non-responder"
3.0,3.0,"Under £50","3 Visits",3.0,3.0,"NE 5 4TT",43.0,10.0,"MR","Male",1963.0,31.0,"26-35 years","Non-responder"
81.0,6.0,"£50-£100","5 Or More Visits",6.0,81.0,"CT20 3PT",8.0,2.0,"MR","Male",1963.0,31.0,"26-35 years","Non-responder"
64.0,1.0,"£50-£100","1 Visit",1.0,64.0,"BD17 5DG",3.0,1.0,"MR","Male",1963.0,31.0,"26-35 years","Non-responder"
86.0,1.0,"£50-£100","1 Visit",1.0,86.0,"CT10 2TU",31.0,7.0,"MR","Male",1963.0,31.0,"26-35 years","Non-responder"
56.0,1.0,"£50-£100","1 Visit",1.0,56.0,"ST16 3RX",11.0,3.0,"MR","Male",1963.0,31.0,"26-35 years","Non-responder"
236.0,3.0,"£200-£300","3 Visits",4.0,255.0,"NN14 4LP",2.0,1.0,"MRS","Female",1962.0,32.0,"26-35 years","Responder"
128.0,5.0,"£100-£150","5 Or More Visits",9.0,162.0,"DN14 9NF",48.0,11.0,"MRS","Female",1962.0,32.0,"26-35 years","Responder"
66.0,2.0,"£50-£100","2 Visits",3.0,83.0,"SY16 1QY",14.0,4.0,"MRS","Female",1962.0,32.0,"26-35 years","Responder"
66.0,3.0,"£50-£100","3 Visits",4.0,86.0,"BR 6 9PA",8.0,2.0,"MRS","Female",1962.0,32.0,"26-35 years","Responder"
161.0,8.0,"£150-£200","5 Or More Visits",8.0,161.0,"CV23 0UD",2.0,1.0,"Mrs","Female",1962.0,32.0,"26-35 years","Non-responder"
71.0,5.0,"£50-£100","5 Or More Visits",5.0,71.0,"SP10 4BP",17.0,4.0,"MISS","Female",1962.0,32.0,"26-35 years","Non-responder"
92.0,5.0,"£50-£100","5 Or More Visits",5.0,92.0,"SE 6 2QS",8.0,2.0,"MS","Female",1962.0,32.0,"26-35 years","Non-responder"
59.0,3.0,"£50-£100","3 Visits",3.0,59.0,"PO 5 3HR",34.0,8.0,"MISS","Female",1962.0,32.0,"26-35 years","Non-responder"
65.0,1.0,"£50-£100","1 Visit",1.0,65.0,"L 42 1RG",16.0,4.0,"MISS","Female",1962.0,32.0,"26-35 years","Non-responder"
69.0,5.0,"£50-£100","5 Or More Visits",5.0,69.0,"DN20 0JD",6.0,2.0,"MISS","Female",1962.0,32.0,"26-35 years","Non-responder"
53.0,1.0,"£50-£100","1 Visit",1.0,53.0,"PR 1 9NN",13.0,4.0,"MS","Female",1962.0,32.0,"26-35 years","Non-responder"
67.0,1.0,"£50-£100","1 Visit",1.0,67.0,"SY 3 6AF",44.0,10.0,"MRS","Female",1962.0,32.0,"26-35 years","Non-responder"
111.0,7.0,"£100-£150","5 Or More Visits",7.0,111.0,"WS 9 0BB",5.0,1.0,"MRS","Female",1962.0,32.0,"26-35 years","Non-responder"
91.0,8.0,"£50-£100","5 Or More Visits",8.0,91.0,"YO 8 7SA",2.0,1.0,"MRS","Female",1962.0,32.0,"26-35 years","Non-responder"
61.0,3.0,"£50-£100","3 Visits",3.0,61.0,"HR 7 4TX",6.0,2.0,"MRS","Female",1962.0,32.0,"26-35 years","Non-responder"
50.0,2.0,"£50-£100","2 Visits",2.0,50.0,"GU16 5YL",2.0,1.0,"MRS","Female",1962.0,32.0,"26-35 years","Non-responder"
76.0,5.0,"£50-£100","5 Or More Visits",5.0,76.0,"SK12 1SN",39.0,9.0,"MISS","Female",1962.0,32.0,"26-35 years","Non-responder"
92.0,6.0,"£50-£100","5 Or More Visits",6.0,92.0,"WA 4 5QG",2.0,1.0,"MRS","Female",1962.0,32.0,"26-35 years","Non-responder"
69.0,1.0,"£50-£100","1 Visit",1.0,69.0,"CV 2 4PT",18.0,5.0,"MRS","Female",1962.0,32.0,"26-35 years","Non-responder"
53.0,1.0,"£50-£100","1 Visit",1.0,53.0,"PE 9 1DR",2.0,1.0,"MISS","Female",1962.0,32.0,"26-35 years","Non-responder"
77.0,6.0,"£50-£100","5 Or More Visits",6.0,77.0,"EX 4 7AW",33.0,8.0,"MRS","Female",1962.0,32.0,"26-35 years","Non-responder"
76.0,1.0,"£50-£100","1 Visit",1.0,76.0,"NW10 8PG",23.0,5.0,"MISS","Female",1962.0,32.0,"26-35 years","Non-responder"
50.0,3.0,"£50-£100","3 Visits",3.0,50.0,"NN11 4EQ",10.0,3.0,"MRS","Female",1962.0,32.0,"26-35 years","Non-responder"
45.0,3.0,"Under £50","3 Visits",3.0,45.0,"WD 1 5AA",8.0,2.0,"MISS","Female",1962.0,32.0,"26-35 years","Non-responder"
88.0,3.0,"£50-£100","3 Visits",7.0,125.0,"PR 2 4EY",31.0,7.0,"MR","Male",1962.0,32.0,"26-35 years","Responder"
63.0,7.0,"£50-£100","5 Or More Visits",9.0,70.0,"ME15 6RA",44.0,10.0,"Mr","Male",1962.0,32.0,"26-35 years","Responder"
56.0,4.0,"£50-£100","4 Visits",6.0,67.0,"LE 8 3DG",10.0,3.0,"MR","Male",1962.0,32.0,"26-35 years","Responder"
235.0,10.0,"£200-£300","5 Or More Visits",19.0,604.0,"L  9 8DJ",30.0,7.0,"MR","Male",1962.0,32.0,"26-35 years","Responder"
86.0,6.0,"£50-£100","5 Or More Visits",7.0,98.0,"WN 1 3PB",12.0,3.0,"MR","Male",1962.0,32.0,"26-35 years","Responder"
85.0,3.0,"£50-£100","3 Visits",4.0,155.0,"RM 6 6YJ",7.0,2.0,"MR","Male",1962.0,32.0,"26-35 years","Responder"
70.0,3.0,"£50-£100","3 Visits",4.0,82.0,"NE 3 1YL",36.0,8.0,"MR","Male",1962.0,32.0,"26-35 years","Responder"
65.0,1.0,"£50-£100","1 Visit",8.0,124.0,"BN 3 5AD",36.0,8.0,"MR","Male",1962.0,32.0,"26-35 years","Responder"
68.0,5.0,"£50-£100","5 Or More Visits",6.0,88.0,"BB11 5BS",12.0,3.0,"MR","Male",1962.0,32.0,"26-35 years","Responder"
95.0,3.0,"£50-£100","3 Visits",4.0,129.0,"WN 6 7PL",39.0,9.0,"MR","Male",1962.0,32.0,"26-35 years","Responder"
66.0,4.0,"£50-£100","4 Visits",6.0,80.0,"KT12 2HY",31.0,7.0,"MR","Male",1962.0,32.0,"26-35 years","Responder"
98.0,7.0,"£50-£100","5 Or More Visits",9.0,106.0,"CF 3 0DJ",41.0,10.0,"MR","Male",1962.0,32.0,"26-35 years","Responder"
89.0,3.0,"£50-£100","3 Visits",5.0,105.0,"NW10 5DD",24.0,6.0,"MR","Male",1962.0,32.0,"26-35 years","Responder"
72.0,3.0,"£50-£100","3 Visits",4.0,75.0,"LU 4 9HX",10.0,3.0,"MR","Male",1962.0,32.0,"26-35 years","Responder"
168.0,4.0,"£150-£200","4 Visits",4.0,168.0,"BR 6 6EJ",8.0,2.0,"Mr","Male",1962.0,32.0,"26-35 years","Non-responder"
93.0,4.0,"£50-£100","4 Visits",4.0,93.0,"CR 8 2BS",30.0,7.0,"MR","Male",1962.0,32.0,"26-35 years","Non-responder"
83.0,3.0,"£50-£100","3 Visits",3.0,83.0,"CV 6 6GT",27.0,6.0,"MR","Male",1962.0,32.0,"26-35 years","Non-responder"
86.0,5.0,"£50-£100","5 Or More Visits",5.0,86.0,"LE 3 0RB",29.0,6.0,"MR","Male",1962.0,32.0,"26-35 years","Non-responder"
51.0,9.0,"£50-£100","5 Or More Visits",9.0,51.0,"CO 4 3XU",17.0,4.0,"MR","Male",1962.0,32.0,"26-35 years","Non-responder"
94.0,6.0,"£50-£100","5 Or More Visits",6.0,94.0,"SS15 5AN",14.0,4.0,"MR","Male",1962.0,32.0,"26-35 years","Non-responder"
31.0,5.0,"Under £50","5 Or More Visits",5.0,31.0,"NP 9 5GG",7.0,2.0,"MR","Male",1962.0,32.0,"26-35 years","Non-responder"
66.0,4.0,"£50-£100","4 Visits",4.0,66.0,"FY 3 9RF",30.0,7.0,"MR","Male",1962.0,32.0,"26-35 years","Non-responder"
91.0,2.0,"£50-£100","2 Visits",2.0,91.0,"HX 3 5JT",11.0,3.0,"MR","Male",1962.0,32.0,"26-35 years","Non-responder"
57.0,1.0,"£50-£100","1 Visit",1.0,57.0,"SG 2 8SW",43.0,10.0,"MR","Male",1962.0,32.0,"26-35 years","Non-responder"
56.0,1.0,"£50-£100","1 Visit",1.0,56.0,"DN 6 9ET",9.0,3.0,"MR","Male",1962.0,32.0,"26-35 years","Non-responder"
89.0,2.0,"£50-£100","2 Visits",2.0,89.0,"ST16 3RG",2.0,1.0,"MR","Male",1962.0,32.0,"26-35 years","Non-responder"
60.0,1.0,"£50-£100","1 Visit",1.0,60.0,"GU18 5XZ",1.0,1.0,"MR","Male",1962.0,32.0,"26-35 years","Non-responder"
56.0,1.0,"£50-£100","1 Visit",1.0,56.0,"HD 7 2YZ",44.0,10.0,"MR","Male",1962.0,32.0,"26-35 years","Non-responder"
81.0,1.0,"£50-£100","1 Visit",1.0,81.0,"RG11 5JT",3.0,1.0,"MR","Male",1962.0,32.0,"26-35 years","Non-responder"
74.0,1.0,"£50-£100","1 Visit",1.0,74.0,"TW20 9PH",6.0,2.0,"MR","Male",1962.0,32.0,"26-35 years","Non-responder"
37.0,2.0,"Under £50","2 Visits",2.0,37.0,"SG17 5SG",41.0,10.0,"MR","Male",1962.0,32.0,"26-35 years","Non-responder"
55.0,1.0,"£50-£100","1 Visit",1.0,55.0,"TS20 2PE",8.0,2.0,"MR","Male",1962.0,32.0,"26-35 years","Non-responder"
76.0,3.0,"£50-£100","3 Visits",3.0,76.0,"LD 1 6AG",32.0,7.0,"MR","Male",1962.0,32.0,"26-35 years","Non-responder"
70.0,3.0,"£50-£100","3 Visits",3.0,70.0,"WS 6 7AQ",9.0,3.0,"MR","Male",1962.0,32.0,"26-35 years","Non-responder"
61.0,1.0,"£50-£100","1 Visit",1.0,61.0,"DN36 5BP",6.0,2.0,"MR","Male",1962.0,32.0,"26-35 years","Non-responder"
72.0,1.0,"£50-£100","1 Visit",1.0,72.0,"TF 3 1LU",17.0,4.0,"MR","Male",1962.0,32.0,"26-35 years","Non-responder"
74.0,7.0,"£50-£100","5 Or More Visits",7.0,74.0,"CR 0 4JY",29.0,6.0,"MR","Male",1962.0,32.0,"26-35 years","Non-responder"
89.0,10.0,"£50-£100","5 Or More Visits",10.0,89.0,"CT20 1JF",29.0,6.0,"MR","Male",1962.0,32.0,"26-35 years","Non-responder"
53.0,3.0,"£50-£100","3 Visits",3.0,53.0,"CT18 7NR",44.0,10.0,"MR","Male",1962.0,32.0,"26-35 years","Non-responder"
82.0,2.0,"£50-£100","2 Visits",2.0,82.0,"NW10 4EE",24.0,6.0,"MR","Male",1962.0,32.0,"26-35 years","Non-responder"
70.0,2.0,"£50-£100","2 Visits",2.0,70.0,"M 25 5WF",1.0,1.0,"MR","Male",1962.0,32.0,"26-35 years","Non-responder"
91.0,1.0,"£50-£100","1 Visit",1.0,91.0,"BN17 6HD",39.0,9.0,"MR","Male",1962.0,32.0,"26-35 years","Non-responder"
10.0,2.0,"Under £50","2 Visits",2.0,10.0,"BD20 7HJ",29.0,6.0,"MR","Male",1962.0,32.0,"26-35 years","Non-responder"
72.0,5.0,"£50-£100","5 Or More Visits",5.0,72.0,"L 66 4SX",9.0,3.0,"MR","Male",1962.0,32.0,"26-35 years","Non-responder"
90.0,4.0,"£50-£100","4 Visits",4.0,90.0,"BD20 9LZ",6.0,2.0,"MR","Male",1962.0,32.0,"26-35 years","Non-responder"
97.0,1.0,"£50-£100","1 Visit",1.0,97.0,"RM10 9EU",30.0,7.0,"MR","Male",1962.0,32.0,"26-35 years","Non-responder"
74.0,5.0,"£50-£100","5 Or More Visits",7.0,110.0,"SG 2 8LN",12.0,3.0,"MRS","Female",1961.0,33.0,"26-35 years","Responder"
58.0,2.0,"£50-£100","2 Visits",5.0,285.0,"BS21 6UG",11.0,3.0,"MRS","Female",1961.0,33.0,"26-35 years","Responder"
66.0,9.0,"£50-£100","5 Or More Visits",10.0,82.0,"PL31 2NZ",2.0,1.0,"MISS","Female",1961.0,33.0,"26-35 years","Responder"
119.0,7.0,"£100-£150","5 Or More Visits",10.0,144.0,"KT13 0RY",7.0,2.0,"MS","Female",1961.0,33.0,"26-35 years","Responder"
57.0,5.0,"£50-£100","5 Or More Visits",8.0,112.0,"HR 1 1AN",11.0,3.0,"MISS","Female",1961.0,33.0,"26-35 years","Responder"
112.0,4.0,"£100-£150","4 Visits",5.0,129.0,"PL21 0BY",44.0,10.0,"MRS","Female",1961.0,33.0,"26-35 years","Responder"
75.0,3.0,"£50-£100","3 Visits",4.0,80.0,"OX 3 9DL",7.0,2.0,"MS","Female",1961.0,33.0,"26-35 years","Responder"
83.0,2.0,"£50-£100","2 Visits",4.0,122.0,"L 39 4SD",31.0,7.0,"MRS","Female",1961.0,33.0,"26-35 years","Responder"
92.0,1.0,"£50-£100","1 Visit",1.0,92.0,"LE 9 7BQ",20.0,5.0,"MRS","Female",1961.0,33.0,"26-35 years","Non-responder"
108.0,8.0,"£100-£150","5 Or More Visits",8.0,108.0,"SS15 6AY",39.0,9.0,"MRS","Female",1961.0,33.0,"26-35 years","Non-responder"
55.0,1.0,"£50-£100","1 Visit",1.0,55.0,"WF15 7AD",20.0,5.0,"MRS","Female",1961.0,33.0,"26-35 years","Non-responder"
0.0,0.0,"Under £50","No Visits",0.0,0.0,"WF17 7TN",17.0,4.0,"MRS","Female",1961.0,33.0,"26-35 years","Non-responder"
55.0,4.0,"£50-£100","4 Visits",4.0,55.0,"TN24 8PR",31.0,7.0,"MRS","Female",1961.0,33.0,"26-35 years","Non-responder"
75.0,2.0,"£50-£100","2 Visits",2.0,75.0,"SG19 2LU",7.0,2.0,"MISS","Female",1961.0,33.0,"26-35 years","Non-responder"
70.0,2.0,"£50-£100","2 Visits",2.0,70.0,"L 22 4QZ",30.0,7.0,"MS","Female",1961.0,33.0,"26-35 years","Non-responder"
57.0,2.0,"£50-£100","2 Visits",2.0,57.0,"NW 6 1NP",33.0,8.0,"MS","Female",1961.0,33.0,"26-35 years","Non-responder"
87.0,4.0,"£50-£100","4 Visits",4.0,87.0,"SW16 4TZ",30.0,7.0,"MISS","Female",1961.0,33.0,"26-35 years","Non-responder"
58.0,5.0,"£50-£100","5 Or More Visits",5.0,58.0,"PE 6 8LA",17.0,4.0,"MISS","Female",1961.0,33.0,"26-35 years","Non-responder"
89.0,2.0,"£50-£100","2 Visits",2.0,89.0,"SR 2 0NT",15.0,4.0,"MRS","Female",1961.0,33.0,"26-35 years","Non-responder"
93.0,2.0,"£50-£100","2 Visits",2.0,93.0,"PE 6 8QS",2.0,1.0,"MRS","Female",1961.0,33.0,"26-35 years","Non-responder"
51.0,3.0,"£50-£100","3 Visits",3.0,51.0,"YO 8 0JL",10.0,3.0,"MRS","Female",1961.0,33.0,"26-35 years","Non-responder"
57.0,2.0,"£50-£100","2 Visits",2.0,57.0,"B 77 1LW",44.0,10.0,"MRS","Female",1961.0,33.0,"26-35 years","Non-responder"
62.0,1.0,"£50-£100","1 Visit",1.0,62.0,"EN 3 7RJ",43.0,10.0,"MRS","Female",1961.0,33.0,"26-35 years","Non-responder"
163.0,5.0,"£150-£200","5 Or More Visits",5.0,163.0,"ME10 3NW",17.0,4.0,"MRS","Female",1961.0,33.0,"26-35 years","Non-responder"
55.0,2.0,"£50-£100","2 Visits",2.0,55.0,"L 26 7YX",44.0,10.0,"MRS","Female",1961.0,33.0,"26-35 years","Non-responder"
148.0,11.0,"£100-£150","5 Or More Visits",15.0,167.0,"OX 2 9HL",8.0,2.0,"Mr","Male",1961.0,33.0,"26-35 years","Responder"
102.0,12.0,"£100-£150","5 Or More Visits",13.0,106.0,"SG 2 8UR",42.0,10.0,"Mr","Male",1961.0,33.0,"26-35 years","Responder"
333.0,21.0,"£300-£500","5 Or More Visits",23.0,364.0,"PE30 4DA",31.0,7.0,"Mr","Male",1961.0,33.0,"26-35 years","Responder"
92.0,8.0,"£50-£100","5 Or More Visits",9.0,102.0,"NR31 0PS",29.0,6.0,"MR","Male",1961.0,33.0,"26-35 years","Responder"
75.0,9.0,"£50-£100","5 Or More Visits",11.0,75.0,"BS20 0HR",7.0,2.0,"MR","Male",1961.0,33.0,"26-35 years","Responder"
73.0,12.0,"£50-£100","5 Or More Visits",13.0,80.0,"SL 4 4HF",8.0,2.0,"MR","Male",1961.0,33.0,"26-35 years","Responder"
90.0,3.0,"£50-£100","3 Visits",4.0,175.0,"BA12 8NB",11.0,3.0,"MR","Male",1961.0,33.0,"26-35 years","Responder"
69.0,4.0,"£50-£100","4 Visits",8.0,134.0,"NG 7 7GJ",29.0,6.0,"MR","Male",1961.0,33.0,"26-35 years","Responder"
59.0,2.0,"£50-£100","2 Visits",4.0,118.0,"OL 4 1QQ",12.0,3.0,"MR","Male",1961.0,33.0,"26-35 years","Responder"
82.0,5.0,"£50-£100","5 Or More Visits",12.0,171.0,"LE 9 5QA",44.0,10.0,"MR","Male",1961.0,33.0,"26-35 years","Responder"
72.0,4.0,"£50-£100","4 Visits",5.0,74.0,"B 77 1AJ",11.0,3.0,"MR","Male",1961.0,33.0,"26-35 years","Responder"
104.0,9.0,"£100-£150","5 Or More Visits",11.0,139.0,"DN15 6QA",22.0,5.0,"MR","Male",1961.0,33.0,"26-35 years","Responder"
76.0,5.0,"£50-£100","5 Or More Visits",6.0,80.0,"TS 5 4RE",30.0,7.0,"MR","Male",1961.0,33.0,"26-35 years","Responder"
91.0,5.0,"£50-£100","5 Or More Visits",6.0,112.0,"WA 7 6BN",16.0,4.0,"MR","Male",1961.0,33.0,"26-35 years","Responder"
91.0,2.0,"£50-£100","2 Visits",2.0,91.0,"LE13 1PL",2.0,1.0,"MR","Male",1961.0,33.0,"26-35 years","Non-responder"
57.0,1.0,"£50-£100","1 Visit",1.0,57.0,"CV11 5NY",27.0,6.0,"MR","Male",1961.0,33.0,"26-35 years","Non-responder"
65.0,1.0,"£50-£100","1 Visit",1.0,65.0,"SE 4 1SA",24.0,6.0,"MR","Male",1961.0,33.0,"26-35 years","Non-responder"
113.0,2.0,"£100-£150","2 Visits",2.0,113.0,"CM 2 6QD",2.0,1.0,"MR","Male",1961.0,33.0,"26-35 years","Non-responder"
84.0,1.0,"£50-£100","1 Visit",1.0,84.0,"NG10 4LR",29.0,6.0,"MR","Male",1961.0,33.0,"26-35 years","Non-responder"
69.0,2.0,"£50-£100","2 Visits",2.0,69.0,"OX 2 9AH",7.0,2.0,"MR","Male",1961.0,33.0,"26-35 years","Non-responder"
51.0,5.0,"£50-£100","5 Or More Visits",5.0,51.0,"NE15 6QJ",31.0,7.0,"MR","Male",1961.0,33.0,"26-35 years","Non-responder"
81.0,1.0,"£50-£100","1 Visit",1.0,81.0,"B 98 0JF",44.0,10.0,"MR","Male",1961.0,33.0,"26-35 years","Non-responder"
80.0,1.0,"£50-£100","1 Visit",1.0,80.0,"LA 7 7DR",6.0,2.0,"MR","Male",1961.0,33.0,"26-35 years","Non-responder"
54.0,3.0,"£50-£100","3 Visits",3.0,54.0,"LS13 3NF",29.0,6.0,"MR","Male",1961.0,33.0,"26-35 years","Non-responder"
76.0,6.0,"£50-£100","5 Or More Visits",6.0,76.0,"ME15 7QX",30.0,7.0,"MR","Male",1961.0,33.0,"26-35 years","Non-responder"
64.0,1.0,"£50-£100","1 Visit",1.0,64.0,"W  3 8SP",23.0,5.0,"MR","Male",1961.0,33.0,"26-35 years","Non-responder"
67.0,3.0,"£50-£100","3 Visits",3.0,67.0,"BS20 8PH",9.0,3.0,"MR","Male",1961.0,33.0,"26-35 years","Non-responder"
95.0,2.0,"£50-£100","2 Visits",2.0,95.0,"KT 3 4AS",7.0,2.0,"MR","Male",1961.0,33.0,"26-35 years","Non-responder"
87.0,4.0,"£50-£100","4 Visits",4.0,87.0,"KT17 2HJ",8.0,2.0,"MR","Male",1961.0,33.0,"26-35 years","Non-responder"
36.0,2.0,"Under £50","2 Visits",2.0,36.0,"NN15 6NY",10.0,3.0,"MR","Male",1961.0,33.0,"26-35 years","Non-responder"
51.0,1.0,"£50-£100","1 Visit",1.0,51.0,"EN 2 6JN",30.0,7.0,"MR","Male",1961.0,33.0,"26-35 years","Non-responder"
77.0,1.0,"£50-£100","1 Visit",1.0,77.0,"GU12 6SJ",8.0,2.0,"MR","Male",1961.0,33.0,"26-35 years","Non-responder"
59.0,5.0,"£50-£100","5 Or More Visits",5.0,59.0,"L 21 9NJ",42.0,10.0,"MR","Male",1961.0,33.0,"26-35 years","Non-responder"
25.0,3.0,"Under £50","3 Visits",3.0,25.0,"NN13 6HS",2.0,1.0,"MR","Male",1961.0,33.0,"26-35 years","Non-responder"
75.0,1.0,"£50-£100","1 Visit",1.0,75.0,"DH 5 9QW",16.0,4.0,"MR","Male",1961.0,33.0,"26-35 years","Non-responder"
166.0,4.0,"£150-£200","4 Visits",4.0,166.0,"M 19 2FE",29.0,6.0,"MR","Male",1961.0,33.0,"26-35 years","Non-responder"
59.0,3.0,"£50-£100","3 Visits",3.0,59.0,"WN 3 5RA",10.0,3.0,"MR","Male",1961.0,33.0,"26-35 years","Non-responder"
93.0,3.0,"£50-£100","3 Visits",3.0,93.0,"CV 2 1AY",11.0,3.0,"MR","Male",1961.0,33.0,"26-35 years","Non-responder"
76.0,2.0,"£50-£100","2 Visits",2.0,76.0,"KT10 0TG",1.0,1.0,"MR","Male",1961.0,33.0,"26-35 years","Non-responder"
80.0,3.0,"£50-£100","3 Visits",3.0,80.0,"CR 8 2QB",32.0,7.0,"MR","Male",1961.0,33.0,"26-35 years","Non-responder"
59.0,4.0,"£50-£100","4 Visits",4.0,59.0,"LU 4 8SF",27.0,6.0,"MR","Male",1961.0,33.0,"26-35 years","Non-responder"
50.0,1.0,"£50-£100","1 Visit",1.0,50.0,"SW 3 3PP",34.0,8.0,"MR","Male",1961.0,33.0,"26-35 years","Non-responder"
89.0,1.0,"£50-£100","1 Visit",1.0,89.0,"L 60 5SU",31.0,7.0,"MR","Male",1961.0,33.0,"26-35 years","Non-responder"
70.0,1.0,"£50-£100","1 Visit",1.0,70.0,"CM14 5BU",34.0,8.0,"MR","Male",1961.0,33.0,"26-35 years","Non-responder"
55.0,1.0,"£50-£100","1 Visit",1.0,55.0,"WF16 9LZ",11.0,3.0,"MR","Male",1961.0,33.0,"26-35 years","Non-responder"
64.0,2.0,"£50-£100","2 Visits",2.0,64.0,"CV34 6HR",37.0,9.0,"MR","Male",1961.0,33.0,"26-35 years","Non-responder"
53.0,4.0,"£50-£100","4 Visits",7.0,91.0,"PO 1 3RP",41.0,10.0,"MRS","Female",1960.0,34.0,"26-35 years","Responder"
52.0,5.0,"£50-£100","5 Or More Visits",10.0,86.0,"TN 6 2DN",31.0,7.0,"MRS","Female",1960.0,34.0,"26-35 years","Responder"
511.0,6.0,"Over £500","5 Or More Visits",9.0,580.0,"L 66 4XZ",41.0,10.0,"MRS","Female",1960.0,34.0,"26-35 years","Responder"
91.0,8.0,"£50-£100","5 Or More Visits",13.0,129.0,"GU16 5SU",2.0,1.0,"MRS","Female",1960.0,34.0,"26-35 years","Responder"
77.0,7.0,"£50-£100","5 Or More Visits",8.0,82.0,"MK44 1NP",3.0,1.0,"MRS","Female",1960.0,34.0,"26-35 years","Responder"
69.0,3.0,"£50-£100","3 Visits",4.0,89.0,"BA20 2DB",10.0,3.0,"MRS","Female",1960.0,34.0,"26-35 years","Responder"
58.0,3.0,"£50-£100","3 Visits",4.0,92.0,"BB 6 9EH",6.0,2.0,"MRS","Female",1960.0,34.0,"26-35 years","Responder"
81.0,1.0,"£50-£100","1 Visit",1.0,81.0,"PR 2 1SR",10.0,3.0,"MRS","Female",1960.0,34.0,"26-35 years","Non-responder"
80.0,4.0,"£50-£100","4 Visits",4.0,80.0,"CM 1 2BS",14.0,4.0,"MRS","Female",1960.0,34.0,"26-35 years","Non-responder"
83.0,2.0,"£50-£100","2 Visits",2.0,83.0,"OX 1 4RU",35.0,8.0,"MS","Female",1960.0,34.0,"26-35 years","Non-responder"
85.0,3.0,"£50-£100","3 Visits",3.0,85.0,"BS 3 1AX",36.0,8.0,"MRS","Female",1960.0,34.0,"26-35 years","Non-responder"
60.0,1.0,"£50-£100","1 Visit",1.0,60.0,"L 45 3JS",8.0,2.0,"MRS","Female",1960.0,34.0,"26-35 years","Non-responder"
70.0,3.0,"£50-£100","3 Visits",3.0,70.0,"B 77 4JY",17.0,4.0,"MRS","Female",1960.0,34.0,"26-35 years","Non-responder"
0.0,0.0,"Under £50","No Visits",0.0,0.0,"NN14 2AQ",20.0,5.0,"MRS","Female",1960.0,34.0,"26-35 years","Non-responder"
54.0,2.0,"£50-£100","2 Visits",2.0,54.0,"LS25 2JT",44.0,10.0,"MRS","Female",1960.0,34.0,"26-35 years","Non-responder"
91.0,3.0,"£50-£100","3 Visits",3.0,91.0,"S 44 6PT",9.0,3.0,"MRS","Female",1960.0,34.0,"26-35 years","Non-responder"
84.0,5.0,"£50-£100","5 Or More Visits",5.0,84.0,"B 34 6EB",10.0,3.0,"MRS","Female",1960.0,34.0,"26-35 years","Non-responder"
81.0,2.0,"£50-£100","2 Visits",2.0,81.0,"OL 4 4NP",9.0,3.0,"MRS","Female",1960.0,34.0,"26-35 years","Non-responder"
52.0,1.0,"£50-£100","1 Visit",1.0,52.0,"WV11 1LT",10.0,3.0,"MISS","Female",1960.0,34.0,"26-35 years","Non-responder"
84.0,7.0,"£50-£100","5 Or More Visits",7.0,84.0,"TF10 7JU",10.0,3.0,"MRS","Female",1960.0,34.0,"26-35 years","Non-responder"
60.0,1.0,"£50-£100","1 Visit",1.0,60.0,"YO 8 0XT",44.0,10.0,"MRS","Female",1960.0,34.0,"26-35 years","Non-responder"
81.0,2.0,"£50-£100","2 Visits",2.0,81.0,"HA 7 1ET",24.0,6.0,"MISS","Female",1960.0,34.0,"26-35 years","Non-responder"
123.0,7.0,"£100-£150","5 Or More Visits",8.0,139.0,"CT12 6DL",39.0,9.0,"Mr","Male",1960.0,34.0,"26-35 years","Responder"
180.0,11.0,"£150-£200","5 Or More Visits",15.0,267.0,"CM23 5RD",3.0,1.0,"MR","Male",1960.0,34.0,"26-35 years","Responder"
58.0,4.0,"£50-£100","4 Visits",5.0,78.0,"BS18 9EX",4.0,1.0,"MR","Male",1960.0,34.0,"26-35 years","Responder"
21.0,2.0,"Under £50","2 Visits",6.0,81.0,"GU15 3BH",7.0,2.0,"MR","Male",1960.0,34.0,"26-35 years","Responder"
41.0,11.0,"Under £50","5 Or More Visits",13.0,61.0,"SY 3 5JA",43.0,10.0,"MR","Male",1960.0,34.0,"26-35 years","Responder"
97.0,6.0,"£50-£100","5 Or More Visits",7.0,104.0,"SK13 8NG",12.0,3.0,"MR","Male",1960.0,34.0,"26-35 years","Responder"
55.0,1.0,"£50-£100","1 Visit",2.0,61.0,"ST16 3JX",8.0,2.0,"MR","Male",1960.0,34.0,"26-35 years","Responder"
73.0,7.0,"£50-£100","5 Or More Visits",9.0,103.0,"DN14 9NR",48.0,11.0,"MR","Male",1960.0,34.0,"26-35 years","Responder"
97.0,3.0,"£50-£100","3 Visits",6.0,141.0,"L 62 2DQ",10.0,3.0,"MR","Male",1960.0,34.0,"26-35 years","Responder"
114.0,3.0,"£100-£150","3 Visits",3.0,114.0,"LE 8 3YQ",2.0,1.0,"Mr","Male",1960.0,34.0,"26-35 years","Non-responder"
143.0,9.0,"£100-£150","5 Or More Visits",9.0,143.0,"TN24 0JP",9.0,3.0,"Mr","Male",1960.0,34.0,"26-35 years","Non-responder"
93.0,2.0,"£50-£100","2 Visits",2.0,93.0,"HP21 8JH",14.0,4.0,"MR","Male",1960.0,34.0,"26-35 years","Non-responder"
89.0,10.0,"£50-£100","5 Or More Visits",10.0,89.0,"S 44 5NG",10.0,3.0,"MR","Male",1960.0,34.0,"26-35 years","Non-responder"
64.0,1.0,"£50-£100","1 Visit",1.0,64.0,"LE65 1DZ",3.0,1.0,"MR","Male",1960.0,34.0,"26-35 years","Non-responder"
79.0,3.0,"£50-£100","3 Visits",3.0,79.0,"N 17 7PJ",24.0,6.0,"MR","Male",1960.0,34.0,"26-35 years","Non-responder"
52.0,2.0,"£50-£100","2 Visits",2.0,52.0,"SL 4 6NP",39.0,9.0,"MR","Male",1960.0,34.0,"26-35 years","Non-responder"
51.0,1.0,"£50-£100","1 Visit",1.0,51.0,"SP 4 8BE",31.0,7.0,"MR","Male",1960.0,34.0,"26-35 years","Non-responder"
61.0,9.0,"£50-£100","5 Or More Visits",9.0,61.0,"TN 6 3BE",3.0,1.0,"MR","Male",1960.0,34.0,"26-35 years","Non-responder"
94.0,4.0,"£50-£100","4 Visits",4.0,94.0,"LS13 4HP",11.0,3.0,"MR","Male",1960.0,34.0,"26-35 years","Non-responder"
69.0,5.0,"£50-£100","5 Or More Visits",5.0,69.0,"BD13 2ES",28.0,6.0,"MR","Male",1960.0,34.0,"26-35 years","Non-responder"
86.0,1.0,"£50-£100","1 Visit",1.0,86.0,"M 25 6QA",30.0,7.0,"MR","Male",1960.0,34.0,"26-35 years","Non-responder"
57.0,2.0,"£50-£100","2 Visits",2.0,57.0,"SK13 8EQ",30.0,7.0,"MR","Male",1960.0,34.0,"26-35 years","Non-responder"
58.0,4.0,"£50-£100","4 Visits",4.0,58.0,"HG 1 4SJ",7.0,2.0,"MR","Male",1960.0,34.0,"26-35 years","Non-responder"
74.0,3.0,"£50-£100","3 Visits",3.0,74.0,"CV37 9JB",42.0,10.0,"MR","Male",1960.0,34.0,"26-35 years","Non-responder"
80.0,1.0,"£50-£100","1 Visit",1.0,80.0,"DN15 9UE",9.0,3.0,"MR","Male",1960.0,34.0,"26-35 years","Non-responder"
53.0,3.0,"£50-£100","3 Visits",3.0,53.0,"NN15 5NX",10.0,3.0,"MR","Male",1960.0,34.0,"26-35 years","Non-responder"
61.0,1.0,"£50-£100","1 Visit",1.0,61.0,"NN15 5DX",9.0,3.0,"MR","Male",1960.0,34.0,"26-35 years","Non-responder"
51.0,1.0,"£50-£100","1 Visit",1.0,51.0,"NW11 0DH",36.0,8.0,"MR","Male",1960.0,34.0,"26-35 years","Non-responder"
73.0,3.0,"£50-£100","3 Visits",3.0,73.0,"UB 7 8LS",9.0,3.0,"MR","Male",1960.0,34.0,"26-35 years","Non-responder"
66.0,4.0,"£50-£100","4 Visits",4.0,66.0,"ST20 0HR",10.0,3.0,"MR","Male",1960.0,34.0,"26-35 years","Non-responder"
74.0,1.0,"£50-£100","1 Visit",1.0,74.0,"SY 1 4QD",16.0,4.0,"MR","Male",1960.0,34.0,"26-35 years","Non-responder"
60.0,1.0,"£50-£100","1 Visit",1.0,60.0,"SY 1 4LG",31.0,7.0,"MR","Male",1960.0,34.0,"26-35 years","Non-responder"
69.0,1.0,"£50-£100","1 Visit",1.0,69.0,"WV11 2TB",11.0,3.0,"MR","Male",1960.0,34.0,"26-35 years","Non-responder"
85.0,2.0,"£50-£100","2 Visits",2.0,85.0,"SY 5 0PF",50.0,11.0,"MR","Male",1960.0,34.0,"26-35 years","Non-responder"
62.0,2.0,"£50-£100","2 Visits",2.0,62.0,"NG33 5RA",20.0,5.0,"MR","Male",1960.0,34.0,"26-35 years","Non-responder"
66.0,3.0,"£50-£100","3 Visits",3.0,66.0,"HU 8 9HW",30.0,7.0,"MR","Male",1960.0,34.0,"26-35 years","Non-responder"
68.0,1.0,"£50-£100","1 Visit",1.0,68.0,"UB 6 7EN",30.0,7.0,"MR","Male",1960.0,34.0,"26-35 years","Non-responder"
76.0,1.0,"£50-£100","1 Visit",1.0,76.0,"HA 9 7JA",24.0,6.0,"MR","Male",1960.0,34.0,"26-35 years","Non-responder"
53.0,1.0,"£50-£100","1 Visit",1.0,53.0,"NR12 8TU",5.0,1.0,"MR","Male",1960.0,34.0,"26-35 years","Non-responder"
78.0,2.0,"£50-£100","2 Visits",2.0,78.0,"RM10 7AY",18.0,5.0,"MR","Male",1960.0,34.0,"26-35 years","Non-responder"
100.0,4.0,"£100-£150","4 Visits",4.0,100.0,"NN 4 9EA",29.0,6.0,"MR","Male",1960.0,34.0,"26-35 years","Non-responder"
62.0,5.0,"£50-£100","5 Or More Visits",6.0,71.0,"B 48 7LZ",8.0,2.0,"MRS","Female",1959.0,35.0,"26-35 years","Responder"
70.0,6.0,"£50-£100","5 Or More Visits",7.0,83.0,"B 78 3NJ",13.0,4.0,"MRS","Female",1959.0,35.0,"26-35 years","Responder"
95.0,3.0,"£50-£100","3 Visits",4.0,100.0,"BD22 6HG",18.0,5.0,"MRS","Female",1959.0,35.0,"26-35 years","Responder"
94.0,4.0,"£50-£100","4 Visits",5.0,101.0,"PL 7 3JP",9.0,3.0,"MRS","Female",1959.0,35.0,"26-35 years","Responder"
80.0,1.0,"£50-£100","1 Visit",1.0,80.0,"M 29 8JH",10.0,3.0,"MRS","Female",1959.0,35.0,"26-35 years","Non-responder"
63.0,2.0,"£50-£100","2 Visits",2.0,63.0,"HU10 6BJ",42.0,10.0,"MRS","Female",1959.0,35.0,"26-35 years","Non-responder"
54.0,3.0,"£50-£100","3 Visits",3.0,54.0,"CV10 8NN",17.0,4.0,"MRS","Female",1959.0,35.0,"26-35 years","Non-responder"
74.0,1.0,"£50-£100","1 Visit",1.0,74.0,"SE20 8TD",24.0,6.0,"MRS","Female",1959.0,35.0,"26-35 years","Non-responder"
74.0,2.0,"£50-£100","2 Visits",2.0,74.0,"SA73 1TT",13.0,4.0,"MRS","Female",1959.0,35.0,"26-35 years","Non-responder"
61.0,1.0,"£50-£100","1 Visit",1.0,61.0,"RH16 3TZ",43.0,10.0,"MRS","Female",1959.0,35.0,"26-35 years","Non-responder"
66.0,3.0,"£50-£100","3 Visits",3.0,66.0,"LS12 5LU",11.0,3.0,"MRS","Female",1959.0,35.0,"26-35 years","Non-responder"
66.0,2.0,"£50-£100","2 Visits",2.0,66.0,"BB10 4EQ",12.0,3.0,"MISS","Female",1959.0,35.0,"26-35 years","Non-responder"
74.0,4.0,"£50-£100","4 Visits",4.0,74.0,"YO 3 4UH",2.0,1.0,"MRS","Female",1959.0,35.0,"26-35 years","Non-responder"
63.0,1.0,"£50-£100","1 Visit",1.0,63.0,"SW15 5PF",40.0,9.0,"MS","Female",1959.0,35.0,"26-35 years","Non-responder"
69.0,1.0,"£50-£100","1 Visit",1.0,69.0,"PO 4 0AD",29.0,6.0,"MISS","Female",1959.0,35.0,"26-35 years","Non-responder"
50.0,1.0,"£50-£100","1 Visit",1.0,50.0,"AL10 9EJ",43.0,10.0,"MISS","Female",1959.0,35.0,"26-35 years","Non-responder"
31.0,3.0,"Under £50","3 Visits",3.0,31.0,"GU14 0PA",2.0,1.0,"MS","Female",1959.0,35.0,"26-35 years","Non-responder"
99.0,3.0,"£50-£100","3 Visits",3.0,99.0,"LL77 7JB",16.0,4.0,"MRS","Female",1959.0,35.0,"26-35 years","Non-responder"
53.0,2.0,"£50-£100","2 Visits",2.0,53.0,"LL77 7TY",39.0,9.0,"MS","Female",1959.0,35.0,"26-35 years","Non-responder"
89.0,4.0,"£50-£100","4 Visits",4.0,89.0,"NW 2 4JD",24.0,6.0,"MISS","Female",1959.0,35.0,"26-35 years","Non-responder"
12.0,2.0,"Under £50","2 Visits",2.0,12.0,"N  2 0AS",1.0,1.0,"MRS","Female",1959.0,35.0,"26-35 years","Non-responder"
60.0,4.0,"£50-£100","4 Visits",4.0,60.0,"CR 0 4JR",30.0,7.0,"MISS","Female",1959.0,35.0,"26-35 years","Non-responder"
73.0,2.0,"£50-£100","2 Visits",2.0,73.0,"TF11 8UB",42.0,10.0,"MRS","Female",1959.0,35.0,"26-35 years","Non-responder"
78.0,2.0,"£50-£100","2 Visits",2.0,78.0,"TS24 0UD",29.0,6.0,"MRS","Female",1959.0,35.0,"26-35 years","Non-responder"
68.0,3.0,"£50-£100","3 Visits",3.0,68.0,"BB 4 8QL",37.0,9.0,"MRS","Female",1959.0,35.0,"26-35 years","Non-responder"
94.0,2.0,"£50-£100","2 Visits",2.0,94.0,"NE 5 4AR",18.0,5.0,"MRS","Female",1959.0,35.0,"26-35 years","Non-responder"
59.0,1.0,"£50-£100","1 Visit",1.0,59.0,"PO22 6RS",7.0,2.0,"MRS","Female",1959.0,35.0,"26-35 years","Non-responder"
94.0,5.0,"£50-£100","5 Or More Visits",5.0,94.0,"LU 2 8EJ",9.0,3.0,"MRS","Female",1959.0,35.0,"26-35 years","Non-responder"
672.0,33.0,"Over £500","5 Or More Visits",43.0,844.0,"SG14 3SP",9.0,3.0,"Mr","Male",1959.0,35.0,"26-35 years","Responder"
526.0,26.0,"Over £500","5 Or More Visits",29.0,565.0,"OX11 8HE",29.0,6.0,"Mr","Male",1959.0,35.0,"26-35 years","Responder"
71.0,4.0,"£50-£100","4 Visits",5.0,91.0,"HU17 8TQ",3.0,1.0,"MR","Male",1959.0,35.0,"26-35 years","Responder"
102.0,8.0,"£100-£150","5 Or More Visits",12.0,280.0,"CM 1 5ST",2.0,1.0,"MR","Male",1959.0,35.0,"26-35 years","Responder"
67.0,2.0,"£50-£100","2 Visits",3.0,73.0,"SS 7 3ET",9.0,3.0,"MR","Male",1959.0,35.0,"26-35 years","Responder"
52.0,2.0,"£50-£100","2 Visits",3.0,70.0,"OX 2 7TD",16.0,4.0,"MR","Male",1959.0,35.0,"26-35 years","Responder"
56.0,2.0,"£50-£100","2 Visits",3.0,63.0,"PR 4 3AY",11.0,3.0,"MR","Male",1959.0,35.0,"26-35 years","Responder"
112.0,4.0,"£100-£150","4 Visits",6.0,146.0,"B 77 4HR",44.0,10.0,"MR","Male",1959.0,35.0,"26-35 years","Responder"
53.0,3.0,"£50-£100","3 Visits",7.0,102.0,"SY 3 5DN",43.0,10.0,"MR","Male",1959.0,35.0,"26-35 years","Responder"
58.0,1.0,"£50-£100","1 Visit",3.0,108.0,"ST15 8HZ",15.0,4.0,"MR","Male",1959.0,35.0,"26-35 years","Responder"
91.0,19.0,"£50-£100","5 Or More Visits",22.0,121.0,"SN 3 4HJ",43.0,10.0,"MR","Male",1959.0,35.0,"26-35 years","Responder"
81.0,1.0,"£50-£100","1 Visit",2.0,115.0,"PE 2 8BS",12.0,3.0,"MR","Male",1959.0,35.0,"26-35 years","Responder"
57.0,6.0,"£50-£100","5 Or More Visits",7.0,62.0,"PO 7 7RP",11.0,3.0,"MR","Male",1959.0,35.0,"26-35 years","Responder"
34.0,2.0,"Under £50","2 Visits",3.0,36.0,"CR 0 4AB",30.0,7.0,"MR","Male",1959.0,35.0,"26-35 years","Responder"
81.0,4.0,"£50-£100","4 Visits",8.0,129.0,"IP 2 0LD",2.0,1.0,"MR","Male",1959.0,35.0,"26-35 years","Responder"
58.0,4.0,"£50-£100","4 Visits",4.0,58.0,"B 26 1LP",10.0,3.0,"MR","Male",1959.0,35.0,"26-35 years","Non-responder"
177.0,11.0,"£150-£200","5 Or More Visits",11.0,177.0,"HA 8 0HN",24.0,6.0,"Mr","Male",1959.0,35.0,"26-35 years","Non-responder"
57.0,4.0,"£50-£100","4 Visits",4.0,57.0,"SS14 1JR",12.0,3.0,"MR","Male",1959.0,35.0,"26-35 years","Non-responder"
53.0,6.0,"£50-£100","5 Or More Visits",6.0,53.0,"NE12 8QF",18.0,5.0,"MR","Male",1959.0,35.0,"26-35 years","Non-responder"
82.0,5.0,"£50-£100","5 Or More Visits",5.0,82.0,"NG10 1DG",29.0,6.0,"MR","Male",1959.0,35.0,"26-35 years","Non-responder"
85.0,2.0,"£50-£100","2 Visits",2.0,85.0,"DE24 3EH",2.0,1.0,"MR","Male",1959.0,35.0,"26-35 years","Non-responder"
60.0,7.0,"£50-£100","5 Or More Visits",7.0,60.0,"LS12 4DZ",29.0,6.0,"MR","Male",1959.0,35.0,"26-35 years","Non-responder"
55.0,6.0,"£50-£100","5 Or More Visits",6.0,55.0,"B 77 3HR",9.0,3.0,"MR","Male",1959.0,35.0,"26-35 years","Non-responder"
95.0,2.0,"£50-£100","2 Visits",2.0,95.0,"SG 2 8QN",15.0,4.0,"MR","Male",1959.0,35.0,"26-35 years","Non-responder"
57.0,2.0,"£50-£100","2 Visits",2.0,57.0,"CV 5 6GN",29.0,6.0,"MR","Male",1959.0,35.0,"26-35 years","Non-responder"
60.0,3.0,"£50-£100","3 Visits",3.0,60.0,"GU25 4HB",8.0,2.0,"MR","Male",1959.0,35.0,"26-35 years","Non-responder"
85.0,1.0,"£50-£100","1 Visit",1.0,85.0,"B 76 8UL",9.0,3.0,"MR","Male",1959.0,35.0,"26-35 years","Non-responder"
83.0,4.0,"£50-£100","4 Visits",4.0,83.0,"L 22 9QX",30.0,7.0,"MR","Male",1959.0,35.0,"26-35 years","Non-responder"
66.0,3.0,"£50-£100","3 Visits",3.0,66.0,"WS15 2NQ",14.0,4.0,"MR","Male",1959.0,35.0,"26-35 years","Non-responder"
60.0,2.0,"£50-£100","2 Visits",2.0,60.0,"BH20 7NA",48.0,11.0,"MR","Male",1959.0,35.0,"26-35 years","Non-responder"
64.0,2.0,"£50-£100","2 Visits",2.0,64.0,"RG 1 6JX",7.0,2.0,"MR","Male",1959.0,35.0,"26-35 years","Non-responder"
58.0,2.0,"£50-£100","2 Visits",2.0,58.0,"N 21 3BN",1.0,1.0,"MR","Male",1959.0,35.0,"26-35 years","Non-responder"
69.0,2.0,"£50-£100","2 Visits",2.0,69.0,"WS11 2YQ",2.0,1.0,"MR","Male",1959.0,35.0,"26-35 years","Non-responder"
89.0,5.0,"£50-£100","5 Or More Visits",5.0,89.0,"PE 9 4BT",42.0,10.0,"MR","Male",1959.0,35.0,"26-35 years","Non-responder"
92.0,6.0,"£50-£100","5 Or More Visits",6.0,92.0,"SY11 2UD",44.0,10.0,"MR","Male",1959.0,35.0,"26-35 years","Non-responder"
82.0,2.0,"£50-£100","2 Visits",2.0,82.0,"SM 6 7BG",30.0,7.0,"MR","Male",1959.0,35.0,"26-35 years","Non-responder"
84.0,2.0,"£50-£100","2 Visits",2.0,84.0,"PL 1 3DD",25.0,6.0,"MR","Male",1959.0,35.0,"26-35 years","Non-responder"
55.0,3.0,"£50-£100","3 Visits",3.0,55.0,"LU 4 0YD",43.0,10.0,"MR","Male",1959.0,35.0,"26-35 years","Non-responder"
85.0,1.0,"£50-£100","1 Visit",1.0,85.0,"W  7 2JA",36.0,8.0,"MR","Male",1959.0,35.0,"26-35 years","Non-responder"
52.0,3.0,"£50-£100","3 Visits",3.0,52.0,"BD21 4UY",9.0,3.0,"MR","Male",1959.0,35.0,"26-35 years","Non-responder"
80.0,1.0,"£50-£100","1 Visit",1.0,80.0,"NN 3 1US",5.0,1.0,"MR","Male",1959.0,35.0,"26-35 years","Non-responder"
55.0,3.0,"£50-£100","3 Visits",3.0,55.0,"CW12 3RP",2.0,1.0,"MR","Male",1959.0,35.0,"26-35 years","Non-responder"
68.0,1.0,"£50-£100","1 Visit",1.0,68.0,"PO22 9DS",10.0,3.0,"MR","Male",1959.0,35.0,"26-35 years","Non-responder"
83.0,5.0,"£50-£100","5 Or More Visits",7.0,134.0,"CV21 2BH",29.0,6.0,"MRS","Female",1958.0,36.0,"36-45 years","Responder"
51.0,2.0,"£50-£100","2 Visits",3.0,68.0,"WS10 8NJ",20.0,5.0,"MRS","Female",1958.0,36.0,"36-45 years","Responder"
341.0,15.0,"£300-£500","5 Or More Visits",24.0,529.0,"TR 1 3SA",31.0,7.0,"Mrs","Female",1958.0,36.0,"36-45 years","Responder"
56.0,1.0,"£50-£100","1 Visit",2.0,108.0,"S 65 2TR",11.0,3.0,"MRS","Female",1958.0,36.0,"36-45 years","Responder"
103.0,7.0,"£100-£150","5 Or More Visits",8.0,109.0,"SP10 1QA",14.0,4.0,"MRS","Female",1958.0,36.0,"36-45 years","Responder"
119.0,6.0,"£100-£150","5 Or More Visits",7.0,126.0,"PL18 9RW",7.0,2.0,"MRS","Female",1958.0,36.0,"36-45 years","Responder"
0.0,0.0,"Under £50","No Visits",2.0,2.0,"KT19 9EA",7.0,2.0,"MRS","Female",1958.0,36.0,"36-45 years","Responder"
111.0,4.0,"£100-£150","4 Visits",7.0,169.0,"B 24 9DR",30.0,7.0,"MRS","Female",1958.0,36.0,"36-45 years","Responder"
100.0,3.0,"£100-£150","3 Visits",6.0,104.0,"NW 6 7HA",24.0,6.0,"MRS","Female",1958.0,36.0,"36-45 years","Responder"
96.0,4.0,"£50-£100","4 Visits",5.0,200.0,"TF 1 4QF",11.0,3.0,"MRS","Female",1958.0,36.0,"36-45 years","Responder"
90.0,1.0,"£50-£100","1 Visit",2.0,190.0,"CT13 9NZ",7.0,2.0,"MRS","Female",1958.0,36.0,"36-45 years","Responder"
102.0,9.0,"£100-£150","5 Or More Visits",14.0,135.0,"BD22 8QN",42.0,10.0,"MRS","Female",1958.0,36.0,"36-45 years","Responder"
90.0,2.0,"£50-£100","2 Visits",4.0,139.0,"PO22 7NE",1.0,1.0,"MRS","Female",1958.0,36.0,"36-45 years","Responder"
60.0,2.0,"£50-£100","2 Visits",2.0,60.0,"CV21 3EB",26.0,6.0,"MRS","Female",1958.0,36.0,"36-45 years","Non-responder"
79.0,4.0,"£50-£100","4 Visits",4.0,79.0,"TQ 5 9QT",39.0,9.0,"MRS","Female",1958.0,36.0,"36-45 years","Non-responder"
62.0,1.0,"£50-£100","1 Visit",1.0,62.0,"SA 4 3EX",10.0,3.0,"MRS","Female",1958.0,36.0,"36-45 years","Non-responder"
208.0,10.0,"£200-£300","5 Or More Visits",10.0,208.0,"CR 0 9LR",34.0,8.0,"Mrs","Female",1958.0,36.0,"36-45 years","Non-responder"
52.0,1.0,"£50-£100","1 Visit",1.0,52.0,"PR 9 7HD",8.0,2.0,"MRS","Female",1958.0,36.0,"36-45 years","Non-responder"
82.0,5.0,"£50-£100","5 Or More Visits",5.0,82.0,"TW17 8BW",8.0,2.0,"MRS","Female",1958.0,36.0,"36-45 years","Non-responder"
80.0,2.0,"£50-£100","2 Visits",2.0,80.0,"CM22 6LP",6.0,2.0,"MRS","Female",1958.0,36.0,"36-45 years","Non-responder"
14.0,1.0,"Under £50","1 Visit",1.0,14.0,"SG 1 2RH",30.0,7.0,"MRS","Female",1958.0,36.0,"36-45 years","Non-responder"
64.0,2.0,"£50-£100","2 Visits",2.0,64.0,"M 28 6YB",41.0,10.0,"MISS","Female",1958.0,36.0,"36-45 years","Non-responder"
55.0,2.0,"£50-£100","2 Visits",2.0,55.0,"SO 1 5HF",8.0,2.0,"MRS","Female",1958.0,36.0,"36-45 years","Non-responder"
53.0,3.0,"£50-£100","3 Visits",3.0,53.0,"NR 6 5SN",8.0,2.0,"MRS","Female",1958.0,36.0,"36-45 years","Non-responder"
85.0,1.0,"£50-£100","1 Visit",1.0,85.0,"HP23 5DN",44.0,10.0,"MRS","Female",1958.0,36.0,"36-45 years","Non-responder"
55.0,3.0,"£50-£100","3 Visits",3.0,55.0,"NW 2 7RJ",34.0,8.0,"MRS","Female",1958.0,36.0,"36-45 years","Non-responder"
72.0,4.0,"£50-£100","4 Visits",4.0,72.0,"NW 9 5RY",23.0,5.0,"MRS","Female",1958.0,36.0,"36-45 years","Non-responder"
74.0,1.0,"£50-£100","1 Visit",1.0,74.0,"ST18 0QZ",2.0,1.0,"MRS","Female",1958.0,36.0,"36-45 years","Non-responder"
94.0,2.0,"£50-£100","2 Visits",2.0,94.0,"TF11 8BP",13.0,4.0,"MRS","Female",1958.0,36.0,"36-45 years","Non-responder"
93.0,1.0,"£50-£100","1 Visit",1.0,93.0,"CB 6 2DF",47.0,11.0,"MRS","Female",1958.0,36.0,"36-45 years","Non-responder"
60.0,3.0,"£50-£100","3 Visits",3.0,60.0,"HA 6 1QH",8.0,2.0,"MRS","Female",1958.0,36.0,"36-45 years","Non-responder"
88.0,2.0,"£50-£100","2 Visits",2.0,88.0,"TN18 4JT",45.0,11.0,"MISS","Female",1958.0,36.0,"36-45 years","Non-responder"
81.0,1.0,"£50-£100","1 Visit",1.0,81.0,"TN23 2AL",13.0,4.0,"MRS","Female",1958.0,36.0,"36-45 years","Non-responder"
90.0,1.0,"£50-£100","1 Visit",1.0,90.0,"SW19 1QX",36.0,8.0,"MISS","Female",1958.0,36.0,"36-45 years","Non-responder"
70.0,3.0,"£50-£100","3 Visits",3.0,70.0,"N 14 7BN",7.0,2.0,"MRS","Female",1958.0,36.0,"36-45 years","Non-responder"
42.0,4.0,"Under £50","4 Visits",4.0,42.0,"CO 7 6XG",6.0,2.0,"MS","Female",1958.0,36.0,"36-45 years","Non-responder"
200.0,2.0,"£150-£200","2 Visits",5.0,444.0,"YO 3 3FB",44.0,10.0,"MR","Male",1958.0,36.0,"36-45 years","Responder"
80.0,1.0,"£50-£100","1 Visit",5.0,131.0,"SA61 2JE",32.0,7.0,"MR","Male",1958.0,36.0,"36-45 years","Responder"
539.0,26.0,"Over £500","5 Or More Visits",30.0,552.0,"SG 7 5AL",7.0,2.0,"Mr","Male",1958.0,36.0,"36-45 years","Responder"
107.0,5.0,"£100-£150","5 Or More Visits",6.0,112.0,"CM12 0UD",2.0,1.0,"MR","Male",1958.0,36.0,"36-45 years","Responder"
74.0,1.0,"£50-£100","1 Visit",2.0,117.0,"CM 3 5FW",43.0,10.0,"MR","Male",1958.0,36.0,"36-45 years","Responder"
53.0,1.0,"£50-£100","1 Visit",3.0,92.0,"CR 4 3DJ",29.0,6.0,"MR","Male",1958.0,36.0,"36-45 years","Responder"
156.0,10.0,"£150-£200","5 Or More Visits",12.0,163.0,"NE 5 2AD",39.0,9.0,"MR","Male",1958.0,36.0,"36-45 years","Responder"
90.0,1.0,"£50-£100","1 Visit",4.0,114.0,"SS 7 5PA",8.0,2.0,"MR","Male",1958.0,36.0,"36-45 years","Responder"
89.0,5.0,"£50-£100","5 Or More Visits",8.0,99.0,"OX16 7WP",43.0,10.0,"MR","Male",1958.0,36.0,"36-45 years","Responder"
62.0,1.0,"£50-£100","1 Visit",2.0,76.0,"CR 0 3QZ",29.0,6.0,"MR","Male",1958.0,36.0,"36-45 years","Responder"
65.0,2.0,"£50-£100","2 Visits",3.0,81.0,"RG15 8DX",39.0,9.0,"MR","Male",1958.0,36.0,"36-45 years","Responder"
85.0,4.0,"£50-£100","4 Visits",6.0,102.0,"WA 5 1XU",44.0,10.0,"MR","Male",1958.0,36.0,"36-45 years","Responder"
93.0,7.0,"£50-£100","5 Or More Visits",8.0,97.0,"TR 7 1SU",28.0,6.0,"MR","Male",1958.0,36.0,"36-45 years","Responder"
60.0,4.0,"£50-£100","4 Visits",5.0,90.0,"E  6 3DH",30.0,7.0,"MR","Male",1958.0,36.0,"36-45 years","Responder"
85.0,1.0,"£50-£100","1 Visit",1.0,85.0,"TN38 9RN",2.0,1.0,"MR","Male",1958.0,36.0,"36-45 years","Non-responder"
45.0,3.0,"Under £50","3 Visits",3.0,45.0,"CV21 4AU",10.0,3.0,"MR","Male",1958.0,36.0,"36-45 years","Non-responder"
80.0,4.0,"£50-£100","4 Visits",4.0,80.0,"RH19 2AX",4.0,1.0,"Mr","Male",1958.0,36.0,"36-45 years","Non-responder"
74.0,11.0,"£50-£100","5 Or More Visits",11.0,74.0,"BN 3 5QL",26.0,6.0,"MR","Male",1958.0,36.0,"36-45 years","Non-responder"
65.0,3.0,"£50-£100","3 Visits",3.0,65.0,"B 37 7DN",9.0,3.0,"MR","Male",1958.0,36.0,"36-45 years","Non-responder"
50.0,3.0,"£50-£100","3 Visits",3.0,50.0,"EN 5 5HJ",36.0,8.0,"MR","Male",1958.0,36.0,"36-45 years","Non-responder"
73.0,5.0,"£50-£100","5 Or More Visits",5.0,73.0,"SM 1 2JH",7.0,2.0,"MR","Male",1958.0,36.0,"36-45 years","Non-responder"
93.0,5.0,"£50-£100","5 Or More Visits",5.0,93.0,"BS10 6EL",31.0,7.0,"MR","Male",1958.0,36.0,"36-45 years","Non-responder"
66.0,2.0,"£50-£100","2 Visits",2.0,66.0,"SA72 6XD",28.0,6.0,"MR","Male",1958.0,36.0,"36-45 years","Non-responder"
78.0,2.0,"£50-£100","2 Visits",2.0,78.0,"SS 9 2AN",7.0,2.0,"MR","Male",1958.0,36.0,"36-45 years","Non-responder"
56.0,2.0,"£50-£100","2 Visits",2.0,56.0,"HU 7 4LS",20.0,5.0,"MR","Male",1958.0,36.0,"36-45 years","Non-responder"
88.0,3.0,"£50-£100","3 Visits",3.0,88.0,"LA 1 2SL",7.0,2.0,"MR","Male",1958.0,36.0,"36-45 years","Non-responder"
61.0,2.0,"£50-£100","2 Visits",2.0,61.0,"SO 5 5NN",29.0,6.0,"MR","Male",1958.0,36.0,"36-45 years","Non-responder"
81.0,1.0,"£50-£100","1 Visit",1.0,81.0,"BB11 4BP",12.0,3.0,"MR","Male",1958.0,36.0,"36-45 years","Non-responder"
54.0,3.0,"£50-£100","3 Visits",3.0,54.0,"L 23 9UE",8.0,2.0,"MR","Male",1958.0,36.0,"36-45 years","Non-responder"
66.0,2.0,"£50-£100","2 Visits",2.0,66.0,"SK11 9SL",5.0,1.0,"MR","Male",1958.0,36.0,"36-45 years","Non-responder"
67.0,2.0,"£50-£100","2 Visits",2.0,67.0,"KT 6 7PJ",24.0,6.0,"MR","Male",1958.0,36.0,"36-45 years","Non-responder"
31.0,3.0,"Under £50","3 Visits",3.0,31.0,"B 45 0EE",17.0,4.0,"MR","Male",1958.0,36.0,"36-45 years","Non-responder"
62.0,3.0,"£50-£100","3 Visits",3.0,62.0,"LE18 3SZ",43.0,10.0,"MR","Male",1958.0,36.0,"36-45 years","Non-responder"
85.0,3.0,"£50-£100","3 Visits",3.0,85.0,"CV11 6FU",2.0,1.0,"MR","Male",1958.0,36.0,"36-45 years","Non-responder"
84.0,1.0,"£50-£100","1 Visit",1.0,84.0,"WA 8 7PN",9.0,3.0,"MR","Male",1958.0,36.0,"36-45 years","Non-responder"
64.0,6.0,"£50-£100","5 Or More Visits",6.0,64.0,"NW 9 8AS",27.0,6.0,"MR","Male",1958.0,36.0,"36-45 years","Non-responder"
85.0,5.0,"£50-£100","5 Or More Visits",5.0,85.0,"KT 5 9JN",8.0,2.0,"MR","Male",1958.0,36.0,"36-45 years","Non-responder"
74.0,1.0,"£50-£100","1 Visit",1.0,74.0,"GU13 0LU",8.0,2.0,"MR","Male",1958.0,36.0,"36-45 years","Non-responder"
82.0,3.0,"£50-£100","3 Visits",3.0,82.0,"NE23 7HQ",11.0,3.0,"MR","Male",1958.0,36.0,"36-45 years","Non-responder"
80.0,1.0,"£50-£100","1 Visit",1.0,80.0,"M 28 4PU",5.0,1.0,"MR","Male",1958.0,36.0,"36-45 years","Non-responder"
51.0,1.0,"£50-£100","1 Visit",1.0,51.0,"NW11 0DJ",36.0,8.0,"MR","Male",1958.0,36.0,"36-45 years","Non-responder"
73.0,1.0,"£50-£100","1 Visit",1.0,73.0,"LN 4 1QR",6.0,2.0,"MR","Male",1958.0,36.0,"36-45 years","Non-responder"
80.0,1.0,"£50-£100","1 Visit",1.0,80.0,"CV13 0QJ",6.0,2.0,"MR","Male",1958.0,36.0,"36-45 years","Non-responder"
63.0,1.0,"£50-£100","1 Visit",1.0,63.0,"KT12 3HB",44.0,10.0,"MR","Male",1958.0,36.0,"36-45 years","Non-responder"
74.0,1.0,"£50-£100","1 Visit",1.0,74.0,"HD 7 6DH",12.0,3.0,"MR","Male",1958.0,36.0,"36-45 years","Non-responder"
51.0,1.0,"£50-£100","1 Visit",1.0,51.0,"BR 2 9JJ",40.0,9.0,"MR","Male",1958.0,36.0,"36-45 years","Non-responder"
60.0,10.0,"£50-£100","5 Or More Visits",10.0,60.0,"WS14 9DJ",3.0,1.0,"MR","Male",1958.0,36.0,"36-45 years","Non-responder"
80.0,2.0,"£50-£100","2 Visits",2.0,80.0,"NR29 3RL",44.0,10.0,"MR","Male",1958.0,36.0,"36-45 years","Non-responder"
62.0,1.0,"£50-£100","1 Visit",1.0,62.0,"PL 9 9AW",31.0,7.0,"MR","Male",1958.0,36.0,"36-45 years","Non-responder"
50.0,9.0,"£50-£100","5 Or More Visits",9.0,50.0,"B 79 7QR",11.0,3.0,"MR","Male",1958.0,36.0,"36-45 years","Non-responder"
54.0,1.0,"£50-£100","1 Visit",1.0,54.0,"LN 5 8TH",44.0,10.0,"MR","Male",1958.0,36.0,"36-45 years","Non-responder"
65.0,1.0,"£50-£100","1 Visit",1.0,65.0,"CO 2 8UR",44.0,10.0,"MR","Male",1958.0,36.0,"36-45 years","Non-responder"
55.0,4.0,"£50-£100","4 Visits",14.0,174.0,"CM 1 4YG",3.0,1.0,"MRS","Female",1957.0,37.0,"36-45 years","Responder"
56.0,2.0,"£50-£100","2 Visits",4.0,327.0,"CV12 0BS",9.0,3.0,"MRS","Female",1957.0,37.0,"36-45 years","Responder"
141.0,15.0,"£100-£150","5 Or More Visits",20.0,189.0,"PL 6 8QJ",14.0,4.0,"MS","Female",1957.0,37.0,"36-45 years","Responder"
94.0,4.0,"£50-£100","4 Visits",6.0,103.0,"PL 9 0DA",3.0,1.0,"MRS","Female",1957.0,37.0,"36-45 years","Responder"
53.0,4.0,"£50-£100","4 Visits",5.0,65.0,"WA 7 4SP",5.0,1.0,"MRS","Female",1957.0,37.0,"36-45 years","Responder"
90.0,5.0,"£50-£100","5 Or More Visits",5.0,90.0,"S 65 1LT",16.0,4.0,"MS","Female",1957.0,37.0,"36-45 years","Non-responder"
107.0,7.0,"£100-£150","5 Or More Visits",7.0,107.0,"SA 1 2NF",28.0,6.0,"MRS","Female",1957.0,37.0,"36-45 years","Non-responder"
89.0,4.0,"£50-£100","4 Visits",4.0,89.0,"SG12 8BJ",13.0,4.0,"MRS","Female",1957.0,37.0,"36-45 years","Non-responder"
0.0,0.0,"Under £50","No Visits",0.0,0.0,"PO 3 6LG",8.0,2.0,"MRS","Female",1957.0,37.0,"36-45 years","Non-responder"
71.0,6.0,"£50-£100","5 Or More Visits",6.0,71.0,"PO 2 8PJ",29.0,6.0,"MRS","Female",1957.0,37.0,"36-45 years","Non-responder"
69.0,1.0,"£50-£100","1 Visit",1.0,69.0,"PO14 3JL",5.0,1.0,"MRS","Female",1957.0,37.0,"36-45 years","Non-responder"
56.0,3.0,"£50-£100","3 Visits",3.0,56.0,"NN11 5ER",10.0,3.0,"MRS","Female",1957.0,37.0,"36-45 years","Non-responder"
61.0,5.0,"£50-£100","5 Or More Visits",5.0,61.0,"B 78 1BN",9.0,3.0,"MRS","Female",1957.0,37.0,"36-45 years","Non-responder"
101.0,4.0,"£100-£150","4 Visits",4.0,101.0,"SK 8 2JN",16.0,4.0,"MS","Female",1957.0,37.0,"36-45 years","Non-responder"
52.0,2.0,"£50-£100","2 Visits",2.0,52.0,"NE13 7JP",15.0,4.0,"MRS","Female",1957.0,37.0,"36-45 years","Non-responder"
55.0,2.0,"£50-£100","2 Visits",2.0,55.0,"WC1H 9QW",34.0,8.0,"MS","Female",1957.0,37.0,"36-45 years","Non-responder"
57.0,1.0,"£50-£100","1 Visit",1.0,57.0,"BL 0 9SG",9.0,3.0,"MRS","Female",1957.0,37.0,"36-45 years","Non-responder"
65.0,8.0,"£50-£100","5 Or More Visits",8.0,65.0,"CV 6 6GT",27.0,6.0,"MRS","Female",1957.0,37.0,"36-45 years","Non-responder"
53.0,2.0,"£50-£100","2 Visits",2.0,53.0,"WA10 6NB",13.0,4.0,"MISS","Female",1957.0,37.0,"36-45 years","Non-responder"
28.0,2.0,"Under £50","2 Visits",2.0,28.0,"BS19 2LG",3.0,1.0,"MRS","Female",1957.0,37.0,"36-45 years","Non-responder"
432.0,25.0,"£300-£500","5 Or More Visits",26.0,455.0,"SS13 2HS",6.0,2.0,"Mr","Male",1957.0,37.0,"36-45 years","Responder"
35.0,5.0,"Under £50","5 Or More Visits",7.0,251.0,"DN18 5LQ",10.0,3.0,"MR","Male",1957.0,37.0,"36-45 years","Responder"
94.0,1.0,"£50-£100","1 Visit",2.0,241.0,"YO12 7TA",29.0,6.0,"MR","Male",1957.0,37.0,"36-45 years","Responder"
53.0,4.0,"£50-£100","4 Visits",5.0,129.0,"MK43 8UD",41.0,10.0,"MR","Male",1957.0,37.0,"36-45 years","Responder"
55.0,3.0,"£50-£100","3 Visits",4.0,90.0,"PO 2 7EZ",17.0,4.0,"MR","Male",1957.0,37.0,"36-45 years","Responder"
81.0,5.0,"£50-£100","5 Or More Visits",8.0,102.0,"CF45 3TG",12.0,3.0,"MR","Male",1957.0,37.0,"36-45 years","Responder"
84.0,2.0,"£50-£100","2 Visits",3.0,89.0,"W  5 4ES",36.0,8.0,"MR","Male",1957.0,37.0,"36-45 years","Responder"
81.0,4.0,"£50-£100","4 Visits",5.0,152.0,"KT19 9PN",17.0,4.0,"MR","Male",1957.0,37.0,"36-45 years","Responder"
93.0,5.0,"£50-£100","5 Or More Visits",7.0,109.0,"E 18 1BW",32.0,7.0,"MR","Male",1957.0,37.0,"36-45 years","Responder"
80.0,5.0,"£50-£100","5 Or More Visits",6.0,84.0,"DN33 2DB",9.0,3.0,"MR","Male",1957.0,37.0,"36-45 years","Responder"
67.0,4.0,"£50-£100","4 Visits",5.0,70.0,"HP 3 0QN",3.0,1.0,"MR","Male",1957.0,37.0,"36-45 years","Responder"
106.0,4.0,"£100-£150","4 Visits",5.0,115.0,"ST19 5HX",2.0,1.0,"MR","Male",1957.0,37.0,"36-45 years","Responder"
332.0,8.0,"£300-£500","5 Or More Visits",11.0,348.0,"PL 4 9QE",29.0,6.0,"MR","Male",1957.0,37.0,"36-45 years","Responder"
78.0,2.0,"£50-£100","2 Visits",3.0,150.0,"TQ10 9PU",7.0,2.0,"MR","Male",1957.0,37.0,"36-45 years","Responder"
98.0,2.0,"£50-£100","2 Visits",5.0,120.0,"BD21 4YF",44.0,10.0,"MR","Male",1957.0,37.0,"36-45 years","Responder"
283.0,17.0,"£200-£300","5 Or More Visits",17.0,283.0,"SA72 6DL",32.0,7.0,"Mr","Male",1957.0,37.0,"36-45 years","Non-responder"
46.0,4.0,"Under £50","4 Visits",4.0,46.0,"TN31 6EN",6.0,2.0,"MR","Male",1957.0,37.0,"36-45 years","Non-responder"
69.0,6.0,"£50-£100","5 Or More Visits",6.0,69.0,"BN 6 8BP",8.0,2.0,"MR","Male",1957.0,37.0,"36-45 years","Non-responder"
67.0,3.0,"£50-£100","3 Visits",3.0,67.0,"DN17 3HZ",39.0,9.0,"MR","Male",1957.0,37.0,"36-45 years","Non-responder"
95.0,3.0,"£50-£100","3 Visits",3.0,95.0,"KT 6 7LT",7.0,2.0,"MR","Male",1957.0,37.0,"36-45 years","Non-responder"
77.0,3.0,"£50-£100","3 Visits",3.0,77.0,"GU25 4JG",3.0,1.0,"MR","Male",1957.0,37.0,"36-45 years","Non-responder"
55.0,1.0,"£50-£100","1 Visit",1.0,55.0,"N 10 3TS",4.0,1.0,"MR","Male",1957.0,37.0,"36-45 years","Non-responder"
60.0,1.0,"£50-£100","1 Visit",1.0,60.0,"DE13 7AE",6.0,2.0,"MR","Male",1957.0,37.0,"36-45 years","Non-responder"
67.0,7.0,"£50-£100","5 Or More Visits",7.0,67.0,"OX10 6EQ",2.0,1.0,"MR","Male",1957.0,37.0,"36-45 years","Non-responder"
50.0,2.0,"£50-£100","2 Visits",2.0,50.0,"CM18 6DU",9.0,3.0,"MR","Male",1957.0,37.0,"36-45 years","Non-responder"
57.0,1.0,"£50-£100","1 Visit",1.0,57.0,"CH 2 1BU",8.0,2.0,"MR","Male",1957.0,37.0,"36-45 years","Non-responder"
66.0,1.0,"£50-£100","1 Visit",1.0,66.0,"BL 9 7JB",12.0,3.0,"MR","Male",1957.0,37.0,"36-45 years","Non-responder"
57.0,4.0,"£50-£100","4 Visits",4.0,57.0,"KT 4 8XW",30.0,7.0,"MR","Male",1957.0,37.0,"36-45 years","Non-responder"
90.0,1.0,"£50-£100","1 Visit",1.0,90.0,"DE 3 5PD",3.0,1.0,"MR","Male",1957.0,37.0,"36-45 years","Non-responder"
58.0,4.0,"£50-£100","4 Visits",4.0,58.0,"B 77 5DN",2.0,1.0,"MR","Male",1957.0,37.0,"36-45 years","Non-responder"
74.0,9.0,"£50-£100","5 Or More Visits",9.0,74.0,"B 79 7SG",2.0,1.0,"MR","Male",1957.0,37.0,"36-45 years","Non-responder"
93.0,2.0,"£50-£100","2 Visits",2.0,93.0,"NN13 6HA",2.0,1.0,"MR","Male",1957.0,37.0,"36-45 years","Non-responder"
77.0,4.0,"£50-£100","4 Visits",4.0,77.0,"RH 8 9DE",6.0,2.0,"MR","Male",1957.0,37.0,"36-45 years","Non-responder"
51.0,6.0,"£50-£100","5 Or More Visits",6.0,51.0,"RG 4 0DD",14.0,4.0,"MR","Male",1957.0,37.0,"36-45 years","Non-responder"
96.0,9.0,"£50-£100","5 Or More Visits",9.0,96.0,"TF 1 4WE",41.0,10.0,"MR","Male",1957.0,37.0,"36-45 years","Non-responder"
72.0,4.0,"£50-£100","4 Visits",4.0,72.0,"GU16 6LZ",2.0,1.0,"MR","Male",1957.0,37.0,"36-45 years","Non-responder"
82.0,5.0,"£50-£100","5 Or More Visits",5.0,82.0,"ST17 4TE",2.0,1.0,"MR","Male",1957.0,37.0,"36-45 years","Non-responder"
62.0,2.0,"£50-£100","2 Visits",2.0,62.0,"NE29 9AX",30.0,7.0,"MR","Male",1957.0,37.0,"36-45 years","Non-responder"
86.0,5.0,"£50-£100","5 Or More Visits",5.0,86.0,"LN 5 7TD",29.0,6.0,"MR","Male",1957.0,37.0,"36-45 years","Non-responder"
157.0,4.0,"£150-£200","4 Visits",4.0,157.0,"CR 0 4XF",30.0,7.0,"MR","Male",1957.0,37.0,"36-45 years","Non-responder"
62.0,8.0,"£50-£100","5 Or More Visits",8.0,62.0,"KT12 3HB",44.0,10.0,"MR","Male",1957.0,37.0,"36-45 years","Non-responder"
61.0,2.0,"£50-£100","2 Visits",2.0,61.0,"NR32 2LU",16.0,4.0,"MR","Male",1957.0,37.0,"36-45 years","Non-responder"
79.0,1.0,"£50-£100","1 Visit",1.0,79.0,"PL 9 7DE",7.0,2.0,"MR","Male",1957.0,37.0,"36-45 years","Non-responder"
82.0,5.0,"£50-£100","5 Or More Visits",5.0,82.0,"PL 3 5LU",36.0,8.0,"MR","Male",1957.0,37.0,"36-45 years","Non-responder"
67.0,2.0,"£50-£100","2 Visits",2.0,67.0,"WV 4 4SU",8.0,2.0,"MR","Male",1957.0,37.0,"36-45 years","Non-responder"
61.0,3.0,"£50-£100","3 Visits",3.0,61.0,"WV 1 4SY",26.0,6.0,"MR","Male",1957.0,37.0,"36-45 years","Non-responder"
81.0,6.0,"£50-£100","5 Or More Visits",6.0,81.0,"BB11 4RG",9.0,3.0,"MR","Male",1957.0,37.0,"36-45 years","Non-responder"
55.0,1.0,"£50-£100","1 Visit",1.0,55.0,"NW10 3LG",36.0,8.0,"MR","Male",1957.0,37.0,"36-45 years","Non-responder"
85.0,2.0,"£50-£100","2 Visits",2.0,85.0,"BD13 3QP",44.0,10.0,"MR","Male",1957.0,37.0,"36-45 years","Non-responder"
57.0,1.0,"£50-£100","1 Visit",1.0,57.0,"LE12 9NX",12.0,3.0,"MR","Male",1957.0,37.0,"36-45 years","Non-responder"
221.0,20.0,"£200-£300","5 Or More Visits",29.0,278.0,"B 95 5HR",39.0,9.0,"Mrs","Female",1956.0,38.0,"36-45 years","Responder"
86.0,5.0,"£50-£100","5 Or More Visits",8.0,136.0,"NG10 4FS",10.0,3.0,"MS","Female",1956.0,38.0,"36-45 years","Responder"
67.0,8.0,"£50-£100","5 Or More Visits",9.0,74.0,"SA61 2RN",31.0,7.0,"MRS","Female",1956.0,38.0,"36-45 years","Responder"
107.0,5.0,"£100-£150","5 Or More Visits",7.0,125.0,"BN16 4LZ",48.0,11.0,"MRS","Female",1956.0,38.0,"36-45 years","Responder"
74.0,2.0,"£50-£100","2 Visits",2.0,74.0,"E 18 1PG",8.0,2.0,"MRS","Female",1956.0,38.0,"36-45 years","Non-responder"
51.0,2.0,"£50-£100","2 Visits",2.0,51.0,"PE37 7RZ",6.0,2.0,"MRS","Female",1956.0,38.0,"36-45 years","Non-responder"
72.0,2.0,"£50-£100","2 Visits",2.0,72.0,"SL 3 9BE",3.0,1.0,"MRS","Female",1956.0,38.0,"36-45 years","Non-responder"
63.0,1.0,"£50-£100","1 Visit",1.0,63.0,"BN27 3DE",31.0,7.0,"MRS","Female",1956.0,38.0,"36-45 years","Non-responder"
50.0,2.0,"£50-£100","2 Visits",2.0,50.0,"LA 5 0EW",46.0,11.0,"MRS","Female",1956.0,38.0,"36-45 years","Non-responder"
92.0,1.0,"£50-£100","1 Visit",1.0,92.0,"SO 3 3NA",43.0,10.0,"MRS","Female",1956.0,38.0,"36-45 years","Non-responder"
49.0,2.0,"Under £50","2 Visits",2.0,49.0,"WF17 6DD",11.0,3.0,"MRS","Female",1956.0,38.0,"36-45 years","Non-responder"
88.0,2.0,"£50-£100","2 Visits",2.0,88.0,"YO 2 3HB",10.0,3.0,"MRS","Female",1956.0,38.0,"36-45 years","Non-responder"
64.0,4.0,"£50-£100","4 Visits",4.0,64.0,"BS 9 1SS",5.0,1.0,"MRS","Female",1956.0,38.0,"36-45 years","Non-responder"
78.0,1.0,"£50-£100","1 Visit",1.0,78.0,"SW15 1LW",36.0,8.0,"MS","Female",1956.0,38.0,"36-45 years","Non-responder"
58.0,4.0,"£50-£100","4 Visits",4.0,58.0,"AL 6 9PF",32.0,7.0,"MRS","Female",1956.0,38.0,"36-45 years","Non-responder"
65.0,2.0,"£50-£100","2 Visits",2.0,65.0,"HA 3 8QR",8.0,2.0,"MRS","Female",1956.0,38.0,"36-45 years","Non-responder"
55.0,3.0,"£50-£100","3 Visits",3.0,55.0,"NR 7 8BN",9.0,3.0,"MRS","Female",1956.0,38.0,"36-45 years","Non-responder"
64.0,5.0,"£50-£100","5 Or More Visits",5.0,64.0,"S 10 5TX",5.0,1.0,"MRS","Female",1956.0,38.0,"36-45 years","Non-responder"
77.0,3.0,"£50-£100","3 Visits",3.0,77.0,"WA12 8SR",44.0,10.0,"MRS","Female",1956.0,38.0,"36-45 years","Non-responder"
68.0,4.0,"£50-£100","4 Visits",4.0,68.0,"N 22 5RP",40.0,9.0,"MISS","Female",1956.0,38.0,"36-45 years","Non-responder"
61.0,1.0,"£50-£100","1 Visit",1.0,61.0,"CR 0 2DY",29.0,6.0,"MRS","Female",1956.0,38.0,"36-45 years","Non-responder"
214.0,24.0,"£200-£300","5 Or More Visits",35.0,326.0,"L 38 9AN",3.0,1.0,"Mr","Male",1956.0,38.0,"36-45 years","Responder"
235.0,10.0,"£200-£300","5 Or More Visits",12.0,244.0,"BN18 0EG",7.0,2.0,"Mr","Male",1956.0,38.0,"36-45 years","Responder"
88.0,1.0,"£50-£100","1 Visit",3.0,127.0,"HP14 3TB",1.0,1.0,"MR","Male",1956.0,38.0,"36-45 years","Responder"
117.0,12.0,"£100-£150","5 Or More Visits",19.0,293.0,"TQ 1 3UG",31.0,7.0,"MR","Male",1956.0,38.0,"36-45 years","Responder"
225.0,7.0,"£200-£300","5 Or More Visits",12.0,321.0,"KT15 2HZ",44.0,10.0,"MR","Male",1956.0,38.0,"36-45 years","Responder"
79.0,4.0,"£50-£100","4 Visits",6.0,116.0,"LA 5 9UL",41.0,10.0,"MR","Male",1956.0,38.0,"36-45 years","Responder"
172.0,6.0,"£150-£200","5 Or More Visits",13.0,449.0,"YO 2 2XY",2.0,1.0,"MR","Male",1956.0,38.0,"36-45 years","Responder"
60.0,4.0,"£50-£100","4 Visits",7.0,76.0,"YO 3 3DU",39.0,9.0,"MR","Male",1956.0,38.0,"36-45 years","Responder"
70.0,6.0,"£50-£100","5 Or More Visits",7.0,73.0,"PO 2 9EA",29.0,6.0,"MR","Male",1956.0,38.0,"36-45 years","Responder"
86.0,1.0,"£50-£100","1 Visit",8.0,192.0,"BD17 7LF",10.0,3.0,"MR","Male",1956.0,38.0,"36-45 years","Responder"
59.0,4.0,"£50-£100","4 Visits",7.0,107.0,"NR31 8DD",31.0,7.0,"MR","Male",1956.0,38.0,"36-45 years","Responder"
97.0,1.0,"£50-£100","1 Visit",3.0,141.0,"SG 1 4LU",44.0,10.0,"MR","Male",1956.0,38.0,"36-45 years","Responder"
76.0,2.0,"£50-£100","2 Visits",5.0,194.0,"ME10 2TU",43.0,10.0,"MR","Male",1956.0,38.0,"36-45 years","Responder"
52.0,1.0,"£50-£100","1 Visit",1.0,52.0,"PR 4 0ZD",6.0,2.0,"MR","Male",1956.0,38.0,"36-45 years","Non-responder"
215.0,7.0,"£200-£300","5 Or More Visits",7.0,215.0,"LS20 8JX",1.0,1.0,"Mr","Male",1956.0,38.0,"36-45 years","Non-responder"
54.0,1.0,"£50-£100","1 Visit",1.0,54.0,"BH17 7QR",44.0,10.0,"MR","Male",1956.0,38.0,"36-45 years","Non-responder"
54.0,2.0,"£50-£100","2 Visits",2.0,54.0,"TS12 2HY",37.0,9.0,"MR","Male",1956.0,38.0,"36-45 years","Non-responder"
52.0,1.0,"£50-£100","1 Visit",1.0,52.0,"CF 4 5PS",31.0,7.0,"MR","Male",1956.0,38.0,"36-45 years","Non-responder"
99.0,1.0,"£50-£100","1 Visit",1.0,99.0,"SS 3 9RJ",14.0,4.0,"MR","Male",1956.0,38.0,"36-45 years","Non-responder"
69.0,1.0,"£50-£100","1 Visit",1.0,69.0,"HP17 9TR",45.0,11.0,"MR","Male",1956.0,38.0,"36-45 years","Non-responder"
93.0,4.0,"£50-£100","4 Visits",4.0,93.0,"NG11 0HP",11.0,3.0,"MR","Male",1956.0,38.0,"36-45 years","Non-responder"
23.0,1.0,"Under £50","1 Visit",1.0,23.0,"DN 9 1LA",6.0,2.0,"MR","Male",1956.0,38.0,"36-45 years","Non-responder"
54.0,1.0,"£50-£100","1 Visit",1.0,54.0,"SE17 2PP",23.0,5.0,"MR","Male",1956.0,38.0,"36-45 years","Non-responder"
74.0,1.0,"£50-£100","1 Visit",1.0,74.0,"KT13 9BQ",7.0,2.0,"MR","Male",1956.0,38.0,"36-45 years","Non-responder"
71.0,4.0,"£50-£100","4 Visits",4.0,71.0,"OX15 4BA",9.0,3.0,"MR","Male",1956.0,38.0,"36-45 years","Non-responder"
88.0,10.0,"£50-£100","5 Or More Visits",10.0,88.0,"GU15 1RQ",2.0,1.0,"MR","Male",1956.0,38.0,"36-45 years","Non-responder"
55.0,1.0,"£50-£100","1 Visit",1.0,55.0,"NE20 9TE",31.0,7.0,"MR","Male",1956.0,38.0,"36-45 years","Non-responder"
74.0,5.0,"£50-£100","5 Or More Visits",5.0,74.0,"CR 0 4LQ",30.0,7.0,"MR","Male",1956.0,38.0,"36-45 years","Non-responder"
53.0,2.0,"£50-£100","2 Visits",2.0,53.0,"BS19 2UG",2.0,1.0,"MR","Male",1956.0,38.0,"36-45 years","Non-responder"
38.0,2.0,"Under £50","2 Visits",2.0,38.0,"CV 7 9HR",10.0,3.0,"MR","Male",1956.0,38.0,"36-45 years","Non-responder"
54.0,4.0,"£50-£100","4 Visits",4.0,54.0,"WS 7 8YQ",9.0,3.0,"MR","Male",1956.0,38.0,"36-45 years","Non-responder"
61.0,1.0,"£50-£100","1 Visit",1.0,61.0,"TS 6 0SH",9.0,3.0,"MR","Male",1956.0,38.0,"36-45 years","Non-responder"
52.0,4.0,"£50-£100","4 Visits",4.0,52.0,"MK40 2SB",32.0,7.0,"MR","Male",1956.0,38.0,"36-45 years","Non-responder"
86.0,1.0,"£50-£100","1 Visit",1.0,86.0,"SE25 5BA",24.0,6.0,"MR","Male",1956.0,38.0,"36-45 years","Non-responder"
54.0,1.0,"£50-£100","1 Visit",1.0,54.0,"CR 5 2BN",3.0,1.0,"MR","Male",1956.0,38.0,"36-45 years","Non-responder"
57.0,4.0,"£50-£100","4 Visits",4.0,57.0,"PR 8 2NP",1.0,1.0,"MR","Male",1956.0,38.0,"36-45 years","Non-responder"
98.0,4.0,"£50-£100","4 Visits",4.0,98.0,"CT18 7NA",8.0,2.0,"MR","Male",1956.0,38.0,"36-45 years","Non-responder"
64.0,2.0,"£50-£100","2 Visits",2.0,64.0,"W  5 4JH",30.0,7.0,"MR","Male",1956.0,38.0,"36-45 years","Non-responder"
98.0,2.0,"£50-£100","2 Visits",2.0,98.0,"BR 8 8HA",9.0,3.0,"MR","Male",1956.0,38.0,"36-45 years","Non-responder"
57.0,1.0,"£50-£100","1 Visit",1.0,57.0,"ME16 8TE",29.0,6.0,"MR","Male",1956.0,38.0,"36-45 years","Non-responder"
64.0,5.0,"£50-£100","5 Or More Visits",5.0,64.0,"BB11 4HY",33.0,8.0,"MR","Male",1956.0,38.0,"36-45 years","Non-responder"
90.0,1.0,"£50-£100","1 Visit",1.0,90.0,"CM13 2SJ",3.0,1.0,"MR","Male",1956.0,38.0,"36-45 years","Non-responder"
53.0,4.0,"£50-£100","4 Visits",4.0,53.0,"CO 7 0DJ",29.0,6.0,"MR","Male",1956.0,38.0,"36-45 years","Non-responder"
56.0,7.0,"£50-£100","5 Or More Visits",7.0,56.0,"SK14 6QF",12.0,3.0,"MR","Male",1956.0,38.0,"36-45 years","Non-responder"
54.0,3.0,"£50-£100","3 Visits",3.0,54.0,"BS19 2RT",6.0,2.0,"MR","Male",1956.0,38.0,"36-45 years","Non-responder"
54.0,2.0,"£50-£100","2 Visits",2.0,54.0,"WD 2 5GR",41.0,10.0,"MR","Male",1956.0,38.0,"36-45 years","Non-responder"
68.0,2.0,"£50-£100","2 Visits",2.0,68.0,"SP10 3NP",31.0,7.0,"MR","Male",1956.0,38.0,"36-45 years","Non-responder"
77.0,2.0,"£50-£100","2 Visits",2.0,77.0,"LE12 5LH",6.0,2.0,"MR","Male",1956.0,38.0,"36-45 years","Non-responder"
60.0,1.0,"£50-£100","1 Visit",1.0,60.0,"ST 7 4QS",12.0,3.0,"MR","Male",1956.0,38.0,"36-45 years","Non-responder"
81.0,3.0,"£50-£100","3 Visits",3.0,81.0,"LE11 3QD",5.0,1.0,"MR","Male",1956.0,38.0,"36-45 years","Non-responder"
473.0,49.0,"£300-£500","5 Or More Visits",55.0,513.0,"RG 3 2UX",29.0,6.0,"Mrs","Female",1955.0,39.0,"36-45 years","Responder"
83.0,6.0,"£50-£100","5 Or More Visits",13.0,168.0,"CT12 6JT",11.0,3.0,"MRS","Female",1955.0,39.0,"36-45 years","Responder"
59.0,2.0,"£50-£100","2 Visits",3.0,76.0,"GU15 1EA",3.0,1.0,"MRS","Female",1955.0,39.0,"36-45 years","Responder"
60.0,3.0,"£50-£100","3 Visits",3.0,60.0,"BD 5 9QS",27.0,6.0,"MRS","Female",1955.0,39.0,"36-45 years","Non-responder"
50.0,2.0,"£50-£100","2 Visits",2.0,50.0,"LE13 1DT",10.0,3.0,"MS","Female",1955.0,39.0,"36-45 years","Non-responder"
100.0,5.0,"£100-£150","5 Or More Visits",5.0,100.0,"CV10 0BP",10.0,3.0,"MRS","Female",1955.0,39.0,"36-45 years","Non-responder"
13.0,4.0,"Under £50","4 Visits",4.0,13.0,"TQ 1 4HW",29.0,6.0,"MRS","Female",1955.0,39.0,"36-45 years","Non-responder"
86.0,1.0,"£50-£100","1 Visit",1.0,86.0,"TN29 9SN",49.0,11.0,"MRS","Female",1955.0,39.0,"36-45 years","Non-responder"
61.0,6.0,"£50-£100","5 Or More Visits",6.0,61.0,"LE 9 6RP",6.0,2.0,"MRS","Female",1955.0,39.0,"36-45 years","Non-responder"
67.0,4.0,"£50-£100","4 Visits",4.0,67.0,"LL68 9AT",12.0,3.0,"MISS","Female",1955.0,39.0,"36-45 years","Non-responder"
81.0,4.0,"£50-£100","4 Visits",4.0,81.0,"LL59 5RD",3.0,1.0,"MRS","Female",1955.0,39.0,"36-45 years","Non-responder"
85.0,2.0,"£50-£100","2 Visits",2.0,85.0,"HA 9 8TF",30.0,7.0,"MRS","Female",1955.0,39.0,"36-45 years","Non-responder"
72.0,1.0,"£50-£100","1 Visit",1.0,72.0,"CR 0 6UH",36.0,8.0,"MRS","Female",1955.0,39.0,"36-45 years","Non-responder"
92.0,2.0,"£50-£100","2 Visits",2.0,92.0,"HA 8 8ST",8.0,2.0,"MRS","Female",1955.0,39.0,"36-45 years","Non-responder"
59.0,1.0,"£50-£100","1 Visit",1.0,59.0,"ST 3 1RX",12.0,3.0,"MRS","Female",1955.0,39.0,"36-45 years","Non-responder"
78.0,1.0,"£50-£100","1 Visit",1.0,78.0,"PR 6 8EJ",31.0,7.0,"MRS","Female",1955.0,39.0,"36-45 years","Non-responder"
70.0,4.0,"£50-£100","4 Visits",4.0,70.0,"NN 3 5ED",44.0,10.0,"MRS","Female",1955.0,39.0,"36-45 years","Non-responder"
823.0,38.0,"Over £500","5 Or More Visits",44.0,976.0,"TN13 2DT",5.0,1.0,"Mr","Male",1955.0,39.0,"36-45 years","Responder"
811.0,23.0,"Over £500","5 Or More Visits",30.0,902.0,"BS 9 2NN",39.0,9.0,"Mr","Male",1955.0,39.0,"36-45 years","Responder"
665.0,59.0,"Over £500","5 Or More Visits",66.0,716.0,"WS 9 8RP",9.0,3.0,"Mr","Male",1955.0,39.0,"36-45 years","Responder"
84.0,3.0,"£50-£100","3 Visits",5.0,165.0,"LE 9 6DY",6.0,2.0,"MR","Male",1955.0,39.0,"36-45 years","Responder"
63.0,4.0,"£50-£100","4 Visits",5.0,69.0,"NG11 6DS",1.0,1.0,"MR","Male",1955.0,39.0,"36-45 years","Responder"
97.0,5.0,"£50-£100","5 Or More Visits",6.0,102.0,"SG13 7DP",7.0,2.0,"MR","Male",1955.0,39.0,"36-45 years","Responder"
105.0,12.0,"£100-£150","5 Or More Visits",13.0,137.0,"YO12 4EP",29.0,6.0,"MR","Male",1955.0,39.0,"36-45 years","Responder"
166.0,5.0,"£150-£200","5 Or More Visits",7.0,408.0,"B 77 1JU",2.0,1.0,"MR","Male",1955.0,39.0,"36-45 years","Responder"
98.0,2.0,"£50-£100","2 Visits",3.0,128.0,"PR 9 7QX",31.0,7.0,"MR","Male",1955.0,39.0,"36-45 years","Responder"
110.0,7.0,"£100-£150","5 Or More Visits",11.0,239.0,"WA 2 0EL",2.0,1.0,"MR","Male",1955.0,39.0,"36-45 years","Responder"
124.0,7.0,"£100-£150","5 Or More Visits",8.0,150.0,"SN 3 5EQ",9.0,3.0,"MR","Male",1955.0,39.0,"36-45 years","Responder"
334.0,4.0,"£300-£500","4 Visits",5.0,285.0,"WS13 7BH",5.0,1.0,"MR","Male",1955.0,39.0,"36-45 years","Responder"
65.0,5.0,"£50-£100","5 Or More Visits",6.0,70.0,"B 77 5HT",13.0,4.0,"MR","Male",1955.0,39.0,"36-45 years","Responder"
97.0,6.0,"£50-£100","5 Or More Visits",9.0,125.0,"UB 6 0QY",30.0,7.0,"MR","Male",1955.0,39.0,"36-45 years","Responder"
15.0,1.0,"Under £50","1 Visit",1.0,15.0,"SY17 5BT",48.0,11.0,"MR","Male",1955.0,39.0,"36-45 years","Non-responder"
60.0,4.0,"£50-£100","4 Visits",4.0,60.0,"CT 6 8AN",38.0,9.0,"MR","Male",1955.0,39.0,"36-45 years","Non-responder"
124.0,4.0,"£100-£150","4 Visits",4.0,124.0,"SO23 7RL",2.0,1.0,"MR","Male",1955.0,39.0,"36-45 years","Non-responder"
63.0,1.0,"£50-£100","1 Visit",1.0,63.0,"SL 2 5JX",27.0,6.0,"MR","Male",1955.0,39.0,"36-45 years","Non-responder"
81.0,2.0,"£50-£100","2 Visits",2.0,81.0,"N  8 7AA",23.0,5.0,"MR","Male",1955.0,39.0,"36-45 years","Non-responder"
59.0,2.0,"£50-£100","2 Visits",2.0,59.0,"OX 9 2AU",5.0,1.0,"MR","Male",1955.0,39.0,"36-45 years","Non-responder"
80.0,7.0,"£50-£100","5 Or More Visits",7.0,80.0,"TN33 0HE",31.0,7.0,"MR","Male",1955.0,39.0,"36-45 years","Non-responder"
64.0,2.0,"£50-£100","2 Visits",2.0,64.0,"BN 1 5LN",5.0,1.0,"MR","Male",1955.0,39.0,"36-45 years","Non-responder"
97.0,6.0,"£50-£100","5 Or More Visits",6.0,97.0,"EN 9 2PU",6.0,2.0,"MR","Male",1955.0,39.0,"36-45 years","Non-responder"
86.0,1.0,"£50-£100","1 Visit",1.0,86.0,"SO 3 6DP",3.0,1.0,"MR","Male",1955.0,39.0,"36-45 years","Non-responder"
74.0,3.0,"£50-£100","3 Visits",3.0,74.0,"BB 6 7SN",12.0,3.0,"MR","Male",1955.0,39.0,"36-45 years","Non-responder"
62.0,1.0,"£50-£100","1 Visit",1.0,62.0,"PR 9 7HT",1.0,1.0,"MR","Male",1955.0,39.0,"36-45 years","Non-responder"
74.0,2.0,"£50-£100","2 Visits",2.0,74.0,"PO 7 7JG",31.0,7.0,"MR","Male",1955.0,39.0,"36-45 years","Non-responder"
74.0,5.0,"£50-£100","5 Or More Visits",5.0,74.0,"DN15 9PG",10.0,3.0,"MR","Male",1955.0,39.0,"36-45 years","Non-responder"
64.0,2.0,"£50-£100","2 Visits",2.0,64.0,"B 77 4LB",44.0,10.0,"MR","Male",1955.0,39.0,"36-45 years","Non-responder"
51.0,1.0,"£50-£100","1 Visit",1.0,51.0,"CR 8 5LY",1.0,1.0,"MR","Male",1955.0,39.0,"36-45 years","Non-responder"
54.0,3.0,"£50-£100","3 Visits",3.0,54.0,"WN 6 0JE",11.0,3.0,"MR","Male",1955.0,39.0,"36-45 years","Non-responder"
57.0,2.0,"£50-£100","2 Visits",2.0,57.0,"AL 7 3TS",16.0,4.0,"MR","Male",1955.0,39.0,"36-45 years","Non-responder"
69.0,10.0,"£50-£100","5 Or More Visits",10.0,69.0,"CV23 0DZ",3.0,1.0,"MR","Male",1955.0,39.0,"36-45 years","Non-responder"
68.0,4.0,"£50-£100","4 Visits",4.0,68.0,"S 80 3QE",2.0,1.0,"MR","Male",1955.0,39.0,"36-45 years","Non-responder"
83.0,2.0,"£50-£100","2 Visits",2.0,83.0,"MK43 9BS",10.0,3.0,"MR","Male",1955.0,39.0,"36-45 years","Non-responder"
60.0,3.0,"£50-£100","3 Visits",3.0,60.0,"CV22 6AS",8.0,2.0,"MR","Male",1955.0,39.0,"36-45 years","Non-responder"
54.0,1.0,"£50-£100","1 Visit",1.0,54.0,"NE 9 6JT",8.0,2.0,"MR","Male",1955.0,39.0,"36-45 years","Non-responder"
70.0,2.0,"£50-£100","2 Visits",2.0,70.0,"HU 8 8JX",30.0,7.0,"MR","Male",1955.0,39.0,"36-45 years","Non-responder"
370.0,5.0,"£300-£500","5 Or More Visits",5.0,370.0,"CV22 6PH",1.0,1.0,"MR","Male",1955.0,39.0,"36-45 years","Non-responder"
53.0,2.0,"£50-£100","2 Visits",2.0,53.0,"TF 4 3RU",2.0,1.0,"MR","Male",1955.0,39.0,"36-45 years","Non-responder"
82.0,4.0,"£50-£100","4 Visits",4.0,82.0,"PL 3 4JZ",30.0,7.0,"MR","Male",1955.0,39.0,"36-45 years","Non-responder"
61.0,2.0,"£50-£100","2 Visits",2.0,61.0,"W  3 9QX",33.0,8.0,"MR","Male",1955.0,39.0,"36-45 years","Non-responder"
83.0,3.0,"£50-£100","3 Visits",3.0,83.0,"HA 9 9AW",24.0,6.0,"MR","Male",1955.0,39.0,"36-45 years","Non-responder"
92.0,2.0,"£50-£100","2 Visits",2.0,92.0,"L 60 3RT",1.0,1.0,"MR","Male",1955.0,39.0,"36-45 years","Non-responder"
58.0,1.0,"£50-£100","1 Visit",1.0,58.0,"LU 2 8JF",44.0,10.0,"MR","Male",1955.0,39.0,"36-45 years","Non-responder"
51.0,7.0,"£50-£100","5 Or More Visits",7.0,51.0,"NW 6 4DL",34.0,8.0,"MR","Male",1955.0,39.0,"36-45 years","Non-responder"
52.0,1.0,"£50-£100","1 Visit",1.0,52.0,"BD22 6LA",10.0,3.0,"MR","Male",1955.0,39.0,"36-45 years","Non-responder"
71.0,2.0,"£50-£100","2 Visits",2.0,71.0,"NN 5 6YF",2.0,1.0,"MR","Male",1955.0,39.0,"36-45 years","Non-responder"
340.0,19.0,"£300-£500","5 Or More Visits",26.0,407.0,"HD 7 5QA",29.0,6.0,"Mrs","Female",1954.0,40.0,"36-45 years","Responder"
326.0,25.0,"£300-£500","5 Or More Visits",32.0,481.0,"B 63 1BN",10.0,3.0,"Mrs","Female",1954.0,40.0,"36-45 years","Responder"
53.0,4.0,"£50-£100","4 Visits",11.0,74.0,"CV11 6HU",3.0,1.0,"MRS","Female",1954.0,40.0,"36-45 years","Responder"
96.0,9.0,"£50-£100","5 Or More Visits",12.0,151.0,"FY 4 2EX",8.0,2.0,"MRS","Female",1954.0,40.0,"36-45 years","Responder"
63.0,7.0,"£50-£100","5 Or More Visits",10.0,77.0,"NN 8 5WS",2.0,1.0,"MRS","Female",1954.0,40.0,"36-45 years","Responder"
100.0,5.0,"£100-£150","5 Or More Visits",6.0,105.0,"B 79 8NE",9.0,3.0,"MRS","Female",1954.0,40.0,"36-45 years","Responder"
86.0,6.0,"£50-£100","5 Or More Visits",7.0,108.0,"WN 1 2DA",31.0,7.0,"MRS","Female",1954.0,40.0,"36-45 years","Responder"
66.0,3.0,"£50-£100","3 Visits",4.0,74.0,"LN 2 2JS",5.0,1.0,"MS","Female",1954.0,40.0,"36-45 years","Responder"
57.0,3.0,"£50-£100","3 Visits",4.0,77.0,"SK12 5AZ",12.0,3.0,"MRS","Female",1954.0,40.0,"36-45 years","Responder"
161.0,5.0,"£150-£200","5 Or More Visits",5.0,161.0,"CM 3 5WE",44.0,10.0,"Mrs","Female",1954.0,40.0,"36-45 years","Non-responder"
60.0,1.0,"£50-£100","1 Visit",1.0,60.0,"CF 4 9EL",2.0,1.0,"MRS","Female",1954.0,40.0,"36-45 years","Non-responder"
81.0,1.0,"£50-£100","1 Visit",1.0,81.0,"OX 8 5FT",43.0,10.0,"MRS","Female",1954.0,40.0,"36-45 years","Non-responder"
94.0,4.0,"£50-£100","4 Visits",4.0,94.0,"CF37 5LL",12.0,3.0,"MRS","Female",1954.0,40.0,"36-45 years","Non-responder"
71.0,1.0,"£50-£100","1 Visit",1.0,71.0,"KT10 0LG",8.0,2.0,"MRS","Female",1954.0,40.0,"36-45 years","Non-responder"
28.0,3.0,"Under £50","3 Visits",3.0,28.0,"SY 3 8TW",8.0,2.0,"MRS","Female",1954.0,40.0,"36-45 years","Non-responder"
60.0,1.0,"£50-£100","1 Visit",1.0,60.0,"WS 4 1QW",2.0,1.0,"MRS","Female",1954.0,40.0,"36-45 years","Non-responder"
51.0,1.0,"£50-£100","1 Visit",1.0,51.0,"BB 7 1LH",10.0,3.0,"MRS","Female",1954.0,40.0,"36-45 years","Non-responder"
71.0,4.0,"£50-£100","4 Visits",4.0,71.0,"WS 7 8PF",9.0,3.0,"MRS","Female",1954.0,40.0,"36-45 years","Non-responder"
82.0,5.0,"£50-£100","5 Or More Visits",5.0,82.0,"DN40 1PR",44.0,10.0,"MRS","Female",1954.0,40.0,"36-45 years","Non-responder"
55.0,2.0,"£50-£100","2 Visits",2.0,55.0,"WS 2 0LU",17.0,4.0,"MRS","Female",1954.0,40.0,"36-45 years","Non-responder"
52.0,2.0,"£50-£100","2 Visits",2.0,52.0,"TF10 7DH",10.0,3.0,"MRS","Female",1954.0,40.0,"36-45 years","Non-responder"
91.0,3.0,"£50-£100","3 Visits",3.0,91.0,"CF37 5DU",10.0,3.0,"MRS","Female",1954.0,40.0,"36-45 years","Non-responder"
62.0,1.0,"£50-£100","1 Visit",1.0,62.0,"DN 5 9QS",29.0,6.0,"MRS","Female",1954.0,40.0,"36-45 years","Non-responder"
62.0,1.0,"£50-£100","1 Visit",1.0,62.0,"IP 2 9XG",43.0,10.0,"MRS","Female",1954.0,40.0,"36-45 years","Non-responder"
353.0,10.0,"£300-£500","5 Or More Visits",11.0,359.0,"OX10 9PT",31.0,7.0,"Mr","Male",1954.0,40.0,"36-45 years","Responder"
95.0,8.0,"£50-£100","5 Or More Visits",9.0,123.0,"TN14 5BT",31.0,7.0,"MR","Male",1954.0,40.0,"36-45 years","Responder"
113.0,8.0,"£100-£150","5 Or More Visits",13.0,149.0,"CF 4 5BW",31.0,7.0,"MR","Male",1954.0,40.0,"36-45 years","Responder"
118.0,9.0,"£100-£150","5 Or More Visits",13.0,175.0,"NE13 7JL",31.0,7.0,"MR","Male",1954.0,40.0,"36-45 years","Responder"
120.0,4.0,"£100-£150","4 Visits",7.0,201.0,"AL 6 9RW",3.0,1.0,"MR","Male",1954.0,40.0,"36-45 years","Responder"
94.0,6.0,"£50-£100","5 Or More Visits",7.0,105.0,"B 77 1PQ",44.0,10.0,"MR","Male",1954.0,40.0,"36-45 years","Responder"
58.0,1.0,"£50-£100","1 Visit",6.0,251.0,"WS14 9TE",51.0,12.0,"MR","Male",1954.0,40.0,"36-45 years","Responder"
95.0,1.0,"£50-£100","1 Visit",3.0,177.0,"HD 8 8DJ",9.0,3.0,"MR","Male",1954.0,40.0,"36-45 years","Responder"
86.0,1.0,"£50-£100","1 Visit",2.0,131.0,"OL 9 9DN",10.0,3.0,"MR","Male",1954.0,40.0,"36-45 years","Responder"
97.0,8.0,"£50-£100","5 Or More Visits",10.0,119.0,"TS18 5JT",8.0,2.0,"MR","Male",1954.0,40.0,"36-45 years","Responder"
79.0,7.0,"£50-£100","5 Or More Visits",10.0,109.0,"WV15 6EL",47.0,11.0,"MR","Male",1954.0,40.0,"36-45 years","Responder"
85.0,6.0,"£50-£100","5 Or More Visits",7.0,115.0,"OL 2 8EA",9.0,3.0,"MR","Male",1954.0,40.0,"36-45 years","Responder"
224.0,12.0,"£200-£300","5 Or More Visits",12.0,224.0,"TQ 9 5UU",10.0,3.0,"Mr","Male",1954.0,40.0,"36-45 years","Non-responder"
54.0,1.0,"£50-£100","1 Visit",1.0,54.0,"LE12 9DN",9.0,3.0,"MR","Male",1954.0,40.0,"36-45 years","Non-responder"
99.0,1.0,"£50-£100","1 Visit",1.0,99.0,"YO25 8NS",47.0,11.0,"MR","Male",1954.0,40.0,"36-45 years","Non-responder"
62.0,2.0,"£50-£100","2 Visits",2.0,62.0,"NP 5 1EF",3.0,1.0,"MR","Male",1954.0,40.0,"36-45 years","Non-responder"
80.0,2.0,"£50-£100","2 Visits",2.0,80.0,"CV11 4QH",20.0,5.0,"MR","Male",1954.0,40.0,"36-45 years","Non-responder"
52.0,1.0,"£50-£100","1 Visit",1.0,52.0,"RM 7 7AF",29.0,6.0,"MR","Male",1954.0,40.0,"36-45 years","Non-responder"
99.0,1.0,"£50-£100","1 Visit",1.0,99.0,"WS14 9EU",31.0,7.0,"MR","Male",1954.0,40.0,"36-45 years","Non-responder"
0.0,0.0,"Under £50","No Visits",0.0,0.0,"GU16 6BE",3.0,1.0,"MR","Male",1954.0,40.0,"36-45 years","Non-responder"
92.0,8.0,"£50-£100","5 Or More Visits",8.0,92.0,"BS18 9EY",5.0,1.0,"MR","Male",1954.0,40.0,"36-45 years","Non-responder"
32.0,2.0,"Under £50","2 Visits",2.0,32.0,"GU16 5TY",3.0,1.0,"MR","Male",1954.0,40.0,"36-45 years","Non-responder"
94.0,2.0,"£50-£100","2 Visits",2.0,94.0,"NW 4 3DY",1.0,1.0,"MR","Male",1954.0,40.0,"36-45 years","Non-responder"
56.0,1.0,"£50-£100","1 Visit",1.0,56.0,"CH 2 1SN",31.0,7.0,"MR","Male",1954.0,40.0,"36-45 years","Non-responder"
50.0,1.0,"£50-£100","1 Visit",1.0,50.0,"SN 7 7ST",47.0,11.0,"MR","Male",1954.0,40.0,"36-45 years","Non-responder"
63.0,1.0,"£50-£100","1 Visit",1.0,63.0,"CF 6 1QE",9.0,3.0,"MR","Male",1954.0,40.0,"36-45 years","Non-responder"
68.0,4.0,"£50-£100","4 Visits",4.0,68.0,"SY 7 9RL",7.0,2.0,"MR","Male",1954.0,40.0,"36-45 years","Non-responder"
52.0,1.0,"£50-£100","1 Visit",1.0,52.0,"ME14 5AQ",29.0,6.0,"MR","Male",1954.0,40.0,"36-45 years","Non-responder"
55.0,3.0,"£50-£100","3 Visits",3.0,55.0,"B 13 9AA",34.0,8.0,"MR","Male",1954.0,40.0,"36-45 years","Non-responder"
0.0,3.0,"Under £50","3 Visits",3.0,0.0,"L 46 7UE",15.0,4.0,"MR","Male",1954.0,40.0,"36-45 years","Non-responder"
43.0,2.0,"Under £50","2 Visits",2.0,43.0,"L 62 8EL",9.0,3.0,"MR","Male",1954.0,40.0,"36-45 years","Non-responder"
58.0,3.0,"£50-£100","3 Visits",3.0,58.0,"SG 7 6PE",7.0,2.0,"MR","Male",1954.0,40.0,"36-45 years","Non-responder"
134.0,5.0,"£100-£150","5 Or More Visits",5.0,134.0,"BD20 9NH",39.0,9.0,"MR","Male",1954.0,40.0,"36-45 years","Non-responder"
86.0,12.0,"£50-£100","5 Or More Visits",18.0,137.0,"BD17 5JB",15.0,4.0,"MRS","Female",1953.0,41.0,"36-45 years","Responder"
68.0,3.0,"£50-£100","3 Visits",4.0,77.0,"TN29 0EY",31.0,7.0,"MS","Female",1953.0,41.0,"36-45 years","Responder"
89.0,2.0,"£50-£100","2 Visits",3.0,148.0,"LL57 1SP",26.0,6.0,"MRS","Female",1953.0,41.0,"36-45 years","Responder"
61.0,7.0,"£50-£100","5 Or More Visits",8.0,64.0,"B 77 1JU",2.0,1.0,"MRS","Female",1953.0,41.0,"36-45 years","Responder"
67.0,1.0,"£50-£100","1 Visit",2.0,77.0,"DN19 7HA",4.0,1.0,"MRS","Female",1953.0,41.0,"36-45 years","Responder"
82.0,2.0,"£50-£100","2 Visits",2.0,82.0,"HP12 3NQ",6.0,2.0,"MRS","Female",1953.0,41.0,"36-45 years","Non-responder"
19.0,2.0,"Under £50","2 Visits",2.0,19.0,"LE 4 1DQ",29.0,6.0,"MISS","Female",1953.0,41.0,"36-45 years","Non-responder"
52.0,4.0,"£50-£100","4 Visits",4.0,52.0,"CR 0 8SE",8.0,2.0,"MRS","Female",1953.0,41.0,"36-45 years","Non-responder"
51.0,1.0,"£50-£100","1 Visit",1.0,51.0,"BS19 2YQ",3.0,1.0,"MRS","Female",1953.0,41.0,"36-45 years","Non-responder"
56.0,2.0,"£50-£100","2 Visits",2.0,56.0,"PE 2 5SX",17.0,4.0,"MRS","Female",1953.0,41.0,"36-45 years","Non-responder"
92.0,3.0,"£50-£100","3 Visits",3.0,92.0,"NG15 6LT",10.0,3.0,"MRS","Female",1953.0,41.0,"36-45 years","Non-responder"
68.0,2.0,"£50-£100","2 Visits",2.0,68.0,"YO 2 4JA",29.0,6.0,"MISS","Female",1953.0,41.0,"36-45 years","Non-responder"
78.0,5.0,"£50-£100","5 Or More Visits",5.0,78.0,"SG 3 6SZ",6.0,2.0,"MRS","Female",1953.0,41.0,"36-45 years","Non-responder"
77.0,5.0,"£50-£100","5 Or More Visits",5.0,77.0,"WA12 8PB",32.0,7.0,"MRS","Female",1953.0,41.0,"36-45 years","Non-responder"
51.0,1.0,"£50-£100","1 Visit",1.0,51.0,"HA 0 2PW",30.0,7.0,"MRS","Female",1953.0,41.0,"36-45 years","Non-responder"
83.0,5.0,"£50-£100","5 Or More Visits",5.0,83.0,"ME12 1XN",13.0,4.0,"MRS","Female",1953.0,41.0,"36-45 years","Non-responder"
68.0,7.0,"£50-£100","5 Or More Visits",11.0,98.0,"GU16 5DL",2.0,1.0,"MR","Male",1953.0,41.0,"36-45 years","Responder"
71.0,5.0,"£50-£100","5 Or More Visits",8.0,83.0,"SG14 3DL",3.0,1.0,"MR","Male",1953.0,41.0,"36-45 years","Responder"
74.0,7.0,"£50-£100","5 Or More Visits",11.0,118.0,"LE 2 9NW",43.0,10.0,"MR","Male",1953.0,41.0,"36-45 years","Responder"
58.0,2.0,"£50-£100","2 Visits",4.0,80.0,"TW17 0JP",6.0,2.0,"MR","Male",1953.0,41.0,"36-45 years","Responder"
58.0,2.0,"£50-£100","2 Visits",3.0,73.0,"WF13 4HH",28.0,6.0,"MR","Male",1953.0,41.0,"36-45 years","Responder"
141.0,11.0,"£100-£150","5 Or More Visits",12.0,147.0,"PR 5 4AF",41.0,10.0,"MR","Male",1953.0,41.0,"36-45 years","Responder"
269.0,11.0,"£200-£300","5 Or More Visits",12.0,300.0,"SY16 1JN",12.0,3.0,"MR","Male",1953.0,41.0,"36-45 years","Responder"
60.0,3.0,"£50-£100","3 Visits",5.0,85.0,"LS19 7LP",44.0,10.0,"MR","Male",1953.0,41.0,"36-45 years","Responder"
74.0,1.0,"£50-£100","1 Visit",1.0,74.0,"BD18 1PJ",9.0,3.0,"MR","Male",1953.0,41.0,"36-45 years","Non-responder"
44.0,2.0,"Under £50","2 Visits",2.0,44.0,"ST 4 8LT",5.0,1.0,"MR","Male",1953.0,41.0,"36-45 years","Non-responder"
74.0,1.0,"£50-£100","1 Visit",1.0,74.0,"TN 5 6EL",5.0,1.0,"MR","Male",1953.0,41.0,"36-45 years","Non-responder"
81.0,1.0,"£50-£100","1 Visit",1.0,81.0,"PR 4 5QQ",9.0,3.0,"MR","Male",1953.0,41.0,"36-45 years","Non-responder"
58.0,1.0,"£50-£100","1 Visit",1.0,58.0,"EN 4 8TN",30.0,7.0,"MR","Male",1953.0,41.0,"36-45 years","Non-responder"
88.0,1.0,"£50-£100","1 Visit",1.0,88.0,"CR 0 0TF",9.0,3.0,"MR","Male",1953.0,41.0,"36-45 years","Non-responder"
55.0,1.0,"£50-£100","1 Visit",1.0,55.0,"MK40 3EB",6.0,2.0,"MR","Male",1953.0,41.0,"36-45 years","Non-responder"
59.0,3.0,"£50-£100","3 Visits",3.0,59.0,"YO17 9BX",13.0,4.0,"MR","Male",1953.0,41.0,"36-45 years","Non-responder"
55.0,3.0,"£50-£100","3 Visits",3.0,55.0,"HP23 4QS",6.0,2.0,"MR","Male",1953.0,41.0,"36-45 years","Non-responder"
62.0,1.0,"£50-£100","1 Visit",1.0,62.0,"KT 4 8LE",7.0,2.0,"MR","Male",1953.0,41.0,"36-45 years","Non-responder"
68.0,1.0,"£50-£100","1 Visit",1.0,68.0,"ST 3 2LX",12.0,3.0,"MR","Male",1953.0,41.0,"36-45 years","Non-responder"
53.0,2.0,"£50-£100","2 Visits",2.0,53.0,"LE17 4QN",11.0,3.0,"MR","Male",1953.0,41.0,"36-45 years","Non-responder"
107.0,5.0,"£100-£150","5 Or More Visits",5.0,107.0,"B 76 9EP",6.0,2.0,"MR","Male",1953.0,41.0,"36-45 years","Non-responder"
76.0,1.0,"£50-£100","1 Visit",1.0,76.0,"B 76 8TQ",44.0,10.0,"MR","Male",1953.0,41.0,"36-45 years","Non-responder"
51.0,1.0,"£50-£100","1 Visit",1.0,51.0,"PO 7 6ET",11.0,3.0,"MR","Male",1953.0,41.0,"36-45 years","Non-responder"
64.0,3.0,"£50-£100","3 Visits",3.0,64.0,"OX 7 5HT",9.0,3.0,"MR","Male",1953.0,41.0,"36-45 years","Non-responder"
60.0,3.0,"£50-£100","3 Visits",3.0,60.0,"GU19 5RE",43.0,10.0,"MR","Male",1953.0,41.0,"36-45 years","Non-responder"
64.0,1.0,"£50-£100","1 Visit",1.0,64.0,"NW 6 1TS",33.0,8.0,"MR","Male",1953.0,41.0,"36-45 years","Non-responder"
51.0,2.0,"£50-£100","2 Visits",2.0,51.0,"S 11 7FB",4.0,1.0,"MR","Male",1953.0,41.0,"36-45 years","Non-responder"
52.0,2.0,"£50-£100","2 Visits",2.0,52.0,"WV12 5DY",44.0,10.0,"MR","Male",1953.0,41.0,"36-45 years","Non-responder"
61.0,1.0,"£50-£100","1 Visit",1.0,61.0,"LN 6 8TF",6.0,2.0,"MR","Male",1953.0,41.0,"36-45 years","Non-responder"
56.0,4.0,"£50-£100","4 Visits",4.0,56.0,"NW 2 2JU",24.0,6.0,"MR","Male",1953.0,41.0,"36-45 years","Non-responder"
174.0,8.0,"£150-£200","5 Or More Visits",8.0,174.0,"SN 3 4UH",44.0,10.0,"MR","Male",1953.0,41.0,"36-45 years","Non-responder"
69.0,2.0,"£50-£100","2 Visits",2.0,69.0,"LU 7 8RF",11.0,3.0,"MR","Male",1953.0,41.0,"36-45 years","Non-responder"
74.0,2.0,"£50-£100","2 Visits",2.0,74.0,"OL 4 2LP",44.0,10.0,"MR","Male",1953.0,41.0,"36-45 years","Non-responder"
57.0,1.0,"£50-£100","1 Visit",1.0,57.0,"W  9 1PF",33.0,8.0,"MR","Male",1953.0,41.0,"36-45 years","Non-responder"
65.0,2.0,"£50-£100","2 Visits",2.0,65.0,"B 28 0RT",6.0,2.0,"MR","Male",1953.0,41.0,"36-45 years","Non-responder"
80.0,2.0,"£50-£100","2 Visits",2.0,80.0,"B 13 0BN",8.0,2.0,"MR","Male",1953.0,41.0,"36-45 years","Non-responder"
69.0,3.0,"£50-£100","3 Visits",3.0,69.0,"IP 4 3PE",31.0,7.0,"MR","Male",1953.0,41.0,"36-45 years","Non-responder"
56.0,1.0,"£50-£100","1 Visit",1.0,56.0,"CA 7 9JT",11.0,3.0,"MR","Male",1953.0,41.0,"36-45 years","Non-responder"
91.0,6.0,"£50-£100","5 Or More Visits",6.0,91.0,"ME10 3QL",29.0,6.0,"MR","Male",1953.0,41.0,"36-45 years","Non-responder"
51.0,1.0,"£50-£100","1 Visit",1.0,51.0,"PL 7 4SJ",8.0,2.0,"MR","Male",1953.0,41.0,"36-45 years","Non-responder"
80.0,1.0,"£50-£100","1 Visit",1.0,80.0,"IG 3 9DG",30.0,7.0,"MR","Male",1953.0,41.0,"36-45 years","Non-responder"
53.0,4.0,"£50-£100","4 Visits",5.0,98.0,"M 26 3GW",20.0,5.0,"MS","Female",1952.0,42.0,"36-45 years","Responder"
0.0,0.0,"Under £50","No Visits",1.0,54.0,"SO 4 2FJ",43.0,10.0,"MRS","Female",1952.0,42.0,"36-45 years","Responder"
65.0,1.0,"£50-£100","1 Visit",4.0,209.0,"B 63 1HS",44.0,10.0,"MRS","Female",1952.0,42.0,"36-45 years","Responder"
96.0,8.0,"£50-£100","5 Or More Visits",10.0,104.0,"GU15 1RS",2.0,1.0,"MRS","Female",1952.0,42.0,"36-45 years","Responder"
95.0,4.0,"£50-£100","4 Visits",5.0,107.0,"LN 3 5PL",13.0,4.0,"MRS","Female",1952.0,42.0,"36-45 years","Responder"
67.0,2.0,"£50-£100","2 Visits",3.0,71.0,"LN 3 5XF",15.0,4.0,"MRS","Female",1952.0,42.0,"36-45 years","Responder"
59.0,2.0,"£50-£100","2 Visits",3.0,84.0,"NN11 4SL",44.0,10.0,"MRS","Female",1952.0,42.0,"36-45 years","Responder"
76.0,8.0,"£50-£100","5 Or More Visits",8.0,76.0,"SO 4 4ST",2.0,1.0,"MRS","Female",1952.0,42.0,"36-45 years","Non-responder"
58.0,3.0,"£50-£100","3 Visits",3.0,58.0,"PE 2 5PB",44.0,10.0,"MRS","Female",1952.0,42.0,"36-45 years","Non-responder"
56.0,1.0,"£50-£100","1 Visit",1.0,56.0,"B 61 8SS",10.0,3.0,"MRS","Female",1952.0,42.0,"36-45 years","Non-responder"
81.0,4.0,"£50-£100","4 Visits",4.0,81.0,"CT 5 1HH",29.0,6.0,"MS","Female",1952.0,42.0,"36-45 years","Non-responder"
58.0,1.0,"£50-£100","1 Visit",1.0,58.0,"CF37 5RW",13.0,4.0,"MRS","Female",1952.0,42.0,"36-45 years","Non-responder"
58.0,1.0,"£50-£100","1 Visit",1.0,58.0,"TN 4 8UE",31.0,7.0,"MRS","Female",1952.0,42.0,"36-45 years","Non-responder"
86.0,3.0,"£50-£100","3 Visits",3.0,86.0,"SL 4 4JR",11.0,3.0,"MRS","Female",1952.0,42.0,"36-45 years","Non-responder"
63.0,1.0,"£50-£100","1 Visit",1.0,63.0,"S 40 4RF",31.0,7.0,"MRS","Female",1952.0,42.0,"36-45 years","Non-responder"
80.0,7.0,"£50-£100","5 Or More Visits",7.0,80.0,"NE38 8RG",16.0,4.0,"MRS","Female",1952.0,42.0,"36-45 years","Non-responder"
0.0,0.0,"Under £50","No Visits",0.0,0.0,"RG 3 5EL",3.0,1.0,"MRS","Female",1952.0,42.0,"36-45 years","Non-responder"
78.0,2.0,"£50-£100","2 Visits",2.0,78.0,"KT12 2LJ",7.0,2.0,"MRS","Female",1952.0,42.0,"36-45 years","Non-responder"
93.0,2.0,"£50-£100","2 Visits",2.0,93.0,"IP 4 4LP",7.0,2.0,"MRS","Female",1952.0,42.0,"36-45 years","Non-responder"
98.0,3.0,"£50-£100","3 Visits",3.0,98.0,"LS22 7YG",3.0,1.0,"MRS","Female",1952.0,42.0,"36-45 years","Non-responder"
83.0,1.0,"£50-£100","1 Visit",1.0,83.0,"DN 4 7RY",1.0,1.0,"MRS","Female",1952.0,42.0,"36-45 years","Non-responder"
353.0,19.0,"£300-£500","5 Or More Visits",21.0,379.0,"CV23 0SD",41.0,10.0,"Mr","Male",1952.0,42.0,"36-45 years","Responder"
955.0,36.0,"Over £500","5 Or More Visits",42.0,1186.0,"SG13 8AJ",3.0,1.0,"MR","Male",1952.0,42.0,"36-45 years","Responder"
84.0,7.0,"£50-£100","5 Or More Visits",8.0,133.0,"SA61 1LP",31.0,7.0,"MR","Male",1952.0,42.0,"36-45 years","Responder"
96.0,11.0,"£50-£100","5 Or More Visits",14.0,121.0,"LL13 9PZ",2.0,1.0,"MR","Male",1952.0,42.0,"36-45 years","Responder"
55.0,4.0,"£50-£100","4 Visits",6.0,71.0,"BN20 8PX",15.0,4.0,"MR","Male",1952.0,42.0,"36-45 years","Responder"
79.0,6.0,"£50-£100","5 Or More Visits",9.0,153.0,"PE13 2DF",41.0,10.0,"MR","Male",1952.0,42.0,"36-45 years","Responder"
56.0,1.0,"£50-£100","1 Visit",2.0,90.0,"CF38 1AN",4.0,1.0,"MR","Male",1952.0,42.0,"36-45 years","Responder"
95.0,11.0,"£50-£100","5 Or More Visits",12.0,100.0,"HR 4 0LD",29.0,6.0,"MR","Male",1952.0,42.0,"36-45 years","Responder"
29.0,1.0,"Under £50","1 Visit",3.0,67.0,"DN 9 1QB",6.0,2.0,"MR","Male",1952.0,42.0,"36-45 years","Responder"
93.0,6.0,"£50-£100","5 Or More Visits",12.0,374.0,"OX16 7NG",10.0,3.0,"MR","Male",1952.0,42.0,"36-45 years","Responder"
62.0,4.0,"£50-£100","4 Visits",5.0,72.0,"CV 8 3FY",6.0,2.0,"MR","Male",1952.0,42.0,"36-45 years","Responder"
81.0,14.0,"£50-£100","5 Or More Visits",18.0,109.0,"KT12 2DD",8.0,2.0,"MR","Male",1952.0,42.0,"36-45 years","Responder"
86.0,5.0,"£50-£100","5 Or More Visits",8.0,119.0,"WV10 8TG",44.0,10.0,"MR","Male",1952.0,42.0,"36-45 years","Responder"
87.0,4.0,"£50-£100","4 Visits",5.0,92.0,"BS21 6JN",44.0,10.0,"MR","Male",1952.0,42.0,"36-45 years","Responder"
56.0,3.0,"£50-£100","3 Visits",4.0,63.0,"IP 1 6PJ",9.0,3.0,"MR","Male",1952.0,42.0,"36-45 years","Responder"
99.0,4.0,"£50-£100","4 Visits",5.0,104.0,"CR 0 0NG",44.0,10.0,"MR","Male",1952.0,42.0,"36-45 years","Responder"
51.0,2.0,"£50-£100","2 Visits",5.0,120.0,"WF13 4BD",44.0,10.0,"MR","Male",1952.0,42.0,"36-45 years","Responder"
42.0,4.0,"Under £50","4 Visits",6.0,112.0,"WA 7 2AN",31.0,7.0,"MR","Male",1952.0,42.0,"36-45 years","Responder"
60.0,3.0,"£50-£100","3 Visits",3.0,60.0,"RM13 8PJ",31.0,7.0,"MR","Male",1952.0,42.0,"36-45 years","Non-responder"
56.0,1.0,"£50-£100","1 Visit",1.0,56.0,"BS11 9JW",12.0,3.0,"MR","Male",1952.0,42.0,"36-45 years","Non-responder"
99.0,1.0,"£50-£100","1 Visit",1.0,99.0,"BN43 5HZ",6.0,2.0,"MR","Male",1952.0,42.0,"36-45 years","Non-responder"
51.0,1.0,"£50-£100","1 Visit",1.0,51.0,"YO11 3AA",38.0,9.0,"MR","Male",1952.0,42.0,"36-45 years","Non-responder"
82.0,3.0,"£50-£100","3 Visits",3.0,82.0,"MK18 2NP",44.0,10.0,"MR","Male",1952.0,42.0,"36-45 years","Non-responder"
95.0,1.0,"£50-£100","1 Visit",1.0,95.0,"OX 8 6SR",43.0,10.0,"MR","Male",1952.0,42.0,"36-45 years","Non-responder"
40.0,7.0,"Under £50","5 Or More Visits",7.0,40.0,"NE 3 1PS",7.0,2.0,"MR","Male",1952.0,42.0,"36-45 years","Non-responder"
73.0,2.0,"£50-£100","2 Visits",2.0,73.0,"PL27 7DS",32.0,7.0,"MR","Male",1952.0,42.0,"36-45 years","Non-responder"
67.0,4.0,"£50-£100","4 Visits",4.0,67.0,"M 26 0TN",10.0,3.0,"MR","Male",1952.0,42.0,"36-45 years","Non-responder"
69.0,4.0,"£50-£100","4 Visits",4.0,69.0,"LL55 1AQ",31.0,7.0,"MR","Male",1952.0,42.0,"36-45 years","Non-responder"
68.0,6.0,"£50-£100","5 Or More Visits",6.0,68.0,"NN14 2HR",44.0,10.0,"MR","Male",1952.0,42.0,"36-45 years","Non-responder"
98.0,4.0,"£50-£100","4 Visits",4.0,98.0,"DN38 6DS",47.0,11.0,"MR","Male",1952.0,42.0,"36-45 years","Non-responder"
52.0,5.0,"£50-£100","5 Or More Visits",5.0,52.0,"WS 9 8JH",10.0,3.0,"MR","Male",1952.0,42.0,"36-45 years","Non-responder"
75.0,1.0,"£50-£100","1 Visit",1.0,75.0,"B 79 8DQ",42.0,10.0,"MR","Male",1952.0,42.0,"36-45 years","Non-responder"
76.0,8.0,"£50-£100","5 Or More Visits",8.0,76.0,"SG 1 2NH",7.0,2.0,"MR","Male",1952.0,42.0,"36-45 years","Non-responder"
97.0,4.0,"£50-£100","4 Visits",4.0,97.0,"NR30 5DW",31.0,7.0,"MR","Male",1952.0,42.0,"36-45 years","Non-responder"
108.0,5.0,"£100-£150","5 Or More Visits",5.0,108.0,"NR31 7PZ",31.0,7.0,"MR","Male",1952.0,42.0,"36-45 years","Non-responder"
76.0,4.0,"£50-£100","4 Visits",4.0,76.0,"WA 2 0DP",8.0,2.0,"MR","Male",1952.0,42.0,"36-45 years","Non-responder"
68.0,1.0,"£50-£100","1 Visit",1.0,68.0,"LN 1 2PR",39.0,9.0,"MR","Male",1952.0,42.0,"36-45 years","Non-responder"
61.0,6.0,"£50-£100","5 Or More Visits",6.0,61.0,"SN 6 8TD",4.0,1.0,"MR","Male",1952.0,42.0,"36-45 years","Non-responder"
53.0,3.0,"£50-£100","3 Visits",3.0,53.0,"ST19 5DL",31.0,7.0,"MR","Male",1952.0,42.0,"36-45 years","Non-responder"
64.0,1.0,"£50-£100","1 Visit",1.0,64.0,"OX18 3SQ",6.0,2.0,"MR","Male",1952.0,42.0,"36-45 years","Non-responder"
92.0,3.0,"£50-£100","3 Visits",3.0,92.0,"PE 9 4SX",3.0,1.0,"MR","Male",1952.0,42.0,"36-45 years","Non-responder"
87.0,1.0,"£50-£100","1 Visit",1.0,87.0,"PE17 2LU",49.0,11.0,"MR","Male",1952.0,42.0,"36-45 years","Non-responder"
68.0,1.0,"£50-£100","1 Visit",1.0,68.0,"MK41 7DS",1.0,1.0,"MR","Male",1952.0,42.0,"36-45 years","Non-responder"
66.0,4.0,"£50-£100","4 Visits",4.0,66.0,"PL 6 8UQ",44.0,10.0,"MR","Male",1952.0,42.0,"36-45 years","Non-responder"
91.0,9.0,"£50-£100","5 Or More Visits",9.0,91.0,"B 79 7ER",11.0,3.0,"MR","Male",1952.0,42.0,"36-45 years","Non-responder"
92.0,1.0,"£50-£100","1 Visit",1.0,92.0,"ME 8 9SF",44.0,10.0,"MR","Male",1952.0,42.0,"36-45 years","Non-responder"
59.0,1.0,"£50-£100","1 Visit",1.0,59.0,"BN 2 8PG",38.0,9.0,"MR","Male",1952.0,42.0,"36-45 years","Non-responder"
60.0,1.0,"£50-£100","1 Visit",1.0,60.0,"IG11 0PT",18.0,5.0,"MR","Male",1952.0,42.0,"36-45 years","Non-responder"
88.0,9.0,"£50-£100","5 Or More Visits",10.0,123.0,"CR 6 9EY",7.0,2.0,"MRS","Female",1951.0,43.0,"36-45 years","Responder"
80.0,5.0,"£50-£100","5 Or More Visits",7.0,107.0,"PE 2 5QD",17.0,4.0,"MRS","Female",1951.0,43.0,"36-45 years","Responder"
55.0,1.0,"£50-£100","1 Visit",4.0,69.0,"BD 6 2TQ",43.0,10.0,"MRS","Female",1951.0,43.0,"36-45 years","Responder"
96.0,2.0,"£50-£100","2 Visits",3.0,114.0,"CR 3 5SL",1.0,1.0,"MRS","Female",1951.0,43.0,"36-45 years","Responder"
80.0,3.0,"£50-£100","3 Visits",4.0,91.0,"BD18 4LA",3.0,1.0,"MRS","Female",1951.0,43.0,"36-45 years","Responder"
62.0,6.0,"£50-£100","5 Or More Visits",8.0,100.0,"BD17 6LH",39.0,9.0,"MRS","Female",1951.0,43.0,"36-45 years","Responder"
93.0,4.0,"£50-£100","4 Visits",5.0,97.0,"WA 8 7NT",10.0,3.0,"MRS","Female",1951.0,43.0,"36-45 years","Responder"
98.0,2.0,"£50-£100","2 Visits",2.0,98.0,"DE24 9QJ",11.0,3.0,"MRS","Female",1951.0,43.0,"36-45 years","Non-responder"
53.0,1.0,"£50-£100","1 Visit",1.0,53.0,"SN 3 4QL",2.0,1.0,"MRS","Female",1951.0,43.0,"36-45 years","Non-responder"
91.0,5.0,"£50-£100","5 Or More Visits",5.0,91.0,"LE 9 5EW",9.0,3.0,"MRS","Female",1951.0,43.0,"36-45 years","Non-responder"
59.0,3.0,"£50-£100","3 Visits",3.0,59.0,"SL 3 6QQ",32.0,7.0,"MRS","Female",1951.0,43.0,"36-45 years","Non-responder"
85.0,6.0,"£50-£100","5 Or More Visits",6.0,85.0,"NG10 4NB",11.0,3.0,"MRS","Female",1951.0,43.0,"36-45 years","Non-responder"
87.0,2.0,"£50-£100","2 Visits",2.0,87.0,"LA 4 6EX",39.0,9.0,"MRS","Female",1951.0,43.0,"36-45 years","Non-responder"
80.0,1.0,"£50-£100","1 Visit",1.0,80.0,"M 33 2ST",8.0,2.0,"MRS","Female",1951.0,43.0,"36-45 years","Non-responder"
33.0,4.0,"Under £50","4 Visits",4.0,33.0,"WA13 9PT",8.0,2.0,"MRS","Female",1951.0,43.0,"36-45 years","Non-responder"
52.0,1.0,"£50-£100","1 Visit",1.0,52.0,"HA 6 2GD",32.0,7.0,"MRS","Female",1951.0,43.0,"36-45 years","Non-responder"
52.0,1.0,"£50-£100","1 Visit",1.0,52.0,"NN12 7LT",3.0,1.0,"MRS","Female",1951.0,43.0,"36-45 years","Non-responder"
51.0,5.0,"£50-£100","5 Or More Visits",5.0,51.0,"WA 8 9AQ",9.0,3.0,"MRS","Female",1951.0,43.0,"36-45 years","Non-responder"
208.0,11.0,"£200-£300","5 Or More Visits",14.0,297.0,"CM15 9RE",5.0,1.0,"Mr","Male",1951.0,43.0,"36-45 years","Responder"
89.0,8.0,"£50-£100","5 Or More Visits",17.0,307.0,"HA 8 0HZ",16.0,4.0,"MR","Male",1951.0,43.0,"36-45 years","Responder"
108.0,12.0,"£100-£150","5 Or More Visits",15.0,230.0,"SG 6 2RQ",14.0,4.0,"MR","Male",1951.0,43.0,"36-45 years","Responder"
81.0,9.0,"£50-£100","5 Or More Visits",11.0,98.0,"TN24 0TA",44.0,10.0,"MR","Male",1951.0,43.0,"36-45 years","Responder"
110.0,5.0,"£100-£150","5 Or More Visits",7.0,156.0,"BA12 0EJ",11.0,3.0,"MR","Male",1951.0,43.0,"36-45 years","Responder"
72.0,7.0,"£50-£100","5 Or More Visits",9.0,90.0,"SP10 2HF",5.0,1.0,"MR","Male",1951.0,43.0,"36-45 years","Responder"
71.0,6.0,"£50-£100","5 Or More Visits",7.0,73.0,"BL 4 0HX",13.0,4.0,"MR","Male",1951.0,43.0,"36-45 years","Responder"
64.0,7.0,"£50-£100","5 Or More Visits",9.0,71.0,"LN 3 5UF",47.0,11.0,"MR","Male",1951.0,43.0,"36-45 years","Responder"
89.0,1.0,"£50-£100","1 Visit",2.0,115.0,"WA 3 1HJ",5.0,1.0,"MR","Male",1951.0,43.0,"36-45 years","Responder"
84.0,5.0,"£50-£100","5 Or More Visits",5.0,84.0,"TN 1 2LB",7.0,2.0,"MR","Male",1951.0,43.0,"36-45 years","Non-responder"
79.0,9.0,"£50-£100","5 Or More Visits",9.0,79.0,"HX 4 8BL",44.0,10.0,"MR","Male",1951.0,43.0,"36-45 years","Non-responder"
114.0,3.0,"£100-£150","3 Visits",3.0,114.0,"S 60 4DB",17.0,4.0,"MR","Male",1951.0,43.0,"36-45 years","Non-responder"
68.0,1.0,"£50-£100","1 Visit",1.0,68.0,"S 66 8AG",11.0,3.0,"MR","Male",1951.0,43.0,"36-45 years","Non-responder"
85.0,3.0,"£50-£100","3 Visits",3.0,85.0,"SS16 6RR",2.0,1.0,"MR","Male",1951.0,43.0,"36-45 years","Non-responder"
68.0,1.0,"£50-£100","1 Visit",1.0,68.0,"SS11 8RB",8.0,2.0,"MR","Male",1951.0,43.0,"36-45 years","Non-responder"
80.0,5.0,"£50-£100","5 Or More Visits",5.0,80.0,"KT13 8PU",29.0,6.0,"MR","Male",1951.0,43.0,"36-45 years","Non-responder"
51.0,2.0,"£50-£100","2 Visits",2.0,51.0,"LL11 6RL",13.0,4.0,"MR","Male",1951.0,43.0,"36-45 years","Non-responder"
27.0,2.0,"Under £50","2 Visits",2.0,27.0,"RH17 6TB",7.0,2.0,"MR","Male",1951.0,43.0,"36-45 years","Non-responder"
68.0,3.0,"£50-£100","3 Visits",3.0,68.0,"TA20 1NP",17.0,4.0,"MR","Male",1951.0,43.0,"36-45 years","Non-responder"
89.0,3.0,"£50-£100","3 Visits",3.0,89.0,"SA 6 5PF",5.0,1.0,"MR","Male",1951.0,43.0,"36-45 years","Non-responder"
77.0,1.0,"£50-£100","1 Visit",1.0,77.0,"TF 7 5SU",9.0,3.0,"MR","Male",1951.0,43.0,"36-45 years","Non-responder"
74.0,4.0,"£50-£100","4 Visits",4.0,74.0,"FY 8 2EA",32.0,7.0,"MR","Male",1951.0,43.0,"36-45 years","Non-responder"
51.0,2.0,"£50-£100","2 Visits",2.0,51.0,"NW 2 6EJ",30.0,7.0,"MR","Male",1951.0,43.0,"36-45 years","Non-responder"
59.0,3.0,"£50-£100","3 Visits",3.0,59.0,"M 25 5RZ",8.0,2.0,"MR","Male",1951.0,43.0,"36-45 years","Non-responder"
11.0,1.0,"Under £50","1 Visit",1.0,11.0,"WN 8 6UD",44.0,10.0,"MR","Male",1951.0,43.0,"36-45 years","Non-responder"
94.0,1.0,"£50-£100","1 Visit",1.0,94.0,"WN 4 0RG",9.0,3.0,"MR","Male",1951.0,43.0,"36-45 years","Non-responder"
80.0,2.0,"£50-£100","2 Visits",2.0,80.0,"WV 6 7NH",44.0,10.0,"MR","Male",1951.0,43.0,"36-45 years","Non-responder"
78.0,2.0,"£50-£100","2 Visits",2.0,78.0,"KT12 5DB",1.0,1.0,"MR","Male",1951.0,43.0,"36-45 years","Non-responder"
79.0,4.0,"£50-£100","4 Visits",4.0,79.0,"PE 9 4UE",41.0,10.0,"MR","Male",1951.0,43.0,"36-45 years","Non-responder"
88.0,5.0,"£50-£100","5 Or More Visits",5.0,88.0,"HD 3 3BT",7.0,2.0,"MR","Male",1951.0,43.0,"36-45 years","Non-responder"
94.0,1.0,"£50-£100","1 Visit",1.0,94.0,"TR16 5NE",28.0,6.0,"MR","Male",1951.0,43.0,"36-45 years","Non-responder"
90.0,1.0,"£50-£100","1 Visit",1.0,90.0,"LE67 2HE",31.0,7.0,"MR","Male",1951.0,43.0,"36-45 years","Non-responder"
79.0,1.0,"£50-£100","1 Visit",1.0,79.0,"SE25 6SB",30.0,7.0,"MR","Male",1951.0,43.0,"36-45 years","Non-responder"
78.0,2.0,"£50-£100","2 Visits",2.0,78.0,"BD21 2TP",11.0,3.0,"MR","Male",1951.0,43.0,"36-45 years","Non-responder"
330.0,24.0,"£300-£500","5 Or More Visits",26.0,424.0,"LE17 4XJ",2.0,1.0,"Mrs","Female",1950.0,44.0,"36-45 years","Responder"
106.0,11.0,"£100-£150","5 Or More Visits",12.0,121.0,"SG 6 2NR",14.0,4.0,"Mrs","Female",1950.0,44.0,"36-45 years","Responder"
66.0,2.0,"£50-£100","2 Visits",4.0,90.0,"BS20 8BE",6.0,2.0,"MRS","Female",1950.0,44.0,"36-45 years","Responder"
67.0,9.0,"£50-£100","5 Or More Visits",11.0,91.0,"RM14 1PP",8.0,2.0,"MRS","Female",1950.0,44.0,"36-45 years","Responder"
72.0,3.0,"£50-£100","3 Visits",9.0,140.0,"CR 2 0RW",1.0,1.0,"MRS","Female",1950.0,44.0,"36-45 years","Responder"
98.0,2.0,"£50-£100","2 Visits",4.0,109.0,"TN24 8QT",9.0,3.0,"MRS","Female",1950.0,44.0,"36-45 years","Responder"
57.0,3.0,"£50-£100","3 Visits",3.0,57.0,"OL13 0NR",12.0,3.0,"MRS","Female",1950.0,44.0,"36-45 years","Non-responder"
74.0,7.0,"£50-£100","5 Or More Visits",7.0,74.0,"CV37 0TH",43.0,10.0,"Ms","Female",1950.0,44.0,"36-45 years","Non-responder"
54.0,1.0,"£50-£100","1 Visit",1.0,54.0,"E  9 6PG",24.0,6.0,"MRS","Female",1950.0,44.0,"36-45 years","Non-responder"
0.0,0.0,"Under £50","No Visits",0.0,0.0,"SS 1 2RY",29.0,6.0,"MRS","Female",1950.0,44.0,"36-45 years","Non-responder"
70.0,3.0,"£50-£100","3 Visits",3.0,70.0,"SO23 9NT",32.0,7.0,"MRS","Female",1950.0,44.0,"36-45 years","Non-responder"
79.0,3.0,"£50-£100","3 Visits",3.0,79.0,"WF13 3QY",27.0,6.0,"MRS","Female",1950.0,44.0,"36-45 years","Non-responder"
95.0,5.0,"£50-£100","5 Or More Visits",5.0,95.0,"WF16 9NJ",27.0,6.0,"MRS","Female",1950.0,44.0,"36-45 years","Non-responder"
92.0,1.0,"£50-£100","1 Visit",1.0,92.0,"SL 6 1SD",30.0,7.0,"MRS","Female",1950.0,44.0,"36-45 years","Non-responder"
77.0,2.0,"£50-£100","2 Visits",2.0,77.0,"DY 9 0LX",5.0,1.0,"MRS","Female",1950.0,44.0,"36-45 years","Non-responder"
84.0,1.0,"£50-£100","1 Visit",1.0,84.0,"KT12 1LX",36.0,8.0,"MISS","Female",1950.0,44.0,"36-45 years","Non-responder"
66.0,1.0,"£50-£100","1 Visit",1.0,66.0,"M 20 0HR",8.0,2.0,"MRS","Female",1950.0,44.0,"36-45 years","Non-responder"
72.0,1.0,"£50-£100","1 Visit",1.0,72.0,"CR 5 2BF",8.0,2.0,"MRS","Female",1950.0,44.0,"36-45 years","Non-responder"
77.0,4.0,"£50-£100","4 Visits",4.0,77.0,"TS 7 0RA",3.0,1.0,"MRS","Female",1950.0,44.0,"36-45 years","Non-responder"
52.0,3.0,"£50-£100","3 Visits",3.0,52.0,"NG31 9DG",26.0,6.0,"MRS","Female",1950.0,44.0,"36-45 years","Non-responder"
86.0,3.0,"£50-£100","3 Visits",3.0,86.0,"BD20 5HQ",9.0,3.0,"MRS","Female",1950.0,44.0,"36-45 years","Non-responder"
78.0,4.0,"£50-£100","4 Visits",4.0,78.0,"LE67 5AW",9.0,3.0,"MRS","Female",1950.0,44.0,"36-45 years","Non-responder"
1303.0,116.0,"Over £500","5 Or More Visits",131.0,1526.0,"BN14 9EP",37.0,9.0,"Mr","Male",1950.0,44.0,"36-45 years","Responder"
890.0,71.0,"Over £500","5 Or More Visits",75.0,932.0,"WN 3 5JJ",9.0,3.0,"Mr","Male",1950.0,44.0,"36-45 years","Responder"
92.0,10.0,"£50-£100","5 Or More Visits",15.0,119.0,"MK41 8RJ",2.0,1.0,"Mr","Male",1950.0,44.0,"36-45 years","Responder"
80.0,2.0,"£50-£100","2 Visits",3.0,97.0,"SY 1 3PF",14.0,4.0,"MR","Male",1950.0,44.0,"36-45 years","Responder"
74.0,6.0,"£50-£100","5 Or More Visits",9.0,111.0,"SW19 2RQ",24.0,6.0,"MR","Male",1950.0,44.0,"36-45 years","Responder"
81.0,6.0,"£50-£100","5 Or More Visits",8.0,101.0,"LL12 7RT",8.0,2.0,"MR","Male",1950.0,44.0,"36-45 years","Responder"
78.0,6.0,"£50-£100","5 Or More Visits",9.0,95.0,"CV10 0HB",10.0,3.0,"MR","Male",1950.0,44.0,"36-45 years","Responder"
81.0,2.0,"£50-£100","2 Visits",4.0,90.0,"NG 8 4AY",13.0,4.0,"MR","Male",1950.0,44.0,"36-45 years","Responder"
59.0,3.0,"£50-£100","3 Visits",4.0,109.0,"LS27 9JR",39.0,9.0,"MR","Male",1950.0,44.0,"36-45 years","Responder"
90.0,5.0,"£50-£100","5 Or More Visits",6.0,83.0,"CM 3 2DA",3.0,1.0,"MR","Male",1950.0,44.0,"36-45 years","Responder"
46.0,7.0,"Under £50","5 Or More Visits",11.0,65.0,"WS 9 9RF",2.0,1.0,"MR","Male",1950.0,44.0,"36-45 years","Responder"
190.0,7.0,"£150-£200","5 Or More Visits",8.0,201.0,"BD17 5SB",16.0,4.0,"MR","Male",1950.0,44.0,"36-45 years","Responder"
63.0,2.0,"£50-£100","2 Visits",3.0,84.0,"LN 8 3HD",48.0,11.0,"MR","Male",1950.0,44.0,"36-45 years","Responder"
93.0,9.0,"£50-£100","5 Or More Visits",21.0,305.0,"BN17 6PW",43.0,10.0,"MR","Male",1950.0,44.0,"36-45 years","Responder"
71.0,1.0,"£50-£100","1 Visit",1.0,71.0,"HP15 6BH",2.0,1.0,"MR","Male",1950.0,44.0,"36-45 years","Non-responder"
70.0,1.0,"£50-£100","1 Visit",1.0,70.0,"BB 1 4EX",39.0,9.0,"MR","Male",1950.0,44.0,"36-45 years","Non-responder"
67.0,5.0,"£50-£100","5 Or More Visits",5.0,67.0,"BA11 1LE",17.0,4.0,"MR","Male",1950.0,44.0,"36-45 years","Non-responder"
79.0,3.0,"£50-£100","3 Visits",3.0,79.0,"CV11 6PW",3.0,1.0,"MR","Male",1950.0,44.0,"36-45 years","Non-responder"
68.0,1.0,"£50-£100","1 Visit",1.0,68.0,"YO11 3LF",13.0,4.0,"MR","Male",1950.0,44.0,"36-45 years","Non-responder"
80.0,1.0,"£50-£100","1 Visit",1.0,80.0,"PE 7 3RQ",2.0,1.0,"MR","Male",1950.0,44.0,"36-45 years","Non-responder"
82.0,2.0,"£50-£100","2 Visits",2.0,82.0,"WR11 6XS",2.0,1.0,"MR","Male",1950.0,44.0,"36-45 years","Non-responder"
92.0,2.0,"£50-£100","2 Visits",2.0,92.0,"NP 1 8RD",9.0,3.0,"MR","Male",1950.0,44.0,"36-45 years","Non-responder"
58.0,7.0,"£50-£100","5 Or More Visits",7.0,58.0,"SO 5 7GY",3.0,1.0,"MR","Male",1950.0,44.0,"36-45 years","Non-responder"
90.0,4.0,"£50-£100","4 Visits",4.0,90.0,"DN 4 6RR",3.0,1.0,"MR","Male",1950.0,44.0,"36-45 years","Non-responder"
0.0,0.0,"Under £50","No Visits",0.0,0.0,"WS 5 3DW",39.0,9.0,"MR","Male",1950.0,44.0,"36-45 years","Non-responder"
67.0,4.0,"£50-£100","4 Visits",4.0,67.0,"RG 3 6BQ",44.0,10.0,"MR","Male",1950.0,44.0,"36-45 years","Non-responder"
55.0,1.0,"£50-£100","1 Visit",1.0,55.0,"WN 3 6DF",3.0,1.0,"MR","Male",1950.0,44.0,"36-45 years","Non-responder"
59.0,1.0,"£50-£100","1 Visit",1.0,59.0,"NW 1 7RG",34.0,8.0,"MR","Male",1950.0,44.0,"36-45 years","Non-responder"
72.0,1.0,"£50-£100","1 Visit",1.0,72.0,"GU15 2RT",31.0,7.0,"MR","Male",1950.0,44.0,"36-45 years","Non-responder"
280.0,5.0,"£200-£300","5 Or More Visits",5.0,280.0,"B 23 5QP",7.0,2.0,"MR","Male",1950.0,44.0,"36-45 years","Non-responder"
79.0,3.0,"£50-£100","3 Visits",3.0,79.0,"SK 7 4LJ",16.0,4.0,"MR","Male",1950.0,44.0,"36-45 years","Non-responder"
60.0,3.0,"£50-£100","3 Visits",3.0,60.0,"SK15 3DP",9.0,3.0,"MR","Male",1950.0,44.0,"36-45 years","Non-responder"
96.0,5.0,"£50-£100","5 Or More Visits",5.0,96.0,"PE 4 5BN",43.0,10.0,"MR","Male",1950.0,44.0,"36-45 years","Non-responder"
92.0,1.0,"£50-£100","1 Visit",1.0,92.0,"DH 7 0QB",6.0,2.0,"MR","Male",1950.0,44.0,"36-45 years","Non-responder"
59.0,2.0,"£50-£100","2 Visits",2.0,59.0,"NR31 8PD",9.0,3.0,"MR","Male",1950.0,44.0,"36-45 years","Non-responder"
53.0,1.0,"£50-£100","1 Visit",1.0,53.0,"LS21 2RE",3.0,1.0,"MR","Male",1950.0,44.0,"36-45 years","Non-responder"
64.0,14.0,"£50-£100","5 Or More Visits",14.0,64.0,"TN23 1SR",29.0,6.0,"MR","Male",1950.0,44.0,"36-45 years","Non-responder"
58.0,2.0,"£50-£100","2 Visits",2.0,58.0,"LU 7 7HL",3.0,1.0,"MR","Male",1950.0,44.0,"36-45 years","Non-responder"
70.0,1.0,"£50-£100","1 Visit",1.0,70.0,"HP 1 1RW",5.0,1.0,"MR","Male",1950.0,44.0,"36-45 years","Non-responder"
102.0,8.0,"£100-£150","5 Or More Visits",8.0,102.0,"AL 6 0NQ",6.0,2.0,"MR","Male",1950.0,44.0,"36-45 years","Non-responder"
78.0,3.0,"£50-£100","3 Visits",3.0,78.0,"LE12 5DW",45.0,11.0,"MR","Male",1950.0,44.0,"36-45 years","Non-responder"
1010.0,45.0,"Over £500","5 Or More Visits",48.0,1050.0,"CV 8 3JT",44.0,10.0,"Mrs","Female",1949.0,45.0,"36-45 years","Responder"
317.0,17.0,"£300-£500","5 Or More Visits",19.0,352.0,"CM24 8BL",7.0,2.0,"Mrs","Female",1949.0,45.0,"36-45 years","Responder"
86.0,7.0,"£50-£100","5 Or More Visits",10.0,136.0,"BA11 2TF",10.0,3.0,"MRS","Female",1949.0,45.0,"36-45 years","Responder"
89.0,6.0,"£50-£100","5 Or More Visits",9.0,247.0,"DN17 2SB",10.0,3.0,"MRS","Female",1949.0,45.0,"36-45 years","Responder"
56.0,3.0,"£50-£100","3 Visits",7.0,130.0,"LE17 4RS",2.0,1.0,"MRS","Female",1949.0,45.0,"36-45 years","Responder"
95.0,1.0,"£50-£100","1 Visit",1.0,95.0,"LE15 6JS",3.0,1.0,"MRS","Female",1949.0,45.0,"36-45 years","Non-responder"
57.0,3.0,"£50-£100","3 Visits",3.0,57.0,"RH 8 0HL",31.0,7.0,"MRS","Female",1949.0,45.0,"36-45 years","Non-responder"
61.0,1.0,"£50-£100","1 Visit",1.0,61.0,"SL 2 3RR",1.0,1.0,"MRS","Female",1949.0,45.0,"36-45 years","Non-responder"
79.0,2.0,"£50-£100","2 Visits",2.0,79.0,"CF38 1TH",9.0,3.0,"MRS","Female",1949.0,45.0,"36-45 years","Non-responder"
56.0,4.0,"£50-£100","4 Visits",4.0,56.0,"SY11 1YL",43.0,10.0,"MISS","Female",1949.0,45.0,"36-45 years","Non-responder"
82.0,3.0,"£50-£100","3 Visits",3.0,82.0,"MK44 3PP",3.0,1.0,"MRS","Female",1949.0,45.0,"36-45 years","Non-responder"
55.0,2.0,"£50-£100","2 Visits",2.0,55.0,"L 31 6BY",8.0,2.0,"MRS","Female",1949.0,45.0,"36-45 years","Non-responder"
51.0,8.0,"£50-£100","5 Or More Visits",8.0,51.0,"NR30 5NN",39.0,9.0,"MRS","Female",1949.0,45.0,"36-45 years","Non-responder"
87.0,1.0,"£50-£100","1 Visit",1.0,87.0,"ME16 0HY",4.0,1.0,"MRS","Female",1949.0,45.0,"36-45 years","Non-responder"
56.0,1.0,"£50-£100","1 Visit",1.0,56.0,"LA 4 6DY",39.0,9.0,"MRS","Female",1949.0,45.0,"36-45 years","Non-responder"
66.0,2.0,"£50-£100","2 Visits",2.0,66.0,"PL 7 3NY",13.0,4.0,"MISS","Female",1949.0,45.0,"36-45 years","Non-responder"
78.0,2.0,"£50-£100","2 Visits",2.0,78.0,"YO11 3SJ",10.0,3.0,"MRS","Female",1949.0,45.0,"36-45 years","Non-responder"
55.0,2.0,"£50-£100","2 Visits",2.0,55.0,"WF 3 1EB",3.0,1.0,"MRS","Female",1949.0,45.0,"36-45 years","Non-responder"
807.0,44.0,"Over £500","5 Or More Visits",81.0,1587.0,"CT20 3JZ",30.0,7.0,"Mr","Male",1949.0,45.0,"36-45 years","Responder"
165.0,17.0,"£150-£200","5 Or More Visits",19.0,197.0,"RH12 2HG",8.0,2.0,"Mr","Male",1949.0,45.0,"36-45 years","Responder"
123.0,6.0,"£100-£150","5 Or More Visits",7.0,132.0,"CM14 4PN",8.0,2.0,"MR","Male",1949.0,45.0,"36-45 years","Responder"
78.0,9.0,"£50-£100","5 Or More Visits",12.0,112.0,"HG 2 0JY",40.0,9.0,"MR","Male",1949.0,45.0,"36-45 years","Responder"
83.0,2.0,"£50-£100","2 Visits",5.0,103.0,"HU17 8NB",30.0,7.0,"MR","Male",1949.0,45.0,"36-45 years","Responder"
106.0,8.0,"£100-£150","5 Or More Visits",10.0,122.0,"CV11 6SA",3.0,1.0,"MR","Male",1949.0,45.0,"36-45 years","Responder"
78.0,3.0,"£50-£100","3 Visits",5.0,93.0,"PL19 0DS",37.0,9.0,"MR","Male",1949.0,45.0,"36-45 years","Responder"
71.0,7.0,"£50-£100","5 Or More Visits",8.0,108.0,"YO13 9AP",50.0,11.0,"MR","Male",1949.0,45.0,"36-45 years","Responder"
58.0,9.0,"£50-£100","5 Or More Visits",10.0,61.0,"NE 3 2QZ",44.0,10.0,"MR","Male",1949.0,45.0,"36-45 years","Responder"
42.0,6.0,"Under £50","5 Or More Visits",7.0,54.0,"RG 1 7YL",32.0,7.0,"MR","Male",1949.0,45.0,"36-45 years","Responder"
59.0,2.0,"£50-£100","2 Visits",3.0,72.0,"LN 6 8RX",8.0,2.0,"MR","Male",1949.0,45.0,"36-45 years","Responder"
82.0,2.0,"£50-£100","2 Visits",4.0,116.0,"CT17 9QT",30.0,7.0,"MR","Male",1949.0,45.0,"36-45 years","Responder"
145.0,10.0,"£100-£150","5 Or More Visits",10.0,145.0,"SA 6 6HA",10.0,3.0,"Mr","Male",1949.0,45.0,"36-45 years","Non-responder"
115.0,5.0,"£100-£150","5 Or More Visits",5.0,115.0,"PR 8 4RE",3.0,1.0,"MR","Male",1949.0,45.0,"36-45 years","Non-responder"
137.0,2.0,"£100-£150","2 Visits",2.0,137.0,"YO11 2UQ",38.0,9.0,"Mr","Male",1949.0,45.0,"36-45 years","Non-responder"
55.0,2.0,"£50-£100","2 Visits",2.0,55.0,"HP11 1ED",3.0,1.0,"MR","Male",1949.0,45.0,"36-45 years","Non-responder"
54.0,1.0,"£50-£100","1 Visit",1.0,54.0,"DY 8 4QP",9.0,3.0,"MR","Male",1949.0,45.0,"36-45 years","Non-responder"
63.0,6.0,"£50-£100","5 Or More Visits",6.0,63.0,"BS 9 4AH",31.0,7.0,"MR","Male",1949.0,45.0,"36-45 years","Non-responder"
75.0,4.0,"£50-£100","4 Visits",4.0,75.0,"N 22 6LB",24.0,6.0,"MR","Male",1949.0,45.0,"36-45 years","Non-responder"
83.0,1.0,"£50-£100","1 Visit",1.0,83.0,"YO21 1LR",13.0,4.0,"MR","Male",1949.0,45.0,"36-45 years","Non-responder"
54.0,2.0,"£50-£100","2 Visits",2.0,54.0,"NE 3 4DX",4.0,1.0,"MR","Male",1949.0,45.0,"36-45 years","Non-responder"
58.0,3.0,"£50-£100","3 Visits",3.0,58.0,"NE23 9RS",44.0,10.0,"MR","Male",1949.0,45.0,"36-45 years","Non-responder"
90.0,4.0,"£50-£100","4 Visits",4.0,90.0,"CF44 9SN",12.0,3.0,"MR","Male",1949.0,45.0,"36-45 years","Non-responder"
58.0,4.0,"£50-£100","4 Visits",4.0,58.0,"S  5 7DP",16.0,4.0,"MR","Male",1949.0,45.0,"36-45 years","Non-responder"
76.0,2.0,"£50-£100","2 Visits",2.0,76.0,"SO22 4JN",5.0,1.0,"MR","Male",1949.0,45.0,"36-45 years","Non-responder"
90.0,4.0,"£50-£100","4 Visits",4.0,90.0,"GU16 5TB",7.0,2.0,"MR","Male",1949.0,45.0,"36-45 years","Non-responder"
71.0,4.0,"£50-£100","4 Visits",4.0,71.0,"KT 3 5DB",7.0,2.0,"MR","Male",1949.0,45.0,"36-45 years","Non-responder"
64.0,2.0,"£50-£100","2 Visits",2.0,64.0,"TN16 1SA",1.0,1.0,"MR","Male",1949.0,45.0,"36-45 years","Non-responder"
94.0,8.0,"£50-£100","5 Or More Visits",8.0,94.0,"RH19 4RU",3.0,1.0,"MR","Male",1949.0,45.0,"36-45 years","Non-responder"
75.0,2.0,"£50-£100","2 Visits",2.0,75.0,"WN 5 7DS",3.0,1.0,"MR","Male",1949.0,45.0,"36-45 years","Non-responder"
70.0,1.0,"£50-£100","1 Visit",1.0,70.0,"PO11 0HF",33.0,8.0,"MR","Male",1949.0,45.0,"36-45 years","Non-responder"
65.0,3.0,"£50-£100","3 Visits",3.0,65.0,"LU 5 6LD",7.0,2.0,"MR","Male",1949.0,45.0,"36-45 years","Non-responder"
94.0,3.0,"£50-£100","3 Visits",3.0,94.0,"PL 3 4QH",29.0,6.0,"MR","Male",1949.0,45.0,"36-45 years","Non-responder"
86.0,6.0,"£50-£100","5 Or More Visits",6.0,86.0,"LU 5 4JS",10.0,3.0,"MR","Male",1949.0,45.0,"36-45 years","Non-responder"
62.0,3.0,"£50-£100","3 Visits",3.0,62.0,"BS19 5AR",3.0,1.0,"MR","Male",1949.0,45.0,"36-45 years","Non-responder"
92.0,4.0,"£50-£100","4 Visits",4.0,92.0,"HR 4 7EF",7.0,2.0,"MR","Male",1949.0,45.0,"36-45 years","Non-responder"
69.0,2.0,"£50-£100","2 Visits",2.0,69.0,"WD 1 3TY",1.0,1.0,"MR","Male",1949.0,45.0,"36-45 years","Non-responder"
78.0,2.0,"£50-£100","2 Visits",2.0,78.0,"WA 8 7NU",12.0,3.0,"MR","Male",1949.0,45.0,"36-45 years","Non-responder"
61.0,6.0,"£50-£100","5 Or More Visits",6.0,61.0,"WF12 7AP",10.0,3.0,"MR","Male",1949.0,45.0,"36-45 years","Non-responder"
90.0,3.0,"£50-£100","3 Visits",4.0,139.0,"BN15 9JZ",31.0,7.0,"MRS","Female",1948.0,46.0,"46-55 years","Responder"
83.0,7.0,"£50-£100","5 Or More Visits",9.0,129.0,"HP14 3QB",44.0,10.0,"MRS","Female",1948.0,46.0,"46-55 years","Responder"
12.0,1.0,"Under £50","1 Visit",2.0,25.0,"DN15 9EX",6.0,2.0,"MRS","Female",1948.0,46.0,"46-55 years","Responder"
57.0,3.0,"£50-£100","3 Visits",4.0,76.0,"NN12 8PN",47.0,11.0,"MRS","Female",1948.0,46.0,"46-55 years","Responder"
62.0,8.0,"£50-£100","5 Or More Visits",8.0,62.0,"LE13 0EY",44.0,10.0,"MRS","Female",1948.0,46.0,"46-55 years","Non-responder"
94.0,2.0,"£50-£100","2 Visits",2.0,94.0,"LL12 8LS",3.0,1.0,"MRS","Female",1948.0,46.0,"46-55 years","Non-responder"
88.0,1.0,"£50-£100","1 Visit",1.0,88.0,"DY12 2NZ",6.0,2.0,"MRS","Female",1948.0,46.0,"46-55 years","Non-responder"
95.0,1.0,"£50-£100","1 Visit",1.0,95.0,"BN 3 6PT",1.0,1.0,"MRS","Female",1948.0,46.0,"46-55 years","Non-responder"
64.0,5.0,"£50-£100","5 Or More Visits",5.0,64.0,"CM18 7RL",29.0,6.0,"MS","Female",1948.0,46.0,"46-55 years","Non-responder"
83.0,2.0,"£50-£100","2 Visits",2.0,83.0,"CF39 9BE",28.0,6.0,"MRS","Female",1948.0,46.0,"46-55 years","Non-responder"
60.0,4.0,"£50-£100","4 Visits",4.0,60.0,"RH13 5NB",31.0,7.0,"MRS","Female",1948.0,46.0,"46-55 years","Non-responder"
99.0,1.0,"£50-£100","1 Visit",1.0,99.0,"B 63 4DT",10.0,3.0,"MRS","Female",1948.0,46.0,"46-55 years","Non-responder"
62.0,1.0,"£50-£100","1 Visit",1.0,62.0,"BL 8 4JA",6.0,2.0,"MRS","Female",1948.0,46.0,"46-55 years","Non-responder"
56.0,2.0,"£50-£100","2 Visits",2.0,56.0,"DN35 9AD",31.0,7.0,"MRS","Female",1948.0,46.0,"46-55 years","Non-responder"
88.0,2.0,"£50-£100","2 Visits",2.0,88.0,"NN 6 7HN",3.0,1.0,"MRS","Female",1948.0,46.0,"46-55 years","Non-responder"
51.0,1.0,"£50-£100","1 Visit",1.0,51.0,"TN24 0RG",9.0,3.0,"MRS","Female",1948.0,46.0,"46-55 years","Non-responder"
82.0,1.0,"£50-£100","1 Visit",1.0,82.0,"L 18 8AR",32.0,7.0,"MRS","Female",1948.0,46.0,"46-55 years","Non-responder"
527.0,43.0,"Over £500","5 Or More Visits",45.0,547.0,"CV22 7RR",10.0,3.0,"Mr","Male",1948.0,46.0,"46-55 years","Responder"
96.0,14.0,"£50-£100","5 Or More Visits",15.0,108.0,"BS20 9DR",5.0,1.0,"MR","Male",1948.0,46.0,"46-55 years","Responder"
96.0,1.0,"£50-£100","1 Visit",2.0,101.0,"BS22 0BA",42.0,10.0,"MR","Male",1948.0,46.0,"46-55 years","Responder"
90.0,9.0,"£50-£100","5 Or More Visits",17.0,223.0,"WR 9 0DY",46.0,11.0,"MR","Male",1948.0,46.0,"46-55 years","Responder"
50.0,5.0,"£50-£100","5 Or More Visits",6.0,56.0,"TW 7 4QW",8.0,2.0,"MR","Male",1948.0,46.0,"46-55 years","Responder"
54.0,6.0,"£50-£100","5 Or More Visits",10.0,102.0,"B 79 8EX",10.0,3.0,"MR","Male",1948.0,46.0,"46-55 years","Responder"
80.0,4.0,"£50-£100","4 Visits",10.0,244.0,"CM15 0NE",9.0,3.0,"MR","Male",1948.0,46.0,"46-55 years","Responder"
96.0,5.0,"£50-£100","5 Or More Visits",10.0,179.0,"WF12 8PN",17.0,4.0,"MR","Male",1948.0,46.0,"46-55 years","Responder"
93.0,2.0,"£50-£100","2 Visits",2.0,93.0,"WA 5 2SX",2.0,1.0,"Mr","Male",1948.0,46.0,"46-55 years","Non-responder"
129.0,9.0,"£100-£150","5 Or More Visits",9.0,129.0,"WS13 6DG",9.0,3.0,"MR","Male",1948.0,46.0,"46-55 years","Non-responder"
78.0,6.0,"£50-£100","5 Or More Visits",6.0,78.0,"IG 3 9ER",30.0,7.0,"MR","Male",1948.0,46.0,"46-55 years","Non-responder"
57.0,2.0,"£50-£100","2 Visits",2.0,57.0,"S 66 7DW",13.0,4.0,"MR","Male",1948.0,46.0,"46-55 years","Non-responder"
55.0,4.0,"£50-£100","4 Visits",4.0,55.0,"SP11 7DY",6.0,2.0,"MR","Male",1948.0,46.0,"46-55 years","Non-responder"
100.0,4.0,"£50-£100","4 Visits",4.0,100.0,"RH15 8JU",44.0,10.0,"MR","Male",1948.0,46.0,"46-55 years","Non-responder"
65.0,3.0,"£50-£100","3 Visits",3.0,65.0,"SL 1 2HY",34.0,8.0,"MR","Male",1948.0,46.0,"46-55 years","Non-responder"
68.0,2.0,"£50-£100","2 Visits",2.0,68.0,"BA12 8LL",31.0,7.0,"MR","Male",1948.0,46.0,"46-55 years","Non-responder"
55.0,2.0,"£50-£100","2 Visits",2.0,55.0,"BN11 2PN",32.0,7.0,"MR","Male",1948.0,46.0,"46-55 years","Non-responder"
86.0,3.0,"£50-£100","3 Visits",3.0,86.0,"LE 8 0NU",8.0,2.0,"MR","Male",1948.0,46.0,"46-55 years","Non-responder"
31.0,2.0,"Under £50","2 Visits",2.0,31.0,"WF17 0BS",3.0,1.0,"MR","Male",1948.0,46.0,"46-55 years","Non-responder"
56.0,5.0,"£50-£100","5 Or More Visits",5.0,56.0,"B 74 4RE",1.0,1.0,"MR","Male",1948.0,46.0,"46-55 years","Non-responder"
22.0,1.0,"Under £50","1 Visit",1.0,22.0,"MK41 7EQ",11.0,3.0,"MR","Male",1948.0,46.0,"46-55 years","Non-responder"
33.0,1.0,"Under £50","1 Visit",1.0,33.0,"SW20 9HE",4.0,1.0,"MR","Male",1948.0,46.0,"46-55 years","Non-responder"
78.0,1.0,"£50-£100","1 Visit",1.0,78.0,"L 35 7LG",10.0,3.0,"MR","Male",1948.0,46.0,"46-55 years","Non-responder"
75.0,7.0,"£50-£100","5 Or More Visits",7.0,75.0,"HA 7 1DD",30.0,7.0,"MR","Male",1948.0,46.0,"46-55 years","Non-responder"
67.0,2.0,"£50-£100","2 Visits",2.0,67.0,"SA10 7US",3.0,1.0,"MR","Male",1948.0,46.0,"46-55 years","Non-responder"
72.0,1.0,"£50-£100","1 Visit",1.0,72.0,"RG 3 5QU",3.0,1.0,"MR","Male",1948.0,46.0,"46-55 years","Non-responder"
55.0,2.0,"£50-£100","2 Visits",2.0,55.0,"SK12 7BA",1.0,1.0,"MR","Male",1948.0,46.0,"46-55 years","Non-responder"
55.0,3.0,"£50-£100","3 Visits",3.0,55.0,"WA 8 0HW",11.0,3.0,"MR","Male",1948.0,46.0,"46-55 years","Non-responder"
74.0,5.0,"£50-£100","5 Or More Visits",5.0,74.0,"BD20 5SY",6.0,2.0,"MR","Male",1948.0,46.0,"46-55 years","Non-responder"
99.0,5.0,"£50-£100","5 Or More Visits",7.0,153.0,"HU 7 4LZ",17.0,4.0,"MRS","Female",1947.0,47.0,"46-55 years","Responder"
51.0,2.0,"£50-£100","2 Visits",5.0,132.0,"LS18 5LY",3.0,1.0,"MRS","Female",1947.0,47.0,"46-55 years","Responder"
52.0,3.0,"£50-£100","3 Visits",5.0,60.0,"KT13 8RB",40.0,9.0,"MS","Female",1947.0,47.0,"46-55 years","Responder"
17.0,2.0,"Under £50","2 Visits",3.0,38.0,"GU16 6JT",2.0,1.0,"MRS","Female",1947.0,47.0,"46-55 years","Responder"
53.0,3.0,"£50-£100","3 Visits",5.0,53.0,"WS 9 8HT",9.0,3.0,"MRS","Female",1947.0,47.0,"46-55 years","Responder"
94.0,1.0,"£50-£100","1 Visit",1.0,94.0,"PR 2 4NN",4.0,1.0,"MRS","Female",1947.0,47.0,"46-55 years","Non-responder"
57.0,8.0,"£50-£100","5 Or More Visits",8.0,57.0,"PR 8 4RE",3.0,1.0,"MRS","Female",1947.0,47.0,"46-55 years","Non-responder"
84.0,1.0,"£50-£100","1 Visit",1.0,84.0,"PE14 7DP",47.0,11.0,"MRS","Female",1947.0,47.0,"46-55 years","Non-responder"
75.0,1.0,"£50-£100","1 Visit",1.0,75.0,"S 66 8ED",13.0,4.0,"MRS","Female",1947.0,47.0,"46-55 years","Non-responder"
69.0,1.0,"£50-£100","1 Visit",1.0,69.0,"CM 1 4EY",8.0,2.0,"MRS","Female",1947.0,47.0,"46-55 years","Non-responder"
55.0,1.0,"£50-£100","1 Visit",1.0,55.0,"WN 1 1XY",32.0,7.0,"MRS","Female",1947.0,47.0,"46-55 years","Non-responder"
57.0,5.0,"£50-£100","5 Or More Visits",5.0,57.0,"CV 9 2QQ",10.0,3.0,"MRS","Female",1947.0,47.0,"46-55 years","Non-responder"
94.0,1.0,"£50-£100","1 Visit",1.0,94.0,"NR14 6JW",31.0,7.0,"MRS","Female",1947.0,47.0,"46-55 years","Non-responder"
62.0,3.0,"£50-£100","3 Visits",3.0,62.0,"SK16 5LQ",10.0,3.0,"MRS","Female",1947.0,47.0,"46-55 years","Non-responder"
95.0,1.0,"£50-£100","1 Visit",1.0,95.0,"NW 1 6UP",26.0,6.0,"MRS","Female",1947.0,47.0,"46-55 years","Non-responder"
80.0,5.0,"£50-£100","5 Or More Visits",5.0,80.0,"WN 2 2RF",12.0,3.0,"MRS","Female",1947.0,47.0,"46-55 years","Non-responder"
78.0,2.0,"£50-£100","2 Visits",2.0,78.0,"WS12 5SD",2.0,1.0,"MS","Female",1947.0,47.0,"46-55 years","Non-responder"
95.0,9.0,"£50-£100","5 Or More Visits",9.0,95.0,"UB 2 4JY",16.0,4.0,"MRS","Female",1947.0,47.0,"46-55 years","Non-responder"
57.0,1.0,"£50-£100","1 Visit",1.0,57.0,"NN11 4DF",10.0,3.0,"MRS","Female",1947.0,47.0,"46-55 years","Non-responder"
73.0,2.0,"£50-£100","2 Visits",2.0,73.0,"S 75 6HX",6.0,2.0,"MS","Female",1947.0,47.0,"46-55 years","Non-responder"
61.0,2.0,"£50-£100","2 Visits",2.0,61.0,"LS27 9LF",8.0,2.0,"MRS","Female",1947.0,47.0,"46-55 years","Non-responder"
31.0,6.0,"Under £50","5 Or More Visits",7.0,36.0,"CM23 3PR",44.0,10.0,"MR","Male",1947.0,47.0,"46-55 years","Responder"
818.0,50.0,"Over £500","5 Or More Visits",74.0,1404.0,"NN 6 7TJ",45.0,11.0,"Mr","Male",1947.0,47.0,"46-55 years","Responder"
457.0,44.0,"£300-£500","5 Or More Visits",50.0,629.0,"L 37 3LE",3.0,1.0,"Mr","Male",1947.0,47.0,"46-55 years","Responder"
449.0,20.0,"£300-£500","5 Or More Visits",27.0,555.0,"RH 6 8RQ",31.0,7.0,"Mr","Male",1947.0,47.0,"46-55 years","Responder"
502.0,31.0,"Over £500","5 Or More Visits",34.0,529.0,"BN 3 7GG",31.0,7.0,"Mr","Male",1947.0,47.0,"46-55 years","Responder"
433.0,30.0,"£300-£500","5 Or More Visits",37.0,485.0,"BD22 7AE",13.0,4.0,"Mr","Male",1947.0,47.0,"46-55 years","Responder"
284.0,11.0,"£200-£300","5 Or More Visits",17.0,339.0,"SS 2 4LQ",31.0,7.0,"Mr","Male",1947.0,47.0,"46-55 years","Responder"
531.0,24.0,"Over £500","5 Or More Visits",27.0,593.0,"CM13 3QB",1.0,1.0,"Mr","Male",1947.0,47.0,"46-55 years","Responder"
266.0,16.0,"£200-£300","5 Or More Visits",24.0,347.0,"RH15 0TJ",44.0,10.0,"Mr","Male",1947.0,47.0,"46-55 years","Responder"
173.0,11.0,"£150-£200","5 Or More Visits",16.0,223.0,"DY 5 3XD",11.0,3.0,"Mr","Male",1947.0,47.0,"46-55 years","Responder"
53.0,2.0,"£50-£100","2 Visits",4.0,79.0,"IG 5 0AW",30.0,7.0,"MR","Male",1947.0,47.0,"46-55 years","Responder"
75.0,14.0,"£50-£100","5 Or More Visits",16.0,87.0,"BD12 9HL",44.0,10.0,"MR","Male",1947.0,47.0,"46-55 years","Responder"
65.0,5.0,"£50-£100","5 Or More Visits",11.0,232.0,"B 26 1DT",10.0,3.0,"MR","Male",1947.0,47.0,"46-55 years","Responder"
73.0,10.0,"£50-£100","5 Or More Visits",12.0,225.0,"PE 7 3XB",6.0,2.0,"MR","Male",1947.0,47.0,"46-55 years","Responder"
83.0,7.0,"£50-£100","5 Or More Visits",8.0,94.0,"TQ12 1DL",30.0,7.0,"MR","Male",1947.0,47.0,"46-55 years","Responder"
86.0,3.0,"£50-£100","3 Visits",4.0,96.0,"OX16 0AY",15.0,4.0,"MR","Male",1947.0,47.0,"46-55 years","Responder"
24.0,3.0,"Under £50","3 Visits",4.0,47.0,"RG11 4SZ",3.0,1.0,"MR","Male",1947.0,47.0,"46-55 years","Responder"
72.0,22.0,"£50-£100","5 Or More Visits",23.0,73.0,"LN 5 8LW",30.0,7.0,"MR","Male",1947.0,47.0,"46-55 years","Responder"
68.0,8.0,"£50-£100","5 Or More Visits",9.0,82.0,"ST18 0AF",4.0,1.0,"MR","Male",1947.0,47.0,"46-55 years","Responder"
73.0,2.0,"£50-£100","2 Visits",4.0,272.0,"PE 4 6LY",5.0,1.0,"MR","Male",1947.0,47.0,"46-55 years","Responder"
87.0,6.0,"£50-£100","5 Or More Visits",7.0,94.0,"LE17 4TT",6.0,2.0,"MR","Male",1947.0,47.0,"46-55 years","Responder"
84.0,7.0,"£50-£100","5 Or More Visits",8.0,88.0,"BD21 4UJ",9.0,3.0,"MR","Male",1947.0,47.0,"46-55 years","Responder"
77.0,3.0,"£50-£100","3 Visits",4.0,227.0,"PE17 2RB",2.0,1.0,"MR","Male",1947.0,47.0,"46-55 years","Responder"
79.0,8.0,"£50-£100","5 Or More Visits",11.0,115.0,"TN13 2HE",3.0,1.0,"MR","Male",1947.0,47.0,"46-55 years","Responder"
120.0,3.0,"£100-£150","3 Visits",3.0,120.0,"GU16 5EE",44.0,10.0,"Mr","Male",1947.0,47.0,"46-55 years","Non-responder"
528.0,14.0,"Over £500","5 Or More Visits",14.0,528.0,"BN12 4EF",3.0,1.0,"Mr","Male",1947.0,47.0,"46-55 years","Non-responder"
60.0,1.0,"£50-£100","1 Visit",1.0,60.0,"DE 3 5NU",2.0,1.0,"MR","Male",1947.0,47.0,"46-55 years","Non-responder"
70.0,2.0,"£50-£100","2 Visits",2.0,70.0,"HP21 7HD",5.0,1.0,"MR","Male",1947.0,47.0,"46-55 years","Non-responder"
56.0,1.0,"£50-£100","1 Visit",1.0,56.0,"SM 4 6JU",15.0,4.0,"MR","Male",1947.0,47.0,"46-55 years","Non-responder"
63.0,2.0,"£50-£100","2 Visits",2.0,63.0,"BS11 0BL",23.0,5.0,"MR","Male",1947.0,47.0,"46-55 years","Non-responder"
57.0,1.0,"£50-£100","1 Visit",1.0,57.0,"LL13 8EL",12.0,3.0,"MR","Male",1947.0,47.0,"46-55 years","Non-responder"
66.0,4.0,"£50-£100","4 Visits",4.0,66.0,"HP20 2SE",32.0,7.0,"MR","Male",1947.0,47.0,"46-55 years","Non-responder"
83.0,2.0,"£50-£100","2 Visits",2.0,83.0,"DA 5 3NS",1.0,1.0,"MR","Male",1947.0,47.0,"46-55 years","Non-responder"
125.0,5.0,"£100-£150","5 Or More Visits",5.0,125.0,"RH12 4TT",43.0,10.0,"MR","Male",1947.0,47.0,"46-55 years","Non-responder"
65.0,4.0,"£50-£100","4 Visits",4.0,65.0,"OL12 8PA",12.0,3.0,"MR","Male",1947.0,47.0,"46-55 years","Non-responder"
58.0,1.0,"£50-£100","1 Visit",1.0,58.0,"BB11 5JG",20.0,5.0,"MR","Male",1947.0,47.0,"46-55 years","Non-responder"
40.0,3.0,"Under £50","3 Visits",3.0,40.0,"FY 1 4EJ",30.0,7.0,"MR","Male",1947.0,47.0,"46-55 years","Non-responder"
68.0,1.0,"£50-£100","1 Visit",1.0,68.0,"SG 1 4LP",44.0,10.0,"MR","Male",1947.0,47.0,"46-55 years","Non-responder"
86.0,8.0,"£50-£100","5 Or More Visits",8.0,86.0,"PO 3 6PH",30.0,7.0,"MR","Male",1947.0,47.0,"46-55 years","Non-responder"
101.0,2.0,"£100-£150","2 Visits",2.0,101.0,"ST17 0QQ",1.0,1.0,"MR","Male",1947.0,47.0,"46-55 years","Non-responder"
71.0,1.0,"£50-£100","1 Visit",1.0,71.0,"AL 7 3LE",15.0,4.0,"MR","Male",1947.0,47.0,"46-55 years","Non-responder"
52.0,2.0,"£50-£100","2 Visits",2.0,52.0,"W  2 6ED",40.0,9.0,"MR","Male",1947.0,47.0,"46-55 years","Non-responder"
90.0,1.0,"£50-£100","1 Visit",1.0,90.0,"LN 1 1XG",29.0,6.0,"MR","Male",1947.0,47.0,"46-55 years","Non-responder"
62.0,2.0,"£50-£100","2 Visits",2.0,62.0,"B 74 2RN",41.0,10.0,"MR","Male",1947.0,47.0,"46-55 years","Non-responder"
88.0,2.0,"£50-£100","2 Visits",2.0,88.0,"NW 7 3QL",36.0,8.0,"MR","Male",1947.0,47.0,"46-55 years","Non-responder"
74.0,7.0,"£50-£100","5 Or More Visits",7.0,74.0,"UB 6 8SX",8.0,2.0,"MR","Male",1947.0,47.0,"46-55 years","Non-responder"
57.0,1.0,"£50-£100","1 Visit",1.0,57.0,"NG 9 8FR",12.0,3.0,"MR","Male",1947.0,47.0,"46-55 years","Non-responder"
62.0,1.0,"£50-£100","1 Visit",1.0,62.0,"SS15 6JN",30.0,7.0,"MR","Male",1947.0,47.0,"46-55 years","Non-responder"
78.0,2.0,"£50-£100","2 Visits",2.0,78.0,"BS21 7QB",32.0,7.0,"MR","Male",1947.0,47.0,"46-55 years","Non-responder"
65.0,1.0,"£50-£100","1 Visit",1.0,65.0,"L 18 0HB",4.0,1.0,"MR","Male",1947.0,47.0,"46-55 years","Non-responder"
20.0,2.0,"Under £50","2 Visits",2.0,20.0,"CH 4 7AY",4.0,1.0,"MR","Male",1947.0,47.0,"46-55 years","Non-responder"
78.0,4.0,"£50-£100","4 Visits",4.0,78.0,"BD13 5AP",9.0,3.0,"MR","Male",1947.0,47.0,"46-55 years","Non-responder"
30.0,1.0,"Under £50","1 Visit",1.0,30.0,"WF 5 8ED",10.0,3.0,"MR","Male",1947.0,47.0,"46-55 years","Non-responder"
362.0,11.0,"£300-£500","5 Or More Visits",14.0,393.0,"BR 6 0QW",8.0,2.0,"Ms","Female",1946.0,48.0,"46-55 years","Responder"
32.0,1.0,"Under £50","1 Visit",2.0,38.0,"CR 0 0AS",17.0,4.0,"MRS","Female",1946.0,48.0,"46-55 years","Responder"
58.0,4.0,"£50-£100","4 Visits",7.0,150.0,"DN37 9PQ",2.0,1.0,"MRS","Female",1946.0,48.0,"46-55 years","Responder"
78.0,11.0,"£50-£100","5 Or More Visits",13.0,90.0,"BD20 0AN",29.0,6.0,"MRS","Female",1946.0,48.0,"46-55 years","Responder"
51.0,3.0,"£50-£100","3 Visits",3.0,51.0,"SL 2 5AX",31.0,7.0,"MRS","Female",1946.0,48.0,"46-55 years","Non-responder"
52.0,1.0,"£50-£100","1 Visit",1.0,52.0,"BS13 7PP",9.0,3.0,"MRS","Female",1946.0,48.0,"46-55 years","Non-responder"
85.0,5.0,"£50-£100","5 Or More Visits",5.0,85.0,"CR 0 0ES",11.0,3.0,"MRS","Female",1946.0,48.0,"46-55 years","Non-responder"
90.0,1.0,"£50-£100","1 Visit",1.0,90.0,"NP 1 7QL",12.0,3.0,"MRS","Female",1946.0,48.0,"46-55 years","Non-responder"
86.0,2.0,"£50-£100","2 Visits",2.0,86.0,"M 26 0GB",9.0,3.0,"MRS","Female",1946.0,48.0,"46-55 years","Non-responder"
68.0,2.0,"£50-£100","2 Visits",2.0,68.0,"OL 2 5BJ",9.0,3.0,"MRS","Female",1946.0,48.0,"46-55 years","Non-responder"
85.0,3.0,"£50-£100","3 Visits",3.0,85.0,"PO 9 2SZ",5.0,1.0,"MRS","Female",1946.0,48.0,"46-55 years","Non-responder"
51.0,1.0,"£50-£100","1 Visit",1.0,51.0,"ME16 8NA",7.0,2.0,"MRS","Female",1946.0,48.0,"46-55 years","Non-responder"
47.0,5.0,"Under £50","5 Or More Visits",5.0,47.0,"TF 2 7AJ",13.0,4.0,"MRS","Female",1946.0,48.0,"46-55 years","Non-responder"
90.0,1.0,"£50-£100","1 Visit",1.0,90.0,"WN 5 0JB",10.0,3.0,"MRS","Female",1946.0,48.0,"46-55 years","Non-responder"
53.0,1.0,"£50-£100","1 Visit",1.0,53.0,"DN17 1UD",37.0,9.0,"MRS","Female",1946.0,48.0,"46-55 years","Non-responder"
74.0,2.0,"£50-£100","2 Visits",2.0,74.0,"TR16 5QG",28.0,6.0,"MRS","Female",1946.0,48.0,"46-55 years","Non-responder"
68.0,1.0,"£50-£100","1 Visit",1.0,68.0,"NN11 4PW",17.0,4.0,"MRS","Female",1946.0,48.0,"46-55 years","Non-responder"
527.0,24.0,"Over £500","5 Or More Visits",29.0,548.0,"TN10 4RL",8.0,2.0,"Mr","Male",1946.0,48.0,"46-55 years","Responder"
1299.0,57.0,"Over £500","5 Or More Visits",75.0,1787.0,"TN 2 3LS",15.0,4.0,"Mr","Male",1946.0,48.0,"46-55 years","Responder"
796.0,32.0,"Over £500","5 Or More Visits",33.0,839.0,"LN 2 2TL",5.0,1.0,"Mr","Male",1946.0,48.0,"46-55 years","Responder"
93.0,6.0,"£50-£100","5 Or More Visits",8.0,122.0,"LE12 5AD",3.0,1.0,"Mr","Male",1946.0,48.0,"46-55 years","Responder"
221.0,21.0,"£200-£300","5 Or More Visits",25.0,268.0,"BB 1 9JD",1.0,1.0,"Mr","Male",1946.0,48.0,"46-55 years","Responder"
53.0,3.0,"£50-£100","3 Visits",5.0,73.0,"WD 6 1HE",7.0,2.0,"MR","Male",1946.0,48.0,"46-55 years","Responder"
191.0,22.0,"£150-£200","5 Or More Visits",23.0,209.0,"NG10 1AQ",9.0,3.0,"Mr","Male",1946.0,48.0,"46-55 years","Responder"
55.0,9.0,"£50-£100","5 Or More Visits",12.0,79.0,"RH 6 8AH",8.0,2.0,"MR","Male",1946.0,48.0,"46-55 years","Responder"
108.0,7.0,"£100-£150","5 Or More Visits",9.0,190.0,"ST17 9LB",42.0,10.0,"MR","Male",1946.0,48.0,"46-55 years","Responder"
125.0,6.0,"£100-£150","5 Or More Visits",17.0,574.0,"NG 6 0QP",43.0,10.0,"MR","Male",1946.0,48.0,"46-55 years","Responder"
66.0,7.0,"£50-£100","5 Or More Visits",8.0,71.0,"OX11 7PT",41.0,10.0,"MR","Male",1946.0,48.0,"46-55 years","Responder"
82.0,6.0,"£50-£100","5 Or More Visits",8.0,197.0,"CM17 9AU",14.0,4.0,"MR","Male",1946.0,48.0,"46-55 years","Responder"
77.0,2.0,"£50-£100","2 Visits",4.0,97.0,"SN 3 4XA",2.0,1.0,"MR","Male",1946.0,48.0,"46-55 years","Responder"
78.0,1.0,"£50-£100","1 Visit",3.0,78.0,"CR 7 7JW",24.0,6.0,"MR","Male",1946.0,48.0,"46-55 years","Responder"
98.0,9.0,"£50-£100","5 Or More Visits",11.0,108.0,"KT12 2RF",6.0,2.0,"MR","Male",1946.0,48.0,"46-55 years","Responder"
102.0,7.0,"£100-£150","5 Or More Visits",8.0,112.0,"WS 7 9AP",9.0,3.0,"MR","Male",1946.0,48.0,"46-55 years","Responder"
19.0,1.0,"Under £50","1 Visit",2.0,23.0,"SM 2 6RL",36.0,8.0,"MR","Male",1946.0,48.0,"46-55 years","Responder"
87.0,8.0,"£50-£100","5 Or More Visits",9.0,93.0,"WA10 6EG",9.0,3.0,"MR","Male",1946.0,48.0,"46-55 years","Responder"
104.0,4.0,"£100-£150","4 Visits",5.0,124.0,"LA 1 5UE",2.0,1.0,"MR","Male",1946.0,48.0,"46-55 years","Responder"
84.0,3.0,"£50-£100","3 Visits",5.0,123.0,"BN13 3PP",44.0,10.0,"MR","Male",1946.0,48.0,"46-55 years","Responder"
57.0,3.0,"£50-£100","3 Visits",3.0,57.0,"CT21 6NT",8.0,2.0,"MR","Male",1946.0,48.0,"46-55 years","Non-responder"
52.0,1.0,"£50-£100","1 Visit",1.0,52.0,"KT16 9QR",3.0,1.0,"MR","Male",1946.0,48.0,"46-55 years","Non-responder"
309.0,20.0,"£300-£500","5 Or More Visits",20.0,309.0,"RH15 0AE",2.0,1.0,"Mr","Male",1946.0,48.0,"46-55 years","Non-responder"
64.0,2.0,"£50-£100","2 Visits",2.0,64.0,"BS 6 7SF",36.0,8.0,"MR","Male",1946.0,48.0,"46-55 years","Non-responder"
76.0,1.0,"£50-£100","1 Visit",1.0,76.0,"BD 1 2PR",22.0,5.0,"MR","Male",1946.0,48.0,"46-55 years","Non-responder"
54.0,4.0,"£50-£100","4 Visits",4.0,54.0,"LE15 7JE",7.0,2.0,"MR","Male",1946.0,48.0,"46-55 years","Non-responder"
80.0,2.0,"£50-£100","2 Visits",2.0,80.0,"SW17 8LG",24.0,6.0,"MR","Male",1946.0,48.0,"46-55 years","Non-responder"
75.0,2.0,"£50-£100","2 Visits",2.0,75.0,"NE22 5AA",29.0,6.0,"MR","Male",1946.0,48.0,"46-55 years","Non-responder"
99.0,2.0,"£50-£100","2 Visits",2.0,99.0,"BS13 9JY",13.0,4.0,"MR","Male",1946.0,48.0,"46-55 years","Non-responder"
51.0,1.0,"£50-£100","1 Visit",1.0,51.0,"NE61 2TF",6.0,2.0,"MR","Male",1946.0,48.0,"46-55 years","Non-responder"
90.0,10.0,"£50-£100","5 Or More Visits",10.0,90.0,"KT 5 9LQ",8.0,2.0,"MR","Male",1946.0,48.0,"46-55 years","Non-responder"
99.0,5.0,"£50-£100","5 Or More Visits",5.0,99.0,"CF 8 1DP",44.0,10.0,"MR","Male",1946.0,48.0,"46-55 years","Non-responder"
66.0,4.0,"£50-£100","4 Visits",4.0,66.0,"EX 4 7EB",31.0,7.0,"MR","Male",1946.0,48.0,"46-55 years","Non-responder"
53.0,1.0,"£50-£100","1 Visit",1.0,53.0,"M 32 9BU",11.0,3.0,"MR","Male",1946.0,48.0,"46-55 years","Non-responder"
61.0,3.0,"£50-£100","3 Visits",3.0,61.0,"M 34 1TX",11.0,3.0,"MR","Male",1946.0,48.0,"46-55 years","Non-responder"
50.0,4.0,"£50-£100","4 Visits",4.0,50.0,"PO 2 7HY",29.0,6.0,"MR","Male",1946.0,48.0,"46-55 years","Non-responder"
72.0,1.0,"£50-£100","1 Visit",1.0,72.0,"AL 1 4QD",1.0,1.0,"MR","Male",1946.0,48.0,"46-55 years","Non-responder"
22.0,3.0,"Under £50","3 Visits",3.0,22.0,"DN17 2SF",9.0,3.0,"MR","Male",1946.0,48.0,"46-55 years","Non-responder"
68.0,6.0,"£50-£100","5 Or More Visits",6.0,68.0,"NE38 7RD",44.0,10.0,"MR","Male",1946.0,48.0,"46-55 years","Non-responder"
19.0,1.0,"Under £50","1 Visit",1.0,19.0,"OX 7 7ET",6.0,2.0,"MR","Male",1946.0,48.0,"46-55 years","Non-responder"
72.0,5.0,"£50-£100","5 Or More Visits",5.0,72.0,"WA 5 5XU",2.0,1.0,"MR","Male",1946.0,48.0,"46-55 years","Non-responder"
88.0,2.0,"£50-£100","2 Visits",2.0,88.0,"PE 4 6AG",11.0,3.0,"MR","Male",1946.0,48.0,"46-55 years","Non-responder"
65.0,1.0,"£50-£100","1 Visit",1.0,65.0,"PE 4 6SA",8.0,2.0,"MR","Male",1946.0,48.0,"46-55 years","Non-responder"
73.0,2.0,"£50-£100","2 Visits",2.0,73.0,"CF 1 9EB",24.0,6.0,"MR","Male",1946.0,48.0,"46-55 years","Non-responder"
75.0,1.0,"£50-£100","1 Visit",1.0,75.0,"UB 9 6LJ",9.0,3.0,"MR","Male",1946.0,48.0,"46-55 years","Non-responder"
59.0,2.0,"£50-£100","2 Visits",2.0,59.0,"WV 6 8LA",31.0,7.0,"MR","Male",1946.0,48.0,"46-55 years","Non-responder"
63.0,1.0,"£50-£100","1 Visit",1.0,63.0,"BR 6 9PG",30.0,7.0,"MR","Male",1946.0,48.0,"46-55 years","Non-responder"
54.0,4.0,"£50-£100","4 Visits",4.0,54.0,"L 63 5QE",4.0,1.0,"MR","Male",1946.0,48.0,"46-55 years","Non-responder"
74.0,1.0,"£50-£100","1 Visit",1.0,74.0,"BD 9 6LR",9.0,3.0,"MR","Male",1946.0,48.0,"46-55 years","Non-responder"
54.0,3.0,"£50-£100","3 Visits",3.0,54.0,"OL 9 0QD",10.0,3.0,"MR","Male",1946.0,48.0,"46-55 years","Non-responder"
60.0,4.0,"£50-£100","4 Visits",4.0,60.0,"WA 7 4BL",11.0,3.0,"MR","Male",1946.0,48.0,"46-55 years","Non-responder"
54.0,2.0,"£50-£100","2 Visits",2.0,54.0,"BS21 6BJ",4.0,1.0,"MR","Male",1946.0,48.0,"46-55 years","Non-responder"
67.0,2.0,"£50-£100","2 Visits",2.0,67.0,"BD20 7DH",10.0,3.0,"MR","Male",1946.0,48.0,"46-55 years","Non-responder"
74.0,4.0,"£50-£100","4 Visits",4.0,74.0,"WD 1 4LL",3.0,1.0,"MR","Male",1946.0,48.0,"46-55 years","Non-responder"
62.0,3.0,"£50-£100","3 Visits",3.0,62.0,"NN12 7QY",2.0,1.0,"MR","Male",1946.0,48.0,"46-55 years","Non-responder"
77.0,7.0,"£50-£100","5 Or More Visits",7.0,77.0,"IG 1 2EY",27.0,6.0,"MR","Male",1946.0,48.0,"46-55 years","Non-responder"
159.0,16.0,"£150-£200","5 Or More Visits",22.0,293.0,"CF38 1UE",44.0,10.0,"Ms","Female",1945.0,49.0,"46-55 years","Responder"
68.0,2.0,"£50-£100","2 Visits",3.0,83.0,"SK14 5ES",1.0,1.0,"Mrs","Female",1945.0,49.0,"46-55 years","Responder"
189.0,8.0,"£150-£200","5 Or More Visits",11.0,264.0,"BS 3 5PP",30.0,7.0,"Mrs","Female",1945.0,49.0,"46-55 years","Responder"
62.0,5.0,"£50-£100","5 Or More Visits",6.0,98.0,"BB 1 8NZ",6.0,2.0,"MRS","Female",1945.0,49.0,"46-55 years","Responder"
100.0,11.0,"£50-£100","5 Or More Visits",15.0,113.0,"HU10 6JQ",8.0,2.0,"MRS","Female",1945.0,49.0,"46-55 years","Responder"
56.0,4.0,"£50-£100","4 Visits",6.0,100.0,"RG 7 2JX",6.0,2.0,"MRS","Female",1945.0,49.0,"46-55 years","Responder"
81.0,1.0,"£50-£100","1 Visit",2.0,88.0,"BS20 0PY",5.0,1.0,"MRS","Female",1945.0,49.0,"46-55 years","Responder"
130.0,9.0,"£100-£150","5 Or More Visits",13.0,194.0,"TF 4 2AJ",13.0,4.0,"MRS","Female",1945.0,49.0,"46-55 years","Responder"
70.0,2.0,"£50-£100","2 Visits",3.0,89.0,"WV 6 0HY",7.0,2.0,"MRS","Female",1945.0,49.0,"46-55 years","Responder"
82.0,4.0,"£50-£100","4 Visits",6.0,117.0,"BB 2 7BT",2.0,1.0,"MRS","Female",1945.0,49.0,"46-55 years","Responder"
56.0,1.0,"£50-£100","1 Visit",1.0,56.0,"CR 8 4AU",8.0,2.0,"MRS","Female",1945.0,49.0,"46-55 years","Non-responder"
69.0,3.0,"£50-£100","3 Visits",3.0,69.0,"BA12 8BN",40.0,9.0,"MRS","Female",1945.0,49.0,"46-55 years","Non-responder"
70.0,1.0,"£50-£100","1 Visit",1.0,70.0,"CM 1 5ZG",43.0,10.0,"MISS","Female",1945.0,49.0,"46-55 years","Non-responder"
83.0,1.0,"£50-£100","1 Visit",1.0,83.0,"PO 9 3AR",16.0,4.0,"MRS","Female",1945.0,49.0,"46-55 years","Non-responder"
60.0,1.0,"£50-£100","1 Visit",1.0,60.0,"NG 8 5AL",44.0,10.0,"MRS","Female",1945.0,49.0,"46-55 years","Non-responder"
90.0,1.0,"£50-£100","1 Visit",1.0,90.0,"NP 5 3NR",5.0,1.0,"MRS","Female",1945.0,49.0,"46-55 years","Non-responder"
82.0,1.0,"£50-£100","1 Visit",1.0,82.0,"OL 1 2NX",30.0,7.0,"MRS","Female",1945.0,49.0,"46-55 years","Non-responder"
60.0,4.0,"£50-£100","4 Visits",4.0,60.0,"CV 3 6LN",10.0,3.0,"MRS","Female",1945.0,49.0,"46-55 years","Non-responder"
77.0,2.0,"£50-£100","2 Visits",2.0,77.0,"WS11 1TW",3.0,1.0,"MRS","Female",1945.0,49.0,"46-55 years","Non-responder"
81.0,4.0,"£50-£100","4 Visits",4.0,81.0,"BD20 5UN",2.0,1.0,"MRS","Female",1945.0,49.0,"46-55 years","Non-responder"
85.0,1.0,"£50-£100","1 Visit",1.0,85.0,"BS19 4QX",6.0,2.0,"MRS","Female",1945.0,49.0,"46-55 years","Non-responder"
50.0,3.0,"£50-£100","3 Visits",3.0,50.0,"WD 1 4JF",30.0,7.0,"MRS","Female",1945.0,49.0,"46-55 years","Non-responder"
94.0,3.0,"£50-£100","3 Visits",5.0,103.0,"BD13 2SH",11.0,3.0,"MR","Male",1945.0,49.0,"46-55 years","Responder"
70.0,1.0,"£50-£100","1 Visit",2.0,74.0,"CV11 4TA",6.0,2.0,"MR","Male",1945.0,49.0,"46-55 years","Responder"
63.0,8.0,"£50-£100","5 Or More Visits",22.0,314.0,"WS14 9RN",3.0,1.0,"MR","Male",1945.0,49.0,"46-55 years","Responder"
103.0,7.0,"£100-£150","5 Or More Visits",8.0,119.0,"LS12 4TT",9.0,3.0,"MR","Male",1945.0,49.0,"46-55 years","Responder"
188.0,7.0,"£150-£200","5 Or More Visits",8.0,214.0,"TN30 6RN",32.0,7.0,"MR","Male",1945.0,49.0,"46-55 years","Responder"
124.0,15.0,"£100-£150","5 Or More Visits",16.0,129.0,"PO 4 0AZ",29.0,6.0,"MR","Male",1945.0,49.0,"46-55 years","Responder"
94.0,6.0,"£50-£100","5 Or More Visits",8.0,203.0,"CV12 0AU",9.0,3.0,"MR","Male",1945.0,49.0,"46-55 years","Responder"
72.0,3.0,"£50-£100","3 Visits",4.0,111.0,"LS19 6RQ",1.0,1.0,"MR","Male",1945.0,49.0,"46-55 years","Responder"
109.0,7.0,"£100-£150","5 Or More Visits",8.0,122.0,"ST17 0XT",1.0,1.0,"MR","Male",1945.0,49.0,"46-55 years","Responder"
80.0,1.0,"£50-£100","1 Visit",2.0,167.0,"TR 1 1RW",3.0,1.0,"MR","Male",1945.0,49.0,"46-55 years","Responder"
19.0,2.0,"Under £50","2 Visits",2.0,19.0,"SM 2 7LF",1.0,1.0,"MR","Male",1945.0,49.0,"46-55 years","Non-responder"
68.0,2.0,"£50-£100","2 Visits",2.0,68.0,"DY 5 2BX",9.0,3.0,"MR","Male",1945.0,49.0,"46-55 years","Non-responder"
53.0,3.0,"£50-£100","3 Visits",3.0,53.0,"BN11 3HP",33.0,8.0,"MR","Male",1945.0,49.0,"46-55 years","Non-responder"
74.0,1.0,"£50-£100","1 Visit",1.0,74.0,"CV11 6UN",3.0,1.0,"MR","Male",1945.0,49.0,"46-55 years","Non-responder"
60.0,3.0,"£50-£100","3 Visits",3.0,60.0,"E  4 6SP",30.0,7.0,"MR","Male",1945.0,49.0,"46-55 years","Non-responder"
18.0,1.0,"Under £50","1 Visit",1.0,18.0,"ME17 4HQ",10.0,3.0,"MR","Male",1945.0,49.0,"46-55 years","Non-responder"
65.0,3.0,"£50-£100","3 Visits",3.0,65.0,"WS14 9JX",3.0,1.0,"MR","Male",1945.0,49.0,"46-55 years","Non-responder"
120.0,9.0,"£100-£150","5 Or More Visits",9.0,120.0,"LA 1 2QY",17.0,4.0,"MR","Male",1945.0,49.0,"46-55 years","Non-responder"
78.0,2.0,"£50-£100","2 Visits",2.0,78.0,"LL57 1SU",16.0,4.0,"MR","Male",1945.0,49.0,"46-55 years","Non-responder"
0.0,0.0,"Under £50","No Visits",0.0,0.0,"DN17 3DP",11.0,3.0,"MR","Male",1945.0,49.0,"46-55 years","Non-responder"
52.0,2.0,"£50-£100","2 Visits",2.0,52.0,"B 68 8LU",11.0,3.0,"MR","Male",1945.0,49.0,"46-55 years","Non-responder"
67.0,2.0,"£50-£100","2 Visits",2.0,67.0,"S 12 3FT",10.0,3.0,"MR","Male",1945.0,49.0,"46-55 years","Non-responder"
82.0,2.0,"£50-£100","2 Visits",2.0,82.0,"DE13 7JW",3.0,1.0,"MR","Male",1945.0,49.0,"46-55 years","Non-responder"
30.0,1.0,"Under £50","1 Visit",1.0,30.0,"M 33 5NN",8.0,2.0,"MR","Male",1945.0,49.0,"46-55 years","Non-responder"
57.0,1.0,"£50-£100","1 Visit",1.0,57.0,"CV12 9DB",17.0,4.0,"MR","Male",1945.0,49.0,"46-55 years","Non-responder"
55.0,9.0,"£50-£100","5 Or More Visits",9.0,55.0,"TF 3 1QJ",44.0,10.0,"MR","Male",1945.0,49.0,"46-55 years","Non-responder"
111.0,3.0,"£100-£150","3 Visits",3.0,111.0,"PL 5 4AZ",14.0,4.0,"MR","Male",1945.0,49.0,"46-55 years","Non-responder"
91.0,3.0,"£50-£100","3 Visits",3.0,91.0,"PR 6 7SH",2.0,1.0,"MR","Male",1945.0,49.0,"46-55 years","Non-responder"
62.0,1.0,"£50-£100","1 Visit",1.0,62.0,"RM 3 9NE",8.0,2.0,"MR","Male",1945.0,49.0,"46-55 years","Non-responder"
155.0,7.0,"£150-£200","5 Or More Visits",9.0,179.0,"CR 0 5SS",4.0,1.0,"MS","Female",1944.0,50.0,"46-55 years","Responder"
89.0,3.0,"£50-£100","3 Visits",4.0,105.0,"NN14 4TG",9.0,3.0,"MRS","Female",1944.0,50.0,"46-55 years","Responder"
85.0,3.0,"£50-£100","3 Visits",9.0,103.0,"ST17 9XJ",2.0,1.0,"MRS","Female",1944.0,50.0,"46-55 years","Responder"
97.0,3.0,"£50-£100","3 Visits",6.0,143.0,"BL 0 0LX",6.0,2.0,"MRS","Female",1944.0,50.0,"46-55 years","Responder"
91.0,3.0,"£50-£100","3 Visits",4.0,103.0,"WN 1 2PN",4.0,1.0,"MRS","Female",1944.0,50.0,"46-55 years","Responder"
58.0,2.0,"£50-£100","2 Visits",5.0,270.0,"B 43 5HG",9.0,3.0,"MRS","Female",1944.0,50.0,"46-55 years","Responder"
92.0,1.0,"£50-£100","1 Visit",1.0,92.0,"HX 3 6HS",12.0,3.0,"MRS","Female",1944.0,50.0,"46-55 years","Non-responder"
74.0,4.0,"£50-£100","4 Visits",4.0,74.0,"NN14 2TH",44.0,10.0,"MRS","Female",1944.0,50.0,"46-55 years","Non-responder"
56.0,2.0,"£50-£100","2 Visits",2.0,56.0,"B 63 3QQ",44.0,10.0,"MRS","Female",1944.0,50.0,"46-55 years","Non-responder"
94.0,2.0,"£50-£100","2 Visits",2.0,94.0,"B 77 3NN",13.0,4.0,"MISS","Female",1944.0,50.0,"46-55 years","Non-responder"
63.0,3.0,"£50-£100","3 Visits",3.0,63.0,"SG18 8SL",41.0,10.0,"MRS","Female",1944.0,50.0,"46-55 years","Non-responder"
51.0,2.0,"£50-£100","2 Visits",2.0,51.0,"SK 6 1AS",30.0,7.0,"MRS","Female",1944.0,50.0,"46-55 years","Non-responder"
98.0,3.0,"£50-£100","3 Visits",3.0,98.0,"PE10 9SN",2.0,1.0,"MRS","Female",1944.0,50.0,"46-55 years","Non-responder"
46.0,3.0,"Under £50","3 Visits",3.0,46.0,"PL 9 0DD",47.0,11.0,"MRS","Female",1944.0,50.0,"46-55 years","Non-responder"
85.0,3.0,"£50-£100","3 Visits",3.0,85.0,"W  9 3PS",34.0,8.0,"MRS","Female",1944.0,50.0,"46-55 years","Non-responder"
53.0,1.0,"£50-£100","1 Visit",1.0,53.0,"NG19 0LU",6.0,2.0,"MRS","Female",1944.0,50.0,"46-55 years","Non-responder"
82.0,1.0,"£50-£100","1 Visit",1.0,82.0,"BD20 8DA",9.0,3.0,"MRS","Female",1944.0,50.0,"46-55 years","Non-responder"
54.0,1.0,"£50-£100","1 Visit",1.0,54.0,"B 28 9QZ",28.0,6.0,"MRS","Female",1944.0,50.0,"46-55 years","Non-responder"
51.0,2.0,"£50-£100","2 Visits",2.0,51.0,"NN 6 7QJ",6.0,2.0,"MRS","Female",1944.0,50.0,"46-55 years","Non-responder"
82.0,4.0,"£50-£100","4 Visits",4.0,82.0,"CH 1 6DE",45.0,11.0,"MS","Female",1944.0,50.0,"46-55 years","Non-responder"
1128.0,28.0,"Over £500","5 Or More Visits",34.0,1213.0,"NN 6 7TT",3.0,1.0,"Mr","Male",1944.0,50.0,"46-55 years","Responder"
59.0,1.0,"£50-£100","1 Visit",3.0,90.0,"PO10 7PU",1.0,1.0,"MR","Male",1944.0,50.0,"46-55 years","Responder"
689.0,40.0,"Over £500","5 Or More Visits",46.0,832.0,"SA73 1SZ",6.0,2.0,"Mr","Male",1944.0,50.0,"46-55 years","Responder"
390.0,17.0,"£300-£500","5 Or More Visits",27.0,605.0,"LE 8 3ND",9.0,3.0,"Mr","Male",1944.0,50.0,"46-55 years","Responder"
78.0,1.0,"£50-£100","1 Visit",5.0,121.0,"CM 3 5XX",44.0,10.0,"MR","Male",1944.0,50.0,"46-55 years","Responder"
71.0,2.0,"£50-£100","2 Visits",3.0,85.0,"CV10 8QW",9.0,3.0,"MR","Male",1944.0,50.0,"46-55 years","Responder"
60.0,5.0,"£50-£100","5 Or More Visits",8.0,88.0,"EX 2 6BW",17.0,4.0,"MR","Male",1944.0,50.0,"46-55 years","Responder"
96.0,3.0,"£50-£100","3 Visits",4.0,126.0,"NR12 8SS",5.0,1.0,"MR","Male",1944.0,50.0,"46-55 years","Responder"
64.0,3.0,"£50-£100","3 Visits",4.0,74.0,"B 32 3QJ",11.0,3.0,"MR","Male",1944.0,50.0,"46-55 years","Responder"
57.0,4.0,"£50-£100","4 Visits",5.0,235.0,"OX15 6DY",6.0,2.0,"MR","Male",1944.0,50.0,"46-55 years","Responder"
98.0,2.0,"£50-£100","2 Visits",9.0,336.0,"CT11 7PH",30.0,7.0,"MR","Male",1944.0,50.0,"46-55 years","Responder"
376.0,26.0,"£300-£500","5 Or More Visits",26.0,376.0,"WR 5 2EN",29.0,6.0,"Mr","Male",1944.0,50.0,"46-55 years","Non-responder"
52.0,1.0,"£50-£100","1 Visit",1.0,52.0,"TW15 3AR",7.0,2.0,"MR","Male",1944.0,50.0,"46-55 years","Non-responder"
93.0,7.0,"£50-£100","5 Or More Visits",7.0,93.0,"BB 2 5AF",10.0,3.0,"MR","Male",1944.0,50.0,"46-55 years","Non-responder"
13.0,1.0,"Under £50","1 Visit",1.0,13.0,"LS20 8AY",3.0,1.0,"MR","Male",1944.0,50.0,"46-55 years","Non-responder"
265.0,5.0,"£200-£300","5 Or More Visits",5.0,265.0,"HU14 3JW",3.0,1.0,"MR","Male",1944.0,50.0,"46-55 years","Non-responder"
80.0,1.0,"£50-£100","1 Visit",1.0,80.0,"SG 6 2JA",3.0,1.0,"MR","Male",1944.0,50.0,"46-55 years","Non-responder"
55.0,4.0,"£50-£100","4 Visits",4.0,55.0,"PE 2 5PD",44.0,10.0,"MR","Male",1944.0,50.0,"46-55 years","Non-responder"
71.0,1.0,"£50-£100","1 Visit",1.0,71.0,"WS 7 8SZ",9.0,3.0,"MR","Male",1944.0,50.0,"46-55 years","Non-responder"
71.0,1.0,"£50-£100","1 Visit",1.0,71.0,"SO 1 8FY",14.0,4.0,"MR","Male",1944.0,50.0,"46-55 years","Non-responder"
54.0,7.0,"£50-£100","5 Or More Visits",7.0,54.0,"OL 9 6TE",27.0,6.0,"MR","Male",1944.0,50.0,"46-55 years","Non-responder"
82.0,1.0,"£50-£100","1 Visit",1.0,82.0,"BS14 0HJ",9.0,3.0,"MR","Male",1944.0,50.0,"46-55 years","Non-responder"
60.0,4.0,"£50-£100","4 Visits",4.0,60.0,"B 79 8QA",15.0,4.0,"MR","Male",1944.0,50.0,"46-55 years","Non-responder"
79.0,6.0,"£50-£100","5 Or More Visits",6.0,79.0,"B 79 8EN",9.0,3.0,"MR","Male",1944.0,50.0,"46-55 years","Non-responder"
95.0,2.0,"£50-£100","2 Visits",2.0,95.0,"KT 9 1XQ",44.0,10.0,"MR","Male",1944.0,50.0,"46-55 years","Non-responder"
91.0,1.0,"£50-£100","1 Visit",1.0,91.0,"SG 6 2NY",14.0,4.0,"MR","Male",1944.0,50.0,"46-55 years","Non-responder"
61.0,1.0,"£50-£100","1 Visit",1.0,61.0,"SN 3 2HP",16.0,4.0,"MR","Male",1944.0,50.0,"46-55 years","Non-responder"
55.0,6.0,"£50-£100","5 Or More Visits",6.0,55.0,"WV13 1JH",20.0,5.0,"MR","Male",1944.0,50.0,"46-55 years","Non-responder"
189.0,8.0,"£150-£200","5 Or More Visits",8.0,189.0,"PO 2 0PH",30.0,7.0,"MR","Male",1944.0,50.0,"46-55 years","Non-responder"
90.0,1.0,"£50-£100","1 Visit",1.0,90.0,"TF 2 9SJ",2.0,1.0,"MR","Male",1944.0,50.0,"46-55 years","Non-responder"
66.0,2.0,"£50-£100","2 Visits",2.0,66.0,"PR 9 9AN",8.0,2.0,"MR","Male",1944.0,50.0,"46-55 years","Non-responder"
80.0,5.0,"£50-£100","5 Or More Visits",5.0,80.0,"HA 0 3LR",8.0,2.0,"MR","Male",1944.0,50.0,"46-55 years","Non-responder"
70.0,1.0,"£50-£100","1 Visit",1.0,70.0,"TR14 7JA",39.0,9.0,"MR","Male",1944.0,50.0,"46-55 years","Non-responder"
80.0,3.0,"£50-£100","3 Visits",3.0,80.0,"HX 7 5LN",32.0,7.0,"MR","Male",1944.0,50.0,"46-55 years","Non-responder"
55.0,1.0,"£50-£100","1 Visit",3.0,164.0,"PO 7 8AN",15.0,4.0,"MRS","Female",1943.0,51.0,"46-55 years","Responder"
64.0,1.0,"£50-£100","1 Visit",2.0,77.0,"LE 2 9QP",1.0,1.0,"MRS","Female",1943.0,51.0,"46-55 years","Responder"
102.0,6.0,"£100-£150","5 Or More Visits",7.0,106.0,"TA11 7BL",47.0,11.0,"MRS","Female",1943.0,51.0,"46-55 years","Responder"
77.0,31.0,"£50-£100","5 Or More Visits",38.0,101.0,"PO 9 6BS",1.0,1.0,"MRS","Female",1943.0,51.0,"46-55 years","Responder"
59.0,3.0,"£50-£100","3 Visits",3.0,59.0,"IG 4 5PG",39.0,9.0,"MRS","Female",1943.0,51.0,"46-55 years","Non-responder"
74.0,1.0,"£50-£100","1 Visit",1.0,74.0,"DY 8 5AW",13.0,4.0,"MRS","Female",1943.0,51.0,"46-55 years","Non-responder"
286.0,6.0,"£200-£300","5 Or More Visits",6.0,286.0,"DY 8 5JD",9.0,3.0,"MRS","Female",1943.0,51.0,"46-55 years","Non-responder"
107.0,5.0,"£100-£150","5 Or More Visits",5.0,107.0,"CV11 6ED",3.0,1.0,"MRS","Female",1943.0,51.0,"46-55 years","Non-responder"
97.0,5.0,"£50-£100","5 Or More Visits",5.0,97.0,"LA 1 4SJ",5.0,1.0,"MS","Female",1943.0,51.0,"46-55 years","Non-responder"
53.0,5.0,"£50-£100","5 Or More Visits",5.0,53.0,"PO 4 8EN",29.0,6.0,"MRS","Female",1943.0,51.0,"46-55 years","Non-responder"
52.0,3.0,"£50-£100","3 Visits",3.0,52.0,"NW 2 7PP",24.0,6.0,"MRS","Female",1943.0,51.0,"46-55 years","Non-responder"
53.0,2.0,"£50-£100","2 Visits",2.0,53.0,"CV12 8RD",11.0,3.0,"MRS","Female",1943.0,51.0,"46-55 years","Non-responder"
64.0,3.0,"£50-£100","3 Visits",3.0,64.0,"SL 6 1PL",42.0,10.0,"MRS","Female",1943.0,51.0,"46-55 years","Non-responder"
124.0,11.0,"£100-£150","5 Or More Visits",13.0,141.0,"BD13 2RU",9.0,3.0,"MR","Male",1943.0,51.0,"46-55 years","Responder"
141.0,5.0,"£100-£150","5 Or More Visits",9.0,212.0,"BA11 2DL",9.0,3.0,"MR","Male",1943.0,51.0,"46-55 years","Responder"
91.0,6.0,"£50-£100","5 Or More Visits",7.0,171.0,"CM15 8QU",5.0,1.0,"MR","Male",1943.0,51.0,"46-55 years","Responder"
55.0,3.0,"£50-£100","3 Visits",5.0,64.0,"DE 7 6HG",6.0,2.0,"MR","Male",1943.0,51.0,"46-55 years","Responder"
99.0,2.0,"£50-£100","2 Visits",3.0,102.0,"CH 3 5HL",8.0,2.0,"MR","Male",1943.0,51.0,"46-55 years","Responder"
58.0,2.0,"£50-£100","2 Visits",4.0,106.0,"CV21 1EP",10.0,3.0,"MR","Male",1943.0,51.0,"46-55 years","Responder"
48.0,4.0,"Under £50","4 Visits",5.0,53.0,"L 23 8SJ",1.0,1.0,"MR","Male",1943.0,51.0,"46-55 years","Responder"
65.0,5.0,"£50-£100","5 Or More Visits",6.0,77.0,"B 77 1JA",3.0,1.0,"MR","Male",1943.0,51.0,"46-55 years","Responder"
90.0,1.0,"£50-£100","1 Visit",2.0,118.0,"WS15 2NS",11.0,3.0,"MR","Male",1943.0,51.0,"46-55 years","Responder"
121.0,6.0,"£100-£150","5 Or More Visits",8.0,134.0,"OX16 7PT",14.0,4.0,"MR","Male",1943.0,51.0,"46-55 years","Responder"
96.0,5.0,"£50-£100","5 Or More Visits",6.0,103.0,"RG 3 3LZ",9.0,3.0,"MR","Male",1943.0,51.0,"46-55 years","Responder"
87.0,4.0,"£50-£100","4 Visits",12.0,454.0,"RG 7 6LS",47.0,11.0,"MR","Male",1943.0,51.0,"46-55 years","Responder"
65.0,4.0,"£50-£100","4 Visits",6.0,139.0,"TS 9 6DR",3.0,1.0,"MR","Male",1943.0,51.0,"46-55 years","Responder"
65.0,3.0,"£50-£100","3 Visits",5.0,92.0,"BN18 9HR",31.0,7.0,"MR","Male",1943.0,51.0,"46-55 years","Responder"
83.0,4.0,"£50-£100","4 Visits",6.0,97.0,"B 90 1JT",8.0,2.0,"MR","Male",1943.0,51.0,"46-55 years","Responder"
76.0,4.0,"£50-£100","4 Visits",4.0,76.0,"BS20 9NB",9.0,3.0,"MR","Male",1943.0,51.0,"46-55 years","Non-responder"
65.0,3.0,"£50-£100","3 Visits",3.0,65.0,"PO 5 4BS",24.0,6.0,"MR","Male",1943.0,51.0,"46-55 years","Non-responder"
67.0,5.0,"£50-£100","5 Or More Visits",5.0,67.0,"WA 2 8LL",31.0,7.0,"MR","Male",1943.0,51.0,"46-55 years","Non-responder"
76.0,1.0,"£50-£100","1 Visit",1.0,76.0,"NN10 9LY",9.0,3.0,"MR","Male",1943.0,51.0,"46-55 years","Non-responder"
0.0,0.0,"Under £50","No Visits",0.0,0.0,"LE11 1NN",29.0,6.0,"MR","Male",1943.0,51.0,"46-55 years","Non-responder"
70.0,2.0,"£50-£100","2 Visits",2.0,70.0,"PH10 6UE",6.0,2.0,"MR","Male",1943.0,51.0,"46-55 years","Non-responder"
70.0,5.0,"£50-£100","5 Or More Visits",5.0,70.0,"LN 4 1EZ",3.0,1.0,"MR","Male",1943.0,51.0,"46-55 years","Non-responder"
78.0,1.0,"£50-£100","1 Visit",1.0,78.0,"E 18 1LW",24.0,6.0,"MR","Male",1943.0,51.0,"46-55 years","Non-responder"
93.0,2.0,"£50-£100","2 Visits",2.0,93.0,"SN 7 7EN",3.0,1.0,"MR","Male",1943.0,51.0,"46-55 years","Non-responder"
85.0,1.0,"£50-£100","1 Visit",1.0,85.0,"M 29 0LP",11.0,3.0,"MR","Male",1943.0,51.0,"46-55 years","Non-responder"
56.0,3.0,"£50-£100","3 Visits",3.0,56.0,"NR31 7QU",39.0,9.0,"MR","Male",1943.0,51.0,"46-55 years","Non-responder"
52.0,1.0,"£50-£100","1 Visit",1.0,52.0,"CT 2 8LQ",5.0,1.0,"MR","Male",1943.0,51.0,"46-55 years","Non-responder"
91.0,6.0,"£50-£100","5 Or More Visits",6.0,91.0,"CM21 0HP",6.0,2.0,"MR","Male",1943.0,51.0,"46-55 years","Non-responder"
65.0,5.0,"£50-£100","5 Or More Visits",5.0,65.0,"BB 2 7QN",3.0,1.0,"MR","Male",1943.0,51.0,"46-55 years","Non-responder"
0.0,0.0,"Under £50","No Visits",1.0,13.0,"DE21 4QX",10.0,3.0,"MRS","Female",1942.0,52.0,"46-55 years","Responder"
113.0,11.0,"£100-£150","5 Or More Visits",12.0,114.0,"FY 4 1PZ",31.0,7.0,"Mrs","Female",1942.0,52.0,"46-55 years","Responder"
91.0,6.0,"£50-£100","5 Or More Visits",9.0,102.0,"EX 4 4SD",4.0,1.0,"MRS","Female",1942.0,52.0,"46-55 years","Responder"
57.0,2.0,"£50-£100","2 Visits",3.0,131.0,"PR 9 7PU",8.0,2.0,"MRS","Female",1942.0,52.0,"46-55 years","Responder"
70.0,6.0,"£50-£100","5 Or More Visits",9.0,92.0,"LN 6 9NW",50.0,11.0,"MRS","Female",1942.0,52.0,"46-55 years","Responder"
66.0,3.0,"£50-£100","3 Visits",4.0,83.0,"LE12 7HA",9.0,3.0,"MRS","Female",1942.0,52.0,"46-55 years","Responder"
33.0,5.0,"Under £50","5 Or More Visits",5.0,33.0,"PL 4 7EX",16.0,4.0,"MRS","Female",1942.0,52.0,"46-55 years","Non-responder"
93.0,2.0,"£50-£100","2 Visits",2.0,93.0,"SE18 1SB",26.0,6.0,"MRS","Female",1942.0,52.0,"46-55 years","Non-responder"
93.0,5.0,"£50-£100","5 Or More Visits",5.0,93.0,"S 65 4HG",13.0,4.0,"MRS","Female",1942.0,52.0,"46-55 years","Non-responder"
53.0,1.0,"£50-£100","1 Visit",1.0,53.0,"RG28 7JQ",10.0,3.0,"MRS","Female",1942.0,52.0,"46-55 years","Non-responder"
56.0,2.0,"£50-£100","2 Visits",2.0,56.0,"HP20 2XD",43.0,10.0,"MRS","Female",1942.0,52.0,"46-55 years","Non-responder"
93.0,3.0,"£50-£100","3 Visits",3.0,93.0,"DE13 8NB",45.0,11.0,"MRS","Female",1942.0,52.0,"46-55 years","Non-responder"
95.0,1.0,"£50-£100","1 Visit",1.0,95.0,"HD 5 9QJ",37.0,9.0,"MRS","Female",1942.0,52.0,"46-55 years","Non-responder"
97.0,2.0,"£50-£100","2 Visits",2.0,97.0,"SK 6 3JZ",1.0,1.0,"MRS","Female",1942.0,52.0,"46-55 years","Non-responder"
63.0,1.0,"£50-£100","1 Visit",1.0,63.0,"NN14 2QJ",9.0,3.0,"MRS","Female",1942.0,52.0,"46-55 years","Non-responder"
84.0,2.0,"£50-£100","2 Visits",2.0,84.0,"LL55 4TN",31.0,7.0,"MRS","Female",1942.0,52.0,"46-55 years","Non-responder"
142.0,11.0,"£100-£150","5 Or More Visits",12.0,149.0,"TN28 8EW",48.0,11.0,"Mr","Male",1942.0,52.0,"46-55 years","Responder"
240.0,20.0,"£200-£300","5 Or More Visits",25.0,339.0,"PE 6 7LD",9.0,3.0,"Mr","Male",1942.0,52.0,"46-55 years","Responder"
508.0,27.0,"Over £500","5 Or More Visits",29.0,514.0,"IP 2 9JQ",9.0,3.0,"Mr","Male",1942.0,52.0,"46-55 years","Responder"
106.0,5.0,"£100-£150","5 Or More Visits",14.0,559.0,"CH 1 5NE",16.0,4.0,"MR","Male",1942.0,52.0,"46-55 years","Responder"
31.0,4.0,"Under £50","4 Visits",5.0,39.0,"LE 9 5NX",10.0,3.0,"MR","Male",1942.0,52.0,"46-55 years","Responder"
93.0,3.0,"£50-£100","3 Visits",5.0,104.0,"DY10 3AG",10.0,3.0,"MR","Male",1942.0,52.0,"46-55 years","Responder"
90.0,8.0,"£50-£100","5 Or More Visits",11.0,107.0,"DN17 4LE",31.0,7.0,"MR","Male",1942.0,52.0,"46-55 years","Responder"
52.0,2.0,"£50-£100","2 Visits",7.0,457.0,"E  4 8JY",39.0,9.0,"MR","Male",1942.0,52.0,"46-55 years","Responder"
92.0,2.0,"£50-£100","2 Visits",7.0,130.0,"PO 4 9SA",51.0,12.0,"MR","Male",1942.0,52.0,"46-55 years","Responder"
83.0,5.0,"£50-£100","5 Or More Visits",8.0,235.0,"WF10 2HA",14.0,4.0,"MR","Male",1942.0,52.0,"46-55 years","Responder"
75.0,5.0,"£50-£100","5 Or More Visits",10.0,231.0,"LL57 2LT",5.0,1.0,"MR","Male",1942.0,52.0,"46-55 years","Responder"
51.0,3.0,"£50-£100","3 Visits",4.0,94.0,"MK43 0RN",6.0,2.0,"MR","Male",1942.0,52.0,"46-55 years","Responder"
60.0,7.0,"£50-£100","5 Or More Visits",11.0,135.0,"WS 9 8RU",9.0,3.0,"MR","Male",1942.0,52.0,"46-55 years","Responder"
68.0,2.0,"£50-£100","2 Visits",3.0,87.0,"SM 6 7EN",8.0,2.0,"MR","Male",1942.0,52.0,"46-55 years","Responder"
76.0,4.0,"£50-£100","4 Visits",5.0,79.0,"KT 8 2HD",11.0,3.0,"MR","Male",1942.0,52.0,"46-55 years","Responder"
203.0,11.0,"£200-£300","5 Or More Visits",12.0,211.0,"CT18 7LH",8.0,2.0,"MR","Male",1942.0,52.0,"46-55 years","Responder"
97.0,6.0,"£50-£100","5 Or More Visits",7.0,101.0,"B 13 0AY",8.0,2.0,"MR","Male",1942.0,52.0,"46-55 years","Responder"
55.0,9.0,"£50-£100","5 Or More Visits",10.0,63.0,"RM12 6SA",44.0,10.0,"MR","Male",1942.0,52.0,"46-55 years","Responder"
175.0,7.0,"£150-£200","5 Or More Visits",7.0,175.0,"PR 8 3PH",3.0,1.0,"Mr","Male",1942.0,52.0,"46-55 years","Non-responder"
342.0,19.0,"£300-£500","5 Or More Visits",19.0,342.0,"BA11 1QP",32.0,7.0,"Mr","Male",1942.0,52.0,"46-55 years","Non-responder"
50.0,1.0,"£50-£100","1 Visit",1.0,50.0,"WD 6 1SP",8.0,2.0,"MR","Male",1942.0,52.0,"46-55 years","Non-responder"
86.0,2.0,"£50-£100","2 Visits",2.0,86.0,"HU 7 4SP",14.0,4.0,"MR","Male",1942.0,52.0,"46-55 years","Non-responder"
60.0,2.0,"£50-£100","2 Visits",2.0,60.0,"BN 1 6UN",36.0,8.0,"MR","Male",1942.0,52.0,"46-55 years","Non-responder"
60.0,2.0,"£50-£100","2 Visits",2.0,60.0,"RG 3 4DX",16.0,4.0,"MR","Male",1942.0,52.0,"46-55 years","Non-responder"
52.0,3.0,"£50-£100","3 Visits",3.0,52.0,"BB10 4PU",13.0,4.0,"MR","Male",1942.0,52.0,"46-55 years","Non-responder"
96.0,1.0,"£50-£100","1 Visit",1.0,96.0,"OL 2 6SJ",9.0,3.0,"MR","Male",1942.0,52.0,"46-55 years","Non-responder"
92.0,1.0,"£50-£100","1 Visit",1.0,92.0,"GU16 6DT",3.0,1.0,"MR","Male",1942.0,52.0,"46-55 years","Non-responder"
62.0,2.0,"£50-£100","2 Visits",2.0,62.0,"AL 6 9RG",1.0,1.0,"MR","Male",1942.0,52.0,"46-55 years","Non-responder"
55.0,3.0,"£50-£100","3 Visits",3.0,55.0,"HD 5 0HW",12.0,3.0,"MR","Male",1942.0,52.0,"46-55 years","Non-responder"
63.0,3.0,"£50-£100","3 Visits",3.0,63.0,"NW10 8NS",24.0,6.0,"MR","Male",1942.0,52.0,"46-55 years","Non-responder"
60.0,1.0,"£50-£100","1 Visit",1.0,60.0,"W  3 0EA",34.0,8.0,"MR","Male",1942.0,52.0,"46-55 years","Non-responder"
97.0,2.0,"£50-£100","2 Visits",2.0,97.0,"CV 6 1JW",13.0,4.0,"MR","Male",1942.0,52.0,"46-55 years","Non-responder"
94.0,5.0,"£50-£100","5 Or More Visits",5.0,94.0,"KT 8 1TN",7.0,2.0,"MR","Male",1942.0,52.0,"46-55 years","Non-responder"
90.0,1.0,"£50-£100","1 Visit",1.0,90.0,"UB 5 6EG",15.0,4.0,"MR","Male",1942.0,52.0,"46-55 years","Non-responder"
51.0,2.0,"£50-£100","2 Visits",2.0,51.0,"WV12 5SH",9.0,3.0,"MR","Male",1942.0,52.0,"46-55 years","Non-responder"
78.0,4.0,"£50-£100","4 Visits",4.0,78.0,"CT 9 5AT",32.0,7.0,"MR","Male",1942.0,52.0,"46-55 years","Non-responder"
191.0,7.0,"£150-£200","5 Or More Visits",8.0,240.0,"PO 4 0LF",30.0,7.0,"MRS","Female",1941.0,53.0,"46-55 years","Responder"
57.0,6.0,"£50-£100","5 Or More Visits",7.0,117.0,"B 77 3EL",9.0,3.0,"MRS","Female",1941.0,53.0,"46-55 years","Responder"
78.0,9.0,"£50-£100","5 Or More Visits",13.0,98.0,"WS15 4DQ",11.0,3.0,"MRS","Female",1941.0,53.0,"46-55 years","Responder"
63.0,2.0,"£50-£100","2 Visits",2.0,63.0,"HP13 7PJ",8.0,2.0,"MRS","Female",1941.0,53.0,"46-55 years","Non-responder"
40.0,5.0,"Under £50","5 Or More Visits",5.0,40.0,"PL31 1EW",11.0,3.0,"MRS","Female",1941.0,53.0,"46-55 years","Non-responder"
60.0,1.0,"£50-£100","1 Visit",1.0,60.0,"KT19 9NZ",7.0,2.0,"MRS","Female",1941.0,53.0,"46-55 years","Non-responder"
0.0,0.0,"Under £50","No Visits",0.0,0.0,"TF10 7EG",6.0,2.0,"MRS","Female",1941.0,53.0,"46-55 years","Non-responder"
71.0,1.0,"£50-£100","1 Visit",1.0,71.0,"W  5 1JD",4.0,1.0,"MRS","Female",1941.0,53.0,"46-55 years","Non-responder"
65.0,1.0,"£50-£100","1 Visit",1.0,65.0,"BD23 6SF",48.0,11.0,"MRS","Female",1941.0,53.0,"46-55 years","Non-responder"
91.0,4.0,"£50-£100","4 Visits",4.0,91.0,"RM 8 3PL",14.0,4.0,"MRS","Female",1941.0,53.0,"46-55 years","Non-responder"
169.0,7.0,"£150-£200","5 Or More Visits",9.0,174.0,"TR11 4JS",38.0,9.0,"Mr","Male",1941.0,53.0,"46-55 years","Responder"
491.0,30.0,"£300-£500","5 Or More Visits",32.0,504.0,"MK42 8BU",10.0,3.0,"Mr","Male",1941.0,53.0,"46-55 years","Responder"
169.0,8.0,"£150-£200","5 Or More Visits",9.0,183.0,"WV10 8UB",44.0,10.0,"Mr","Male",1941.0,53.0,"46-55 years","Responder"
60.0,6.0,"£50-£100","5 Or More Visits",8.0,68.0,"N 22 6PY",24.0,6.0,"MR","Male",1941.0,53.0,"46-55 years","Responder"
66.0,3.0,"£50-£100","3 Visits",7.0,100.0,"CF 4 5JY",31.0,7.0,"MR","Male",1941.0,53.0,"46-55 years","Responder"
116.0,12.0,"£100-£150","5 Or More Visits",15.0,187.0,"HP20 1QE",5.0,1.0,"MR","Male",1941.0,53.0,"46-55 years","Responder"
79.0,4.0,"£50-£100","4 Visits",6.0,219.0,"OX16 9ED",39.0,9.0,"MR","Male",1941.0,53.0,"46-55 years","Responder"
81.0,11.0,"£50-£100","5 Or More Visits",18.0,137.0,"WA10 5DF",39.0,9.0,"MR","Male",1941.0,53.0,"46-55 years","Responder"
76.0,7.0,"£50-£100","5 Or More Visits",8.0,80.0,"BB10 1AL",27.0,6.0,"MR","Male",1941.0,53.0,"46-55 years","Responder"
63.0,1.0,"£50-£100","1 Visit",1.0,63.0,"YO 4 2JQ",11.0,3.0,"MR","Male",1941.0,53.0,"46-55 years","Non-responder"
93.0,1.0,"£50-£100","1 Visit",1.0,93.0,"NP 1 9AH",10.0,3.0,"MR","Male",1941.0,53.0,"46-55 years","Non-responder"
75.0,1.0,"£50-£100","1 Visit",1.0,75.0,"RM 6 5RT",30.0,7.0,"MR","Male",1941.0,53.0,"46-55 years","Non-responder"
67.0,1.0,"£50-£100","1 Visit",1.0,67.0,"BB11 5JN",11.0,3.0,"MR","Male",1941.0,53.0,"46-55 years","Non-responder"
83.0,5.0,"£50-£100","5 Or More Visits",5.0,83.0,"LE 8 3QG",10.0,3.0,"MR","Male",1941.0,53.0,"46-55 years","Non-responder"
74.0,2.0,"£50-£100","2 Visits",2.0,74.0,"SS17 9DD",44.0,10.0,"MR","Male",1941.0,53.0,"46-55 years","Non-responder"
0.0,0.0,"Under £50","No Visits",0.0,0.0,"DN15 6SD",13.0,4.0,"MR","Male",1941.0,53.0,"46-55 years","Non-responder"
95.0,5.0,"£50-£100","5 Or More Visits",5.0,95.0,"L 21 7LW",13.0,4.0,"MR","Male",1941.0,53.0,"46-55 years","Non-responder"
97.0,2.0,"£50-£100","2 Visits",2.0,97.0,"CR 0 4QD",30.0,7.0,"MR","Male",1941.0,53.0,"46-55 years","Non-responder"
50.0,1.0,"£50-£100","1 Visit",1.0,50.0,"TW 5 0JR",7.0,2.0,"MR","Male",1941.0,53.0,"46-55 years","Non-responder"
70.0,2.0,"£50-£100","2 Visits",2.0,70.0,"LU 3 3QS",9.0,3.0,"MR","Male",1941.0,53.0,"46-55 years","Non-responder"
56.0,4.0,"£50-£100","4 Visits",4.0,56.0,"WD 2 4SD",30.0,7.0,"MR","Male",1941.0,53.0,"46-55 years","Non-responder"
57.0,8.0,"£50-£100","5 Or More Visits",8.0,57.0,"CV22 7JD",44.0,10.0,"MR","Male",1941.0,53.0,"46-55 years","Non-responder"
114.0,5.0,"£100-£150","5 Or More Visits",6.0,135.0,"TN15 7HH",6.0,2.0,"MRS","Female",1940.0,54.0,"46-55 years","Responder"
107.0,7.0,"£100-£150","5 Or More Visits",9.0,124.0,"SG 1 5DJ",7.0,2.0,"MRS","Female",1940.0,54.0,"46-55 years","Responder"
75.0,5.0,"£50-£100","5 Or More Visits",7.0,170.0,"TW18 2HE",40.0,9.0,"MRS","Female",1940.0,54.0,"46-55 years","Responder"
221.0,4.0,"£200-£300","4 Visits",9.0,295.0,"LS29 6LP",1.0,1.0,"MRS","Female",1940.0,54.0,"46-55 years","Responder"
66.0,1.0,"£50-£100","1 Visit",1.0,66.0,"KT18 7SQ",7.0,2.0,"MRS","Female",1940.0,54.0,"46-55 years","Non-responder"
61.0,1.0,"£50-£100","1 Visit",1.0,61.0,"SW20 9ER",30.0,7.0,"MRS","Female",1940.0,54.0,"46-55 years","Non-responder"
66.0,2.0,"£50-£100","2 Visits",2.0,66.0,"PO 6 3ER",5.0,1.0,"MRS","Female",1940.0,54.0,"46-55 years","Non-responder"
58.0,1.0,"£50-£100","1 Visit",1.0,58.0,"GU 2 6RQ",2.0,1.0,"MS","Female",1940.0,54.0,"46-55 years","Non-responder"
61.0,2.0,"£50-£100","2 Visits",2.0,61.0,"B 90 1AP",11.0,3.0,"MISS","Female",1940.0,54.0,"46-55 years","Non-responder"
82.0,1.0,"£50-£100","1 Visit",1.0,82.0,"DN22 7HA",5.0,1.0,"MRS","Female",1940.0,54.0,"46-55 years","Non-responder"
912.0,37.0,"Over £500","5 Or More Visits",44.0,1048.0,"NN11 4EF",10.0,3.0,"Mr","Male",1940.0,54.0,"46-55 years","Responder"
198.0,14.0,"£150-£200","5 Or More Visits",18.0,276.0,"OX11 8TD",8.0,2.0,"Mr","Male",1940.0,54.0,"46-55 years","Responder"
364.0,28.0,"£300-£500","5 Or More Visits",34.0,445.0,"SG17 5LX",6.0,2.0,"Mr","Male",1940.0,54.0,"46-55 years","Responder"
74.0,6.0,"£50-£100","5 Or More Visits",7.0,103.0,"LN10 6SY",39.0,9.0,"MR","Male",1940.0,54.0,"46-55 years","Responder"
468.0,16.0,"£300-£500","5 Or More Visits",25.0,939.0,"CH 4 8AA",1.0,1.0,"Mr","Male",1940.0,54.0,"46-55 years","Responder"
80.0,4.0,"£50-£100","4 Visits",6.0,94.0,"HP15 7HA",7.0,2.0,"MR","Male",1940.0,54.0,"46-55 years","Responder"
94.0,5.0,"£50-£100","5 Or More Visits",11.0,124.0,"BS10 6JN",31.0,7.0,"MR","Male",1940.0,54.0,"46-55 years","Responder"
83.0,11.0,"£50-£100","5 Or More Visits",13.0,120.0,"LL13 8HD",12.0,3.0,"MR","Male",1940.0,54.0,"46-55 years","Responder"
71.0,2.0,"£50-£100","2 Visits",4.0,93.0,"KT19 8JN",4.0,1.0,"MR","Male",1940.0,54.0,"46-55 years","Responder"
64.0,2.0,"£50-£100","2 Visits",4.0,78.0,"W 13 9JT",36.0,8.0,"MR","Male",1940.0,54.0,"46-55 years","Responder"
36.0,3.0,"Under £50","3 Visits",4.0,63.0,"BD20 6HY",9.0,3.0,"MR","Male",1940.0,54.0,"46-55 years","Responder"
18.0,2.0,"Under £50","2 Visits",4.0,52.0,"L 63 0PQ",9.0,3.0,"MR","Male",1940.0,54.0,"46-55 years","Responder"
302.0,10.0,"£300-£500","5 Or More Visits",10.0,302.0,"GU15 1RQ",2.0,1.0,"Mr","Male",1940.0,54.0,"46-55 years","Non-responder"
60.0,3.0,"£50-£100","3 Visits",3.0,60.0,"DE11 7ET",6.0,2.0,"MR","Male",1940.0,54.0,"46-55 years","Non-responder"
101.0,6.0,"£100-£150","5 Or More Visits",6.0,101.0,"CF38 2LP",44.0,10.0,"Mr","Male",1940.0,54.0,"46-55 years","Non-responder"
55.0,4.0,"£50-£100","4 Visits",4.0,55.0,"AL 2 1PQ",8.0,2.0,"MR","Male",1940.0,54.0,"46-55 years","Non-responder"
80.0,3.0,"£50-£100","3 Visits",3.0,80.0,"CM11 1SD",3.0,1.0,"MR","Male",1940.0,54.0,"46-55 years","Non-responder"
84.0,3.0,"£50-£100","3 Visits",3.0,84.0,"BS20 9XB",3.0,1.0,"MR","Male",1940.0,54.0,"46-55 years","Non-responder"
98.0,1.0,"£50-£100","1 Visit",1.0,98.0,"SL 6 3BA",9.0,3.0,"MR","Male",1940.0,54.0,"46-55 years","Non-responder"
64.0,1.0,"£50-£100","1 Visit",1.0,64.0,"GU15 3AG",7.0,2.0,"MR","Male",1940.0,54.0,"46-55 years","Non-responder"
56.0,2.0,"£50-£100","2 Visits",2.0,56.0,"GU20 6EA",3.0,1.0,"MR","Male",1940.0,54.0,"46-55 years","Non-responder"
87.0,1.0,"£50-£100","1 Visit",1.0,87.0,"DN15 8LY",10.0,3.0,"MR","Male",1940.0,54.0,"46-55 years","Non-responder"
63.0,2.0,"£50-£100","2 Visits",2.0,63.0,"CV 7 9AS",10.0,3.0,"MR","Male",1940.0,54.0,"46-55 years","Non-responder"
55.0,1.0,"£50-£100","1 Visit",1.0,55.0,"EN 5 3BX",37.0,9.0,"MR","Male",1940.0,54.0,"46-55 years","Non-responder"
94.0,1.0,"£50-£100","1 Visit",1.0,94.0,"HR 2 9SU",6.0,2.0,"MR","Male",1940.0,54.0,"46-55 years","Non-responder"
52.0,2.0,"£50-£100","2 Visits",2.0,52.0,"OL 1 2NR",15.0,4.0,"MR","Male",1940.0,54.0,"46-55 years","Non-responder"
52.0,6.0,"£50-£100","5 Or More Visits",6.0,52.0,"NR30 5BU",31.0,7.0,"MR","Male",1940.0,54.0,"46-55 years","Non-responder"
99.0,1.0,"£50-£100","1 Visit",1.0,99.0,"WA 9 4LH",10.0,3.0,"MR","Male",1940.0,54.0,"46-55 years","Non-responder"
61.0,1.0,"£50-£100","1 Visit",1.0,61.0,"PL 9 7DT",8.0,2.0,"MR","Male",1940.0,54.0,"46-55 years","Non-responder"
54.0,5.0,"£50-£100","5 Or More Visits",5.0,54.0,"LU 4 8RB",8.0,2.0,"MR","Male",1940.0,54.0,"46-55 years","Non-responder"
50.0,3.0,"£50-£100","3 Visits",3.0,50.0,"LE11 3NP",32.0,7.0,"MR","Male",1940.0,54.0,"46-55 years","Non-responder"
69.0,1.0,"£50-£100","1 Visit",1.0,69.0,"DN 2 5SE",10.0,3.0,"MR","Male",1940.0,54.0,"46-55 years","Non-responder"
53.0,2.0,"£50-£100","2 Visits",4.0,68.0,"DY 8 4BE",9.0,3.0,"MRS","Female",1939.0,55.0,"46-55 years","Responder"
0.0,0.0,"Under £50","No Visits",0.0,0.0,"E  4 6LX",8.0,2.0,"MRS","Female",1939.0,55.0,"46-55 years","Non-responder"
60.0,1.0,"£50-£100","1 Visit",1.0,60.0,"NG31 8AD",6.0,2.0,"MRS","Female",1939.0,55.0,"46-55 years","Non-responder"
62.0,2.0,"£50-£100","2 Visits",2.0,62.0,"L 37 4DD",8.0,2.0,"MRS","Female",1939.0,55.0,"46-55 years","Non-responder"
51.0,2.0,"£50-£100","2 Visits",2.0,51.0,"PE 4 7YW",13.0,4.0,"MRS","Female",1939.0,55.0,"46-55 years","Non-responder"
60.0,1.0,"£50-£100","1 Visit",1.0,60.0,"MK 8 8JE",2.0,1.0,"MRS","Female",1939.0,55.0,"46-55 years","Non-responder"
55.0,3.0,"£50-£100","3 Visits",3.0,55.0,"BD15 0EY",1.0,1.0,"MRS","Female",1939.0,55.0,"46-55 years","Non-responder"
215.0,15.0,"£200-£300","5 Or More Visits",22.0,303.0,"CV21 4BP",9.0,3.0,"Mr","Male",1939.0,55.0,"46-55 years","Responder"
419.0,30.0,"£300-£500","5 Or More Visits",33.0,463.0,"PL20 7DT",50.0,11.0,"Mr","Male",1939.0,55.0,"46-55 years","Responder"
81.0,12.0,"£50-£100","5 Or More Visits",18.0,187.0,"SS 7 4AL",9.0,3.0,"MR","Male",1939.0,55.0,"46-55 years","Responder"
95.0,11.0,"£50-£100","5 Or More Visits",14.0,125.0,"GU15 2DB",3.0,1.0,"MR","Male",1939.0,55.0,"46-55 years","Responder"
64.0,4.0,"£50-£100","4 Visits",5.0,67.0,"NG 9 6FT",7.0,2.0,"MR","Male",1939.0,55.0,"46-55 years","Responder"
97.0,4.0,"£50-£100","4 Visits",7.0,179.0,"HA 9 8LZ",8.0,2.0,"MR","Male",1939.0,55.0,"46-55 years","Responder"
65.0,3.0,"£50-£100","3 Visits",5.0,76.0,"LE12 9HZ",13.0,4.0,"MR","Male",1939.0,55.0,"46-55 years","Responder"
82.0,3.0,"£50-£100","3 Visits",3.0,82.0,"CV 4 9FY",10.0,3.0,"MR","Male",1939.0,55.0,"46-55 years","Non-responder"
61.0,6.0,"£50-£100","5 Or More Visits",6.0,61.0,"BB 1 9LF",6.0,2.0,"MR","Male",1939.0,55.0,"46-55 years","Non-responder"
98.0,10.0,"£50-£100","5 Or More Visits",10.0,98.0,"PO 2 7HQ",14.0,4.0,"MR","Male",1939.0,55.0,"46-55 years","Non-responder"
84.0,1.0,"£50-£100","1 Visit",1.0,84.0,"W  9 3BD",24.0,6.0,"MR","Male",1939.0,55.0,"46-55 years","Non-responder"
79.0,6.0,"£50-£100","5 Or More Visits",6.0,79.0,"NW 9 8DE",34.0,8.0,"MR","Male",1939.0,55.0,"46-55 years","Non-responder"
99.0,6.0,"£50-£100","5 Or More Visits",6.0,99.0,"NW 4 3HG",24.0,6.0,"MR","Male",1939.0,55.0,"46-55 years","Non-responder"
67.0,3.0,"£50-£100","3 Visits",3.0,67.0,"LN 2 3NU",44.0,10.0,"MR","Male",1939.0,55.0,"46-55 years","Non-responder"
94.0,5.0,"£50-£100","5 Or More Visits",5.0,94.0,"WV 8 1BW",6.0,2.0,"MR","Male",1939.0,55.0,"46-55 years","Non-responder"
82.0,1.0,"£50-£100","1 Visit",1.0,82.0,"WA12 9HF",31.0,7.0,"MR","Male",1939.0,55.0,"46-55 years","Non-responder"
71.0,3.0,"£50-£100","3 Visits",3.0,71.0,"L 40 5TG",10.0,3.0,"MR","Male",1939.0,55.0,"46-55 years","Non-responder"
95.0,3.0,"£50-£100","3 Visits",5.0,126.0,"DE 5 3PZ",10.0,3.0,"MRS","Female",1938.0,56.0,"56-65 years","Responder"
72.0,3.0,"£50-£100","3 Visits",6.0,195.0,"LE10 2LF",2.0,1.0,"MRS","Female",1938.0,56.0,"56-65 years","Responder"
20.0,4.0,"Under £50","4 Visits",5.0,24.0,"NW 9 7LG",39.0,9.0,"MRS","Female",1938.0,56.0,"56-65 years","Responder"
56.0,1.0,"£50-£100","1 Visit",1.0,56.0,"DY 8 5LW",10.0,3.0,"MRS","Female",1938.0,56.0,"56-65 years","Non-responder"
107.0,4.0,"£100-£150","4 Visits",4.0,107.0,"TS17 7EP",29.0,6.0,"MRS","Female",1938.0,56.0,"56-65 years","Non-responder"
66.0,1.0,"£50-£100","1 Visit",1.0,66.0,"PR 5 2AY",3.0,1.0,"MRS","Female",1938.0,56.0,"56-65 years","Non-responder"
92.0,4.0,"£50-£100","4 Visits",4.0,92.0,"B 44 0QS",20.0,5.0,"MISS","Female",1938.0,56.0,"56-65 years","Non-responder"
50.0,2.0,"£50-£100","2 Visits",2.0,50.0,"PO21 2QE",41.0,10.0,"MRS","Female",1938.0,56.0,"56-65 years","Non-responder"
55.0,3.0,"£50-£100","3 Visits",3.0,55.0,"TR 7 1TS",7.0,2.0,"MRS","Female",1938.0,56.0,"56-65 years","Non-responder"
76.0,3.0,"£50-£100","3 Visits",3.0,76.0,"SK 6 1JX",9.0,3.0,"MRS","Female",1938.0,56.0,"56-65 years","Non-responder"
119.0,10.0,"£100-£150","5 Or More Visits",14.0,140.0,"BS13 8HX",31.0,7.0,"MR","Male",1938.0,56.0,"56-65 years","Responder"
61.0,4.0,"£50-£100","4 Visits",6.0,71.0,"BN 6 9SB",5.0,1.0,"MR","Male",1938.0,56.0,"56-65 years","Responder"
73.0,4.0,"£50-£100","4 Visits",5.0,74.0,"WV12 5PQ",10.0,3.0,"MR","Male",1938.0,56.0,"56-65 years","Responder"
85.0,1.0,"£50-£100","1 Visit",2.0,93.0,"OX 2 9HU",1.0,1.0,"MR","Male",1938.0,56.0,"56-65 years","Responder"
65.0,2.0,"£50-£100","2 Visits",6.0,97.0,"LA 3 1NN",32.0,7.0,"MR","Male",1938.0,56.0,"56-65 years","Responder"
68.0,6.0,"£50-£100","5 Or More Visits",9.0,148.0,"YO 3 3ED",9.0,3.0,"MR","Male",1938.0,56.0,"56-65 years","Responder"
63.0,2.0,"£50-£100","2 Visits",5.0,78.0,"GU17 0LE",44.0,10.0,"MR","Male",1938.0,56.0,"56-65 years","Responder"
72.0,1.0,"£50-£100","1 Visit",6.0,100.0,"RG11 2TR",3.0,1.0,"MR","Male",1938.0,56.0,"56-65 years","Responder"
101.0,5.0,"£100-£150","5 Or More Visits",12.0,153.0,"DN16 3SX",10.0,3.0,"MR","Male",1938.0,56.0,"56-65 years","Responder"
90.0,1.0,"£50-£100","1 Visit",6.0,285.0,"KT18 5PQ",31.0,7.0,"MR","Male",1938.0,56.0,"56-65 years","Responder"
68.0,2.0,"£50-£100","2 Visits",3.0,82.0,"SO52 9FX",6.0,2.0,"MR","Male",1938.0,56.0,"56-65 years","Responder"
266.0,5.0,"£200-£300","5 Or More Visits",7.0,304.0,"WV 4 4DQ",31.0,7.0,"MR","Male",1938.0,56.0,"56-65 years","Responder"
96.0,1.0,"£50-£100","1 Visit",1.0,96.0,"PR 3 5JU",5.0,1.0,"MR","Male",1938.0,56.0,"56-65 years","Non-responder"
80.0,1.0,"£50-£100","1 Visit",1.0,80.0,"PR 2 4JH",8.0,2.0,"MR","Male",1938.0,56.0,"56-65 years","Non-responder"
76.0,3.0,"£50-£100","3 Visits",3.0,76.0,"BA21 3AY",10.0,3.0,"MR","Male",1938.0,56.0,"56-65 years","Non-responder"
71.0,3.0,"£50-£100","3 Visits",3.0,71.0,"BN21 1QT",7.0,2.0,"MR","Male",1938.0,56.0,"56-65 years","Non-responder"
62.0,1.0,"£50-£100","1 Visit",1.0,62.0,"EN 2 7NL",8.0,2.0,"MR","Male",1938.0,56.0,"56-65 years","Non-responder"
52.0,4.0,"£50-£100","4 Visits",4.0,52.0,"SN 6 7HW",6.0,2.0,"MR","Male",1938.0,56.0,"56-65 years","Non-responder"
55.0,2.0,"£50-£100","2 Visits",2.0,55.0,"NG 8 2FU",10.0,3.0,"MR","Male",1938.0,56.0,"56-65 years","Non-responder"
53.0,2.0,"£50-£100","2 Visits",2.0,53.0,"RG 9 1RR",3.0,1.0,"MR","Male",1938.0,56.0,"56-65 years","Non-responder"
59.0,6.0,"£50-£100","5 Or More Visits",6.0,59.0,"GU15 1DB",3.0,1.0,"MR","Male",1938.0,56.0,"56-65 years","Non-responder"
66.0,9.0,"£50-£100","5 Or More Visits",9.0,66.0,"LS18 4JH",8.0,2.0,"MR","Male",1938.0,56.0,"56-65 years","Non-responder"
94.0,4.0,"£50-£100","4 Visits",4.0,94.0,"HR 4 0DE",33.0,8.0,"MR","Male",1938.0,56.0,"56-65 years","Non-responder"
88.0,10.0,"£50-£100","5 Or More Visits",10.0,88.0,"SK14 2RN",29.0,6.0,"MR","Male",1938.0,56.0,"56-65 years","Non-responder"
63.0,5.0,"£50-£100","5 Or More Visits",5.0,63.0,"CR 5 3RL",4.0,1.0,"MR","Male",1938.0,56.0,"56-65 years","Non-responder"
74.0,1.0,"£50-£100","1 Visit",1.0,74.0,"KT15 2ET",9.0,3.0,"MR","Male",1938.0,56.0,"56-65 years","Non-responder"
70.0,4.0,"£50-£100","4 Visits",4.0,70.0,"WF12 0DQ",11.0,3.0,"MR","Male",1938.0,56.0,"56-65 years","Non-responder"
58.0,1.0,"£50-£100","1 Visit",1.0,58.0,"TS 5 5EQ",8.0,2.0,"MR","Male",1938.0,56.0,"56-65 years","Non-responder"
78.0,1.0,"£50-£100","1 Visit",1.0,78.0,"DA16 2JT",8.0,2.0,"MR","Male",1938.0,56.0,"56-65 years","Non-responder"
69.0,3.0,"£50-£100","3 Visits",3.0,69.0,"BB10 1JH",27.0,6.0,"MR","Male",1938.0,56.0,"56-65 years","Non-responder"
51.0,3.0,"£50-£100","3 Visits",3.0,51.0,"ME 9 8JW",1.0,1.0,"MR","Male",1938.0,56.0,"56-65 years","Non-responder"
92.0,4.0,"£50-£100","4 Visits",13.0,175.0,"SK 3 9RW",11.0,3.0,"MRS","Female",1937.0,57.0,"56-65 years","Responder"
164.0,25.0,"£150-£200","5 Or More Visits",33.0,269.0,"BD21 4TB",9.0,3.0,"MRS","Female",1937.0,57.0,"56-65 years","Responder"
75.0,5.0,"£50-£100","5 Or More Visits",5.0,75.0,"CV22 5JP",10.0,3.0,"MRS","Female",1937.0,57.0,"56-65 years","Non-responder"
72.0,1.0,"£50-£100","1 Visit",1.0,72.0,"ST 7 3EL",10.0,3.0,"MRS","Female",1937.0,57.0,"56-65 years","Non-responder"
111.0,3.0,"£100-£150","3 Visits",3.0,111.0,"N 22 5HB",24.0,6.0,"MRS","Female",1937.0,57.0,"56-65 years","Non-responder"
60.0,1.0,"£50-£100","1 Visit",1.0,60.0,"PE 7 3EW",11.0,3.0,"MRS","Female",1937.0,57.0,"56-65 years","Non-responder"
96.0,2.0,"£50-£100","2 Visits",2.0,96.0,"DE15 9LU",13.0,4.0,"MRS","Female",1937.0,57.0,"56-65 years","Non-responder"
57.0,1.0,"£50-£100","1 Visit",1.0,57.0,"GU34 2TU",2.0,1.0,"MS","Female",1937.0,57.0,"56-65 years","Non-responder"
67.0,4.0,"£50-£100","4 Visits",4.0,67.0,"TW16 7DB",23.0,5.0,"MRS","Female",1937.0,57.0,"56-65 years","Non-responder"
56.0,3.0,"£50-£100","3 Visits",3.0,56.0,"CO 7 6YG",3.0,1.0,"MRS","Female",1937.0,57.0,"56-65 years","Non-responder"
64.0,5.0,"£50-£100","5 Or More Visits",5.0,64.0,"BD20 6RU",10.0,3.0,"MRS","Female",1937.0,57.0,"56-65 years","Non-responder"
75.0,4.0,"£50-£100","4 Visits",6.0,102.0,"HP13 5LS",6.0,2.0,"MR","Male",1937.0,57.0,"56-65 years","Responder"
86.0,10.0,"£50-£100","5 Or More Visits",12.0,123.0,"B 30 1DH",34.0,8.0,"MR","Male",1937.0,57.0,"56-65 years","Responder"
86.0,7.0,"£50-£100","5 Or More Visits",8.0,90.0,"DY 9 9LE",5.0,1.0,"MR","Male",1937.0,57.0,"56-65 years","Responder"
74.0,9.0,"£50-£100","5 Or More Visits",13.0,132.0,"L 37 2LE",3.0,1.0,"MR","Male",1937.0,57.0,"56-65 years","Responder"
72.0,11.0,"£50-£100","5 Or More Visits",13.0,82.0,"RG 3 5DA",9.0,3.0,"MR","Male",1937.0,57.0,"56-65 years","Responder"
98.0,3.0,"£50-£100","3 Visits",7.0,158.0,"RG 3 5SJ",44.0,10.0,"MR","Male",1937.0,57.0,"56-65 years","Responder"
93.0,4.0,"£50-£100","4 Visits",5.0,98.0,"SR 7 8SJ",6.0,2.0,"MR","Male",1937.0,57.0,"56-65 years","Responder"
79.0,11.0,"£50-£100","5 Or More Visits",14.0,110.0,"PE 4 7YX",16.0,4.0,"MR","Male",1937.0,57.0,"56-65 years","Responder"
80.0,1.0,"£50-£100","1 Visit",3.0,177.0,"TF 7 5RJ",9.0,3.0,"MR","Male",1937.0,57.0,"56-65 years","Responder"
63.0,3.0,"£50-£100","3 Visits",4.0,104.0,"DN20 8DA",5.0,1.0,"MR","Male",1937.0,57.0,"56-65 years","Responder"
94.0,5.0,"£50-£100","5 Or More Visits",6.0,116.0,"LE12 8JP",3.0,1.0,"MR","Male",1937.0,57.0,"56-65 years","Responder"
145.0,10.0,"£100-£150","5 Or More Visits",14.0,194.0,"TN24 9AY",10.0,3.0,"MR","Male",1937.0,57.0,"56-65 years","Responder"
84.0,4.0,"£50-£100","4 Visits",4.0,84.0,"E  3 3HZ",40.0,9.0,"MR","Male",1937.0,57.0,"56-65 years","Non-responder"
0.0,0.0,"Under £50","No Visits",0.0,0.0,"TQ 2 6JH",8.0,2.0,"MR","Male",1937.0,57.0,"56-65 years","Non-responder"
82.0,3.0,"£50-£100","3 Visits",3.0,82.0,"NG31 7HS",30.0,7.0,"MR","Male",1937.0,57.0,"56-65 years","Non-responder"
66.0,1.0,"£50-£100","1 Visit",1.0,66.0,"CV11 6NF",3.0,1.0,"MR","Male",1937.0,57.0,"56-65 years","Non-responder"
40.0,1.0,"Under £50","1 Visit",1.0,40.0,"SL 3 8DZ",8.0,2.0,"MR","Male",1937.0,57.0,"56-65 years","Non-responder"
52.0,1.0,"£50-£100","1 Visit",1.0,52.0,"CF38 2BT",13.0,4.0,"MR","Male",1937.0,57.0,"56-65 years","Non-responder"
55.0,1.0,"£50-£100","1 Visit",1.0,55.0,"SL 1 3JU",27.0,6.0,"MR","Male",1937.0,57.0,"56-65 years","Non-responder"
93.0,5.0,"£50-£100","5 Or More Visits",5.0,93.0,"BR 8 7RE",3.0,1.0,"MR","Male",1937.0,57.0,"56-65 years","Non-responder"
91.0,4.0,"£50-£100","4 Visits",4.0,91.0,"TN 1 1TN",36.0,8.0,"MR","Male",1937.0,57.0,"56-65 years","Non-responder"
59.0,2.0,"£50-£100","2 Visits",2.0,59.0,"PL28 8DT",37.0,9.0,"MR","Male",1937.0,57.0,"56-65 years","Non-responder"
83.0,6.0,"£50-£100","5 Or More Visits",6.0,83.0,"SK 8 4QW",4.0,1.0,"MR","Male",1937.0,57.0,"56-65 years","Non-responder"
56.0,2.0,"£50-£100","2 Visits",2.0,56.0,"DN18 5BB",12.0,3.0,"MR","Male",1937.0,57.0,"56-65 years","Non-responder"
112.0,4.0,"£100-£150","4 Visits",4.0,112.0,"CR 5 1DX",16.0,4.0,"MR","Male",1937.0,57.0,"56-65 years","Non-responder"
93.0,8.0,"£50-£100","5 Or More Visits",8.0,93.0,"SN 3 4LX",9.0,3.0,"MR","Male",1937.0,57.0,"56-65 years","Non-responder"
60.0,1.0,"£50-£100","1 Visit",1.0,60.0,"DN17 2AW",37.0,9.0,"MR","Male",1937.0,57.0,"56-65 years","Non-responder"
89.0,5.0,"£50-£100","5 Or More Visits",5.0,89.0,"NG12 2DD",3.0,1.0,"MR","Male",1937.0,57.0,"56-65 years","Non-responder"
63.0,2.0,"£50-£100","2 Visits",2.0,63.0,"WD 2 6BD",8.0,2.0,"MR","Male",1937.0,57.0,"56-65 years","Non-responder"
84.0,1.0,"£50-£100","1 Visit",1.0,84.0,"HA 4 6ST",7.0,2.0,"MR","Male",1937.0,57.0,"56-65 years","Non-responder"
52.0,1.0,"£50-£100","1 Visit",1.0,52.0,"OX 7 4LD",47.0,11.0,"MR","Male",1937.0,57.0,"56-65 years","Non-responder"
75.0,6.0,"£50-£100","5 Or More Visits",6.0,75.0,"WV13 3UB",11.0,3.0,"MR","Male",1937.0,57.0,"56-65 years","Non-responder"
99.0,3.0,"£50-£100","3 Visits",4.0,105.0,"IG 5 0SY",16.0,4.0,"MRS","Female",1936.0,58.0,"56-65 years","Responder"
74.0,7.0,"£50-£100","5 Or More Visits",11.0,109.0,"LS27 7JG",8.0,2.0,"MRS","Female",1936.0,58.0,"56-65 years","Responder"
90.0,3.0,"£50-£100","3 Visits",3.0,90.0,"LE 7 3TT",1.0,1.0,"MRS","Female",1936.0,58.0,"56-65 years","Non-responder"
60.0,1.0,"£50-£100","1 Visit",1.0,60.0,"TN16 3HG",3.0,1.0,"MRS","Female",1936.0,58.0,"56-65 years","Non-responder"
87.0,2.0,"£50-£100","2 Visits",2.0,87.0,"SA11 3JH",39.0,9.0,"MRS","Female",1936.0,58.0,"56-65 years","Non-responder"
70.0,6.0,"£50-£100","5 Or More Visits",6.0,70.0,"B 37 7PS",16.0,4.0,"MRS","Female",1936.0,58.0,"56-65 years","Non-responder"
64.0,3.0,"£50-£100","3 Visits",3.0,64.0,"PE10 0JB",3.0,1.0,"MRS","Female",1936.0,58.0,"56-65 years","Non-responder"
82.0,4.0,"£50-£100","4 Visits",4.0,82.0,"SL 4 3LZ",8.0,2.0,"MRS","Female",1936.0,58.0,"56-65 years","Non-responder"
55.0,2.0,"£50-£100","2 Visits",2.0,55.0,"DE55 4JS",20.0,5.0,"MRS","Female",1936.0,58.0,"56-65 years","Non-responder"
97.0,8.0,"£50-£100","5 Or More Visits",9.0,119.0,"LE 8 3GA",10.0,3.0,"MR","Male",1936.0,58.0,"56-65 years","Responder"
66.0,5.0,"£50-£100","5 Or More Visits",7.0,106.0,"KT17 4ND",1.0,1.0,"MR","Male",1936.0,58.0,"56-65 years","Responder"
154.0,13.0,"£150-£200","5 Or More Visits",16.0,178.0,"RG 4 0DS",7.0,2.0,"MR","Male",1936.0,58.0,"56-65 years","Responder"
81.0,10.0,"£50-£100","5 Or More Visits",11.0,95.0,"OX16 9DG",7.0,2.0,"MR","Male",1936.0,58.0,"56-65 years","Responder"
51.0,8.0,"£50-£100","5 Or More Visits",13.0,672.0,"DN37 0PT",31.0,7.0,"MR","Male",1936.0,58.0,"56-65 years","Responder"
177.0,5.0,"£150-£200","5 Or More Visits",8.0,212.0,"PE 2 5PB",44.0,10.0,"MR","Male",1936.0,58.0,"56-65 years","Responder"
63.0,4.0,"£50-£100","4 Visits",7.0,97.0,"ST16 3BT",29.0,6.0,"MR","Male",1936.0,58.0,"56-65 years","Responder"
72.0,2.0,"£50-£100","2 Visits",2.0,72.0,"BS 9 2EH",8.0,2.0,"MR","Male",1936.0,58.0,"56-65 years","Non-responder"
56.0,4.0,"£50-£100","4 Visits",4.0,56.0,"CR 0 7NX",23.0,5.0,"MR","Male",1936.0,58.0,"56-65 years","Non-responder"
70.0,4.0,"£50-£100","4 Visits",4.0,70.0,"LE10 0HD",13.0,4.0,"MR","Male",1936.0,58.0,"56-65 years","Non-responder"
77.0,3.0,"£50-£100","3 Visits",3.0,77.0,"LS20 9LW",31.0,7.0,"MR","Male",1936.0,58.0,"56-65 years","Non-responder"
53.0,4.0,"£50-£100","4 Visits",4.0,53.0,"CV11 6LB",31.0,7.0,"MR","Male",1936.0,58.0,"56-65 years","Non-responder"
89.0,1.0,"£50-£100","1 Visit",1.0,89.0,"PE 9 1SN",6.0,2.0,"MR","Male",1936.0,58.0,"56-65 years","Non-responder"
58.0,3.0,"£50-£100","3 Visits",3.0,58.0,"SW20 9LY",8.0,2.0,"MR","Male",1936.0,58.0,"56-65 years","Non-responder"
60.0,3.0,"£50-£100","3 Visits",3.0,60.0,"SK 8 3AJ",8.0,2.0,"MR","Male",1936.0,58.0,"56-65 years","Non-responder"
42.0,2.0,"Under £50","2 Visits",2.0,42.0,"S 40 3BX",6.0,2.0,"MR","Male",1936.0,58.0,"56-65 years","Non-responder"
84.0,3.0,"£50-£100","3 Visits",3.0,84.0,"SY 4 5SL",50.0,11.0,"MR","Male",1936.0,58.0,"56-65 years","Non-responder"
73.0,8.0,"£50-£100","5 Or More Visits",8.0,73.0,"SK 8 5QL",13.0,4.0,"MR","Male",1936.0,58.0,"56-65 years","Non-responder"
56.0,1.0,"£50-£100","1 Visit",1.0,56.0,"LU 1 3SE",29.0,6.0,"MR","Male",1936.0,58.0,"56-65 years","Non-responder"
60.0,4.0,"£50-£100","4 Visits",4.0,60.0,"LU 3 1HE",8.0,2.0,"MR","Male",1936.0,58.0,"56-65 years","Non-responder"
61.0,2.0,"£50-£100","2 Visits",3.0,65.0,"TR11 5SF",5.0,1.0,"MRS","Female",1935.0,59.0,"56-65 years","Responder"
80.0,1.0,"£50-£100","1 Visit",1.0,80.0,"KT12 3DF",4.0,1.0,"MRS","Female",1935.0,59.0,"56-65 years","Non-responder"
84.0,3.0,"£50-£100","3 Visits",3.0,84.0,"WS 7 0LQ",6.0,2.0,"MRS","Female",1935.0,59.0,"56-65 years","Non-responder"
50.0,6.0,"£50-£100","5 Or More Visits",6.0,50.0,"LN 2 2PY",3.0,1.0,"MRS","Female",1935.0,59.0,"56-65 years","Non-responder"
1065.0,69.0,"Over £500","5 Or More Visits",78.0,1183.0,"BA11 4AL",12.0,3.0,"Mr","Male",1935.0,59.0,"56-65 years","Responder"
87.0,6.0,"£50-£100","5 Or More Visits",11.0,165.0,"CV11 6LP",3.0,1.0,"MR","Male",1935.0,59.0,"56-65 years","Responder"
58.0,4.0,"£50-£100","4 Visits",11.0,114.0,"DA 5 2AD",44.0,10.0,"MR","Male",1935.0,59.0,"56-65 years","Responder"
96.0,12.0,"£50-£100","5 Or More Visits",14.0,141.0,"SG 2 9TA",14.0,4.0,"MR","Male",1935.0,59.0,"56-65 years","Responder"
89.0,7.0,"£50-£100","5 Or More Visits",8.0,118.0,"NN14 3LG",10.0,3.0,"MR","Male",1935.0,59.0,"56-65 years","Responder"
211.0,6.0,"£200-£300","5 Or More Visits",8.0,225.0,"ST16 3LS",29.0,6.0,"MR","Male",1935.0,59.0,"56-65 years","Responder"
130.0,8.0,"£100-£150","5 Or More Visits",9.0,142.0,"CR 5 2HD",7.0,2.0,"MR","Male",1935.0,59.0,"56-65 years","Responder"
57.0,3.0,"£50-£100","3 Visits",5.0,85.0,"CR 6 9RH",7.0,2.0,"MR","Male",1935.0,59.0,"56-65 years","Responder"
47.0,3.0,"Under £50","3 Visits",4.0,52.0,"SA10 8SE",6.0,2.0,"MR","Male",1935.0,59.0,"56-65 years","Responder"
117.0,5.0,"£100-£150","5 Or More Visits",7.0,201.0,"DN 4 9RP",9.0,3.0,"MR","Male",1935.0,59.0,"56-65 years","Responder"
92.0,11.0,"£50-£100","5 Or More Visits",13.0,105.0,"BN18 0AY",48.0,11.0,"MR","Male",1935.0,59.0,"56-65 years","Responder"
81.0,1.0,"£50-£100","1 Visit",1.0,81.0,"SL 4 4PB",8.0,2.0,"MR","Male",1935.0,59.0,"56-65 years","Non-responder"
50.0,4.0,"£50-£100","4 Visits",4.0,50.0,"SO22 4QP",2.0,1.0,"MR","Male",1935.0,59.0,"56-65 years","Non-responder"
60.0,6.0,"£50-£100","5 Or More Visits",6.0,60.0,"WV11 2QQ",10.0,3.0,"MR","Male",1935.0,59.0,"56-65 years","Non-responder"
87.0,2.0,"£50-£100","2 Visits",2.0,87.0,"WV10 6QX",10.0,3.0,"MR","Male",1935.0,59.0,"56-65 years","Non-responder"
74.0,10.0,"£50-£100","5 Or More Visits",10.0,74.0,"TR10 8RQ",16.0,4.0,"MR","Male",1935.0,59.0,"56-65 years","Non-responder"
62.0,1.0,"£50-£100","1 Visit",1.0,62.0,"ST14 7HB",13.0,4.0,"MR","Male",1935.0,59.0,"56-65 years","Non-responder"
89.0,3.0,"£50-£100","3 Visits",3.0,89.0,"ST16 1QZ",9.0,3.0,"MR","Male",1935.0,59.0,"56-65 years","Non-responder"
69.0,6.0,"£50-£100","5 Or More Visits",11.0,181.0,"B 61 0LU",11.0,3.0,"MRS","Female",1934.0,60.0,"56-65 years","Responder"
0.0,0.0,"Under £50","No Visits",0.0,0.0,"BD 9 4DZ",4.0,1.0,"MRS","Female",1934.0,60.0,"56-65 years","Non-responder"
72.0,3.0,"£50-£100","3 Visits",3.0,72.0,"BD 7 4AQ",29.0,6.0,"MRS","Female",1934.0,60.0,"56-65 years","Non-responder"
73.0,2.0,"£50-£100","2 Visits",2.0,73.0,"YO14 9AP",32.0,7.0,"MRS","Female",1934.0,60.0,"56-65 years","Non-responder"
84.0,1.0,"£50-£100","1 Visit",1.0,84.0,"PR 5 6UJ",12.0,3.0,"MRS","Female",1934.0,60.0,"56-65 years","Non-responder"
370.0,11.0,"£300-£500","5 Or More Visits",12.0,404.0,"WD 6 4BN",15.0,4.0,"Mr","Male",1934.0,60.0,"56-65 years","Responder"
747.0,21.0,"Over £500","5 Or More Visits",22.0,771.0,"CR 0 7LD",8.0,2.0,"Mr","Male",1934.0,60.0,"56-65 years","Responder"
73.0,6.0,"£50-£100","5 Or More Visits",8.0,89.0,"BN41 2YE",30.0,7.0,"MR","Male",1934.0,60.0,"56-65 years","Responder"
93.0,5.0,"£50-£100","5 Or More Visits",9.0,138.0,"FY 4 4RR",31.0,7.0,"MR","Male",1934.0,60.0,"56-65 years","Responder"
134.0,8.0,"£100-£150","5 Or More Visits",10.0,164.0,"GU15 1NH",1.0,1.0,"MR","Male",1934.0,60.0,"56-65 years","Responder"
107.0,2.0,"£100-£150","2 Visits",3.0,137.0,"PE 4 7UD",5.0,1.0,"MR","Male",1934.0,60.0,"56-65 years","Responder"
41.0,4.0,"Under £50","4 Visits",6.0,59.0,"ST15 0RW",41.0,10.0,"MR","Male",1934.0,60.0,"56-65 years","Responder"
83.0,1.0,"£50-£100","1 Visit",5.0,110.0,"CV34 4PR",7.0,2.0,"MR","Male",1934.0,60.0,"56-65 years","Responder"
101.0,6.0,"£100-£150","5 Or More Visits",7.0,108.0,"SK 8 4JY",5.0,1.0,"MR","Male",1934.0,60.0,"56-65 years","Responder"
88.0,5.0,"£50-£100","5 Or More Visits",6.0,126.0,"BS21 6UF",9.0,3.0,"MR","Male",1934.0,60.0,"56-65 years","Responder"
94.0,9.0,"£50-£100","5 Or More Visits",11.0,103.0,"B 31 2EH",8.0,2.0,"MR","Male",1934.0,60.0,"56-65 years","Responder"
109.0,5.0,"£100-£150","5 Or More Visits",5.0,109.0,"HD 3 3QD",9.0,3.0,"MR","Male",1934.0,60.0,"56-65 years","Non-responder"
56.0,1.0,"£50-£100","1 Visit",1.0,56.0,"HU16 5QB",37.0,9.0,"MR","Male",1934.0,60.0,"56-65 years","Non-responder"
81.0,1.0,"£50-£100","1 Visit",1.0,81.0,"CW11 9PR",47.0,11.0,"MR","Male",1934.0,60.0,"56-65 years","Non-responder"
64.0,2.0,"£50-£100","2 Visits",2.0,64.0,"SK 7 1QJ",1.0,1.0,"MR","Male",1934.0,60.0,"56-65 years","Non-responder"
99.0,1.0,"£50-£100","1 Visit",1.0,99.0,"HD 6 3JF",13.0,4.0,"MR","Male",1934.0,60.0,"56-65 years","Non-responder"
60.0,1.0,"£50-£100","1 Visit",1.0,60.0,"SG 2 8PU",5.0,1.0,"MR","Male",1934.0,60.0,"56-65 years","Non-responder"
0.0,1.0,"Under £50","1 Visit",1.0,0.0,"DN18 5DW",13.0,4.0,"MR","Male",1934.0,60.0,"56-65 years","Non-responder"
75.0,5.0,"£50-£100","5 Or More Visits",5.0,75.0,"WA 3 7LS",3.0,1.0,"MR","Male",1934.0,60.0,"56-65 years","Non-responder"
151.0,4.0,"£150-£200","4 Visits",4.0,151.0,"WS11 3RE",20.0,5.0,"MR","Male",1934.0,60.0,"56-65 years","Non-responder"
56.0,1.0,"£50-£100","1 Visit",1.0,56.0,"WV 6 9AB",37.0,9.0,"MR","Male",1934.0,60.0,"56-65 years","Non-responder"
53.0,1.0,"£50-£100","1 Visit",1.0,53.0,"LU 2 9BW",20.0,5.0,"MR","Male",1934.0,60.0,"56-65 years","Non-responder"
77.0,2.0,"£50-£100","2 Visits",2.0,77.0,"LU 5 4QX",10.0,3.0,"MR","Male",1934.0,60.0,"56-65 years","Non-responder"
62.0,2.0,"£50-£100","2 Visits",2.0,62.0,"WA 8 6RL",37.0,9.0,"MR","Male",1934.0,60.0,"56-65 years","Non-responder"
73.0,1.0,"£50-£100","1 Visit",1.0,73.0,"CA 2 7XE",44.0,10.0,"MR","Male",1934.0,60.0,"56-65 years","Non-responder"
100.0,7.0,"£50-£100","5 Or More Visits",9.0,112.0,"RM11 2DN",8.0,2.0,"MRS","Female",1933.0,61.0,"56-65 years","Responder"
52.0,1.0,"£50-£100","1 Visit",1.0,52.0,"SA 4 3EN",31.0,7.0,"MRS","Female",1933.0,61.0,"56-65 years","Non-responder"
61.0,1.0,"£50-£100","1 Visit",1.0,61.0,"SS 9 3PP",8.0,2.0,"MRS","Female",1933.0,61.0,"56-65 years","Non-responder"
70.0,1.0,"£50-£100","1 Visit",1.0,70.0,"S 43 3NR",13.0,4.0,"MRS","Female",1933.0,61.0,"56-65 years","Non-responder"
51.0,2.0,"£50-£100","2 Visits",2.0,51.0,"PE16 6DJ",48.0,11.0,"MRS","Female",1933.0,61.0,"56-65 years","Non-responder"
81.0,4.0,"£50-£100","4 Visits",4.0,81.0,"PO 1 5AU",29.0,6.0,"MRS","Female",1933.0,61.0,"56-65 years","Non-responder"
81.0,6.0,"£50-£100","5 Or More Visits",6.0,81.0,"CR 2 8EA",8.0,2.0,"MRS","Female",1933.0,61.0,"56-65 years","Non-responder"
69.0,1.0,"£50-£100","1 Visit",1.0,69.0,"CV23 9JU",5.0,1.0,"MRS","Female",1933.0,61.0,"56-65 years","Non-responder"
293.0,11.0,"£200-£300","5 Or More Visits",14.0,334.0,"GU15 1LS",3.0,1.0,"Mr","Male",1933.0,61.0,"56-65 years","Responder"
57.0,3.0,"£50-£100","3 Visits",4.0,91.0,"HU 5 5LW",37.0,9.0,"MR","Male",1933.0,61.0,"56-65 years","Responder"
99.0,4.0,"£50-£100","4 Visits",6.0,249.0,"BA 7 7JX",41.0,10.0,"MR","Male",1933.0,61.0,"56-65 years","Responder"
76.0,3.0,"£50-£100","3 Visits",5.0,130.0,"WS 9 8LB",39.0,9.0,"MR","Male",1933.0,61.0,"56-65 years","Responder"
123.0,6.0,"£100-£150","5 Or More Visits",10.0,437.0,"W  5 5HS",36.0,8.0,"MR","Male",1933.0,61.0,"56-65 years","Responder"
71.0,6.0,"£50-£100","5 Or More Visits",8.0,130.0,"SG 2 9HG",30.0,7.0,"MR","Male",1933.0,61.0,"56-65 years","Responder"
79.0,1.0,"£50-£100","1 Visit",1.0,79.0,"LE13 0AZ",3.0,1.0,"MR","Male",1933.0,61.0,"56-65 years","Non-responder"
60.0,2.0,"£50-£100","2 Visits",2.0,60.0,"SS 3 9AX",30.0,7.0,"MR","Male",1933.0,61.0,"56-65 years","Non-responder"
58.0,2.0,"£50-£100","2 Visits",2.0,58.0,"CM 1 2PR",2.0,1.0,"MR","Male",1933.0,61.0,"56-65 years","Non-responder"
71.0,5.0,"£50-£100","5 Or More Visits",5.0,71.0,"S 42 7PZ",2.0,1.0,"MR","Male",1933.0,61.0,"56-65 years","Non-responder"
54.0,1.0,"£50-£100","1 Visit",1.0,54.0,"OL 4 1LP",11.0,3.0,"MR","Male",1933.0,61.0,"56-65 years","Non-responder"
82.0,4.0,"£50-£100","4 Visits",4.0,82.0,"TN14 7RA",5.0,1.0,"MR","Male",1933.0,61.0,"56-65 years","Non-responder"
86.0,1.0,"£50-£100","1 Visit",1.0,86.0,"NR34 7HH",31.0,7.0,"MR","Male",1933.0,61.0,"56-65 years","Non-responder"
55.0,2.0,"£50-£100","2 Visits",2.0,55.0,"DN15 9TE",11.0,3.0,"MR","Male",1933.0,61.0,"56-65 years","Non-responder"
98.0,1.0,"£50-£100","1 Visit",1.0,98.0,"PR 8 6UR",2.0,1.0,"MR","Male",1933.0,61.0,"56-65 years","Non-responder"
61.0,5.0,"£50-£100","5 Or More Visits",5.0,61.0,"E  6 2AU",24.0,6.0,"MR","Male",1933.0,61.0,"56-65 years","Non-responder"
91.0,2.0,"£50-£100","2 Visits",5.0,128.0,"BN 3 5AG",32.0,7.0,"MRS","Female",1932.0,62.0,"56-65 years","Responder"
94.0,5.0,"£50-£100","5 Or More Visits",8.0,117.0,"WD 6 4LW",30.0,7.0,"MRS","Female",1932.0,62.0,"56-65 years","Responder"
0.0,0.0,"Under £50","No Visits",0.0,0.0,"CR 4 1XG",16.0,4.0,"MRS","Female",1932.0,62.0,"56-65 years","Non-responder"
55.0,1.0,"£50-£100","1 Visit",1.0,55.0,"SS 7 2SW",39.0,9.0,"MRS","Female",1932.0,62.0,"56-65 years","Non-responder"
72.0,3.0,"£50-£100","3 Visits",3.0,72.0,"LN 3 5PH",48.0,11.0,"MRS","Female",1932.0,62.0,"56-65 years","Non-responder"
1265.0,67.0,"Over £500","5 Or More Visits",78.0,1399.0,"BN 3 8GD",31.0,7.0,"Mr","Male",1932.0,62.0,"56-65 years","Responder"
68.0,10.0,"£50-£100","5 Or More Visits",13.0,85.0,"HU10 6JP",8.0,2.0,"MR","Male",1932.0,62.0,"56-65 years","Responder"
114.0,16.0,"£100-£150","5 Or More Visits",17.0,118.0,"SW19 3LL",1.0,1.0,"MR","Male",1932.0,62.0,"56-65 years","Responder"
54.0,4.0,"£50-£100","4 Visits",6.0,104.0,"SA62 4JT",49.0,11.0,"MR","Male",1932.0,62.0,"56-65 years","Responder"
100.0,5.0,"£100-£150","5 Or More Visits",7.0,206.0,"SS 7 1HA",3.0,1.0,"MR","Male",1932.0,62.0,"56-65 years","Responder"
137.0,9.0,"£100-£150","5 Or More Visits",10.0,144.0,"SY 1 4LP",31.0,7.0,"MR","Male",1932.0,62.0,"56-65 years","Responder"
98.0,7.0,"£50-£100","5 Or More Visits",10.0,116.0,"B 79 8NS",10.0,3.0,"MR","Male",1932.0,62.0,"56-65 years","Responder"
51.0,4.0,"£50-£100","4 Visits",8.0,75.0,"B 73 6JR",1.0,1.0,"MR","Male",1932.0,62.0,"56-65 years","Responder"
54.0,5.0,"£50-£100","5 Or More Visits",6.0,58.0,"MK43 9EU",3.0,1.0,"MR","Male",1932.0,62.0,"56-65 years","Responder"
78.0,8.0,"£50-£100","5 Or More Visits",11.0,122.0,"WS14 9PF",1.0,1.0,"MR","Male",1932.0,62.0,"56-65 years","Responder"
80.0,2.0,"£50-£100","2 Visits",3.0,150.0,"WV10 0SZ",10.0,3.0,"MR","Male",1932.0,62.0,"56-65 years","Responder"
97.0,3.0,"£50-£100","3 Visits",4.0,107.0,"NR13 3BW",39.0,9.0,"MR","Male",1932.0,62.0,"56-65 years","Responder"
89.0,3.0,"£50-£100","3 Visits",4.0,198.0,"L 49 5NL",10.0,3.0,"MR","Male",1932.0,62.0,"56-65 years","Responder"
73.0,1.0,"£50-£100","1 Visit",1.0,73.0,"L 66 2XA",44.0,10.0,"MR","Male",1932.0,62.0,"56-65 years","Non-responder"
55.0,2.0,"£50-£100","2 Visits",2.0,55.0,"RH19 4BW",5.0,1.0,"MR","Male",1932.0,62.0,"56-65 years","Non-responder"
118.0,9.0,"£100-£150","5 Or More Visits",9.0,118.0,"BR 2 0JN",36.0,8.0,"MR","Male",1932.0,62.0,"56-65 years","Non-responder"
70.0,1.0,"£50-£100","1 Visit",1.0,70.0,"NG 8 2QX",5.0,1.0,"MR","Male",1932.0,62.0,"56-65 years","Non-responder"
67.0,1.0,"£50-£100","1 Visit",1.0,67.0,"SK 9 4BP",14.0,4.0,"MR","Male",1932.0,62.0,"56-65 years","Non-responder"
53.0,4.0,"£50-£100","4 Visits",4.0,53.0,"RG 8 0RS",3.0,1.0,"MR","Male",1932.0,62.0,"56-65 years","Non-responder"
52.0,5.0,"£50-£100","5 Or More Visits",5.0,52.0,"BD18 4BP",3.0,1.0,"MR","Male",1932.0,62.0,"56-65 years","Non-responder"
55.0,1.0,"£50-£100","1 Visit",1.0,55.0,"BD21 1DT",22.0,5.0,"MR","Male",1932.0,62.0,"56-65 years","Non-responder"
75.0,3.0,"£50-£100","3 Visits",3.0,75.0,"CR 7 6DR",24.0,6.0,"MR","Male",1932.0,62.0,"56-65 years","Non-responder"
92.0,6.0,"£50-£100","5 Or More Visits",8.0,138.0,"BA11 1QR",11.0,3.0,"MRS","Female",1931.0,63.0,"56-65 years","Responder"
58.0,2.0,"£50-£100","2 Visits",4.0,94.0,"SG 8 8LT",45.0,11.0,"MRS","Female",1931.0,63.0,"56-65 years","Responder"
69.0,3.0,"£50-£100","3 Visits",7.0,145.0,"LL58 8HH",15.0,4.0,"MRS","Female",1931.0,63.0,"56-65 years","Responder"
78.0,11.0,"£50-£100","5 Or More Visits",12.0,86.0,"PE 4 6GS",43.0,10.0,"MRS","Female",1931.0,63.0,"56-65 years","Responder"
38.0,6.0,"Under £50","5 Or More Visits",7.0,51.0,"LE12 9AF",10.0,3.0,"MRS","Female",1931.0,63.0,"56-65 years","Responder"
83.0,3.0,"£50-£100","3 Visits",3.0,83.0,"CR 8 4NA",8.0,2.0,"MRS","Female",1931.0,63.0,"56-65 years","Non-responder"
58.0,1.0,"£50-£100","1 Visit",1.0,58.0,"B 60 1AU",1.0,1.0,"MRS","Female",1931.0,63.0,"56-65 years","Non-responder"
0.0,0.0,"Under £50","No Visits",0.0,0.0,"DN14 6HJ",30.0,7.0,"MRS","Female",1931.0,63.0,"56-65 years","Non-responder"
89.0,5.0,"£50-£100","5 Or More Visits",5.0,89.0,"CR 5 3BF",30.0,7.0,"MRS","Female",1931.0,63.0,"56-65 years","Non-responder"
129.0,5.0,"£100-£150","5 Or More Visits",6.0,138.0,"W 14 8DT",1.0,1.0,"Mr","Male",1931.0,63.0,"56-65 years","Responder"
512.0,45.0,"Over £500","5 Or More Visits",48.0,592.0,"BA11 1LZ",11.0,3.0,"Mr","Male",1931.0,63.0,"56-65 years","Responder"
151.0,9.0,"£150-£200","5 Or More Visits",11.0,165.0,"CR 3 6ND",7.0,2.0,"MR","Male",1931.0,63.0,"56-65 years","Responder"
84.0,2.0,"£50-£100","2 Visits",3.0,170.0,"PE37 8LZ",38.0,9.0,"MR","Male",1931.0,63.0,"56-65 years","Responder"
76.0,7.0,"£50-£100","5 Or More Visits",14.0,165.0,"HP27 9JG",39.0,9.0,"MR","Male",1931.0,63.0,"56-65 years","Responder"
73.0,2.0,"£50-£100","2 Visits",3.0,100.0,"CM12 0QW",3.0,1.0,"MR","Male",1931.0,63.0,"56-65 years","Responder"
95.0,4.0,"£50-£100","4 Visits",6.0,141.0,"BS11 0NL",31.0,7.0,"MR","Male",1931.0,63.0,"56-65 years","Responder"
90.0,12.0,"£50-£100","5 Or More Visits",13.0,93.0,"CR 6 9DU",7.0,2.0,"MR","Male",1931.0,63.0,"56-65 years","Responder"
77.0,3.0,"£50-£100","3 Visits",5.0,138.0,"WS 6 7BY",9.0,3.0,"MR","Male",1931.0,63.0,"56-65 years","Responder"
64.0,3.0,"£50-£100","3 Visits",4.0,72.0,"TW16 5HZ",1.0,1.0,"MR","Male",1931.0,63.0,"56-65 years","Responder"
71.0,3.0,"£50-£100","3 Visits",4.0,121.0,"S 42 6HX",10.0,3.0,"MR","Male",1931.0,63.0,"56-65 years","Responder"
107.0,10.0,"£100-£150","5 Or More Visits",11.0,110.0,"WV 6 9PJ",5.0,1.0,"MR","Male",1931.0,63.0,"56-65 years","Responder"
70.0,5.0,"£50-£100","5 Or More Visits",8.0,111.0,"PO22 8EW",38.0,9.0,"MR","Male",1931.0,63.0,"56-65 years","Responder"
88.0,2.0,"£50-£100","2 Visits",2.0,88.0,"SL 2 4DF",4.0,1.0,"MR","Male",1931.0,63.0,"56-65 years","Non-responder"
79.0,2.0,"£50-£100","2 Visits",2.0,79.0,"PO 6 4SQ",11.0,3.0,"MR","Male",1931.0,63.0,"56-65 years","Non-responder"
54.0,2.0,"£50-£100","2 Visits",2.0,54.0,"TN30 6UA",40.0,9.0,"MR","Male",1931.0,63.0,"56-65 years","Non-responder"
85.0,4.0,"£50-£100","4 Visits",4.0,85.0,"PR 5 4QL",8.0,2.0,"MR","Male",1931.0,63.0,"56-65 years","Non-responder"
64.0,3.0,"£50-£100","3 Visits",3.0,64.0,"E 17 4DG",30.0,7.0,"MR","Male",1931.0,63.0,"56-65 years","Non-responder"
50.0,3.0,"£50-£100","3 Visits",3.0,50.0,"ST17 9HZ",11.0,3.0,"MR","Male",1931.0,63.0,"56-65 years","Non-responder"
51.0,3.0,"£50-£100","3 Visits",3.0,51.0,"BR 6 0QQ",39.0,9.0,"MR","Male",1931.0,63.0,"56-65 years","Non-responder"
130.0,2.0,"£100-£150","2 Visits",2.0,130.0,"TS17 8LF",14.0,4.0,"MR","Male",1931.0,63.0,"56-65 years","Non-responder"
63.0,1.0,"£50-£100","1 Visit",1.0,63.0,"LU 3 3JD",9.0,3.0,"MR","Male",1931.0,63.0,"56-65 years","Non-responder"
55.0,1.0,"£50-£100","1 Visit",1.0,55.0,"NN 3 3TA",3.0,1.0,"MR","Male",1931.0,63.0,"56-65 years","Non-responder"
94.0,4.0,"£50-£100","4 Visits",4.0,94.0,"ST 8 7EQ",3.0,1.0,"MR","Male",1931.0,63.0,"56-65 years","Non-responder"
56.0,1.0,"£50-£100","1 Visit",1.0,56.0,"CV 3 2BB",10.0,3.0,"MR","Male",1931.0,63.0,"56-65 years","Non-responder"
65.0,1.0,"£50-£100","1 Visit",2.0,71.0,"W  3 6AA",18.0,5.0,"MS","Female",1930.0,64.0,"56-65 years","Responder"
0.0,0.0,"Under £50","No Visits",0.0,0.0,"SY 1 3SE",9.0,3.0,"MRS","Female",1930.0,64.0,"56-65 years","Non-responder"
69.0,5.0,"£50-£100","5 Or More Visits",5.0,69.0,"N 22 4SB",36.0,8.0,"MRS","Female",1930.0,64.0,"56-65 years","Non-responder"
77.0,1.0,"£50-£100","1 Visit",1.0,77.0,"BN 3 3AQ",40.0,9.0,"MRS","Female",1930.0,64.0,"56-65 years","Non-responder"
76.0,6.0,"£50-£100","5 Or More Visits",6.0,76.0,"NG10 3HS",9.0,3.0,"MRS","Female",1930.0,64.0,"56-65 years","Non-responder"
75.0,2.0,"£50-£100","2 Visits",2.0,75.0,"DE72 3UG",6.0,2.0,"MRS","Female",1930.0,64.0,"56-65 years","Non-responder"
66.0,3.0,"£50-£100","3 Visits",3.0,66.0,"BB10 1UQ",12.0,3.0,"MRS","Female",1930.0,64.0,"56-65 years","Non-responder"
166.0,15.0,"£150-£200","5 Or More Visits",21.0,770.0,"TN29 0TU",39.0,9.0,"MR","Male",1930.0,64.0,"56-65 years","Responder"
67.0,1.0,"£50-£100","1 Visit",2.0,81.0,"SS 2 4AJ",39.0,9.0,"MR","Male",1930.0,64.0,"56-65 years","Responder"
128.0,17.0,"£100-£150","5 Or More Visits",18.0,134.0,"BB 2 4NY",29.0,6.0,"MR","Male",1930.0,64.0,"56-65 years","Responder"
20.0,5.0,"Under £50","5 Or More Visits",6.0,31.0,"CF 4 3BQ",31.0,7.0,"MR","Male",1930.0,64.0,"56-65 years","Responder"
23.0,2.0,"Under £50","2 Visits",3.0,27.0,"PO20 0TE",39.0,9.0,"MR","Male",1930.0,64.0,"56-65 years","Responder"
78.0,5.0,"£50-£100","5 Or More Visits",6.0,81.0,"SG13 8DU",44.0,10.0,"MR","Male",1930.0,64.0,"56-65 years","Responder"
92.0,6.0,"£50-£100","5 Or More Visits",8.0,105.0,"BD16 1RH",9.0,3.0,"MR","Male",1930.0,64.0,"56-65 years","Responder"
77.0,5.0,"£50-£100","5 Or More Visits",6.0,114.0,"BD23 5EZ",50.0,11.0,"MR","Male",1930.0,64.0,"56-65 years","Responder"
62.0,2.0,"£50-£100","2 Visits",2.0,62.0,"PR 3 3TD",9.0,3.0,"MR","Male",1930.0,64.0,"56-65 years","Non-responder"
69.0,4.0,"£50-£100","4 Visits",4.0,69.0,"IG 1 1JZ",24.0,6.0,"MR","Male",1930.0,64.0,"56-65 years","Non-responder"
90.0,4.0,"£50-£100","4 Visits",4.0,90.0,"TQ 3 2PZ",31.0,7.0,"MR","Male",1930.0,64.0,"56-65 years","Non-responder"
60.0,3.0,"£50-£100","3 Visits",3.0,60.0,"LL12 8SU",3.0,1.0,"MR","Male",1930.0,64.0,"56-65 years","Non-responder"
79.0,2.0,"£50-£100","2 Visits",2.0,79.0,"CH 7 1JL",6.0,2.0,"MR","Male",1930.0,64.0,"56-65 years","Non-responder"
83.0,1.0,"£50-£100","1 Visit",1.0,83.0,"CF 5 3TS",21.0,5.0,"MR","Male",1930.0,64.0,"56-65 years","Non-responder"
86.0,3.0,"£50-£100","3 Visits",3.0,86.0,"L 39 3BD",7.0,2.0,"MR","Male",1930.0,64.0,"56-65 years","Non-responder"
51.0,3.0,"£50-£100","3 Visits",3.0,51.0,"LL57 2TT",8.0,2.0,"MR","Male",1930.0,64.0,"56-65 years","Non-responder"
76.0,2.0,"£50-£100","2 Visits",2.0,76.0,"CR 6 9EH",1.0,1.0,"MR","Male",1930.0,64.0,"56-65 years","Non-responder"
67.0,3.0,"£50-£100","3 Visits",3.0,67.0,"WN 6 8LJ",10.0,3.0,"MR","Male",1930.0,64.0,"56-65 years","Non-responder"
95.0,1.0,"£50-£100","1 Visit",1.0,95.0,"RG12 2JQ",3.0,1.0,"MR","Male",1930.0,64.0,"56-65 years","Non-responder"
70.0,1.0,"£50-£100","1 Visit",1.0,70.0,"BS21 7YP",44.0,10.0,"MR","Male",1930.0,64.0,"56-65 years","Non-responder"
95.0,1.0,"£50-£100","1 Visit",1.0,95.0,"NN18 0BJ",12.0,3.0,"MR","Male",1930.0,64.0,"56-65 years","Non-responder"
88.0,4.0,"£50-£100","4 Visits",4.0,88.0,"HP21 8PA",37.0,9.0,"MRS","Female",1929.0,65.0,"56-65 years","Non-responder"
99.0,4.0,"£50-£100","4 Visits",6.0,134.0,"LL12 8HS",39.0,9.0,"MR","Male",1929.0,65.0,"56-65 years","Responder"
39.0,3.0,"Under £50","3 Visits",4.0,57.0,"TN23 2GL",2.0,1.0,"MR","Male",1929.0,65.0,"56-65 years","Responder"
85.0,5.0,"£50-£100","5 Or More Visits",6.0,94.0,"CO13 9EG",38.0,9.0,"MR","Male",1929.0,65.0,"56-65 years","Responder"
56.0,5.0,"£50-£100","5 Or More Visits",6.0,58.0,"CF 4 4JN",8.0,2.0,"MR","Male",1929.0,65.0,"56-65 years","Responder"
59.0,4.0,"£50-£100","4 Visits",6.0,101.0,"CR 3 5SR",8.0,2.0,"MR","Male",1929.0,65.0,"56-65 years","Responder"
98.0,6.0,"£50-£100","5 Or More Visits",7.0,106.0,"B 24 9PY",42.0,10.0,"MR","Male",1929.0,65.0,"56-65 years","Responder"
58.0,5.0,"£50-£100","5 Or More Visits",8.0,86.0,"PE 3 7LS",30.0,7.0,"MR","Male",1929.0,65.0,"56-65 years","Responder"
47.0,4.0,"Under £50","4 Visits",7.0,69.0,"TF10 7TL",13.0,4.0,"MR","Male",1929.0,65.0,"56-65 years","Responder"
63.0,4.0,"£50-£100","4 Visits",6.0,71.0,"WS 9 9JL",37.0,9.0,"MR","Male",1929.0,65.0,"56-65 years","Responder"
87.0,8.0,"£50-£100","5 Or More Visits",9.0,108.0,"TN25 6EP",48.0,11.0,"MR","Male",1929.0,65.0,"56-65 years","Responder"
56.0,9.0,"£50-£100","5 Or More Visits",11.0,73.0,"KT17 4HS",1.0,1.0,"MR","Male",1929.0,65.0,"56-65 years","Responder"
60.0,2.0,"£50-£100","2 Visits",2.0,60.0,"BA12 6HD",31.0,7.0,"MR","Male",1929.0,65.0,"56-65 years","Non-responder"
61.0,6.0,"£50-£100","5 Or More Visits",6.0,61.0,"DA 1 3HX",9.0,3.0,"MR","Male",1929.0,65.0,"56-65 years","Non-responder"
62.0,1.0,"£50-£100","1 Visit",1.0,62.0,"SP 8 4TE",6.0,2.0,"MR","Male",1929.0,65.0,"56-65 years","Non-responder"
63.0,1.0,"£50-£100","1 Visit",1.0,63.0,"N 14 7JN",39.0,9.0,"MR","Male",1929.0,65.0,"56-65 years","Non-responder"
50.0,5.0,"£50-£100","5 Or More Visits",5.0,50.0,"CV34 5HX",10.0,3.0,"MR","Male",1929.0,65.0,"56-65 years","Non-responder"
54.0,4.0,"£50-£100","4 Visits",4.0,54.0,"BB12 6AA",13.0,4.0,"MRS","Female",1928.0,66.0,"Over 65 years","Non-responder"
54.0,3.0,"£50-£100","3 Visits",3.0,54.0,"NG19 7HZ",31.0,7.0,"MRS","Female",1928.0,66.0,"Over 65 years","Non-responder"
53.0,2.0,"£50-£100","2 Visits",2.0,53.0,"GU25 4EZ",8.0,2.0,"MRS","Female",1928.0,66.0,"Over 65 years","Non-responder"
90.0,8.0,"£50-£100","5 Or More Visits",8.0,90.0,"KT12 2ES",44.0,10.0,"MRS","Female",1928.0,66.0,"Over 65 years","Non-responder"
516.0,42.0,"Over £500","5 Or More Visits",64.0,689.0,"SG 1 5SF",9.0,3.0,"Mr","Male",1928.0,66.0,"Over 65 years","Responder"
605.0,57.0,"Over £500","5 Or More Visits",78.0,843.0,"BN 3 7GW",31.0,7.0,"Mr","Male",1928.0,66.0,"Over 65 years","Responder"
67.0,9.0,"£50-£100","5 Or More Visits",12.0,78.0,"SY 3 7QJ",8.0,2.0,"Mr","Male",1928.0,66.0,"Over 65 years","Responder"
85.0,14.0,"£50-£100","5 Or More Visits",16.0,87.0,"CO 4 4UJ",7.0,2.0,"MR","Male",1928.0,66.0,"Over 65 years","Responder"
71.0,9.0,"£50-£100","5 Or More Visits",14.0,244.0,"CR 6 9AB",8.0,2.0,"MR","Male",1928.0,66.0,"Over 65 years","Responder"
94.0,3.0,"£50-£100","3 Visits",4.0,99.0,"LE 8 3SH",9.0,3.0,"MR","Male",1928.0,66.0,"Over 65 years","Responder"
97.0,6.0,"£50-£100","5 Or More Visits",10.0,181.0,"NW 2 3AE",33.0,8.0,"MR","Male",1928.0,66.0,"Over 65 years","Responder"
64.0,10.0,"£50-£100","5 Or More Visits",14.0,80.0,"PO 8 9TJ",39.0,9.0,"MR","Male",1928.0,66.0,"Over 65 years","Responder"
93.0,2.0,"£50-£100","2 Visits",6.0,165.0,"TR 3 6PT",4.0,1.0,"MR","Male",1928.0,66.0,"Over 65 years","Responder"
53.0,1.0,"£50-£100","1 Visit",1.0,53.0,"W  5 2DW",33.0,8.0,"MR","Male",1928.0,66.0,"Over 65 years","Non-responder"
69.0,2.0,"£50-£100","2 Visits",2.0,69.0,"DY 8 4UB",9.0,3.0,"MR","Male",1928.0,66.0,"Over 65 years","Non-responder"
90.0,2.0,"£50-£100","2 Visits",2.0,90.0,"SW20 9LN",30.0,7.0,"MR","Male",1928.0,66.0,"Over 65 years","Non-responder"
75.0,1.0,"£50-£100","1 Visit",1.0,75.0,"TS22 5HS",39.0,9.0,"MR","Male",1928.0,66.0,"Over 65 years","Non-responder"
59.0,1.0,"£50-£100","1 Visit",1.0,59.0,"DE56 0HE",12.0,3.0,"MR","Male",1928.0,66.0,"Over 65 years","Non-responder"
80.0,9.0,"£50-£100","5 Or More Visits",9.0,80.0,"KT17 2NY",8.0,2.0,"MR","Male",1928.0,66.0,"Over 65 years","Non-responder"
67.0,2.0,"£50-£100","2 Visits",2.0,67.0,"PO 7 7PE",5.0,1.0,"MR","Male",1928.0,66.0,"Over 65 years","Non-responder"
75.0,1.0,"£50-£100","1 Visit",1.0,75.0,"PO16 8LW",39.0,9.0,"MR","Male",1928.0,66.0,"Over 65 years","Non-responder"
79.0,7.0,"£50-£100","5 Or More Visits",7.0,79.0,"PO 1 2TL",7.0,2.0,"MR","Male",1928.0,66.0,"Over 65 years","Non-responder"
64.0,1.0,"£50-£100","1 Visit",1.0,64.0,"WN 6 8LJ",10.0,3.0,"MR","Male",1928.0,66.0,"Over 65 years","Non-responder"
88.0,5.0,"£50-£100","5 Or More Visits",5.0,88.0,"ST21 6JR",47.0,11.0,"MR","Male",1928.0,66.0,"Over 65 years","Non-responder"
50.0,3.0,"£50-£100","3 Visits",3.0,50.0,"SG 2 9JQ",30.0,7.0,"MRS","Female",1927.0,67.0,"Over 65 years","Non-responder"
65.0,4.0,"£50-£100","4 Visits",4.0,65.0,"L 49 3QN",5.0,1.0,"MRS","Female",1927.0,67.0,"Over 65 years","Non-responder"
77.0,4.0,"£50-£100","4 Visits",4.0,77.0,"NG19 6LR",13.0,4.0,"MRS","Female",1927.0,67.0,"Over 65 years","Non-responder"
82.0,1.0,"£50-£100","1 Visit",1.0,82.0,"PO 5 1NE",33.0,8.0,"MRS","Female",1927.0,67.0,"Over 65 years","Non-responder"
58.0,1.0,"£50-£100","1 Visit",1.0,58.0,"LL60 6EA",49.0,11.0,"MRS","Female",1927.0,67.0,"Over 65 years","Non-responder"
72.0,1.0,"£50-£100","1 Visit",1.0,72.0,"HA 9 8NY",8.0,2.0,"MRS","Female",1927.0,67.0,"Over 65 years","Non-responder"
201.0,19.0,"£200-£300","5 Or More Visits",34.0,415.0,"TQ 5 8PS",38.0,9.0,"Mr","Male",1927.0,67.0,"Over 65 years","Responder"
73.0,5.0,"£50-£100","5 Or More Visits",7.0,109.0,"BD 8 0LJ",15.0,4.0,"MR","Male",1927.0,67.0,"Over 65 years","Responder"
95.0,5.0,"£50-£100","5 Or More Visits",6.0,100.0,"BL 3 4NT",5.0,1.0,"MR","Male",1927.0,67.0,"Over 65 years","Responder"
59.0,1.0,"£50-£100","1 Visit",2.0,110.0,"B 62 9QB",13.0,4.0,"MR","Male",1927.0,67.0,"Over 65 years","Responder"
58.0,6.0,"£50-£100","5 Or More Visits",8.0,71.0,"ST17 9QL",31.0,7.0,"MR","Male",1927.0,67.0,"Over 65 years","Responder"
118.0,5.0,"£100-£150","5 Or More Visits",7.0,130.0,"BB 4 8JY",2.0,1.0,"MR","Male",1927.0,67.0,"Over 65 years","Responder"
59.0,3.0,"£50-£100","3 Visits",4.0,70.0,"HA 3 8TZ",8.0,2.0,"MR","Male",1927.0,67.0,"Over 65 years","Responder"
62.0,4.0,"£50-£100","4 Visits",5.0,70.0,"NR30 4AR",39.0,9.0,"MR","Male",1927.0,67.0,"Over 65 years","Responder"
80.0,1.0,"£50-£100","1 Visit",1.0,80.0,"BR 2 0TT",4.0,1.0,"MR","Male",1927.0,67.0,"Over 65 years","Non-responder"
83.0,4.0,"£50-£100","4 Visits",4.0,83.0,"OX 2 7UG",37.0,9.0,"MR","Male",1927.0,67.0,"Over 65 years","Non-responder"
81.0,3.0,"£50-£100","3 Visits",3.0,81.0,"SG 2 8LP",12.0,3.0,"MR","Male",1927.0,67.0,"Over 65 years","Non-responder"
72.0,2.0,"£50-£100","2 Visits",2.0,72.0,"WN 3 5QS",10.0,3.0,"MR","Male",1927.0,67.0,"Over 65 years","Non-responder"
87.0,4.0,"£50-£100","4 Visits",4.0,87.0,"WS 2 0DZ",13.0,4.0,"MR","Male",1927.0,67.0,"Over 65 years","Non-responder"
70.0,2.0,"£50-£100","2 Visits",2.0,70.0,"PO21 4UU",38.0,9.0,"MR","Male",1927.0,67.0,"Over 65 years","Non-responder"
59.0,4.0,"£50-£100","4 Visits",4.0,59.0,"PE 4 7FH",43.0,10.0,"MR","Male",1927.0,67.0,"Over 65 years","Non-responder"
63.0,5.0,"£50-£100","5 Or More Visits",5.0,63.0,"KT12 3DN",7.0,2.0,"MR","Male",1927.0,67.0,"Over 65 years","Non-responder"
107.0,8.0,"£100-£150","5 Or More Visits",8.0,107.0,"CT21 5RY",39.0,9.0,"MR","Male",1927.0,67.0,"Over 65 years","Non-responder"
85.0,12.0,"£50-£100","5 Or More Visits",14.0,91.0,"CV32 6AN",20.0,5.0,"MRS","Female",1926.0,68.0,"Over 65 years","Responder"
57.0,2.0,"£50-£100","2 Visits",2.0,57.0,"TN 4 9QS",1.0,1.0,"MISS","Female",1926.0,68.0,"Over 65 years","Non-responder"
73.0,2.0,"£50-£100","2 Visits",2.0,73.0,"B 79 8TQ",3.0,1.0,"MRS","Female",1926.0,68.0,"Over 65 years","Non-responder"
68.0,6.0,"£50-£100","5 Or More Visits",6.0,68.0,"LS20 9LW",31.0,7.0,"MRS","Female",1926.0,68.0,"Over 65 years","Non-responder"
99.0,2.0,"£50-£100","2 Visits",3.0,101.0,"SA 2 8BH",5.0,1.0,"MR","Male",1926.0,68.0,"Over 65 years","Responder"
70.0,6.0,"£50-£100","5 Or More Visits",8.0,105.0,"CV13 6BG",5.0,1.0,"MR","Male",1926.0,68.0,"Over 65 years","Responder"
65.0,2.0,"£50-£100","2 Visits",3.0,88.0,"WV11 2PU",13.0,4.0,"MR","Male",1926.0,68.0,"Over 65 years","Responder"
105.0,5.0,"£100-£150","5 Or More Visits",6.0,110.0,"NE12 8QN",16.0,4.0,"MR","Male",1926.0,68.0,"Over 65 years","Responder"
62.0,6.0,"£50-£100","5 Or More Visits",7.0,66.0,"DN15 7EX",42.0,10.0,"MR","Male",1926.0,68.0,"Over 65 years","Responder"
87.0,3.0,"£50-£100","3 Visits",5.0,98.0,"PL26 8YG",6.0,2.0,"MR","Male",1926.0,68.0,"Over 65 years","Responder"
211.0,16.0,"£200-£300","5 Or More Visits",21.0,242.0,"DN15 9NQ",39.0,9.0,"MR","Male",1926.0,68.0,"Over 65 years","Responder"
61.0,1.0,"£50-£100","1 Visit",1.0,61.0,"SW11 5UG",24.0,6.0,"MR","Male",1926.0,68.0,"Over 65 years","Non-responder"
66.0,2.0,"£50-£100","2 Visits",2.0,66.0,"CF 4 5AP",5.0,1.0,"MR","Male",1926.0,68.0,"Over 65 years","Non-responder"
76.0,5.0,"£50-£100","5 Or More Visits",5.0,76.0,"CV10 0HH",9.0,3.0,"MR","Male",1926.0,68.0,"Over 65 years","Non-responder"
93.0,11.0,"£50-£100","5 Or More Visits",11.0,93.0,"RG 7 5NE",39.0,9.0,"MR","Male",1926.0,68.0,"Over 65 years","Non-responder"
70.0,4.0,"£50-£100","4 Visits",4.0,70.0,"NN10 0ES",11.0,3.0,"MR","Male",1926.0,68.0,"Over 65 years","Non-responder"
4.0,3.0,"Under £50","3 Visits",3.0,4.0,"NR30 2LX",32.0,7.0,"MR","Male",1926.0,68.0,"Over 65 years","Non-responder"
102.0,12.0,"£100-£150","5 Or More Visits",12.0,102.0,"WS11 3SR",10.0,3.0,"MR","Male",1926.0,68.0,"Over 65 years","Non-responder"
78.0,5.0,"£50-£100","5 Or More Visits",5.0,78.0,"BB 2 5AA",10.0,3.0,"MR","Male",1926.0,68.0,"Over 65 years","Non-responder"
53.0,2.0,"£50-£100","2 Visits",2.0,53.0,"WF12 8BE",20.0,5.0,"MR","Male",1926.0,68.0,"Over 65 years","Non-responder"
94.0,9.0,"£50-£100","5 Or More Visits",10.0,100.0,"GU16 5BB",8.0,2.0,"MRS","Female",1925.0,69.0,"Over 65 years","Responder"
82.0,1.0,"£50-£100","1 Visit",1.0,82.0,"OL 7 0HS",20.0,5.0,"MRS","Female",1925.0,69.0,"Over 65 years","Non-responder"
56.0,1.0,"£50-£100","1 Visit",1.0,56.0,"PR 9 9YP",38.0,9.0,"MRS","Female",1925.0,69.0,"Over 65 years","Non-responder"
0.0,2.0,"Under £50","2 Visits",3.0,0.0,"RG22 4HH",29.0,6.0,"MR","Male",1925.0,69.0,"Over 65 years","Responder"
364.0,24.0,"£300-£500","5 Or More Visits",28.0,417.0,"BA11 2SF",16.0,4.0,"Mr","Male",1925.0,69.0,"Over 65 years","Responder"
83.0,6.0,"£50-£100","5 Or More Visits",11.0,137.0,"LE 3 2FQ",10.0,3.0,"MR","Male",1925.0,69.0,"Over 65 years","Responder"
97.0,5.0,"£50-£100","5 Or More Visits",9.0,120.0,"SG 9 9PZ",6.0,2.0,"MR","Male",1925.0,69.0,"Over 65 years","Responder"
76.0,4.0,"£50-£100","4 Visits",5.0,85.0,"WS15 1LE",10.0,3.0,"MR","Male",1925.0,69.0,"Over 65 years","Responder"
104.0,12.0,"£100-£150","5 Or More Visits",14.0,110.0,"TN15 6TN",5.0,1.0,"MR","Male",1925.0,69.0,"Over 65 years","Responder"
47.0,7.0,"Under £50","5 Or More Visits",9.0,77.0,"BD17 5BQ",3.0,1.0,"MR","Male",1925.0,69.0,"Over 65 years","Responder"
62.0,2.0,"£50-£100","2 Visits",7.0,81.0,"WV12 5UN",9.0,3.0,"MR","Male",1925.0,69.0,"Over 65 years","Responder"
77.0,9.0,"£50-£100","5 Or More Visits",16.0,123.0,"L 62 6DQ",10.0,3.0,"MR","Male",1925.0,69.0,"Over 65 years","Responder"
534.0,16.0,"Over £500","5 Or More Visits",16.0,534.0,"CV21 1JL",10.0,3.0,"Mr","Male",1925.0,69.0,"Over 65 years","Non-responder"
50.0,4.0,"£50-£100","4 Visits",4.0,50.0,"LN 2 2YA",4.0,1.0,"MR","Male",1925.0,69.0,"Over 65 years","Non-responder"
15.0,2.0,"Under £50","2 Visits",2.0,15.0,"WF13 2JD",10.0,3.0,"MR","Male",1925.0,69.0,"Over 65 years","Non-responder"
83.0,4.0,"£50-£100","4 Visits",4.0,83.0,"LL60 6DG",31.0,7.0,"MR","Male",1925.0,69.0,"Over 65 years","Non-responder"
55.0,8.0,"£50-£100","5 Or More Visits",8.0,55.0,"CV21 1HP",5.0,1.0,"MR","Male",1925.0,69.0,"Over 65 years","Non-responder"
58.0,5.0,"£50-£100","5 Or More Visits",5.0,58.0,"PL 3 6BZ",12.0,3.0,"MR","Male",1925.0,69.0,"Over 65 years","Non-responder"
58.0,9.0,"£50-£100","5 Or More Visits",9.0,58.0,"SG 3 6NB",44.0,10.0,"MR","Male",1925.0,69.0,"Over 65 years","Non-responder"
63.0,3.0,"£50-£100","3 Visits",5.0,81.0,"LL13 0NZ",11.0,3.0,"MRS","Female",1924.0,70.0,"Over 65 years","Responder"
78.0,5.0,"£50-£100","5 Or More Visits",5.0,78.0,"BD16 2AB",8.0,2.0,"MRS","Female",1924.0,70.0,"Over 65 years","Non-responder"
44.0,8.0,"Under £50","5 Or More Visits",9.0,48.0,"BD 5 9NT",12.0,3.0,"MR","Male",1924.0,70.0,"Over 65 years","Responder"
91.0,4.0,"£50-£100","4 Visits",7.0,157.0,"BN25 4JQ",38.0,9.0,"MR","Male",1924.0,70.0,"Over 65 years","Responder"
52.0,4.0,"£50-£100","4 Visits",8.0,98.0,"PO20 8PW",39.0,9.0,"MR","Male",1924.0,70.0,"Over 65 years","Responder"
61.0,3.0,"£50-£100","3 Visits",3.0,61.0,"IG 8 9BP",1.0,1.0,"MR","Male",1924.0,70.0,"Over 65 years","Non-responder"
97.0,4.0,"£50-£100","4 Visits",4.0,97.0,"DA 6 7NS",8.0,2.0,"MR","Male",1924.0,70.0,"Over 65 years","Non-responder"
60.0,5.0,"£50-£100","5 Or More Visits",5.0,60.0,"B 74 3ND",3.0,1.0,"MR","Male",1924.0,70.0,"Over 65 years","Non-responder"
87.0,10.0,"£50-£100","5 Or More Visits",10.0,87.0,"GU15 3NQ",1.0,1.0,"MR","Male",1924.0,70.0,"Over 65 years","Non-responder"
59.0,4.0,"£50-£100","4 Visits",4.0,59.0,"ST 3 6HQ",10.0,3.0,"MR","Male",1924.0,70.0,"Over 65 years","Non-responder"
68.0,2.0,"£50-£100","2 Visits",2.0,68.0,"SR 6 9PF",30.0,7.0,"MR","Male",1924.0,70.0,"Over 65 years","Non-responder"
50.0,5.0,"£50-£100","5 Or More Visits",6.0,54.0,"KT 3 6DY",7.0,2.0,"MRS","Female",1923.0,71.0,"Over 65 years","Responder"
86.0,9.0,"£50-£100","5 Or More Visits",10.0,89.0,"CF 4 2AH",4.0,1.0,"MISS","Female",1923.0,71.0,"Over 65 years","Responder"
66.0,1.0,"£50-£100","1 Visit",1.0,66.0,"PO 1 5DN",29.0,6.0,"MRS","Female",1923.0,71.0,"Over 65 years","Non-responder"
84.0,1.0,"£50-£100","1 Visit",1.0,84.0,"LS20 8HA",1.0,1.0,"MRS","Female",1923.0,71.0,"Over 65 years","Non-responder"
56.0,2.0,"£50-£100","2 Visits",2.0,56.0,"TN29 9RZ",50.0,11.0,"MRS","Female",1923.0,71.0,"Over 65 years","Non-responder"
504.0,37.0,"Over £500","5 Or More Visits",43.0,577.0,"TF11 8HN",9.0,3.0,"Mr","Male",1923.0,71.0,"Over 65 years","Responder"
99.0,1.0,"£50-£100","1 Visit",2.0,109.0,"PR 3 5JR",5.0,1.0,"MR","Male",1923.0,71.0,"Over 65 years","Responder"
60.0,2.0,"£50-£100","2 Visits",3.0,71.0,"CR 6 9HR",4.0,1.0,"MR","Male",1923.0,71.0,"Over 65 years","Responder"
71.0,4.0,"£50-£100","4 Visits",5.0,73.0,"ST20 0HH",3.0,1.0,"MR","Male",1923.0,71.0,"Over 65 years","Responder"
69.0,7.0,"£50-£100","5 Or More Visits",9.0,80.0,"CR 0 4JZ",7.0,2.0,"MR","Male",1923.0,71.0,"Over 65 years","Responder"
78.0,1.0,"£50-£100","1 Visit",5.0,205.0,"BN25 3RN",5.0,1.0,"MR","Male",1923.0,71.0,"Over 65 years","Responder"
85.0,10.0,"£50-£100","5 Or More Visits",10.0,85.0,"ME10 1SR",10.0,3.0,"MR","Male",1923.0,71.0,"Over 65 years","Non-responder"
53.0,3.0,"£50-£100","3 Visits",3.0,53.0,"BA10 0AL",46.0,11.0,"MR","Male",1923.0,71.0,"Over 65 years","Non-responder"
87.0,1.0,"£50-£100","1 Visit",1.0,87.0,"HG 1 2BP",16.0,4.0,"MR","Male",1923.0,71.0,"Over 65 years","Non-responder"
56.0,1.0,"£50-£100","1 Visit",1.0,56.0,"HG 5 0AU",39.0,9.0,"MR","Male",1923.0,71.0,"Over 65 years","Non-responder"
56.0,4.0,"£50-£100","4 Visits",4.0,56.0,"TN13 3JW",40.0,9.0,"MR","Male",1923.0,71.0,"Over 65 years","Non-responder"
81.0,4.0,"£50-£100","4 Visits",4.0,81.0,"SK 8 6JT",8.0,2.0,"MR","Male",1923.0,71.0,"Over 65 years","Non-responder"
86.0,2.0,"£50-£100","2 Visits",2.0,86.0,"SA12 9EE",20.0,5.0,"MR","Male",1923.0,71.0,"Over 65 years","Non-responder"
97.0,6.0,"£50-£100","5 Or More Visits",9.0,127.0,"L 37 3LT",8.0,2.0,"MRS","Female",1922.0,72.0,"Over 65 years","Responder"
55.0,6.0,"£50-£100","5 Or More Visits",7.0,62.0,"CR 2 8RA",40.0,9.0,"MISS","Female",1922.0,72.0,"Over 65 years","Responder"
72.0,5.0,"£50-£100","5 Or More Visits",5.0,72.0,"PO 2 0ND",29.0,6.0,"MRS","Female",1922.0,72.0,"Over 65 years","Non-responder"
73.0,4.0,"£50-£100","4 Visits",7.0,277.0,"GU18 5RX",1.0,1.0,"MR","Male",1922.0,72.0,"Over 65 years","Responder"
80.0,2.0,"£50-£100","2 Visits",2.0,80.0,"HP27 0HL",39.0,9.0,"MR","Male",1922.0,72.0,"Over 65 years","Non-responder"
55.0,1.0,"£50-£100","1 Visit",1.0,55.0,"NG 5 2NU",7.0,2.0,"MR","Male",1922.0,72.0,"Over 65 years","Non-responder"
97.0,3.0,"£50-£100","3 Visits",3.0,97.0,"SY 3 9DG",5.0,1.0,"MR","Male",1922.0,72.0,"Over 65 years","Non-responder"
87.0,3.0,"£50-£100","3 Visits",3.0,87.0,"CR 6 9DT",7.0,2.0,"MR","Male",1922.0,72.0,"Over 65 years","Non-responder"
69.0,2.0,"£50-£100","2 Visits",2.0,69.0,"WD 3 3AT",8.0,2.0,"MR","Male",1922.0,72.0,"Over 65 years","Non-responder"
69.0,1.0,"£50-£100","1 Visit",1.0,69.0,"BL 9 8HW",3.0,1.0,"MRS","Female",1921.0,73.0,"Over 65 years","Non-responder"
95.0,1.0,"£50-£100","1 Visit",1.0,95.0,"WS 2 8PR",27.0,6.0,"MRS","Female",1921.0,73.0,"Over 65 years","Non-responder"
63.0,17.0,"£50-£100","5 Or More Visits",24.0,112.0,"LL13 9RA",20.0,5.0,"MR","Male",1921.0,73.0,"Over 65 years","Responder"
72.0,12.0,"£50-£100","5 Or More Visits",15.0,118.0,"NG 9 5LD",10.0,3.0,"MR","Male",1921.0,73.0,"Over 65 years","Responder"
89.0,5.0,"£50-£100","5 Or More Visits",6.0,91.0,"KT 5 9HA",8.0,2.0,"MR","Male",1921.0,73.0,"Over 65 years","Responder"
61.0,10.0,"£50-£100","5 Or More Visits",15.0,75.0,"MK41 7YW",3.0,1.0,"MR","Male",1921.0,73.0,"Over 65 years","Responder"
88.0,3.0,"£50-£100","3 Visits",5.0,122.0,"KT12 2PY",7.0,2.0,"MR","Male",1921.0,73.0,"Over 65 years","Responder"
60.0,7.0,"£50-£100","5 Or More Visits",9.0,67.0,"CV22 6QH",5.0,1.0,"MR","Male",1921.0,73.0,"Over 65 years","Responder"
68.0,12.0,"£50-£100","5 Or More Visits",12.0,68.0,"S 74 9RW",13.0,4.0,"MR","Male",1921.0,73.0,"Over 65 years","Non-responder"
70.0,2.0,"£50-£100","2 Visits",2.0,70.0,"SS 1 3AX",4.0,1.0,"MR","Male",1921.0,73.0,"Over 65 years","Non-responder"
80.0,1.0,"£50-£100","1 Visit",1.0,80.0,"CB 4 1TU",7.0,2.0,"MR","Male",1921.0,73.0,"Over 65 years","Non-responder"
84.0,1.0,"£50-£100","1 Visit",1.0,84.0,"CV 5 6DZ",7.0,2.0,"MR","Male",1921.0,73.0,"Over 65 years","Non-responder"
99.0,1.0,"£50-£100","1 Visit",2.0,104.0,"N  7 0SN",15.0,4.0,"MRS","Female",1920.0,74.0,"Over 65 years","Responder"
69.0,4.0,"£50-£100","4 Visits",6.0,121.0,"BN43 6GF",15.0,4.0,"MRS","Female",1920.0,74.0,"Over 65 years","Responder"
80.0,1.0,"£50-£100","1 Visit",1.0,80.0,"SY 3 9BN",5.0,1.0,"MRS","Female",1920.0,74.0,"Over 65 years","Non-responder"
59.0,4.0,"£50-£100","4 Visits",5.0,63.0,"SA69 9NT",45.0,11.0,"MR","Male",1920.0,74.0,"Over 65 years","Responder"
52.0,2.0,"£50-£100","2 Visits",3.0,60.0,"LE 2 6EP",8.0,2.0,"MR","Male",1920.0,74.0,"Over 65 years","Responder"
70.0,1.0,"£50-£100","1 Visit",1.0,70.0,"S 64 8QJ",37.0,9.0,"MR","Male",1920.0,74.0,"Over 65 years","Non-responder"
62.0,2.0,"£50-£100","2 Visits",2.0,62.0,"PO 7 7QB",3.0,1.0,"MR","Male",1920.0,74.0,"Over 65 years","Non-responder"
79.0,9.0,"£50-£100","5 Or More Visits",9.0,79.0,"PO21 3QT",38.0,9.0,"MR","Male",1920.0,74.0,"Over 65 years","Non-responder"
57.0,8.0,"£50-£100","5 Or More Visits",8.0,57.0,"OX 1 2JG",36.0,8.0,"MR","Male",1920.0,74.0,"Over 65 years","Non-responder"
51.0,2.0,"£50-£100","2 Visits",2.0,51.0,"BN41 2TP",16.0,4.0,"MR","Male",1920.0,74.0,"Over 65 years","Non-responder"
81.0,1.0,"£50-£100","1 Visit",1.0,81.0,"L 10 9LN",28.0,6.0,"MR","Male",1920.0,74.0,"Over 65 years","Non-responder"
73.0,2.0,"£50-£100","2 Visits",2.0,73.0,"WN 4 8RU",9.0,3.0,"MR","Male",1920.0,74.0,"Over 65 years","Non-responder"
69.0,1.0,"£50-£100","1 Visit",1.0,69.0,"BA21 3LR",10.0,3.0,"MR","Male",1920.0,74.0,"Over 65 years","Non-responder"
102.0,14.0,"£100-£150","5 Or More Visits",14.0,102.0,"WV 6 8AF",39.0,9.0,"MR","Male",1920.0,74.0,"Over 65 years","Non-responder"
95.0,1.0,"£50-£100","1 Visit",1.0,95.0,"CO 5 8BL",5.0,1.0,"MR","Male",1920.0,74.0,"Over 65 years","Non-responder"
44.0,3.0,"Under £50","3 Visits",3.0,44.0,"MK 2 2ND",15.0,4.0,"MR","Male",1920.0,74.0,"Over 65 years","Non-responder"
81.0,5.0,"£50-£100","5 Or More Visits",5.0,81.0,"HR 1 1ST",39.0,9.0,"MR","Male",1920.0,74.0,"Over 65 years","Non-responder"
60.0,3.0,"£50-£100","3 Visits",3.0,60.0,"WV 3 8HT",15.0,4.0,"MRS","Female",1919.0,75.0,"Over 65 years","Non-responder"
75.0,4.0,"£50-£100","4 Visits",5.0,78.0,"L  3 8DP",19.0,5.0,"MR","Male",1919.0,75.0,"Over 65 years","Responder"
56.0,4.0,"£50-£100","4 Visits",4.0,56.0,"NE13 8BJ",5.0,1.0,"MR","Male",1919.0,75.0,"Over 65 years","Non-responder"
52.0,6.0,"£50-£100","5 Or More Visits",6.0,52.0,"RG 3 6NB",3.0,1.0,"MR","Male",1919.0,75.0,"Over 65 years","Non-responder"
167.0,6.0,"£150-£200","5 Or More Visits",12.0,243.0,"RH16 4PZ",8.0,2.0,"MRS","Female",1918.0,76.0,"Over 65 years","Responder"
80.0,10.0,"£50-£100","5 Or More Visits",13.0,96.0,"CT20 3ES",39.0,9.0,"MR","Male",1918.0,76.0,"Over 65 years","Responder"
56.0,4.0,"£50-£100","4 Visits",4.0,56.0,"AL 5 5SZ",3.0,1.0,"MR","Male",1918.0,76.0,"Over 65 years","Non-responder"
43.0,2.0,"Under £50","2 Visits",2.0,43.0,"CR 6 9DD",7.0,2.0,"MR","Male",1918.0,76.0,"Over 65 years","Non-responder"
78.0,5.0,"£50-£100","5 Or More Visits",5.0,78.0,"IP 4 2DQ",34.0,8.0,"MR","Male",1918.0,76.0,"Over 65 years","Non-responder"
73.0,5.0,"£50-£100","5 Or More Visits",5.0,73.0,"SL 4 4EL",39.0,9.0,"MR","Male",1918.0,76.0,"Over 65 years","Non-responder"
64.0,6.0,"£50-£100","5 Or More Visits",6.0,64.0,"PE 2 5NG",17.0,4.0,"MR","Male",1918.0,76.0,"Over 65 years","Non-responder"
56.0,3.0,"£50-£100","3 Visits",3.0,56.0,"SG 6 1SW",15.0,4.0,"MR","Male",1918.0,76.0,"Over 65 years","Non-responder"
79.0,10.0,"£50-£100","5 Or More Visits",10.0,79.0,"HD 2 2AR",33.0,8.0,"MR","Male",1918.0,76.0,"Over 65 years","Non-responder"
56.0,1.0,"£50-£100","1 Visit",1.0,56.0,"TQ 2 6EY",30.0,7.0,"MRS","Female",1917.0,77.0,"Over 65 years","Non-responder"
93.0,2.0,"£50-£100","2 Visits",3.0,109.0,"KT16 8AL",6.0,2.0,"MR","Male",1917.0,77.0,"Over 65 years","Responder"
74.0,11.0,"£50-£100","5 Or More Visits",14.0,133.0,"LL57 4TF",15.0,4.0,"MR","Male",1917.0,77.0,"Over 65 years","Responder"
58.0,3.0,"£50-£100","3 Visits",4.0,62.0,"CV 4 7DS",1.0,1.0,"MR","Male",1916.0,78.0,"Over 65 years","Responder"
50.0,2.0,"£50-£100","2 Visits",2.0,50.0,"LE 8 3JG",10.0,3.0,"MR","Male",1916.0,78.0,"Over 65 years","Non-responder"
53.0,2.0,"£50-£100","2 Visits",2.0,53.0,"ST18 9PX",39.0,9.0,"MR","Male",1916.0,78.0,"Over 65 years","Non-responder"
51.0,4.0,"£50-£100","4 Visits",4.0,51.0,"RG 2 8DL",16.0,4.0,"MR","Male",1916.0,78.0,"Over 65 years","Non-responder"
65.0,4.0,"£50-£100","4 Visits",4.0,65.0,"BR 5 3HA",42.0,10.0,"MR","Male",1916.0,78.0,"Over 65 years","Non-responder"
73.0,4.0,"£50-£100","4 Visits",4.0,73.0,"BL 0 0NG",29.0,6.0,"MISS","Female",1915.0,79.0,"Over 65 years","Non-responder"
91.0,1.0,"£50-£100","1 Visit",1.0,91.0,"M 23 8WJ",15.0,4.0,"MR","Male",1915.0,79.0,"Over 65 years","Non-responder"
60.0,2.0,"£50-£100","2 Visits",2.0,60.0,"KT 4 7LR",8.0,2.0,"MR","Male",1915.0,79.0,"Over 65 years","Non-responder"
80.0,2.0,"£50-£100","2 Visits",2.0,80.0,"NR31 7PL",8.0,2.0,"MR","Male",1914.0,80.0,"Over 65 years","Non-responder"
51.0,1.0,"£50-£100","1 Visit",1.0,51.0,"N  3 1UH",30.0,7.0,"MR","Male",1914.0,80.0,"Over 65 years","Non-responder"
81.0,1.0,"£50-£100","1 Visit",1.0,81.0,"OX 8 6EZ",38.0,9.0,"MR","Male",1913.0,81.0,"Over 65 years","Non-responder"
70.0,5.0,"£50-£100","5 Or More Visits",5.0,70.0,"NR18 0LZ",10.0,3.0,"MR","Male",1913.0,81.0,"Over 65 years","Non-responder"
65.0,2.0,"£50-£100","2 Visits",3.0,71.0,"PE 2 5HJ",8.0,2.0,"MR","Male",1912.0,82.0,"Over 65 years","Responder"
84.0,1.0,"£50-£100","1 Visit",1.0,84.0,"LA 4 4LD",8.0,2.0,"MR","Male",1912.0,82.0,"Over 65 years","Non-responder"
77.0,5.0,"£50-£100","5 Or More Visits",5.0,77.0,"NR13 3BH",39.0,9.0,"MR","Male",1912.0,82.0,"Over 65 years","Non-responder"
56.0,2.0,"£50-£100","2 Visits",3.0,79.0,"WS 9 0HQ",10.0,3.0,"MR","Male",1911.0,83.0,"Over 65 years","Responder"
76.0,1.0,"£50-£100","1 Visit",1.0,76.0,"E 11 2AS",36.0,8.0,"MRS","Female",1909.0,85.0,"Over 65 years","Non-responder"
61.0,4.0,"£50-£100","4 Visits",5.0,180.0,"RH12 2LT",5.0,1.0,"MR","Male",1909.0,85.0,"Over 65 years","Responder"
55.0,1.0,"£50-£100","1 Visit",1.0,55.0,"OX 7 5EX",7.0,2.0,"MR","Male",1905.0,89.0,"Over 65 years","Non-responder"
103.0,10.0,"£100-£150","5 Or More Visits",10.0,103.0,"LS12 4TT",9.0,3.0,"MR","Male",1902.0,92.0,"Over 65 years","Non-responder"
79.0,7.0,"£50-£100","5 Or More Visits",7.0,79.0,"TA14 6RL",11.0,3.0,"MR","Male",1902.0,92.0,"Over 65 years","Non-responder"
