"Pre-campaign expenditure";"Pre-campaign visits";"Total number of visits";"Total spend";"52 Mosaic Groups";"Mosaic Bands";"Year Of Birth";"Age";"Response to campaign"
56.0;2.0;2.0;56.0;40.0;9.0;1975.0;19.0;"Non-responder"
60.0;1.0;1.0;60.0;11.0;3.0;1974.0;20.0;"Non-responder"
70.0;5.0;5.0;70.0;13.0;4.0;1974.0;20.0;"Non-responder"
68.0;3.0;3.0;68.0;29.0;6.0;1974.0;20.0;"Non-responder"
75.0;4.0;4.0;75.0;16.0;4.0;1973.0;21.0;"Non-responder"
95.0;4.0;5.0;128.0;9.0;3.0;1973.0;21.0;"Responder"
61.0;4.0;6.0;78.0;22.0;5.0;1973.0;21.0;"Responder"
77.0;5.0;5.0;77.0;8.0;2.0;1973.0;21.0;"Non-responder"
98.0;1.0;1.0;98.0;13.0;4.0;1973.0;21.0;"Non-responder"
59.0;1.0;1.0;59.0;29.0;6.0;1973.0;21.0;"Non-responder"
50.0;1.0;1.0;50.0;12.0;3.0;1973.0;21.0;"Non-responder"
63.0;1.0;1.0;63.0;1.0;1.0;1973.0;21.0;"Non-responder"
35.0;1.0;5.0;110.0;31.0;7.0;1972.0;22.0;"Responder"
59.0;1.0;1.0;59.0;24.0;6.0;1972.0;22.0;"Non-responder"
70.0;7.0;7.0;70.0;16.0;4.0;1972.0;22.0;"Non-responder"
68.0;2.0;2.0;68.0;9.0;3.0;1972.0;22.0;"Non-responder"
61.0;1.0;1.0;61.0;12.0;3.0;1972.0;22.0;"Non-responder"
66.0;3.0;3.0;66.0;30.0;7.0;1972.0;22.0;"Non-responder"
52.0;1.0;1.0;52.0;41.0;10.0;1972.0;22.0;"Non-responder"
88.0;4.0;4.0;88.0;17.0;4.0;1972.0;22.0;"Non-responder"
45.0;2.0;3.0;58.0;16.0;4.0;1972.0;22.0;"Responder"
83.0;12.0;14.0;105.0;11.0;3.0;1972.0;22.0;"Responder"
65.0;1.0;1.0;65.0;6.0;2.0;1972.0;22.0;"Non-responder"
79.0;1.0;1.0;79.0;11.0;3.0;1972.0;22.0;"Non-responder"
88.0;2.0;2.0;88.0;16.0;4.0;1972.0;22.0;"Non-responder"
54.0;6.0;6.0;54.0;8.0;2.0;1972.0;22.0;"Non-responder"
63.0;2.0;2.0;63.0;36.0;8.0;1972.0;22.0;"Non-responder"
55.0;2.0;2.0;55.0;12.0;3.0;1972.0;22.0;"Non-responder"
57.0;1.0;1.0;57.0;11.0;3.0;1972.0;22.0;"Non-responder"
55.0;1.0;1.0;55.0;14.0;4.0;1972.0;22.0;"Non-responder"
52.0;1.0;1.0;52.0;26.0;6.0;1972.0;22.0;"Non-responder"
255.0;14.0;16.0;263.0;11.0;3.0;1971.0;23.0;"Responder"
84.0;1.0;1.0;84.0;39.0;9.0;1971.0;23.0;"Non-responder"
82.0;2.0;2.0;82.0;30.0;7.0;1971.0;23.0;"Non-responder"
117.0;6.0;6.0;117.0;29.0;6.0;1971.0;23.0;"Non-responder"
60.0;5.0;5.0;60.0;11.0;3.0;1971.0;23.0;"Non-responder"
76.0;3.0;3.0;76.0;43.0;10.0;1971.0;23.0;"Non-responder"
120.0;4.0;4.0;120.0;37.0;9.0;1971.0;23.0;"Non-responder"
52.0;1.0;1.0;52.0;23.0;5.0;1971.0;23.0;"Non-responder"
83.0;4.0;4.0;83.0;11.0;3.0;1971.0;23.0;"Non-responder"
70.0;6.0;6.0;70.0;50.0;11.0;1971.0;23.0;"Non-responder"
98.0;6.0;6.0;98.0;16.0;4.0;1971.0;23.0;"Non-responder"
85.0;6.0;6.0;85.0;29.0;6.0;1971.0;23.0;"Non-responder"
67.0;4.0;4.0;67.0;43.0;10.0;1971.0;23.0;"Non-responder"
69.0;2.0;2.0;69.0;17.0;4.0;1971.0;23.0;"Non-responder"
61.0;1.0;6.0;180.0;8.0;2.0;1971.0;23.0;"Responder"
96.0;5.0;6.0;104.0;11.0;3.0;1971.0;23.0;"Responder"
99.0;2.0;2.0;99.0;32.0;7.0;1971.0;23.0;"Non-responder"
37.0;3.0;3.0;37.0;30.0;7.0;1971.0;23.0;"Non-responder"
52.0;1.0;1.0;52.0;44.0;10.0;1971.0;23.0;"Non-responder"
91.0;1.0;1.0;91.0;7.0;2.0;1971.0;23.0;"Non-responder"
89.0;3.0;3.0;89.0;11.0;3.0;1971.0;23.0;"Non-responder"
69.0;3.0;3.0;69.0;15.0;4.0;1971.0;23.0;"Non-responder"
54.0;4.0;4.0;54.0;29.0;6.0;1971.0;23.0;"Non-responder"
53.0;7.0;7.0;53.0;11.0;3.0;1971.0;23.0;"Non-responder"
60.0;1.0;1.0;60.0;40.0;9.0;1971.0;23.0;"Non-responder"
349.0;17.0;20.0;422.0;8.0;2.0;1970.0;24.0;"Responder"
32.0;5.0;6.0;39.0;10.0;3.0;1970.0;24.0;"Responder"
190.0;6.0;8.0;198.0;42.0;10.0;1970.0;24.0;"Responder"
78.0;6.0;7.0;95.0;30.0;7.0;1970.0;24.0;"Responder"
70.0;2.0;3.0;84.0;7.0;2.0;1970.0;24.0;"Responder"
73.0;2.0;2.0;73.0;17.0;4.0;1970.0;24.0;"Non-responder"
75.0;1.0;1.0;75.0;47.0;11.0;1970.0;24.0;"Non-responder"
57.0;1.0;1.0;57.0;29.0;6.0;1970.0;24.0;"Non-responder"
51.0;5.0;5.0;51.0;2.0;1.0;1970.0;24.0;"Non-responder"
63.0;3.0;3.0;63.0;7.0;2.0;1970.0;24.0;"Non-responder"
77.0;4.0;4.0;77.0;17.0;4.0;1970.0;24.0;"Non-responder"
90.0;1.0;1.0;90.0;17.0;4.0;1970.0;24.0;"Non-responder"
67.0;8.0;8.0;67.0;43.0;10.0;1970.0;24.0;"Non-responder"
91.0;2.0;2.0;91.0;41.0;10.0;1970.0;24.0;"Non-responder"
60.0;2.0;2.0;60.0;12.0;3.0;1970.0;24.0;"Non-responder"
51.0;2.0;2.0;51.0;34.0;8.0;1970.0;24.0;"Non-responder"
92.0;1.0;1.0;92.0;20.0;5.0;1970.0;24.0;"Non-responder"
91.0;6.0;8.0;104.0;12.0;3.0;1970.0;24.0;"Responder"
92.0;5.0;6.0;94.0;29.0;6.0;1970.0;24.0;"Responder"
54.0;5.0;7.0;62.0;41.0;10.0;1970.0;24.0;"Responder"
64.0;10.0;12.0;76.0;20.0;5.0;1970.0;24.0;"Responder"
0.0;0.0;0.0;0.0;30.0;7.0;1970.0;24.0;"Non-responder"
56.0;2.0;2.0;56.0;51.0;12.0;1970.0;24.0;"Non-responder"
56.0;3.0;3.0;56.0;40.0;9.0;1970.0;24.0;"Non-responder"
92.0;4.0;4.0;92.0;41.0;10.0;1970.0;24.0;"Non-responder"
74.0;4.0;4.0;74.0;11.0;3.0;1970.0;24.0;"Non-responder"
80.0;3.0;3.0;80.0;16.0;4.0;1970.0;24.0;"Non-responder"
66.0;2.0;2.0;66.0;17.0;4.0;1970.0;24.0;"Non-responder"
88.0;8.0;8.0;88.0;30.0;7.0;1970.0;24.0;"Non-responder"
182.0;6.0;6.0;182.0;11.0;3.0;1970.0;24.0;"Non-responder"
58.0;1.0;1.0;58.0;12.0;3.0;1970.0;24.0;"Non-responder"
89.0;3.0;3.0;89.0;44.0;10.0;1970.0;24.0;"Non-responder"
67.0;1.0;3.0;103.0;37.0;9.0;1969.0;25.0;"Responder"
98.0;1.0;2.0;151.0;44.0;10.0;1969.0;25.0;"Responder"
67.0;3.0;6.0;148.0;3.0;1.0;1969.0;25.0;"Responder"
85.0;1.0;1.0;85.0;30.0;7.0;1969.0;25.0;"Non-responder"
54.0;2.0;2.0;54.0;18.0;5.0;1969.0;25.0;"Non-responder"
87.0;3.0;3.0;87.0;27.0;6.0;1969.0;25.0;"Non-responder"
91.0;1.0;1.0;91.0;14.0;4.0;1969.0;25.0;"Non-responder"
51.0;4.0;4.0;51.0;11.0;3.0;1969.0;25.0;"Non-responder"
72.0;1.0;1.0;72.0;43.0;10.0;1969.0;25.0;"Non-responder"
89.0;1.0;1.0;89.0;10.0;3.0;1969.0;25.0;"Non-responder"
51.0;3.0;3.0;51.0;15.0;4.0;1969.0;25.0;"Non-responder"
62.0;1.0;1.0;62.0;10.0;3.0;1969.0;25.0;"Non-responder"
69.0;4.0;4.0;69.0;2.0;1.0;1969.0;25.0;"Non-responder"
71.0;2.0;2.0;71.0;11.0;3.0;1969.0;25.0;"Non-responder"
85.0;1.0;4.0;112.0;29.0;6.0;1969.0;25.0;"Responder"
86.0;11.0;16.0;148.0;9.0;3.0;1969.0;25.0;"Responder"
121.0;6.0;9.0;153.0;17.0;4.0;1969.0;25.0;"Responder"
50.0;3.0;5.0;72.0;9.0;3.0;1969.0;25.0;"Responder"
17.0;1.0;5.0;60.0;28.0;6.0;1969.0;25.0;"Responder"
83.0;5.0;7.0;111.0;24.0;6.0;1969.0;25.0;"Responder"
251.0;6.0;6.0;251.0;29.0;6.0;1969.0;25.0;"Non-responder"
58.0;2.0;2.0;58.0;17.0;4.0;1969.0;25.0;"Non-responder"
61.0;2.0;2.0;61.0;15.0;4.0;1969.0;25.0;"Non-responder"
68.0;1.0;1.0;68.0;30.0;7.0;1969.0;25.0;"Non-responder"
95.0;1.0;1.0;95.0;23.0;5.0;1969.0;25.0;"Non-responder"
57.0;4.0;4.0;57.0;31.0;7.0;1969.0;25.0;"Non-responder"
69.0;3.0;3.0;69.0;16.0;4.0;1969.0;25.0;"Non-responder"
85.0;3.0;3.0;85.0;11.0;3.0;1969.0;25.0;"Non-responder"
53.0;2.0;2.0;53.0;44.0;10.0;1969.0;25.0;"Non-responder"
59.0;1.0;1.0;59.0;10.0;3.0;1969.0;25.0;"Non-responder"
59.0;7.0;7.0;59.0;42.0;10.0;1969.0;25.0;"Non-responder"
83.0;2.0;2.0;83.0;15.0;4.0;1969.0;25.0;"Non-responder"
80.0;1.0;1.0;80.0;1.0;1.0;1969.0;25.0;"Non-responder"
64.0;7.0;7.0;64.0;43.0;10.0;1969.0;25.0;"Non-responder"
76.0;10.0;10.0;76.0;34.0;8.0;1969.0;25.0;"Non-responder"
62.0;2.0;2.0;62.0;29.0;6.0;1969.0;25.0;"Non-responder"
53.0;1.0;1.0;53.0;12.0;3.0;1969.0;25.0;"Non-responder"
111.0;2.0;2.0;111.0;1.0;1.0;1969.0;25.0;"Non-responder"
63.0;4.0;4.0;63.0;12.0;3.0;1969.0;25.0;"Non-responder"
57.0;2.0;2.0;57.0;11.0;3.0;1969.0;25.0;"Non-responder"
72.0;1.0;1.0;72.0;8.0;2.0;1969.0;25.0;"Non-responder"
60.0;1.0;1.0;60.0;41.0;10.0;1969.0;25.0;"Non-responder"
74.0;2.0;2.0;74.0;44.0;10.0;1969.0;25.0;"Non-responder"
99.0;1.0;1.0;99.0;10.0;3.0;1969.0;25.0;"Non-responder"
83.0;2.0;2.0;83.0;29.0;6.0;1969.0;25.0;"Non-responder"
84.0;1.0;1.0;84.0;24.0;6.0;1969.0;25.0;"Non-responder"
77.0;10.0;10.0;77.0;2.0;1.0;1969.0;25.0;"Non-responder"
91.0;6.0;7.0;93.0;31.0;7.0;1968.0;26.0;"Responder"
71.0;5.0;6.0;76.0;43.0;10.0;1968.0;26.0;"Responder"
88.0;4.0;13.0;324.0;13.0;4.0;1968.0;26.0;"Responder"
53.0;1.0;3.0;226.0;43.0;10.0;1968.0;26.0;"Responder"
61.0;1.0;3.0;93.0;12.0;3.0;1968.0;26.0;"Responder"
198.0;16.0;16.0;198.0;24.0;6.0;1968.0;26.0;"Non-responder"
58.0;8.0;8.0;58.0;44.0;10.0;1968.0;26.0;"Non-responder"
51.0;2.0;2.0;51.0;29.0;6.0;1968.0;26.0;"Non-responder"
95.0;7.0;7.0;95.0;11.0;3.0;1968.0;26.0;"Non-responder"
83.0;2.0;2.0;83.0;16.0;4.0;1968.0;26.0;"Non-responder"
70.0;6.0;6.0;70.0;6.0;2.0;1968.0;26.0;"Non-responder"
70.0;1.0;1.0;70.0;50.0;11.0;1968.0;26.0;"Non-responder"
68.0;1.0;1.0;68.0;6.0;2.0;1968.0;26.0;"Non-responder"
76.0;2.0;2.0;76.0;17.0;4.0;1968.0;26.0;"Non-responder"
78.0;2.0;2.0;78.0;9.0;3.0;1968.0;26.0;"Non-responder"
63.0;2.0;2.0;63.0;44.0;10.0;1968.0;26.0;"Non-responder"
79.0;2.0;2.0;79.0;17.0;4.0;1968.0;26.0;"Non-responder"
59.0;7.0;7.0;59.0;27.0;6.0;1968.0;26.0;"Non-responder"
94.0;1.0;1.0;94.0;45.0;11.0;1968.0;26.0;"Non-responder"
75.0;1.0;1.0;75.0;22.0;5.0;1968.0;26.0;"Non-responder"
52.0;1.0;1.0;52.0;40.0;9.0;1968.0;26.0;"Non-responder"
366.0;36.0;38.0;399.0;9.0;3.0;1968.0;26.0;"Responder"
58.0;3.0;4.0;63.0;29.0;6.0;1968.0;26.0;"Responder"
80.0;8.0;12.0;139.0;43.0;10.0;1968.0;26.0;"Responder"
99.0;1.0;1.0;99.0;6.0;2.0;1968.0;26.0;"Non-responder"
86.0;2.0;2.0;86.0;12.0;3.0;1968.0;26.0;"Non-responder"
79.0;1.0;1.0;79.0;4.0;1.0;1968.0;26.0;"Non-responder"
60.0;2.0;2.0;60.0;11.0;3.0;1968.0;26.0;"Non-responder"
77.0;1.0;1.0;77.0;8.0;2.0;1968.0;26.0;"Non-responder"
52.0;1.0;1.0;52.0;28.0;6.0;1968.0;26.0;"Non-responder"
87.0;1.0;1.0;87.0;11.0;3.0;1968.0;26.0;"Non-responder"
97.0;2.0;2.0;97.0;6.0;2.0;1968.0;26.0;"Non-responder"
80.0;4.0;4.0;80.0;29.0;6.0;1968.0;26.0;"Non-responder"
86.0;10.0;10.0;86.0;13.0;4.0;1968.0;26.0;"Non-responder"
74.0;3.0;3.0;74.0;29.0;6.0;1968.0;26.0;"Non-responder"
73.0;1.0;1.0;73.0;32.0;7.0;1968.0;26.0;"Non-responder"
96.0;1.0;1.0;96.0;47.0;11.0;1968.0;26.0;"Non-responder"
59.0;3.0;3.0;59.0;41.0;10.0;1968.0;26.0;"Non-responder"
53.0;1.0;1.0;53.0;39.0;9.0;1968.0;26.0;"Non-responder"
63.0;3.0;3.0;63.0;41.0;10.0;1968.0;26.0;"Non-responder"
60.0;2.0;2.0;60.0;32.0;7.0;1968.0;26.0;"Non-responder"
93.0;3.0;3.0;93.0;16.0;4.0;1968.0;26.0;"Non-responder"
65.0;4.0;4.0;65.0;44.0;10.0;1968.0;26.0;"Non-responder"
75.0;3.0;3.0;75.0;24.0;6.0;1968.0;26.0;"Non-responder"
80.0;1.0;1.0;80.0;10.0;3.0;1968.0;26.0;"Non-responder"
51.0;1.0;1.0;51.0;43.0;10.0;1968.0;26.0;"Non-responder"
98.0;3.0;3.0;98.0;32.0;7.0;1968.0;26.0;"Non-responder"
17.0;4.0;5.0;20.0;43.0;10.0;1967.0;27.0;"Responder"
99.0;5.0;7.0;126.0;14.0;4.0;1967.0;27.0;"Responder"
58.0;3.0;4.0;67.0;16.0;4.0;1967.0;27.0;"Responder"
155.0;7.0;8.0;174.0;7.0;2.0;1967.0;27.0;"Responder"
50.0;1.0;1.0;50.0;28.0;6.0;1967.0;27.0;"Non-responder"
84.0;3.0;3.0;84.0;24.0;6.0;1967.0;27.0;"Non-responder"
78.0;1.0;1.0;78.0;16.0;4.0;1967.0;27.0;"Non-responder"
64.0;1.0;1.0;64.0;44.0;10.0;1967.0;27.0;"Non-responder"
97.0;9.0;9.0;97.0;43.0;10.0;1967.0;27.0;"Non-responder"
52.0;1.0;1.0;52.0;8.0;2.0;1967.0;27.0;"Non-responder"
91.0;1.0;1.0;91.0;39.0;9.0;1967.0;27.0;"Non-responder"
52.0;1.0;1.0;52.0;33.0;8.0;1967.0;27.0;"Non-responder"
86.0;6.0;6.0;86.0;29.0;6.0;1967.0;27.0;"Non-responder"
90.0;2.0;2.0;90.0;13.0;4.0;1967.0;27.0;"Non-responder"
79.0;2.0;2.0;79.0;7.0;2.0;1967.0;27.0;"Non-responder"
44.0;3.0;3.0;44.0;42.0;10.0;1967.0;27.0;"Non-responder"
68.0;2.0;2.0;68.0;12.0;3.0;1967.0;27.0;"Non-responder"
71.0;2.0;2.0;71.0;44.0;10.0;1967.0;27.0;"Non-responder"
56.0;1.0;1.0;56.0;23.0;5.0;1967.0;27.0;"Non-responder"
56.0;3.0;4.0;62.0;29.0;6.0;1967.0;27.0;"Responder"
84.0;1.0;2.0;99.0;12.0;3.0;1967.0;27.0;"Responder"
85.0;2.0;3.0;114.0;8.0;2.0;1967.0;27.0;"Responder"
94.0;5.0;6.0;105.0;12.0;3.0;1967.0;27.0;"Responder"
71.0;5.0;6.0;82.0;11.0;3.0;1967.0;27.0;"Responder"
71.0;5.0;12.0;110.0;10.0;3.0;1967.0;27.0;"Responder"
74.0;1.0;2.0;117.0;44.0;10.0;1967.0;27.0;"Responder"
77.0;6.0;10.0;0.0;15.0;4.0;1967.0;27.0;"Responder"
69.0;2.0;2.0;69.0;26.0;6.0;1967.0;27.0;"Non-responder"
52.0;6.0;6.0;52.0;8.0;2.0;1967.0;27.0;"Non-responder"
90.0;1.0;1.0;90.0;12.0;3.0;1967.0;27.0;"Non-responder"
53.0;1.0;1.0;53.0;42.0;10.0;1967.0;27.0;"Non-responder"
71.0;1.0;1.0;71.0;30.0;7.0;1967.0;27.0;"Non-responder"
57.0;1.0;1.0;57.0;34.0;8.0;1967.0;27.0;"Non-responder"
60.0;3.0;3.0;60.0;12.0;3.0;1967.0;27.0;"Non-responder"
90.0;3.0;3.0;90.0;17.0;4.0;1967.0;27.0;"Non-responder"
80.0;7.0;7.0;80.0;29.0;6.0;1967.0;27.0;"Non-responder"
85.0;5.0;5.0;85.0;27.0;6.0;1967.0;27.0;"Non-responder"
83.0;6.0;6.0;83.0;29.0;6.0;1967.0;27.0;"Non-responder"
73.0;2.0;2.0;73.0;17.0;4.0;1967.0;27.0;"Non-responder"
58.0;3.0;3.0;58.0;12.0;3.0;1967.0;27.0;"Non-responder"
82.0;1.0;1.0;82.0;11.0;3.0;1967.0;27.0;"Non-responder"
68.0;1.0;1.0;68.0;17.0;4.0;1967.0;27.0;"Non-responder"
74.0;6.0;6.0;74.0;10.0;3.0;1967.0;27.0;"Non-responder"
69.0;4.0;4.0;69.0;6.0;2.0;1967.0;27.0;"Non-responder"
85.0;8.0;8.0;85.0;11.0;3.0;1967.0;27.0;"Non-responder"
83.0;3.0;3.0;83.0;23.0;5.0;1967.0;27.0;"Non-responder"
61.0;2.0;2.0;61.0;42.0;10.0;1967.0;27.0;"Non-responder"
53.0;2.0;2.0;53.0;28.0;6.0;1967.0;27.0;"Non-responder"
69.0;2.0;2.0;69.0;41.0;10.0;1967.0;27.0;"Non-responder"
96.0;2.0;2.0;96.0;34.0;8.0;1967.0;27.0;"Non-responder"
92.0;5.0;5.0;92.0;16.0;4.0;1967.0;27.0;"Non-responder"
62.0;3.0;3.0;62.0;30.0;7.0;1967.0;27.0;"Non-responder"
32.0;1.0;1.0;32.0;7.0;2.0;1967.0;27.0;"Non-responder"
93.0;2.0;2.0;93.0;2.0;1.0;1967.0;27.0;"Non-responder"
57.0;1.0;1.0;57.0;7.0;2.0;1967.0;27.0;"Non-responder"
78.0;7.0;7.0;78.0;30.0;7.0;1967.0;27.0;"Non-responder"
70.0;1.0;1.0;70.0;24.0;6.0;1967.0;27.0;"Non-responder"
161.0;10.0;11.0;182.0;36.0;8.0;1966.0;28.0;"Responder"
56.0;1.0;3.0;50.0;2.0;1.0;1966.0;28.0;"Responder"
88.0;5.0;6.0;99.0;14.0;4.0;1966.0;28.0;"Responder"
100.0;19.0;23.0;197.0;43.0;10.0;1966.0;28.0;"Responder"
36.0;2.0;3.0;42.0;6.0;2.0;1966.0;28.0;"Responder"
75.0;3.0;4.0;80.0;15.0;4.0;1966.0;28.0;"Responder"
87.0;3.0;5.0;93.0;8.0;2.0;1966.0;28.0;"Responder"
265.0;16.0;16.0;265.0;11.0;3.0;1966.0;28.0;"Non-responder"
85.0;3.0;3.0;85.0;29.0;6.0;1966.0;28.0;"Non-responder"
59.0;3.0;3.0;59.0;36.0;8.0;1966.0;28.0;"Non-responder"
78.0;6.0;6.0;78.0;31.0;7.0;1966.0;28.0;"Non-responder"
60.0;1.0;1.0;60.0;11.0;3.0;1966.0;28.0;"Non-responder"
104.0;4.0;4.0;104.0;11.0;3.0;1966.0;28.0;"Non-responder"
51.0;4.0;4.0;51.0;26.0;6.0;1966.0;28.0;"Non-responder"
71.0;1.0;1.0;71.0;29.0;6.0;1966.0;28.0;"Non-responder"
95.0;1.0;1.0;95.0;44.0;10.0;1966.0;28.0;"Non-responder"
66.0;1.0;1.0;66.0;31.0;7.0;1966.0;28.0;"Non-responder"
60.0;1.0;1.0;60.0;15.0;4.0;1966.0;28.0;"Non-responder"
95.0;1.0;1.0;95.0;13.0;4.0;1966.0;28.0;"Non-responder"
77.0;4.0;4.0;77.0;44.0;10.0;1966.0;28.0;"Non-responder"
76.0;1.0;1.0;76.0;8.0;2.0;1966.0;28.0;"Non-responder"
51.0;6.0;6.0;51.0;11.0;3.0;1966.0;28.0;"Non-responder"
89.0;1.0;1.0;89.0;1.0;1.0;1966.0;28.0;"Non-responder"
66.0;1.0;1.0;66.0;36.0;8.0;1966.0;28.0;"Non-responder"
56.0;4.0;6.0;146.0;12.0;3.0;1966.0;28.0;"Responder"
69.0;3.0;4.0;75.0;17.0;4.0;1966.0;28.0;"Responder"
98.0;4.0;7.0;137.0;7.0;2.0;1966.0;28.0;"Responder"
23.0;2.0;2.0;23.0;36.0;8.0;1966.0;28.0;"Non-responder"
0.0;0.0;0.0;0.0;17.0;4.0;1966.0;28.0;"Non-responder"
65.0;1.0;1.0;65.0;31.0;7.0;1966.0;28.0;"Non-responder"
84.0;3.0;3.0;84.0;47.0;11.0;1966.0;28.0;"Non-responder"
52.0;1.0;1.0;52.0;6.0;2.0;1966.0;28.0;"Non-responder"
92.0;4.0;4.0;92.0;17.0;4.0;1966.0;28.0;"Non-responder"
87.0;2.0;2.0;87.0;47.0;11.0;1966.0;28.0;"Non-responder"
55.0;7.0;7.0;55.0;10.0;3.0;1966.0;28.0;"Non-responder"
80.0;1.0;1.0;80.0;43.0;10.0;1966.0;28.0;"Non-responder"
89.0;1.0;1.0;89.0;6.0;2.0;1966.0;28.0;"Non-responder"
111.0;2.0;2.0;111.0;11.0;3.0;1966.0;28.0;"Non-responder"
82.0;4.0;4.0;82.0;29.0;6.0;1966.0;28.0;"Non-responder"
78.0;2.0;2.0;78.0;15.0;4.0;1966.0;28.0;"Non-responder"
88.0;2.0;2.0;88.0;17.0;4.0;1966.0;28.0;"Non-responder"
52.0;1.0;1.0;52.0;16.0;4.0;1966.0;28.0;"Non-responder"
50.0;1.0;1.0;50.0;2.0;1.0;1966.0;28.0;"Non-responder"
65.0;4.0;4.0;65.0;43.0;10.0;1966.0;28.0;"Non-responder"
80.0;1.0;1.0;80.0;6.0;2.0;1966.0;28.0;"Non-responder"
71.0;5.0;5.0;71.0;2.0;1.0;1966.0;28.0;"Non-responder"
75.0;3.0;3.0;75.0;29.0;6.0;1966.0;28.0;"Non-responder"
65.0;3.0;3.0;65.0;11.0;3.0;1966.0;28.0;"Non-responder"
57.0;1.0;1.0;57.0;28.0;6.0;1966.0;28.0;"Non-responder"
60.0;1.0;1.0;60.0;7.0;2.0;1966.0;28.0;"Non-responder"
90.0;1.0;1.0;90.0;7.0;2.0;1966.0;28.0;"Non-responder"
71.0;2.0;2.0;71.0;31.0;7.0;1966.0;28.0;"Non-responder"
357.0;18.0;22.0;390.0;6.0;2.0;1965.0;29.0;"Responder"
281.0;20.0;24.0;343.0;24.0;6.0;1965.0;29.0;"Responder"
76.0;2.0;3.0;83.0;7.0;2.0;1965.0;29.0;"Responder"
70.0;3.0;5.0;74.0;24.0;6.0;1965.0;29.0;"Responder"
85.0;1.0;2.0;98.0;50.0;11.0;1965.0;29.0;"Responder"
105.0;4.0;5.0;108.0;12.0;3.0;1965.0;29.0;"Responder"
69.0;2.0;2.0;69.0;10.0;3.0;1965.0;29.0;"Non-responder"
183.0;13.0;13.0;183.0;10.0;3.0;1965.0;29.0;"Non-responder"
60.0;2.0;2.0;60.0;48.0;11.0;1965.0;29.0;"Non-responder"
68.0;2.0;2.0;68.0;18.0;5.0;1965.0;29.0;"Non-responder"
94.0;4.0;4.0;94.0;11.0;3.0;1965.0;29.0;"Non-responder"
32.0;2.0;2.0;32.0;11.0;3.0;1965.0;29.0;"Non-responder"
52.0;2.0;2.0;52.0;2.0;1.0;1965.0;29.0;"Non-responder"
69.0;3.0;3.0;69.0;14.0;4.0;1965.0;29.0;"Non-responder"
78.0;4.0;4.0;78.0;29.0;6.0;1965.0;29.0;"Non-responder"
79.0;1.0;1.0;79.0;10.0;3.0;1965.0;29.0;"Non-responder"
86.0;9.0;9.0;86.0;37.0;9.0;1965.0;29.0;"Non-responder"
34.0;1.0;1.0;34.0;43.0;10.0;1965.0;29.0;"Non-responder"
64.0;2.0;2.0;64.0;20.0;5.0;1965.0;29.0;"Non-responder"
92.0;3.0;3.0;92.0;32.0;7.0;1965.0;29.0;"Non-responder"
87.0;13.0;13.0;87.0;44.0;10.0;1965.0;29.0;"Non-responder"
71.0;2.0;2.0;71.0;12.0;3.0;1965.0;29.0;"Non-responder"
90.0;6.0;6.0;90.0;43.0;10.0;1965.0;29.0;"Non-responder"
219.0;11.0;14.0;300.0;43.0;10.0;1965.0;29.0;"Responder"
73.0;12.0;13.0;79.0;6.0;2.0;1965.0;29.0;"Responder"
82.0;9.0;11.0;111.0;15.0;4.0;1965.0;29.0;"Responder"
53.0;2.0;4.0;69.0;30.0;7.0;1965.0;29.0;"Responder"
55.0;7.0;11.0;115.0;31.0;7.0;1965.0;29.0;"Responder"
36.0;4.0;6.0;49.0;12.0;3.0;1965.0;29.0;"Responder"
83.0;3.0;6.0;119.0;2.0;1.0;1965.0;29.0;"Responder"
97.0;2.0;2.0;97.0;8.0;2.0;1965.0;29.0;"Non-responder"
54.0;5.0;5.0;54.0;30.0;7.0;1965.0;29.0;"Non-responder"
109.0;14.0;14.0;109.0;11.0;3.0;1965.0;29.0;"Non-responder"
84.0;5.0;5.0;84.0;16.0;4.0;1965.0;29.0;"Non-responder"
53.0;2.0;2.0;53.0;33.0;8.0;1965.0;29.0;"Non-responder"
54.0;1.0;1.0;54.0;16.0;4.0;1965.0;29.0;"Non-responder"
101.0;7.0;7.0;101.0;11.0;3.0;1965.0;29.0;"Non-responder"
61.0;3.0;3.0;61.0;44.0;10.0;1965.0;29.0;"Non-responder"
56.0;2.0;2.0;56.0;7.0;2.0;1965.0;29.0;"Non-responder"
86.0;5.0;5.0;86.0;6.0;2.0;1965.0;29.0;"Non-responder"
57.0;2.0;2.0;57.0;30.0;7.0;1965.0;29.0;"Non-responder"
51.0;2.0;2.0;51.0;44.0;10.0;1965.0;29.0;"Non-responder"
59.0;4.0;4.0;59.0;3.0;1.0;1965.0;29.0;"Non-responder"
90.0;4.0;4.0;90.0;44.0;10.0;1965.0;29.0;"Non-responder"
83.0;5.0;5.0;83.0;31.0;7.0;1965.0;29.0;"Non-responder"
57.0;1.0;1.0;57.0;39.0;9.0;1965.0;29.0;"Non-responder"
52.0;1.0;1.0;52.0;3.0;1.0;1965.0;29.0;"Non-responder"
83.0;4.0;4.0;83.0;18.0;5.0;1965.0;29.0;"Non-responder"
70.0;1.0;1.0;70.0;7.0;2.0;1965.0;29.0;"Non-responder"
61.0;2.0;2.0;61.0;5.0;1.0;1965.0;29.0;"Non-responder"
54.0;1.0;1.0;54.0;3.0;1.0;1965.0;29.0;"Non-responder"
72.0;3.0;3.0;72.0;13.0;4.0;1965.0;29.0;"Non-responder"
65.0;2.0;2.0;65.0;12.0;3.0;1965.0;29.0;"Non-responder"
63.0;3.0;3.0;63.0;1.0;1.0;1965.0;29.0;"Non-responder"
119.0;4.0;4.0;119.0;44.0;10.0;1965.0;29.0;"Non-responder"
75.0;1.0;1.0;75.0;12.0;3.0;1965.0;29.0;"Non-responder"
62.0;3.0;3.0;62.0;29.0;6.0;1965.0;29.0;"Non-responder"
69.0;1.0;1.0;69.0;7.0;2.0;1965.0;29.0;"Non-responder"
69.0;7.0;7.0;69.0;36.0;8.0;1965.0;29.0;"Non-responder"
93.0;1.0;1.0;93.0;29.0;6.0;1965.0;29.0;"Non-responder"
75.0;1.0;1.0;75.0;26.0;6.0;1965.0;29.0;"Non-responder"
60.0;2.0;2.0;60.0;31.0;7.0;1965.0;29.0;"Non-responder"
70.0;1.0;1.0;70.0;11.0;3.0;1965.0;29.0;"Non-responder"
146.0;12.0;16.0;235.0;13.0;4.0;1964.0;30.0;"Responder"
57.0;4.0;5.0;74.0;6.0;2.0;1964.0;30.0;"Responder"
64.0;3.0;4.0;87.0;50.0;11.0;1964.0;30.0;"Responder"
76.0;2.0;5.0;102.0;2.0;1.0;1964.0;30.0;"Responder"
6.0;1.0;2.0;33.0;30.0;7.0;1964.0;30.0;"Responder"
99.0;8.0;14.0;160.0;10.0;3.0;1964.0;30.0;"Responder"
60.0;1.0;5.0;155.0;13.0;4.0;1964.0;30.0;"Responder"
126.0;11.0;11.0;126.0;29.0;6.0;1964.0;30.0;"Non-responder"
54.0;6.0;6.0;54.0;8.0;2.0;1964.0;30.0;"Non-responder"
94.0;1.0;1.0;94.0;13.0;4.0;1964.0;30.0;"Non-responder"
72.0;6.0;6.0;72.0;11.0;3.0;1964.0;30.0;"Non-responder"
61.0;1.0;1.0;61.0;31.0;7.0;1964.0;30.0;"Non-responder"
68.0;4.0;4.0;68.0;34.0;8.0;1964.0;30.0;"Non-responder"
54.0;1.0;1.0;54.0;7.0;2.0;1964.0;30.0;"Non-responder"
75.0;1.0;1.0;75.0;9.0;3.0;1964.0;30.0;"Non-responder"
40.0;3.0;3.0;40.0;29.0;6.0;1964.0;30.0;"Non-responder"
58.0;1.0;1.0;58.0;3.0;1.0;1964.0;30.0;"Non-responder"
56.0;1.0;1.0;56.0;24.0;6.0;1964.0;30.0;"Non-responder"
69.0;2.0;2.0;69.0;34.0;8.0;1964.0;30.0;"Non-responder"
63.0;1.0;1.0;63.0;7.0;2.0;1964.0;30.0;"Non-responder"
60.0;1.0;1.0;60.0;44.0;10.0;1964.0;30.0;"Non-responder"
88.0;3.0;3.0;88.0;43.0;10.0;1964.0;30.0;"Non-responder"
59.0;1.0;1.0;59.0;7.0;2.0;1964.0;30.0;"Non-responder"
80.0;2.0;2.0;80.0;36.0;8.0;1964.0;30.0;"Non-responder"
66.0;6.0;6.0;66.0;15.0;4.0;1964.0;30.0;"Non-responder"
82.0;4.0;4.0;82.0;20.0;5.0;1964.0;30.0;"Non-responder"
54.0;1.0;1.0;54.0;44.0;10.0;1964.0;30.0;"Non-responder"
81.0;2.0;2.0;81.0;8.0;2.0;1964.0;30.0;"Non-responder"
60.0;2.0;2.0;60.0;6.0;2.0;1964.0;30.0;"Non-responder"
367.0;28.0;37.0;468.0;9.0;3.0;1964.0;30.0;"Responder"
441.0;18.0;19.0;457.0;39.0;9.0;1964.0;30.0;"Responder"
61.0;11.0;16.0;76.0;16.0;4.0;1964.0;30.0;"Responder"
69.0;5.0;10.0;180.0;11.0;3.0;1964.0;30.0;"Responder"
72.0;9.0;12.0;105.0;29.0;6.0;1964.0;30.0;"Responder"
96.0;4.0;11.0;342.0;41.0;10.0;1964.0;30.0;"Responder"
87.0;7.0;8.0;113.0;3.0;1.0;1964.0;30.0;"Responder"
27.0;2.0;3.0;35.0;44.0;10.0;1964.0;30.0;"Responder"
71.0;5.0;11.0;139.0;12.0;3.0;1964.0;30.0;"Responder"
81.0;2.0;3.0;115.0;18.0;5.0;1964.0;30.0;"Responder"
154.0;5.0;7.0;166.0;34.0;8.0;1964.0;30.0;"Responder"
50.0;1.0;2.0;79.0;34.0;8.0;1964.0;30.0;"Responder"
70.0;9.0;9.0;70.0;44.0;10.0;1964.0;30.0;"Non-responder"
522.0;17.0;17.0;522.0;11.0;3.0;1964.0;30.0;"Non-responder"
153.0;4.0;4.0;153.0;17.0;4.0;1964.0;30.0;"Non-responder"
76.0;5.0;5.0;76.0;12.0;3.0;1964.0;30.0;"Non-responder"
64.0;1.0;1.0;64.0;2.0;1.0;1964.0;30.0;"Non-responder"
54.0;2.0;2.0;54.0;3.0;1.0;1964.0;30.0;"Non-responder"
51.0;1.0;1.0;51.0;43.0;10.0;1964.0;30.0;"Non-responder"
80.0;1.0;1.0;80.0;7.0;2.0;1964.0;30.0;"Non-responder"
60.0;1.0;1.0;60.0;15.0;4.0;1964.0;30.0;"Non-responder"
67.0;1.0;1.0;67.0;29.0;6.0;1964.0;30.0;"Non-responder"
67.0;3.0;3.0;67.0;8.0;2.0;1964.0;30.0;"Non-responder"
56.0;3.0;3.0;56.0;26.0;6.0;1964.0;30.0;"Non-responder"
64.0;2.0;2.0;64.0;30.0;7.0;1964.0;30.0;"Non-responder"
70.0;1.0;1.0;70.0;47.0;11.0;1964.0;30.0;"Non-responder"
69.0;1.0;1.0;69.0;41.0;10.0;1964.0;30.0;"Non-responder"
86.0;1.0;1.0;86.0;9.0;3.0;1964.0;30.0;"Non-responder"
59.0;5.0;5.0;59.0;11.0;3.0;1964.0;30.0;"Non-responder"
0.0;0.0;0.0;0.0;13.0;4.0;1964.0;30.0;"Non-responder"
69.0;2.0;2.0;69.0;10.0;3.0;1964.0;30.0;"Non-responder"
69.0;2.0;2.0;69.0;17.0;4.0;1964.0;30.0;"Non-responder"
57.0;3.0;3.0;57.0;8.0;2.0;1964.0;30.0;"Non-responder"
79.0;1.0;1.0;79.0;8.0;2.0;1964.0;30.0;"Non-responder"
72.0;3.0;3.0;72.0;44.0;10.0;1964.0;30.0;"Non-responder"
86.0;1.0;1.0;86.0;37.0;9.0;1964.0;30.0;"Non-responder"
79.0;2.0;2.0;79.0;31.0;7.0;1964.0;30.0;"Non-responder"
75.0;1.0;1.0;75.0;7.0;2.0;1964.0;30.0;"Non-responder"
51.0;4.0;4.0;51.0;8.0;2.0;1964.0;30.0;"Non-responder"
99.0;4.0;4.0;99.0;17.0;4.0;1964.0;30.0;"Non-responder"
61.0;1.0;1.0;61.0;39.0;9.0;1964.0;30.0;"Non-responder"
65.0;1.0;1.0;65.0;11.0;3.0;1964.0;30.0;"Non-responder"
131.0;10.0;13.0;164.0;8.0;2.0;1963.0;31.0;"Responder"
96.0;2.0;3.0;121.0;44.0;10.0;1963.0;31.0;"Responder"
61.0;1.0;5.0;142.0;30.0;7.0;1963.0;31.0;"Responder"
77.0;2.0;3.0;87.0;30.0;7.0;1963.0;31.0;"Responder"
54.0;3.0;9.0;87.0;9.0;3.0;1963.0;31.0;"Responder"
85.0;4.0;6.0;180.0;29.0;6.0;1963.0;31.0;"Responder"
265.0;12.0;12.0;265.0;43.0;10.0;1963.0;31.0;"Non-responder"
83.0;1.0;1.0;83.0;3.0;1.0;1963.0;31.0;"Non-responder"
73.0;1.0;1.0;73.0;13.0;4.0;1963.0;31.0;"Non-responder"
64.0;3.0;3.0;64.0;7.0;2.0;1963.0;31.0;"Non-responder"
78.0;6.0;6.0;78.0;15.0;4.0;1963.0;31.0;"Non-responder"
57.0;3.0;3.0;57.0;44.0;10.0;1963.0;31.0;"Non-responder"
106.0;6.0;6.0;106.0;14.0;4.0;1963.0;31.0;"Non-responder"
65.0;3.0;3.0;65.0;10.0;3.0;1963.0;31.0;"Non-responder"
97.0;5.0;5.0;97.0;9.0;3.0;1963.0;31.0;"Non-responder"
63.0;2.0;2.0;63.0;36.0;8.0;1963.0;31.0;"Non-responder"
70.0;2.0;2.0;70.0;44.0;10.0;1963.0;31.0;"Non-responder"
93.0;4.0;4.0;93.0;9.0;3.0;1963.0;31.0;"Non-responder"
85.0;5.0;5.0;85.0;44.0;10.0;1963.0;31.0;"Non-responder"
61.0;1.0;1.0;61.0;29.0;6.0;1963.0;31.0;"Non-responder"
58.0;5.0;5.0;58.0;39.0;9.0;1963.0;31.0;"Non-responder"
61.0;2.0;2.0;61.0;8.0;2.0;1963.0;31.0;"Non-responder"
58.0;2.0;2.0;58.0;24.0;6.0;1963.0;31.0;"Non-responder"
57.0;1.0;1.0;57.0;3.0;1.0;1963.0;31.0;"Non-responder"
30.0;4.0;6.0;48.0;44.0;10.0;1963.0;31.0;"Responder"
377.0;11.0;17.0;452.0;39.0;9.0;1963.0;31.0;"Responder"
90.0;4.0;5.0;96.0;7.0;2.0;1963.0;31.0;"Responder"
408.0;32.0;35.0;432.0;29.0;6.0;1963.0;31.0;"Responder"
56.0;1.0;2.0;74.0;29.0;6.0;1963.0;31.0;"Responder"
87.0;1.0;2.0;101.0;44.0;10.0;1963.0;31.0;"Responder"
94.0;6.0;8.0;100.0;2.0;1.0;1963.0;31.0;"Responder"
71.0;1.0;2.0;94.0;43.0;10.0;1963.0;31.0;"Responder"
93.0;8.0;9.0;97.0;44.0;10.0;1963.0;31.0;"Responder"
65.0;3.0;5.0;96.0;41.0;10.0;1963.0;31.0;"Responder"
67.0;5.0;7.0;107.0;41.0;10.0;1963.0;31.0;"Responder"
111.0;12.0;16.0;146.0;16.0;4.0;1963.0;31.0;"Responder"
99.0;1.0;2.0;104.0;40.0;9.0;1963.0;31.0;"Responder"
80.0;1.0;2.0;89.0;11.0;3.0;1963.0;31.0;"Responder"
96.0;1.0;2.0;109.0;8.0;2.0;1963.0;31.0;"Responder"
92.0;7.0;8.0;103.0;8.0;2.0;1963.0;31.0;"Responder"
55.0;1.0;2.0;60.0;8.0;2.0;1963.0;31.0;"Responder"
52.0;3.0;3.0;52.0;17.0;4.0;1963.0;31.0;"Non-responder"
64.0;1.0;1.0;64.0;23.0;5.0;1963.0;31.0;"Non-responder"
80.0;3.0;3.0;80.0;44.0;10.0;1963.0;31.0;"Non-responder"
80.0;9.0;9.0;80.0;17.0;4.0;1963.0;31.0;"Non-responder"
73.0;1.0;1.0;73.0;43.0;10.0;1963.0;31.0;"Non-responder"
74.0;2.0;2.0;74.0;1.0;1.0;1963.0;31.0;"Non-responder"
80.0;2.0;2.0;80.0;7.0;2.0;1963.0;31.0;"Non-responder"
83.0;6.0;6.0;83.0;44.0;10.0;1963.0;31.0;"Non-responder"
54.0;1.0;1.0;54.0;32.0;7.0;1963.0;31.0;"Non-responder"
83.0;3.0;3.0;83.0;32.0;7.0;1963.0;31.0;"Non-responder"
66.0;3.0;3.0;66.0;15.0;4.0;1963.0;31.0;"Non-responder"
86.0;1.0;1.0;86.0;5.0;1.0;1963.0;31.0;"Non-responder"
98.0;4.0;4.0;98.0;44.0;10.0;1963.0;31.0;"Non-responder"
52.0;3.0;3.0;52.0;30.0;7.0;1963.0;31.0;"Non-responder"
62.0;3.0;3.0;62.0;31.0;7.0;1963.0;31.0;"Non-responder"
61.0;2.0;2.0;61.0;31.0;7.0;1963.0;31.0;"Non-responder"
65.0;1.0;1.0;65.0;8.0;2.0;1963.0;31.0;"Non-responder"
75.0;1.0;1.0;75.0;9.0;3.0;1963.0;31.0;"Non-responder"
74.0;3.0;3.0;74.0;11.0;3.0;1963.0;31.0;"Non-responder"
72.0;1.0;1.0;72.0;1.0;1.0;1963.0;31.0;"Non-responder"
83.0;6.0;6.0;83.0;17.0;4.0;1963.0;31.0;"Non-responder"
64.0;9.0;9.0;64.0;16.0;4.0;1963.0;31.0;"Non-responder"
75.0;4.0;4.0;75.0;5.0;1.0;1963.0;31.0;"Non-responder"
63.0;1.0;1.0;63.0;43.0;10.0;1963.0;31.0;"Non-responder"
62.0;1.0;1.0;62.0;27.0;6.0;1963.0;31.0;"Non-responder"
54.0;1.0;1.0;54.0;12.0;3.0;1963.0;31.0;"Non-responder"
57.0;3.0;3.0;57.0;29.0;6.0;1963.0;31.0;"Non-responder"
82.0;1.0;1.0;82.0;41.0;10.0;1963.0;31.0;"Non-responder"
3.0;3.0;3.0;3.0;43.0;10.0;1963.0;31.0;"Non-responder"
81.0;6.0;6.0;81.0;8.0;2.0;1963.0;31.0;"Non-responder"
64.0;1.0;1.0;64.0;3.0;1.0;1963.0;31.0;"Non-responder"
86.0;1.0;1.0;86.0;31.0;7.0;1963.0;31.0;"Non-responder"
56.0;1.0;1.0;56.0;11.0;3.0;1963.0;31.0;"Non-responder"
236.0;3.0;4.0;255.0;2.0;1.0;1962.0;32.0;"Responder"
128.0;5.0;9.0;162.0;48.0;11.0;1962.0;32.0;"Responder"
66.0;2.0;3.0;83.0;14.0;4.0;1962.0;32.0;"Responder"
66.0;3.0;4.0;86.0;8.0;2.0;1962.0;32.0;"Responder"
161.0;8.0;8.0;161.0;2.0;1.0;1962.0;32.0;"Non-responder"
71.0;5.0;5.0;71.0;17.0;4.0;1962.0;32.0;"Non-responder"
92.0;5.0;5.0;92.0;8.0;2.0;1962.0;32.0;"Non-responder"
59.0;3.0;3.0;59.0;34.0;8.0;1962.0;32.0;"Non-responder"
65.0;1.0;1.0;65.0;16.0;4.0;1962.0;32.0;"Non-responder"
69.0;5.0;5.0;69.0;6.0;2.0;1962.0;32.0;"Non-responder"
53.0;1.0;1.0;53.0;13.0;4.0;1962.0;32.0;"Non-responder"
67.0;1.0;1.0;67.0;44.0;10.0;1962.0;32.0;"Non-responder"
111.0;7.0;7.0;111.0;5.0;1.0;1962.0;32.0;"Non-responder"
91.0;8.0;8.0;91.0;2.0;1.0;1962.0;32.0;"Non-responder"
61.0;3.0;3.0;61.0;6.0;2.0;1962.0;32.0;"Non-responder"
50.0;2.0;2.0;50.0;2.0;1.0;1962.0;32.0;"Non-responder"
76.0;5.0;5.0;76.0;39.0;9.0;1962.0;32.0;"Non-responder"
92.0;6.0;6.0;92.0;2.0;1.0;1962.0;32.0;"Non-responder"
69.0;1.0;1.0;69.0;18.0;5.0;1962.0;32.0;"Non-responder"
53.0;1.0;1.0;53.0;2.0;1.0;1962.0;32.0;"Non-responder"
77.0;6.0;6.0;77.0;33.0;8.0;1962.0;32.0;"Non-responder"
76.0;1.0;1.0;76.0;23.0;5.0;1962.0;32.0;"Non-responder"
50.0;3.0;3.0;50.0;10.0;3.0;1962.0;32.0;"Non-responder"
45.0;3.0;3.0;45.0;8.0;2.0;1962.0;32.0;"Non-responder"
88.0;3.0;7.0;125.0;31.0;7.0;1962.0;32.0;"Responder"
63.0;7.0;9.0;70.0;44.0;10.0;1962.0;32.0;"Responder"
56.0;4.0;6.0;67.0;10.0;3.0;1962.0;32.0;"Responder"
235.0;10.0;19.0;604.0;30.0;7.0;1962.0;32.0;"Responder"
86.0;6.0;7.0;98.0;12.0;3.0;1962.0;32.0;"Responder"
85.0;3.0;4.0;155.0;7.0;2.0;1962.0;32.0;"Responder"
70.0;3.0;4.0;82.0;36.0;8.0;1962.0;32.0;"Responder"
65.0;1.0;8.0;124.0;36.0;8.0;1962.0;32.0;"Responder"
68.0;5.0;6.0;88.0;12.0;3.0;1962.0;32.0;"Responder"
95.0;3.0;4.0;129.0;39.0;9.0;1962.0;32.0;"Responder"
66.0;4.0;6.0;80.0;31.0;7.0;1962.0;32.0;"Responder"
98.0;7.0;9.0;106.0;41.0;10.0;1962.0;32.0;"Responder"
89.0;3.0;5.0;105.0;24.0;6.0;1962.0;32.0;"Responder"
72.0;3.0;4.0;75.0;10.0;3.0;1962.0;32.0;"Responder"
168.0;4.0;4.0;168.0;8.0;2.0;1962.0;32.0;"Non-responder"
93.0;4.0;4.0;93.0;30.0;7.0;1962.0;32.0;"Non-responder"
83.0;3.0;3.0;83.0;27.0;6.0;1962.0;32.0;"Non-responder"
86.0;5.0;5.0;86.0;29.0;6.0;1962.0;32.0;"Non-responder"
51.0;9.0;9.0;51.0;17.0;4.0;1962.0;32.0;"Non-responder"
94.0;6.0;6.0;94.0;14.0;4.0;1962.0;32.0;"Non-responder"
31.0;5.0;5.0;31.0;7.0;2.0;1962.0;32.0;"Non-responder"
66.0;4.0;4.0;66.0;30.0;7.0;1962.0;32.0;"Non-responder"
91.0;2.0;2.0;91.0;11.0;3.0;1962.0;32.0;"Non-responder"
57.0;1.0;1.0;57.0;43.0;10.0;1962.0;32.0;"Non-responder"
56.0;1.0;1.0;56.0;9.0;3.0;1962.0;32.0;"Non-responder"
89.0;2.0;2.0;89.0;2.0;1.0;1962.0;32.0;"Non-responder"
60.0;1.0;1.0;60.0;1.0;1.0;1962.0;32.0;"Non-responder"
56.0;1.0;1.0;56.0;44.0;10.0;1962.0;32.0;"Non-responder"
81.0;1.0;1.0;81.0;3.0;1.0;1962.0;32.0;"Non-responder"
74.0;1.0;1.0;74.0;6.0;2.0;1962.0;32.0;"Non-responder"
37.0;2.0;2.0;37.0;41.0;10.0;1962.0;32.0;"Non-responder"
55.0;1.0;1.0;55.0;8.0;2.0;1962.0;32.0;"Non-responder"
76.0;3.0;3.0;76.0;32.0;7.0;1962.0;32.0;"Non-responder"
70.0;3.0;3.0;70.0;9.0;3.0;1962.0;32.0;"Non-responder"
61.0;1.0;1.0;61.0;6.0;2.0;1962.0;32.0;"Non-responder"
72.0;1.0;1.0;72.0;17.0;4.0;1962.0;32.0;"Non-responder"
74.0;7.0;7.0;74.0;29.0;6.0;1962.0;32.0;"Non-responder"
89.0;10.0;10.0;89.0;29.0;6.0;1962.0;32.0;"Non-responder"
53.0;3.0;3.0;53.0;44.0;10.0;1962.0;32.0;"Non-responder"
82.0;2.0;2.0;82.0;24.0;6.0;1962.0;32.0;"Non-responder"
70.0;2.0;2.0;70.0;1.0;1.0;1962.0;32.0;"Non-responder"
91.0;1.0;1.0;91.0;39.0;9.0;1962.0;32.0;"Non-responder"
10.0;2.0;2.0;10.0;29.0;6.0;1962.0;32.0;"Non-responder"
72.0;5.0;5.0;72.0;9.0;3.0;1962.0;32.0;"Non-responder"
90.0;4.0;4.0;90.0;6.0;2.0;1962.0;32.0;"Non-responder"
97.0;1.0;1.0;97.0;30.0;7.0;1962.0;32.0;"Non-responder"
74.0;5.0;7.0;110.0;12.0;3.0;1961.0;33.0;"Responder"
58.0;2.0;5.0;285.0;11.0;3.0;1961.0;33.0;"Responder"
66.0;9.0;10.0;82.0;2.0;1.0;1961.0;33.0;"Responder"
119.0;7.0;10.0;144.0;7.0;2.0;1961.0;33.0;"Responder"
57.0;5.0;8.0;112.0;11.0;3.0;1961.0;33.0;"Responder"
112.0;4.0;5.0;129.0;44.0;10.0;1961.0;33.0;"Responder"
75.0;3.0;4.0;80.0;7.0;2.0;1961.0;33.0;"Responder"
83.0;2.0;4.0;122.0;31.0;7.0;1961.0;33.0;"Responder"
92.0;1.0;1.0;92.0;20.0;5.0;1961.0;33.0;"Non-responder"
108.0;8.0;8.0;108.0;39.0;9.0;1961.0;33.0;"Non-responder"
55.0;1.0;1.0;55.0;20.0;5.0;1961.0;33.0;"Non-responder"
0.0;0.0;0.0;0.0;17.0;4.0;1961.0;33.0;"Non-responder"
55.0;4.0;4.0;55.0;31.0;7.0;1961.0;33.0;"Non-responder"
75.0;2.0;2.0;75.0;7.0;2.0;1961.0;33.0;"Non-responder"
70.0;2.0;2.0;70.0;30.0;7.0;1961.0;33.0;"Non-responder"
57.0;2.0;2.0;57.0;33.0;8.0;1961.0;33.0;"Non-responder"
87.0;4.0;4.0;87.0;30.0;7.0;1961.0;33.0;"Non-responder"
58.0;5.0;5.0;58.0;17.0;4.0;1961.0;33.0;"Non-responder"
89.0;2.0;2.0;89.0;15.0;4.0;1961.0;33.0;"Non-responder"
93.0;2.0;2.0;93.0;2.0;1.0;1961.0;33.0;"Non-responder"
51.0;3.0;3.0;51.0;10.0;3.0;1961.0;33.0;"Non-responder"
57.0;2.0;2.0;57.0;44.0;10.0;1961.0;33.0;"Non-responder"
62.0;1.0;1.0;62.0;43.0;10.0;1961.0;33.0;"Non-responder"
163.0;5.0;5.0;163.0;17.0;4.0;1961.0;33.0;"Non-responder"
55.0;2.0;2.0;55.0;44.0;10.0;1961.0;33.0;"Non-responder"
148.0;11.0;15.0;167.0;8.0;2.0;1961.0;33.0;"Responder"
102.0;12.0;13.0;106.0;42.0;10.0;1961.0;33.0;"Responder"
333.0;21.0;23.0;364.0;31.0;7.0;1961.0;33.0;"Responder"
92.0;8.0;9.0;102.0;29.0;6.0;1961.0;33.0;"Responder"
75.0;9.0;11.0;75.0;7.0;2.0;1961.0;33.0;"Responder"
73.0;12.0;13.0;80.0;8.0;2.0;1961.0;33.0;"Responder"
90.0;3.0;4.0;175.0;11.0;3.0;1961.0;33.0;"Responder"
69.0;4.0;8.0;134.0;29.0;6.0;1961.0;33.0;"Responder"
59.0;2.0;4.0;118.0;12.0;3.0;1961.0;33.0;"Responder"
82.0;5.0;12.0;171.0;44.0;10.0;1961.0;33.0;"Responder"
72.0;4.0;5.0;74.0;11.0;3.0;1961.0;33.0;"Responder"
104.0;9.0;11.0;139.0;22.0;5.0;1961.0;33.0;"Responder"
76.0;5.0;6.0;80.0;30.0;7.0;1961.0;33.0;"Responder"
91.0;5.0;6.0;112.0;16.0;4.0;1961.0;33.0;"Responder"
91.0;2.0;2.0;91.0;2.0;1.0;1961.0;33.0;"Non-responder"
57.0;1.0;1.0;57.0;27.0;6.0;1961.0;33.0;"Non-responder"
65.0;1.0;1.0;65.0;24.0;6.0;1961.0;33.0;"Non-responder"
113.0;2.0;2.0;113.0;2.0;1.0;1961.0;33.0;"Non-responder"
84.0;1.0;1.0;84.0;29.0;6.0;1961.0;33.0;"Non-responder"
69.0;2.0;2.0;69.0;7.0;2.0;1961.0;33.0;"Non-responder"
51.0;5.0;5.0;51.0;31.0;7.0;1961.0;33.0;"Non-responder"
81.0;1.0;1.0;81.0;44.0;10.0;1961.0;33.0;"Non-responder"
80.0;1.0;1.0;80.0;6.0;2.0;1961.0;33.0;"Non-responder"
54.0;3.0;3.0;54.0;29.0;6.0;1961.0;33.0;"Non-responder"
76.0;6.0;6.0;76.0;30.0;7.0;1961.0;33.0;"Non-responder"
64.0;1.0;1.0;64.0;23.0;5.0;1961.0;33.0;"Non-responder"
67.0;3.0;3.0;67.0;9.0;3.0;1961.0;33.0;"Non-responder"
95.0;2.0;2.0;95.0;7.0;2.0;1961.0;33.0;"Non-responder"
87.0;4.0;4.0;87.0;8.0;2.0;1961.0;33.0;"Non-responder"
36.0;2.0;2.0;36.0;10.0;3.0;1961.0;33.0;"Non-responder"
51.0;1.0;1.0;51.0;30.0;7.0;1961.0;33.0;"Non-responder"
77.0;1.0;1.0;77.0;8.0;2.0;1961.0;33.0;"Non-responder"
59.0;5.0;5.0;59.0;42.0;10.0;1961.0;33.0;"Non-responder"
25.0;3.0;3.0;25.0;2.0;1.0;1961.0;33.0;"Non-responder"
75.0;1.0;1.0;75.0;16.0;4.0;1961.0;33.0;"Non-responder"
166.0;4.0;4.0;166.0;29.0;6.0;1961.0;33.0;"Non-responder"
59.0;3.0;3.0;59.0;10.0;3.0;1961.0;33.0;"Non-responder"
93.0;3.0;3.0;93.0;11.0;3.0;1961.0;33.0;"Non-responder"
76.0;2.0;2.0;76.0;1.0;1.0;1961.0;33.0;"Non-responder"
80.0;3.0;3.0;80.0;32.0;7.0;1961.0;33.0;"Non-responder"
59.0;4.0;4.0;59.0;27.0;6.0;1961.0;33.0;"Non-responder"
50.0;1.0;1.0;50.0;34.0;8.0;1961.0;33.0;"Non-responder"
89.0;1.0;1.0;89.0;31.0;7.0;1961.0;33.0;"Non-responder"
70.0;1.0;1.0;70.0;34.0;8.0;1961.0;33.0;"Non-responder"
55.0;1.0;1.0;55.0;11.0;3.0;1961.0;33.0;"Non-responder"
64.0;2.0;2.0;64.0;37.0;9.0;1961.0;33.0;"Non-responder"
53.0;4.0;7.0;91.0;41.0;10.0;1960.0;34.0;"Responder"
52.0;5.0;10.0;86.0;31.0;7.0;1960.0;34.0;"Responder"
511.0;6.0;9.0;580.0;41.0;10.0;1960.0;34.0;"Responder"
91.0;8.0;13.0;129.0;2.0;1.0;1960.0;34.0;"Responder"
77.0;7.0;8.0;82.0;3.0;1.0;1960.0;34.0;"Responder"
69.0;3.0;4.0;89.0;10.0;3.0;1960.0;34.0;"Responder"
58.0;3.0;4.0;92.0;6.0;2.0;1960.0;34.0;"Responder"
81.0;1.0;1.0;81.0;10.0;3.0;1960.0;34.0;"Non-responder"
80.0;4.0;4.0;80.0;14.0;4.0;1960.0;34.0;"Non-responder"
83.0;2.0;2.0;83.0;35.0;8.0;1960.0;34.0;"Non-responder"
85.0;3.0;3.0;85.0;36.0;8.0;1960.0;34.0;"Non-responder"
60.0;1.0;1.0;60.0;8.0;2.0;1960.0;34.0;"Non-responder"
70.0;3.0;3.0;70.0;17.0;4.0;1960.0;34.0;"Non-responder"
0.0;0.0;0.0;0.0;20.0;5.0;1960.0;34.0;"Non-responder"
54.0;2.0;2.0;54.0;44.0;10.0;1960.0;34.0;"Non-responder"
91.0;3.0;3.0;91.0;9.0;3.0;1960.0;34.0;"Non-responder"
84.0;5.0;5.0;84.0;10.0;3.0;1960.0;34.0;"Non-responder"
81.0;2.0;2.0;81.0;9.0;3.0;1960.0;34.0;"Non-responder"
52.0;1.0;1.0;52.0;10.0;3.0;1960.0;34.0;"Non-responder"
84.0;7.0;7.0;84.0;10.0;3.0;1960.0;34.0;"Non-responder"
60.0;1.0;1.0;60.0;44.0;10.0;1960.0;34.0;"Non-responder"
81.0;2.0;2.0;81.0;24.0;6.0;1960.0;34.0;"Non-responder"
123.0;7.0;8.0;139.0;39.0;9.0;1960.0;34.0;"Responder"
180.0;11.0;15.0;267.0;3.0;1.0;1960.0;34.0;"Responder"
58.0;4.0;5.0;78.0;4.0;1.0;1960.0;34.0;"Responder"
21.0;2.0;6.0;81.0;7.0;2.0;1960.0;34.0;"Responder"
41.0;11.0;13.0;61.0;43.0;10.0;1960.0;34.0;"Responder"
97.0;6.0;7.0;104.0;12.0;3.0;1960.0;34.0;"Responder"
55.0;1.0;2.0;61.0;8.0;2.0;1960.0;34.0;"Responder"
73.0;7.0;9.0;103.0;48.0;11.0;1960.0;34.0;"Responder"
97.0;3.0;6.0;141.0;10.0;3.0;1960.0;34.0;"Responder"
114.0;3.0;3.0;114.0;2.0;1.0;1960.0;34.0;"Non-responder"
143.0;9.0;9.0;143.0;9.0;3.0;1960.0;34.0;"Non-responder"
93.0;2.0;2.0;93.0;14.0;4.0;1960.0;34.0;"Non-responder"
89.0;10.0;10.0;89.0;10.0;3.0;1960.0;34.0;"Non-responder"
64.0;1.0;1.0;64.0;3.0;1.0;1960.0;34.0;"Non-responder"
79.0;3.0;3.0;79.0;24.0;6.0;1960.0;34.0;"Non-responder"
52.0;2.0;2.0;52.0;39.0;9.0;1960.0;34.0;"Non-responder"
51.0;1.0;1.0;51.0;31.0;7.0;1960.0;34.0;"Non-responder"
61.0;9.0;9.0;61.0;3.0;1.0;1960.0;34.0;"Non-responder"
94.0;4.0;4.0;94.0;11.0;3.0;1960.0;34.0;"Non-responder"
69.0;5.0;5.0;69.0;28.0;6.0;1960.0;34.0;"Non-responder"
86.0;1.0;1.0;86.0;30.0;7.0;1960.0;34.0;"Non-responder"
57.0;2.0;2.0;57.0;30.0;7.0;1960.0;34.0;"Non-responder"
58.0;4.0;4.0;58.0;7.0;2.0;1960.0;34.0;"Non-responder"
74.0;3.0;3.0;74.0;42.0;10.0;1960.0;34.0;"Non-responder"
80.0;1.0;1.0;80.0;9.0;3.0;1960.0;34.0;"Non-responder"
53.0;3.0;3.0;53.0;10.0;3.0;1960.0;34.0;"Non-responder"
61.0;1.0;1.0;61.0;9.0;3.0;1960.0;34.0;"Non-responder"
51.0;1.0;1.0;51.0;36.0;8.0;1960.0;34.0;"Non-responder"
73.0;3.0;3.0;73.0;9.0;3.0;1960.0;34.0;"Non-responder"
66.0;4.0;4.0;66.0;10.0;3.0;1960.0;34.0;"Non-responder"
74.0;1.0;1.0;74.0;16.0;4.0;1960.0;34.0;"Non-responder"
60.0;1.0;1.0;60.0;31.0;7.0;1960.0;34.0;"Non-responder"
69.0;1.0;1.0;69.0;11.0;3.0;1960.0;34.0;"Non-responder"
85.0;2.0;2.0;85.0;50.0;11.0;1960.0;34.0;"Non-responder"
62.0;2.0;2.0;62.0;20.0;5.0;1960.0;34.0;"Non-responder"
66.0;3.0;3.0;66.0;30.0;7.0;1960.0;34.0;"Non-responder"
68.0;1.0;1.0;68.0;30.0;7.0;1960.0;34.0;"Non-responder"
76.0;1.0;1.0;76.0;24.0;6.0;1960.0;34.0;"Non-responder"
53.0;1.0;1.0;53.0;5.0;1.0;1960.0;34.0;"Non-responder"
78.0;2.0;2.0;78.0;18.0;5.0;1960.0;34.0;"Non-responder"
100.0;4.0;4.0;100.0;29.0;6.0;1960.0;34.0;"Non-responder"
62.0;5.0;6.0;71.0;8.0;2.0;1959.0;35.0;"Responder"
70.0;6.0;7.0;83.0;13.0;4.0;1959.0;35.0;"Responder"
95.0;3.0;4.0;100.0;18.0;5.0;1959.0;35.0;"Responder"
94.0;4.0;5.0;101.0;9.0;3.0;1959.0;35.0;"Responder"
80.0;1.0;1.0;80.0;10.0;3.0;1959.0;35.0;"Non-responder"
63.0;2.0;2.0;63.0;42.0;10.0;1959.0;35.0;"Non-responder"
54.0;3.0;3.0;54.0;17.0;4.0;1959.0;35.0;"Non-responder"
74.0;1.0;1.0;74.0;24.0;6.0;1959.0;35.0;"Non-responder"
74.0;2.0;2.0;74.0;13.0;4.0;1959.0;35.0;"Non-responder"
61.0;1.0;1.0;61.0;43.0;10.0;1959.0;35.0;"Non-responder"
66.0;3.0;3.0;66.0;11.0;3.0;1959.0;35.0;"Non-responder"
66.0;2.0;2.0;66.0;12.0;3.0;1959.0;35.0;"Non-responder"
74.0;4.0;4.0;74.0;2.0;1.0;1959.0;35.0;"Non-responder"
63.0;1.0;1.0;63.0;40.0;9.0;1959.0;35.0;"Non-responder"
69.0;1.0;1.0;69.0;29.0;6.0;1959.0;35.0;"Non-responder"
50.0;1.0;1.0;50.0;43.0;10.0;1959.0;35.0;"Non-responder"
31.0;3.0;3.0;31.0;2.0;1.0;1959.0;35.0;"Non-responder"
99.0;3.0;3.0;99.0;16.0;4.0;1959.0;35.0;"Non-responder"
53.0;2.0;2.0;53.0;39.0;9.0;1959.0;35.0;"Non-responder"
89.0;4.0;4.0;89.0;24.0;6.0;1959.0;35.0;"Non-responder"
12.0;2.0;2.0;12.0;1.0;1.0;1959.0;35.0;"Non-responder"
60.0;4.0;4.0;60.0;30.0;7.0;1959.0;35.0;"Non-responder"
73.0;2.0;2.0;73.0;42.0;10.0;1959.0;35.0;"Non-responder"
78.0;2.0;2.0;78.0;29.0;6.0;1959.0;35.0;"Non-responder"
68.0;3.0;3.0;68.0;37.0;9.0;1959.0;35.0;"Non-responder"
94.0;2.0;2.0;94.0;18.0;5.0;1959.0;35.0;"Non-responder"
59.0;1.0;1.0;59.0;7.0;2.0;1959.0;35.0;"Non-responder"
94.0;5.0;5.0;94.0;9.0;3.0;1959.0;35.0;"Non-responder"
672.0;33.0;43.0;844.0;9.0;3.0;1959.0;35.0;"Responder"
526.0;26.0;29.0;565.0;29.0;6.0;1959.0;35.0;"Responder"
71.0;4.0;5.0;91.0;3.0;1.0;1959.0;35.0;"Responder"
102.0;8.0;12.0;280.0;2.0;1.0;1959.0;35.0;"Responder"
67.0;2.0;3.0;73.0;9.0;3.0;1959.0;35.0;"Responder"
52.0;2.0;3.0;70.0;16.0;4.0;1959.0;35.0;"Responder"
56.0;2.0;3.0;63.0;11.0;3.0;1959.0;35.0;"Responder"
112.0;4.0;6.0;146.0;44.0;10.0;1959.0;35.0;"Responder"
53.0;3.0;7.0;102.0;43.0;10.0;1959.0;35.0;"Responder"
58.0;1.0;3.0;108.0;15.0;4.0;1959.0;35.0;"Responder"
91.0;19.0;22.0;121.0;43.0;10.0;1959.0;35.0;"Responder"
81.0;1.0;2.0;115.0;12.0;3.0;1959.0;35.0;"Responder"
57.0;6.0;7.0;62.0;11.0;3.0;1959.0;35.0;"Responder"
34.0;2.0;3.0;36.0;30.0;7.0;1959.0;35.0;"Responder"
81.0;4.0;8.0;129.0;2.0;1.0;1959.0;35.0;"Responder"
58.0;4.0;4.0;58.0;10.0;3.0;1959.0;35.0;"Non-responder"
177.0;11.0;11.0;177.0;24.0;6.0;1959.0;35.0;"Non-responder"
57.0;4.0;4.0;57.0;12.0;3.0;1959.0;35.0;"Non-responder"
53.0;6.0;6.0;53.0;18.0;5.0;1959.0;35.0;"Non-responder"
82.0;5.0;5.0;82.0;29.0;6.0;1959.0;35.0;"Non-responder"
85.0;2.0;2.0;85.0;2.0;1.0;1959.0;35.0;"Non-responder"
60.0;7.0;7.0;60.0;29.0;6.0;1959.0;35.0;"Non-responder"
55.0;6.0;6.0;55.0;9.0;3.0;1959.0;35.0;"Non-responder"
95.0;2.0;2.0;95.0;15.0;4.0;1959.0;35.0;"Non-responder"
57.0;2.0;2.0;57.0;29.0;6.0;1959.0;35.0;"Non-responder"
60.0;3.0;3.0;60.0;8.0;2.0;1959.0;35.0;"Non-responder"
85.0;1.0;1.0;85.0;9.0;3.0;1959.0;35.0;"Non-responder"
83.0;4.0;4.0;83.0;30.0;7.0;1959.0;35.0;"Non-responder"
66.0;3.0;3.0;66.0;14.0;4.0;1959.0;35.0;"Non-responder"
60.0;2.0;2.0;60.0;48.0;11.0;1959.0;35.0;"Non-responder"
64.0;2.0;2.0;64.0;7.0;2.0;1959.0;35.0;"Non-responder"
58.0;2.0;2.0;58.0;1.0;1.0;1959.0;35.0;"Non-responder"
69.0;2.0;2.0;69.0;2.0;1.0;1959.0;35.0;"Non-responder"
89.0;5.0;5.0;89.0;42.0;10.0;1959.0;35.0;"Non-responder"
92.0;6.0;6.0;92.0;44.0;10.0;1959.0;35.0;"Non-responder"
82.0;2.0;2.0;82.0;30.0;7.0;1959.0;35.0;"Non-responder"
84.0;2.0;2.0;84.0;25.0;6.0;1959.0;35.0;"Non-responder"
55.0;3.0;3.0;55.0;43.0;10.0;1959.0;35.0;"Non-responder"
85.0;1.0;1.0;85.0;36.0;8.0;1959.0;35.0;"Non-responder"
52.0;3.0;3.0;52.0;9.0;3.0;1959.0;35.0;"Non-responder"
80.0;1.0;1.0;80.0;5.0;1.0;1959.0;35.0;"Non-responder"
55.0;3.0;3.0;55.0;2.0;1.0;1959.0;35.0;"Non-responder"
68.0;1.0;1.0;68.0;10.0;3.0;1959.0;35.0;"Non-responder"
83.0;5.0;7.0;134.0;29.0;6.0;1958.0;36.0;"Responder"
51.0;2.0;3.0;68.0;20.0;5.0;1958.0;36.0;"Responder"
341.0;15.0;24.0;529.0;31.0;7.0;1958.0;36.0;"Responder"
56.0;1.0;2.0;108.0;11.0;3.0;1958.0;36.0;"Responder"
103.0;7.0;8.0;109.0;14.0;4.0;1958.0;36.0;"Responder"
119.0;6.0;7.0;126.0;7.0;2.0;1958.0;36.0;"Responder"
0.0;0.0;2.0;2.0;7.0;2.0;1958.0;36.0;"Responder"
111.0;4.0;7.0;169.0;30.0;7.0;1958.0;36.0;"Responder"
100.0;3.0;6.0;104.0;24.0;6.0;1958.0;36.0;"Responder"
96.0;4.0;5.0;200.0;11.0;3.0;1958.0;36.0;"Responder"
90.0;1.0;2.0;190.0;7.0;2.0;1958.0;36.0;"Responder"
102.0;9.0;14.0;135.0;42.0;10.0;1958.0;36.0;"Responder"
90.0;2.0;4.0;139.0;1.0;1.0;1958.0;36.0;"Responder"
60.0;2.0;2.0;60.0;26.0;6.0;1958.0;36.0;"Non-responder"
79.0;4.0;4.0;79.0;39.0;9.0;1958.0;36.0;"Non-responder"
62.0;1.0;1.0;62.0;10.0;3.0;1958.0;36.0;"Non-responder"
208.0;10.0;10.0;208.0;34.0;8.0;1958.0;36.0;"Non-responder"
52.0;1.0;1.0;52.0;8.0;2.0;1958.0;36.0;"Non-responder"
82.0;5.0;5.0;82.0;8.0;2.0;1958.0;36.0;"Non-responder"
80.0;2.0;2.0;80.0;6.0;2.0;1958.0;36.0;"Non-responder"
14.0;1.0;1.0;14.0;30.0;7.0;1958.0;36.0;"Non-responder"
64.0;2.0;2.0;64.0;41.0;10.0;1958.0;36.0;"Non-responder"
55.0;2.0;2.0;55.0;8.0;2.0;1958.0;36.0;"Non-responder"
53.0;3.0;3.0;53.0;8.0;2.0;1958.0;36.0;"Non-responder"
85.0;1.0;1.0;85.0;44.0;10.0;1958.0;36.0;"Non-responder"
55.0;3.0;3.0;55.0;34.0;8.0;1958.0;36.0;"Non-responder"
72.0;4.0;4.0;72.0;23.0;5.0;1958.0;36.0;"Non-responder"
74.0;1.0;1.0;74.0;2.0;1.0;1958.0;36.0;"Non-responder"
94.0;2.0;2.0;94.0;13.0;4.0;1958.0;36.0;"Non-responder"
93.0;1.0;1.0;93.0;47.0;11.0;1958.0;36.0;"Non-responder"
60.0;3.0;3.0;60.0;8.0;2.0;1958.0;36.0;"Non-responder"
88.0;2.0;2.0;88.0;45.0;11.0;1958.0;36.0;"Non-responder"
81.0;1.0;1.0;81.0;13.0;4.0;1958.0;36.0;"Non-responder"
90.0;1.0;1.0;90.0;36.0;8.0;1958.0;36.0;"Non-responder"
70.0;3.0;3.0;70.0;7.0;2.0;1958.0;36.0;"Non-responder"
42.0;4.0;4.0;42.0;6.0;2.0;1958.0;36.0;"Non-responder"
200.0;2.0;5.0;444.0;44.0;10.0;1958.0;36.0;"Responder"
80.0;1.0;5.0;131.0;32.0;7.0;1958.0;36.0;"Responder"
539.0;26.0;30.0;552.0;7.0;2.0;1958.0;36.0;"Responder"
107.0;5.0;6.0;112.0;2.0;1.0;1958.0;36.0;"Responder"
74.0;1.0;2.0;117.0;43.0;10.0;1958.0;36.0;"Responder"
53.0;1.0;3.0;92.0;29.0;6.0;1958.0;36.0;"Responder"
156.0;10.0;12.0;163.0;39.0;9.0;1958.0;36.0;"Responder"
90.0;1.0;4.0;114.0;8.0;2.0;1958.0;36.0;"Responder"
89.0;5.0;8.0;99.0;43.0;10.0;1958.0;36.0;"Responder"
62.0;1.0;2.0;76.0;29.0;6.0;1958.0;36.0;"Responder"
65.0;2.0;3.0;81.0;39.0;9.0;1958.0;36.0;"Responder"
85.0;4.0;6.0;102.0;44.0;10.0;1958.0;36.0;"Responder"
93.0;7.0;8.0;97.0;28.0;6.0;1958.0;36.0;"Responder"
60.0;4.0;5.0;90.0;30.0;7.0;1958.0;36.0;"Responder"
85.0;1.0;1.0;85.0;2.0;1.0;1958.0;36.0;"Non-responder"
45.0;3.0;3.0;45.0;10.0;3.0;1958.0;36.0;"Non-responder"
80.0;4.0;4.0;80.0;4.0;1.0;1958.0;36.0;"Non-responder"
74.0;11.0;11.0;74.0;26.0;6.0;1958.0;36.0;"Non-responder"
65.0;3.0;3.0;65.0;9.0;3.0;1958.0;36.0;"Non-responder"
50.0;3.0;3.0;50.0;36.0;8.0;1958.0;36.0;"Non-responder"
73.0;5.0;5.0;73.0;7.0;2.0;1958.0;36.0;"Non-responder"
93.0;5.0;5.0;93.0;31.0;7.0;1958.0;36.0;"Non-responder"
66.0;2.0;2.0;66.0;28.0;6.0;1958.0;36.0;"Non-responder"
78.0;2.0;2.0;78.0;7.0;2.0;1958.0;36.0;"Non-responder"
56.0;2.0;2.0;56.0;20.0;5.0;1958.0;36.0;"Non-responder"
88.0;3.0;3.0;88.0;7.0;2.0;1958.0;36.0;"Non-responder"
61.0;2.0;2.0;61.0;29.0;6.0;1958.0;36.0;"Non-responder"
81.0;1.0;1.0;81.0;12.0;3.0;1958.0;36.0;"Non-responder"
54.0;3.0;3.0;54.0;8.0;2.0;1958.0;36.0;"Non-responder"
66.0;2.0;2.0;66.0;5.0;1.0;1958.0;36.0;"Non-responder"
67.0;2.0;2.0;67.0;24.0;6.0;1958.0;36.0;"Non-responder"
31.0;3.0;3.0;31.0;17.0;4.0;1958.0;36.0;"Non-responder"
62.0;3.0;3.0;62.0;43.0;10.0;1958.0;36.0;"Non-responder"
85.0;3.0;3.0;85.0;2.0;1.0;1958.0;36.0;"Non-responder"
84.0;1.0;1.0;84.0;9.0;3.0;1958.0;36.0;"Non-responder"
64.0;6.0;6.0;64.0;27.0;6.0;1958.0;36.0;"Non-responder"
85.0;5.0;5.0;85.0;8.0;2.0;1958.0;36.0;"Non-responder"
74.0;1.0;1.0;74.0;8.0;2.0;1958.0;36.0;"Non-responder"
82.0;3.0;3.0;82.0;11.0;3.0;1958.0;36.0;"Non-responder"
80.0;1.0;1.0;80.0;5.0;1.0;1958.0;36.0;"Non-responder"
51.0;1.0;1.0;51.0;36.0;8.0;1958.0;36.0;"Non-responder"
73.0;1.0;1.0;73.0;6.0;2.0;1958.0;36.0;"Non-responder"
80.0;1.0;1.0;80.0;6.0;2.0;1958.0;36.0;"Non-responder"
63.0;1.0;1.0;63.0;44.0;10.0;1958.0;36.0;"Non-responder"
74.0;1.0;1.0;74.0;12.0;3.0;1958.0;36.0;"Non-responder"
51.0;1.0;1.0;51.0;40.0;9.0;1958.0;36.0;"Non-responder"
60.0;10.0;10.0;60.0;3.0;1.0;1958.0;36.0;"Non-responder"
80.0;2.0;2.0;80.0;44.0;10.0;1958.0;36.0;"Non-responder"
62.0;1.0;1.0;62.0;31.0;7.0;1958.0;36.0;"Non-responder"
50.0;9.0;9.0;50.0;11.0;3.0;1958.0;36.0;"Non-responder"
54.0;1.0;1.0;54.0;44.0;10.0;1958.0;36.0;"Non-responder"
65.0;1.0;1.0;65.0;44.0;10.0;1958.0;36.0;"Non-responder"
55.0;4.0;14.0;174.0;3.0;1.0;1957.0;37.0;"Responder"
56.0;2.0;4.0;327.0;9.0;3.0;1957.0;37.0;"Responder"
141.0;15.0;20.0;189.0;14.0;4.0;1957.0;37.0;"Responder"
94.0;4.0;6.0;103.0;3.0;1.0;1957.0;37.0;"Responder"
53.0;4.0;5.0;65.0;5.0;1.0;1957.0;37.0;"Responder"
90.0;5.0;5.0;90.0;16.0;4.0;1957.0;37.0;"Non-responder"
107.0;7.0;7.0;107.0;28.0;6.0;1957.0;37.0;"Non-responder"
89.0;4.0;4.0;89.0;13.0;4.0;1957.0;37.0;"Non-responder"
0.0;0.0;0.0;0.0;8.0;2.0;1957.0;37.0;"Non-responder"
71.0;6.0;6.0;71.0;29.0;6.0;1957.0;37.0;"Non-responder"
69.0;1.0;1.0;69.0;5.0;1.0;1957.0;37.0;"Non-responder"
56.0;3.0;3.0;56.0;10.0;3.0;1957.0;37.0;"Non-responder"
61.0;5.0;5.0;61.0;9.0;3.0;1957.0;37.0;"Non-responder"
101.0;4.0;4.0;101.0;16.0;4.0;1957.0;37.0;"Non-responder"
52.0;2.0;2.0;52.0;15.0;4.0;1957.0;37.0;"Non-responder"
55.0;2.0;2.0;55.0;34.0;8.0;1957.0;37.0;"Non-responder"
57.0;1.0;1.0;57.0;9.0;3.0;1957.0;37.0;"Non-responder"
65.0;8.0;8.0;65.0;27.0;6.0;1957.0;37.0;"Non-responder"
53.0;2.0;2.0;53.0;13.0;4.0;1957.0;37.0;"Non-responder"
28.0;2.0;2.0;28.0;3.0;1.0;1957.0;37.0;"Non-responder"
432.0;25.0;26.0;455.0;6.0;2.0;1957.0;37.0;"Responder"
35.0;5.0;7.0;251.0;10.0;3.0;1957.0;37.0;"Responder"
94.0;1.0;2.0;241.0;29.0;6.0;1957.0;37.0;"Responder"
53.0;4.0;5.0;129.0;41.0;10.0;1957.0;37.0;"Responder"
55.0;3.0;4.0;90.0;17.0;4.0;1957.0;37.0;"Responder"
81.0;5.0;8.0;102.0;12.0;3.0;1957.0;37.0;"Responder"
84.0;2.0;3.0;89.0;36.0;8.0;1957.0;37.0;"Responder"
81.0;4.0;5.0;152.0;17.0;4.0;1957.0;37.0;"Responder"
93.0;5.0;7.0;109.0;32.0;7.0;1957.0;37.0;"Responder"
80.0;5.0;6.0;84.0;9.0;3.0;1957.0;37.0;"Responder"
67.0;4.0;5.0;70.0;3.0;1.0;1957.0;37.0;"Responder"
106.0;4.0;5.0;115.0;2.0;1.0;1957.0;37.0;"Responder"
332.0;8.0;11.0;348.0;29.0;6.0;1957.0;37.0;"Responder"
78.0;2.0;3.0;150.0;7.0;2.0;1957.0;37.0;"Responder"
98.0;2.0;5.0;120.0;44.0;10.0;1957.0;37.0;"Responder"
283.0;17.0;17.0;283.0;32.0;7.0;1957.0;37.0;"Non-responder"
46.0;4.0;4.0;46.0;6.0;2.0;1957.0;37.0;"Non-responder"
69.0;6.0;6.0;69.0;8.0;2.0;1957.0;37.0;"Non-responder"
67.0;3.0;3.0;67.0;39.0;9.0;1957.0;37.0;"Non-responder"
95.0;3.0;3.0;95.0;7.0;2.0;1957.0;37.0;"Non-responder"
77.0;3.0;3.0;77.0;3.0;1.0;1957.0;37.0;"Non-responder"
55.0;1.0;1.0;55.0;4.0;1.0;1957.0;37.0;"Non-responder"
60.0;1.0;1.0;60.0;6.0;2.0;1957.0;37.0;"Non-responder"
67.0;7.0;7.0;67.0;2.0;1.0;1957.0;37.0;"Non-responder"
50.0;2.0;2.0;50.0;9.0;3.0;1957.0;37.0;"Non-responder"
57.0;1.0;1.0;57.0;8.0;2.0;1957.0;37.0;"Non-responder"
66.0;1.0;1.0;66.0;12.0;3.0;1957.0;37.0;"Non-responder"
57.0;4.0;4.0;57.0;30.0;7.0;1957.0;37.0;"Non-responder"
90.0;1.0;1.0;90.0;3.0;1.0;1957.0;37.0;"Non-responder"
58.0;4.0;4.0;58.0;2.0;1.0;1957.0;37.0;"Non-responder"
74.0;9.0;9.0;74.0;2.0;1.0;1957.0;37.0;"Non-responder"
93.0;2.0;2.0;93.0;2.0;1.0;1957.0;37.0;"Non-responder"
77.0;4.0;4.0;77.0;6.0;2.0;1957.0;37.0;"Non-responder"
51.0;6.0;6.0;51.0;14.0;4.0;1957.0;37.0;"Non-responder"
96.0;9.0;9.0;96.0;41.0;10.0;1957.0;37.0;"Non-responder"
72.0;4.0;4.0;72.0;2.0;1.0;1957.0;37.0;"Non-responder"
82.0;5.0;5.0;82.0;2.0;1.0;1957.0;37.0;"Non-responder"
62.0;2.0;2.0;62.0;30.0;7.0;1957.0;37.0;"Non-responder"
86.0;5.0;5.0;86.0;29.0;6.0;1957.0;37.0;"Non-responder"
157.0;4.0;4.0;157.0;30.0;7.0;1957.0;37.0;"Non-responder"
62.0;8.0;8.0;62.0;44.0;10.0;1957.0;37.0;"Non-responder"
61.0;2.0;2.0;61.0;16.0;4.0;1957.0;37.0;"Non-responder"
79.0;1.0;1.0;79.0;7.0;2.0;1957.0;37.0;"Non-responder"
82.0;5.0;5.0;82.0;36.0;8.0;1957.0;37.0;"Non-responder"
67.0;2.0;2.0;67.0;8.0;2.0;1957.0;37.0;"Non-responder"
61.0;3.0;3.0;61.0;26.0;6.0;1957.0;37.0;"Non-responder"
81.0;6.0;6.0;81.0;9.0;3.0;1957.0;37.0;"Non-responder"
55.0;1.0;1.0;55.0;36.0;8.0;1957.0;37.0;"Non-responder"
85.0;2.0;2.0;85.0;44.0;10.0;1957.0;37.0;"Non-responder"
57.0;1.0;1.0;57.0;12.0;3.0;1957.0;37.0;"Non-responder"
221.0;20.0;29.0;278.0;39.0;9.0;1956.0;38.0;"Responder"
86.0;5.0;8.0;136.0;10.0;3.0;1956.0;38.0;"Responder"
67.0;8.0;9.0;74.0;31.0;7.0;1956.0;38.0;"Responder"
107.0;5.0;7.0;125.0;48.0;11.0;1956.0;38.0;"Responder"
74.0;2.0;2.0;74.0;8.0;2.0;1956.0;38.0;"Non-responder"
51.0;2.0;2.0;51.0;6.0;2.0;1956.0;38.0;"Non-responder"
72.0;2.0;2.0;72.0;3.0;1.0;1956.0;38.0;"Non-responder"
63.0;1.0;1.0;63.0;31.0;7.0;1956.0;38.0;"Non-responder"
50.0;2.0;2.0;50.0;46.0;11.0;1956.0;38.0;"Non-responder"
92.0;1.0;1.0;92.0;43.0;10.0;1956.0;38.0;"Non-responder"
49.0;2.0;2.0;49.0;11.0;3.0;1956.0;38.0;"Non-responder"
88.0;2.0;2.0;88.0;10.0;3.0;1956.0;38.0;"Non-responder"
64.0;4.0;4.0;64.0;5.0;1.0;1956.0;38.0;"Non-responder"
78.0;1.0;1.0;78.0;36.0;8.0;1956.0;38.0;"Non-responder"
58.0;4.0;4.0;58.0;32.0;7.0;1956.0;38.0;"Non-responder"
65.0;2.0;2.0;65.0;8.0;2.0;1956.0;38.0;"Non-responder"
55.0;3.0;3.0;55.0;9.0;3.0;1956.0;38.0;"Non-responder"
64.0;5.0;5.0;64.0;5.0;1.0;1956.0;38.0;"Non-responder"
77.0;3.0;3.0;77.0;44.0;10.0;1956.0;38.0;"Non-responder"
68.0;4.0;4.0;68.0;40.0;9.0;1956.0;38.0;"Non-responder"
61.0;1.0;1.0;61.0;29.0;6.0;1956.0;38.0;"Non-responder"
214.0;24.0;35.0;326.0;3.0;1.0;1956.0;38.0;"Responder"
235.0;10.0;12.0;244.0;7.0;2.0;1956.0;38.0;"Responder"
88.0;1.0;3.0;127.0;1.0;1.0;1956.0;38.0;"Responder"
117.0;12.0;19.0;293.0;31.0;7.0;1956.0;38.0;"Responder"
225.0;7.0;12.0;321.0;44.0;10.0;1956.0;38.0;"Responder"
79.0;4.0;6.0;116.0;41.0;10.0;1956.0;38.0;"Responder"
172.0;6.0;13.0;449.0;2.0;1.0;1956.0;38.0;"Responder"
60.0;4.0;7.0;76.0;39.0;9.0;1956.0;38.0;"Responder"
70.0;6.0;7.0;73.0;29.0;6.0;1956.0;38.0;"Responder"
86.0;1.0;8.0;192.0;10.0;3.0;1956.0;38.0;"Responder"
59.0;4.0;7.0;107.0;31.0;7.0;1956.0;38.0;"Responder"
97.0;1.0;3.0;141.0;44.0;10.0;1956.0;38.0;"Responder"
76.0;2.0;5.0;194.0;43.0;10.0;1956.0;38.0;"Responder"
52.0;1.0;1.0;52.0;6.0;2.0;1956.0;38.0;"Non-responder"
215.0;7.0;7.0;215.0;1.0;1.0;1956.0;38.0;"Non-responder"
54.0;1.0;1.0;54.0;44.0;10.0;1956.0;38.0;"Non-responder"
54.0;2.0;2.0;54.0;37.0;9.0;1956.0;38.0;"Non-responder"
52.0;1.0;1.0;52.0;31.0;7.0;1956.0;38.0;"Non-responder"
99.0;1.0;1.0;99.0;14.0;4.0;1956.0;38.0;"Non-responder"
69.0;1.0;1.0;69.0;45.0;11.0;1956.0;38.0;"Non-responder"
93.0;4.0;4.0;93.0;11.0;3.0;1956.0;38.0;"Non-responder"
23.0;1.0;1.0;23.0;6.0;2.0;1956.0;38.0;"Non-responder"
54.0;1.0;1.0;54.0;23.0;5.0;1956.0;38.0;"Non-responder"
74.0;1.0;1.0;74.0;7.0;2.0;1956.0;38.0;"Non-responder"
71.0;4.0;4.0;71.0;9.0;3.0;1956.0;38.0;"Non-responder"
88.0;10.0;10.0;88.0;2.0;1.0;1956.0;38.0;"Non-responder"
55.0;1.0;1.0;55.0;31.0;7.0;1956.0;38.0;"Non-responder"
74.0;5.0;5.0;74.0;30.0;7.0;1956.0;38.0;"Non-responder"
53.0;2.0;2.0;53.0;2.0;1.0;1956.0;38.0;"Non-responder"
38.0;2.0;2.0;38.0;10.0;3.0;1956.0;38.0;"Non-responder"
54.0;4.0;4.0;54.0;9.0;3.0;1956.0;38.0;"Non-responder"
61.0;1.0;1.0;61.0;9.0;3.0;1956.0;38.0;"Non-responder"
52.0;4.0;4.0;52.0;32.0;7.0;1956.0;38.0;"Non-responder"
86.0;1.0;1.0;86.0;24.0;6.0;1956.0;38.0;"Non-responder"
54.0;1.0;1.0;54.0;3.0;1.0;1956.0;38.0;"Non-responder"
57.0;4.0;4.0;57.0;1.0;1.0;1956.0;38.0;"Non-responder"
98.0;4.0;4.0;98.0;8.0;2.0;1956.0;38.0;"Non-responder"
64.0;2.0;2.0;64.0;30.0;7.0;1956.0;38.0;"Non-responder"
98.0;2.0;2.0;98.0;9.0;3.0;1956.0;38.0;"Non-responder"
57.0;1.0;1.0;57.0;29.0;6.0;1956.0;38.0;"Non-responder"
64.0;5.0;5.0;64.0;33.0;8.0;1956.0;38.0;"Non-responder"
90.0;1.0;1.0;90.0;3.0;1.0;1956.0;38.0;"Non-responder"
53.0;4.0;4.0;53.0;29.0;6.0;1956.0;38.0;"Non-responder"
56.0;7.0;7.0;56.0;12.0;3.0;1956.0;38.0;"Non-responder"
54.0;3.0;3.0;54.0;6.0;2.0;1956.0;38.0;"Non-responder"
54.0;2.0;2.0;54.0;41.0;10.0;1956.0;38.0;"Non-responder"
68.0;2.0;2.0;68.0;31.0;7.0;1956.0;38.0;"Non-responder"
77.0;2.0;2.0;77.0;6.0;2.0;1956.0;38.0;"Non-responder"
60.0;1.0;1.0;60.0;12.0;3.0;1956.0;38.0;"Non-responder"
81.0;3.0;3.0;81.0;5.0;1.0;1956.0;38.0;"Non-responder"
473.0;49.0;55.0;513.0;29.0;6.0;1955.0;39.0;"Responder"
83.0;6.0;13.0;168.0;11.0;3.0;1955.0;39.0;"Responder"
59.0;2.0;3.0;76.0;3.0;1.0;1955.0;39.0;"Responder"
60.0;3.0;3.0;60.0;27.0;6.0;1955.0;39.0;"Non-responder"
50.0;2.0;2.0;50.0;10.0;3.0;1955.0;39.0;"Non-responder"
100.0;5.0;5.0;100.0;10.0;3.0;1955.0;39.0;"Non-responder"
13.0;4.0;4.0;13.0;29.0;6.0;1955.0;39.0;"Non-responder"
86.0;1.0;1.0;86.0;49.0;11.0;1955.0;39.0;"Non-responder"
61.0;6.0;6.0;61.0;6.0;2.0;1955.0;39.0;"Non-responder"
67.0;4.0;4.0;67.0;12.0;3.0;1955.0;39.0;"Non-responder"
81.0;4.0;4.0;81.0;3.0;1.0;1955.0;39.0;"Non-responder"
85.0;2.0;2.0;85.0;30.0;7.0;1955.0;39.0;"Non-responder"
72.0;1.0;1.0;72.0;36.0;8.0;1955.0;39.0;"Non-responder"
92.0;2.0;2.0;92.0;8.0;2.0;1955.0;39.0;"Non-responder"
59.0;1.0;1.0;59.0;12.0;3.0;1955.0;39.0;"Non-responder"
78.0;1.0;1.0;78.0;31.0;7.0;1955.0;39.0;"Non-responder"
70.0;4.0;4.0;70.0;44.0;10.0;1955.0;39.0;"Non-responder"
823.0;38.0;44.0;976.0;5.0;1.0;1955.0;39.0;"Responder"
811.0;23.0;30.0;902.0;39.0;9.0;1955.0;39.0;"Responder"
665.0;59.0;66.0;716.0;9.0;3.0;1955.0;39.0;"Responder"
84.0;3.0;5.0;165.0;6.0;2.0;1955.0;39.0;"Responder"
63.0;4.0;5.0;69.0;1.0;1.0;1955.0;39.0;"Responder"
97.0;5.0;6.0;102.0;7.0;2.0;1955.0;39.0;"Responder"
105.0;12.0;13.0;137.0;29.0;6.0;1955.0;39.0;"Responder"
166.0;5.0;7.0;408.0;2.0;1.0;1955.0;39.0;"Responder"
98.0;2.0;3.0;128.0;31.0;7.0;1955.0;39.0;"Responder"
110.0;7.0;11.0;239.0;2.0;1.0;1955.0;39.0;"Responder"
124.0;7.0;8.0;150.0;9.0;3.0;1955.0;39.0;"Responder"
334.0;4.0;5.0;285.0;5.0;1.0;1955.0;39.0;"Responder"
65.0;5.0;6.0;70.0;13.0;4.0;1955.0;39.0;"Responder"
97.0;6.0;9.0;125.0;30.0;7.0;1955.0;39.0;"Responder"
15.0;1.0;1.0;15.0;48.0;11.0;1955.0;39.0;"Non-responder"
60.0;4.0;4.0;60.0;38.0;9.0;1955.0;39.0;"Non-responder"
124.0;4.0;4.0;124.0;2.0;1.0;1955.0;39.0;"Non-responder"
63.0;1.0;1.0;63.0;27.0;6.0;1955.0;39.0;"Non-responder"
81.0;2.0;2.0;81.0;23.0;5.0;1955.0;39.0;"Non-responder"
59.0;2.0;2.0;59.0;5.0;1.0;1955.0;39.0;"Non-responder"
80.0;7.0;7.0;80.0;31.0;7.0;1955.0;39.0;"Non-responder"
64.0;2.0;2.0;64.0;5.0;1.0;1955.0;39.0;"Non-responder"
97.0;6.0;6.0;97.0;6.0;2.0;1955.0;39.0;"Non-responder"
86.0;1.0;1.0;86.0;3.0;1.0;1955.0;39.0;"Non-responder"
74.0;3.0;3.0;74.0;12.0;3.0;1955.0;39.0;"Non-responder"
62.0;1.0;1.0;62.0;1.0;1.0;1955.0;39.0;"Non-responder"
74.0;2.0;2.0;74.0;31.0;7.0;1955.0;39.0;"Non-responder"
74.0;5.0;5.0;74.0;10.0;3.0;1955.0;39.0;"Non-responder"
64.0;2.0;2.0;64.0;44.0;10.0;1955.0;39.0;"Non-responder"
51.0;1.0;1.0;51.0;1.0;1.0;1955.0;39.0;"Non-responder"
54.0;3.0;3.0;54.0;11.0;3.0;1955.0;39.0;"Non-responder"
57.0;2.0;2.0;57.0;16.0;4.0;1955.0;39.0;"Non-responder"
69.0;10.0;10.0;69.0;3.0;1.0;1955.0;39.0;"Non-responder"
68.0;4.0;4.0;68.0;2.0;1.0;1955.0;39.0;"Non-responder"
83.0;2.0;2.0;83.0;10.0;3.0;1955.0;39.0;"Non-responder"
60.0;3.0;3.0;60.0;8.0;2.0;1955.0;39.0;"Non-responder"
54.0;1.0;1.0;54.0;8.0;2.0;1955.0;39.0;"Non-responder"
70.0;2.0;2.0;70.0;30.0;7.0;1955.0;39.0;"Non-responder"
370.0;5.0;5.0;370.0;1.0;1.0;1955.0;39.0;"Non-responder"
53.0;2.0;2.0;53.0;2.0;1.0;1955.0;39.0;"Non-responder"
82.0;4.0;4.0;82.0;30.0;7.0;1955.0;39.0;"Non-responder"
61.0;2.0;2.0;61.0;33.0;8.0;1955.0;39.0;"Non-responder"
83.0;3.0;3.0;83.0;24.0;6.0;1955.0;39.0;"Non-responder"
92.0;2.0;2.0;92.0;1.0;1.0;1955.0;39.0;"Non-responder"
58.0;1.0;1.0;58.0;44.0;10.0;1955.0;39.0;"Non-responder"
51.0;7.0;7.0;51.0;34.0;8.0;1955.0;39.0;"Non-responder"
52.0;1.0;1.0;52.0;10.0;3.0;1955.0;39.0;"Non-responder"
71.0;2.0;2.0;71.0;2.0;1.0;1955.0;39.0;"Non-responder"
340.0;19.0;26.0;407.0;29.0;6.0;1954.0;40.0;"Responder"
326.0;25.0;32.0;481.0;10.0;3.0;1954.0;40.0;"Responder"
53.0;4.0;11.0;74.0;3.0;1.0;1954.0;40.0;"Responder"
96.0;9.0;12.0;151.0;8.0;2.0;1954.0;40.0;"Responder"
63.0;7.0;10.0;77.0;2.0;1.0;1954.0;40.0;"Responder"
100.0;5.0;6.0;105.0;9.0;3.0;1954.0;40.0;"Responder"
86.0;6.0;7.0;108.0;31.0;7.0;1954.0;40.0;"Responder"
66.0;3.0;4.0;74.0;5.0;1.0;1954.0;40.0;"Responder"
57.0;3.0;4.0;77.0;12.0;3.0;1954.0;40.0;"Responder"
161.0;5.0;5.0;161.0;44.0;10.0;1954.0;40.0;"Non-responder"
60.0;1.0;1.0;60.0;2.0;1.0;1954.0;40.0;"Non-responder"
81.0;1.0;1.0;81.0;43.0;10.0;1954.0;40.0;"Non-responder"
94.0;4.0;4.0;94.0;12.0;3.0;1954.0;40.0;"Non-responder"
71.0;1.0;1.0;71.0;8.0;2.0;1954.0;40.0;"Non-responder"
28.0;3.0;3.0;28.0;8.0;2.0;1954.0;40.0;"Non-responder"
60.0;1.0;1.0;60.0;2.0;1.0;1954.0;40.0;"Non-responder"
51.0;1.0;1.0;51.0;10.0;3.0;1954.0;40.0;"Non-responder"
71.0;4.0;4.0;71.0;9.0;3.0;1954.0;40.0;"Non-responder"
82.0;5.0;5.0;82.0;44.0;10.0;1954.0;40.0;"Non-responder"
55.0;2.0;2.0;55.0;17.0;4.0;1954.0;40.0;"Non-responder"
52.0;2.0;2.0;52.0;10.0;3.0;1954.0;40.0;"Non-responder"
91.0;3.0;3.0;91.0;10.0;3.0;1954.0;40.0;"Non-responder"
62.0;1.0;1.0;62.0;29.0;6.0;1954.0;40.0;"Non-responder"
62.0;1.0;1.0;62.0;43.0;10.0;1954.0;40.0;"Non-responder"
353.0;10.0;11.0;359.0;31.0;7.0;1954.0;40.0;"Responder"
95.0;8.0;9.0;123.0;31.0;7.0;1954.0;40.0;"Responder"
113.0;8.0;13.0;149.0;31.0;7.0;1954.0;40.0;"Responder"
118.0;9.0;13.0;175.0;31.0;7.0;1954.0;40.0;"Responder"
120.0;4.0;7.0;201.0;3.0;1.0;1954.0;40.0;"Responder"
94.0;6.0;7.0;105.0;44.0;10.0;1954.0;40.0;"Responder"
58.0;1.0;6.0;251.0;51.0;12.0;1954.0;40.0;"Responder"
95.0;1.0;3.0;177.0;9.0;3.0;1954.0;40.0;"Responder"
86.0;1.0;2.0;131.0;10.0;3.0;1954.0;40.0;"Responder"
97.0;8.0;10.0;119.0;8.0;2.0;1954.0;40.0;"Responder"
79.0;7.0;10.0;109.0;47.0;11.0;1954.0;40.0;"Responder"
85.0;6.0;7.0;115.0;9.0;3.0;1954.0;40.0;"Responder"
224.0;12.0;12.0;224.0;10.0;3.0;1954.0;40.0;"Non-responder"
54.0;1.0;1.0;54.0;9.0;3.0;1954.0;40.0;"Non-responder"
99.0;1.0;1.0;99.0;47.0;11.0;1954.0;40.0;"Non-responder"
62.0;2.0;2.0;62.0;3.0;1.0;1954.0;40.0;"Non-responder"
80.0;2.0;2.0;80.0;20.0;5.0;1954.0;40.0;"Non-responder"
52.0;1.0;1.0;52.0;29.0;6.0;1954.0;40.0;"Non-responder"
99.0;1.0;1.0;99.0;31.0;7.0;1954.0;40.0;"Non-responder"
0.0;0.0;0.0;0.0;3.0;1.0;1954.0;40.0;"Non-responder"
92.0;8.0;8.0;92.0;5.0;1.0;1954.0;40.0;"Non-responder"
32.0;2.0;2.0;32.0;3.0;1.0;1954.0;40.0;"Non-responder"
94.0;2.0;2.0;94.0;1.0;1.0;1954.0;40.0;"Non-responder"
56.0;1.0;1.0;56.0;31.0;7.0;1954.0;40.0;"Non-responder"
50.0;1.0;1.0;50.0;47.0;11.0;1954.0;40.0;"Non-responder"
63.0;1.0;1.0;63.0;9.0;3.0;1954.0;40.0;"Non-responder"
68.0;4.0;4.0;68.0;7.0;2.0;1954.0;40.0;"Non-responder"
52.0;1.0;1.0;52.0;29.0;6.0;1954.0;40.0;"Non-responder"
55.0;3.0;3.0;55.0;34.0;8.0;1954.0;40.0;"Non-responder"
0.0;3.0;3.0;0.0;15.0;4.0;1954.0;40.0;"Non-responder"
43.0;2.0;2.0;43.0;9.0;3.0;1954.0;40.0;"Non-responder"
58.0;3.0;3.0;58.0;7.0;2.0;1954.0;40.0;"Non-responder"
134.0;5.0;5.0;134.0;39.0;9.0;1954.0;40.0;"Non-responder"
86.0;12.0;18.0;137.0;15.0;4.0;1953.0;41.0;"Responder"
68.0;3.0;4.0;77.0;31.0;7.0;1953.0;41.0;"Responder"
89.0;2.0;3.0;148.0;26.0;6.0;1953.0;41.0;"Responder"
61.0;7.0;8.0;64.0;2.0;1.0;1953.0;41.0;"Responder"
67.0;1.0;2.0;77.0;4.0;1.0;1953.0;41.0;"Responder"
82.0;2.0;2.0;82.0;6.0;2.0;1953.0;41.0;"Non-responder"
19.0;2.0;2.0;19.0;29.0;6.0;1953.0;41.0;"Non-responder"
52.0;4.0;4.0;52.0;8.0;2.0;1953.0;41.0;"Non-responder"
51.0;1.0;1.0;51.0;3.0;1.0;1953.0;41.0;"Non-responder"
56.0;2.0;2.0;56.0;17.0;4.0;1953.0;41.0;"Non-responder"
92.0;3.0;3.0;92.0;10.0;3.0;1953.0;41.0;"Non-responder"
68.0;2.0;2.0;68.0;29.0;6.0;1953.0;41.0;"Non-responder"
78.0;5.0;5.0;78.0;6.0;2.0;1953.0;41.0;"Non-responder"
77.0;5.0;5.0;77.0;32.0;7.0;1953.0;41.0;"Non-responder"
51.0;1.0;1.0;51.0;30.0;7.0;1953.0;41.0;"Non-responder"
83.0;5.0;5.0;83.0;13.0;4.0;1953.0;41.0;"Non-responder"
68.0;7.0;11.0;98.0;2.0;1.0;1953.0;41.0;"Responder"
71.0;5.0;8.0;83.0;3.0;1.0;1953.0;41.0;"Responder"
74.0;7.0;11.0;118.0;43.0;10.0;1953.0;41.0;"Responder"
58.0;2.0;4.0;80.0;6.0;2.0;1953.0;41.0;"Responder"
58.0;2.0;3.0;73.0;28.0;6.0;1953.0;41.0;"Responder"
141.0;11.0;12.0;147.0;41.0;10.0;1953.0;41.0;"Responder"
269.0;11.0;12.0;300.0;12.0;3.0;1953.0;41.0;"Responder"
60.0;3.0;5.0;85.0;44.0;10.0;1953.0;41.0;"Responder"
74.0;1.0;1.0;74.0;9.0;3.0;1953.0;41.0;"Non-responder"
44.0;2.0;2.0;44.0;5.0;1.0;1953.0;41.0;"Non-responder"
74.0;1.0;1.0;74.0;5.0;1.0;1953.0;41.0;"Non-responder"
81.0;1.0;1.0;81.0;9.0;3.0;1953.0;41.0;"Non-responder"
58.0;1.0;1.0;58.0;30.0;7.0;1953.0;41.0;"Non-responder"
88.0;1.0;1.0;88.0;9.0;3.0;1953.0;41.0;"Non-responder"
55.0;1.0;1.0;55.0;6.0;2.0;1953.0;41.0;"Non-responder"
59.0;3.0;3.0;59.0;13.0;4.0;1953.0;41.0;"Non-responder"
55.0;3.0;3.0;55.0;6.0;2.0;1953.0;41.0;"Non-responder"
62.0;1.0;1.0;62.0;7.0;2.0;1953.0;41.0;"Non-responder"
68.0;1.0;1.0;68.0;12.0;3.0;1953.0;41.0;"Non-responder"
53.0;2.0;2.0;53.0;11.0;3.0;1953.0;41.0;"Non-responder"
107.0;5.0;5.0;107.0;6.0;2.0;1953.0;41.0;"Non-responder"
76.0;1.0;1.0;76.0;44.0;10.0;1953.0;41.0;"Non-responder"
51.0;1.0;1.0;51.0;11.0;3.0;1953.0;41.0;"Non-responder"
64.0;3.0;3.0;64.0;9.0;3.0;1953.0;41.0;"Non-responder"
60.0;3.0;3.0;60.0;43.0;10.0;1953.0;41.0;"Non-responder"
64.0;1.0;1.0;64.0;33.0;8.0;1953.0;41.0;"Non-responder"
51.0;2.0;2.0;51.0;4.0;1.0;1953.0;41.0;"Non-responder"
52.0;2.0;2.0;52.0;44.0;10.0;1953.0;41.0;"Non-responder"
61.0;1.0;1.0;61.0;6.0;2.0;1953.0;41.0;"Non-responder"
56.0;4.0;4.0;56.0;24.0;6.0;1953.0;41.0;"Non-responder"
174.0;8.0;8.0;174.0;44.0;10.0;1953.0;41.0;"Non-responder"
69.0;2.0;2.0;69.0;11.0;3.0;1953.0;41.0;"Non-responder"
74.0;2.0;2.0;74.0;44.0;10.0;1953.0;41.0;"Non-responder"
57.0;1.0;1.0;57.0;33.0;8.0;1953.0;41.0;"Non-responder"
65.0;2.0;2.0;65.0;6.0;2.0;1953.0;41.0;"Non-responder"
80.0;2.0;2.0;80.0;8.0;2.0;1953.0;41.0;"Non-responder"
69.0;3.0;3.0;69.0;31.0;7.0;1953.0;41.0;"Non-responder"
56.0;1.0;1.0;56.0;11.0;3.0;1953.0;41.0;"Non-responder"
91.0;6.0;6.0;91.0;29.0;6.0;1953.0;41.0;"Non-responder"
51.0;1.0;1.0;51.0;8.0;2.0;1953.0;41.0;"Non-responder"
80.0;1.0;1.0;80.0;30.0;7.0;1953.0;41.0;"Non-responder"
53.0;4.0;5.0;98.0;20.0;5.0;1952.0;42.0;"Responder"
0.0;0.0;1.0;54.0;43.0;10.0;1952.0;42.0;"Responder"
65.0;1.0;4.0;209.0;44.0;10.0;1952.0;42.0;"Responder"
96.0;8.0;10.0;104.0;2.0;1.0;1952.0;42.0;"Responder"
95.0;4.0;5.0;107.0;13.0;4.0;1952.0;42.0;"Responder"
67.0;2.0;3.0;71.0;15.0;4.0;1952.0;42.0;"Responder"
59.0;2.0;3.0;84.0;44.0;10.0;1952.0;42.0;"Responder"
76.0;8.0;8.0;76.0;2.0;1.0;1952.0;42.0;"Non-responder"
58.0;3.0;3.0;58.0;44.0;10.0;1952.0;42.0;"Non-responder"
56.0;1.0;1.0;56.0;10.0;3.0;1952.0;42.0;"Non-responder"
81.0;4.0;4.0;81.0;29.0;6.0;1952.0;42.0;"Non-responder"
58.0;1.0;1.0;58.0;13.0;4.0;1952.0;42.0;"Non-responder"
58.0;1.0;1.0;58.0;31.0;7.0;1952.0;42.0;"Non-responder"
86.0;3.0;3.0;86.0;11.0;3.0;1952.0;42.0;"Non-responder"
63.0;1.0;1.0;63.0;31.0;7.0;1952.0;42.0;"Non-responder"
80.0;7.0;7.0;80.0;16.0;4.0;1952.0;42.0;"Non-responder"
0.0;0.0;0.0;0.0;3.0;1.0;1952.0;42.0;"Non-responder"
78.0;2.0;2.0;78.0;7.0;2.0;1952.0;42.0;"Non-responder"
93.0;2.0;2.0;93.0;7.0;2.0;1952.0;42.0;"Non-responder"
98.0;3.0;3.0;98.0;3.0;1.0;1952.0;42.0;"Non-responder"
83.0;1.0;1.0;83.0;1.0;1.0;1952.0;42.0;"Non-responder"
353.0;19.0;21.0;379.0;41.0;10.0;1952.0;42.0;"Responder"
955.0;36.0;42.0;1186.0;3.0;1.0;1952.0;42.0;"Responder"
84.0;7.0;8.0;133.0;31.0;7.0;1952.0;42.0;"Responder"
96.0;11.0;14.0;121.0;2.0;1.0;1952.0;42.0;"Responder"
55.0;4.0;6.0;71.0;15.0;4.0;1952.0;42.0;"Responder"
79.0;6.0;9.0;153.0;41.0;10.0;1952.0;42.0;"Responder"
56.0;1.0;2.0;90.0;4.0;1.0;1952.0;42.0;"Responder"
95.0;11.0;12.0;100.0;29.0;6.0;1952.0;42.0;"Responder"
29.0;1.0;3.0;67.0;6.0;2.0;1952.0;42.0;"Responder"
93.0;6.0;12.0;374.0;10.0;3.0;1952.0;42.0;"Responder"
62.0;4.0;5.0;72.0;6.0;2.0;1952.0;42.0;"Responder"
81.0;14.0;18.0;109.0;8.0;2.0;1952.0;42.0;"Responder"
86.0;5.0;8.0;119.0;44.0;10.0;1952.0;42.0;"Responder"
87.0;4.0;5.0;92.0;44.0;10.0;1952.0;42.0;"Responder"
56.0;3.0;4.0;63.0;9.0;3.0;1952.0;42.0;"Responder"
99.0;4.0;5.0;104.0;44.0;10.0;1952.0;42.0;"Responder"
51.0;2.0;5.0;120.0;44.0;10.0;1952.0;42.0;"Responder"
42.0;4.0;6.0;112.0;31.0;7.0;1952.0;42.0;"Responder"
60.0;3.0;3.0;60.0;31.0;7.0;1952.0;42.0;"Non-responder"
56.0;1.0;1.0;56.0;12.0;3.0;1952.0;42.0;"Non-responder"
99.0;1.0;1.0;99.0;6.0;2.0;1952.0;42.0;"Non-responder"
51.0;1.0;1.0;51.0;38.0;9.0;1952.0;42.0;"Non-responder"
82.0;3.0;3.0;82.0;44.0;10.0;1952.0;42.0;"Non-responder"
95.0;1.0;1.0;95.0;43.0;10.0;1952.0;42.0;"Non-responder"
40.0;7.0;7.0;40.0;7.0;2.0;1952.0;42.0;"Non-responder"
73.0;2.0;2.0;73.0;32.0;7.0;1952.0;42.0;"Non-responder"
67.0;4.0;4.0;67.0;10.0;3.0;1952.0;42.0;"Non-responder"
69.0;4.0;4.0;69.0;31.0;7.0;1952.0;42.0;"Non-responder"
68.0;6.0;6.0;68.0;44.0;10.0;1952.0;42.0;"Non-responder"
98.0;4.0;4.0;98.0;47.0;11.0;1952.0;42.0;"Non-responder"
52.0;5.0;5.0;52.0;10.0;3.0;1952.0;42.0;"Non-responder"
75.0;1.0;1.0;75.0;42.0;10.0;1952.0;42.0;"Non-responder"
76.0;8.0;8.0;76.0;7.0;2.0;1952.0;42.0;"Non-responder"
97.0;4.0;4.0;97.0;31.0;7.0;1952.0;42.0;"Non-responder"
108.0;5.0;5.0;108.0;31.0;7.0;1952.0;42.0;"Non-responder"
76.0;4.0;4.0;76.0;8.0;2.0;1952.0;42.0;"Non-responder"
68.0;1.0;1.0;68.0;39.0;9.0;1952.0;42.0;"Non-responder"
61.0;6.0;6.0;61.0;4.0;1.0;1952.0;42.0;"Non-responder"
53.0;3.0;3.0;53.0;31.0;7.0;1952.0;42.0;"Non-responder"
64.0;1.0;1.0;64.0;6.0;2.0;1952.0;42.0;"Non-responder"
92.0;3.0;3.0;92.0;3.0;1.0;1952.0;42.0;"Non-responder"
87.0;1.0;1.0;87.0;49.0;11.0;1952.0;42.0;"Non-responder"
68.0;1.0;1.0;68.0;1.0;1.0;1952.0;42.0;"Non-responder"
66.0;4.0;4.0;66.0;44.0;10.0;1952.0;42.0;"Non-responder"
91.0;9.0;9.0;91.0;11.0;3.0;1952.0;42.0;"Non-responder"
92.0;1.0;1.0;92.0;44.0;10.0;1952.0;42.0;"Non-responder"
59.0;1.0;1.0;59.0;38.0;9.0;1952.0;42.0;"Non-responder"
60.0;1.0;1.0;60.0;18.0;5.0;1952.0;42.0;"Non-responder"
88.0;9.0;10.0;123.0;7.0;2.0;1951.0;43.0;"Responder"
80.0;5.0;7.0;107.0;17.0;4.0;1951.0;43.0;"Responder"
55.0;1.0;4.0;69.0;43.0;10.0;1951.0;43.0;"Responder"
96.0;2.0;3.0;114.0;1.0;1.0;1951.0;43.0;"Responder"
80.0;3.0;4.0;91.0;3.0;1.0;1951.0;43.0;"Responder"
62.0;6.0;8.0;100.0;39.0;9.0;1951.0;43.0;"Responder"
93.0;4.0;5.0;97.0;10.0;3.0;1951.0;43.0;"Responder"
98.0;2.0;2.0;98.0;11.0;3.0;1951.0;43.0;"Non-responder"
53.0;1.0;1.0;53.0;2.0;1.0;1951.0;43.0;"Non-responder"
91.0;5.0;5.0;91.0;9.0;3.0;1951.0;43.0;"Non-responder"
59.0;3.0;3.0;59.0;32.0;7.0;1951.0;43.0;"Non-responder"
85.0;6.0;6.0;85.0;11.0;3.0;1951.0;43.0;"Non-responder"
87.0;2.0;2.0;87.0;39.0;9.0;1951.0;43.0;"Non-responder"
80.0;1.0;1.0;80.0;8.0;2.0;1951.0;43.0;"Non-responder"
33.0;4.0;4.0;33.0;8.0;2.0;1951.0;43.0;"Non-responder"
52.0;1.0;1.0;52.0;32.0;7.0;1951.0;43.0;"Non-responder"
52.0;1.0;1.0;52.0;3.0;1.0;1951.0;43.0;"Non-responder"
51.0;5.0;5.0;51.0;9.0;3.0;1951.0;43.0;"Non-responder"
208.0;11.0;14.0;297.0;5.0;1.0;1951.0;43.0;"Responder"
89.0;8.0;17.0;307.0;16.0;4.0;1951.0;43.0;"Responder"
108.0;12.0;15.0;230.0;14.0;4.0;1951.0;43.0;"Responder"
81.0;9.0;11.0;98.0;44.0;10.0;1951.0;43.0;"Responder"
110.0;5.0;7.0;156.0;11.0;3.0;1951.0;43.0;"Responder"
72.0;7.0;9.0;90.0;5.0;1.0;1951.0;43.0;"Responder"
71.0;6.0;7.0;73.0;13.0;4.0;1951.0;43.0;"Responder"
64.0;7.0;9.0;71.0;47.0;11.0;1951.0;43.0;"Responder"
89.0;1.0;2.0;115.0;5.0;1.0;1951.0;43.0;"Responder"
84.0;5.0;5.0;84.0;7.0;2.0;1951.0;43.0;"Non-responder"
79.0;9.0;9.0;79.0;44.0;10.0;1951.0;43.0;"Non-responder"
114.0;3.0;3.0;114.0;17.0;4.0;1951.0;43.0;"Non-responder"
68.0;1.0;1.0;68.0;11.0;3.0;1951.0;43.0;"Non-responder"
85.0;3.0;3.0;85.0;2.0;1.0;1951.0;43.0;"Non-responder"
68.0;1.0;1.0;68.0;8.0;2.0;1951.0;43.0;"Non-responder"
80.0;5.0;5.0;80.0;29.0;6.0;1951.0;43.0;"Non-responder"
51.0;2.0;2.0;51.0;13.0;4.0;1951.0;43.0;"Non-responder"
27.0;2.0;2.0;27.0;7.0;2.0;1951.0;43.0;"Non-responder"
68.0;3.0;3.0;68.0;17.0;4.0;1951.0;43.0;"Non-responder"
89.0;3.0;3.0;89.0;5.0;1.0;1951.0;43.0;"Non-responder"
77.0;1.0;1.0;77.0;9.0;3.0;1951.0;43.0;"Non-responder"
74.0;4.0;4.0;74.0;32.0;7.0;1951.0;43.0;"Non-responder"
51.0;2.0;2.0;51.0;30.0;7.0;1951.0;43.0;"Non-responder"
59.0;3.0;3.0;59.0;8.0;2.0;1951.0;43.0;"Non-responder"
11.0;1.0;1.0;11.0;44.0;10.0;1951.0;43.0;"Non-responder"
94.0;1.0;1.0;94.0;9.0;3.0;1951.0;43.0;"Non-responder"
80.0;2.0;2.0;80.0;44.0;10.0;1951.0;43.0;"Non-responder"
78.0;2.0;2.0;78.0;1.0;1.0;1951.0;43.0;"Non-responder"
79.0;4.0;4.0;79.0;41.0;10.0;1951.0;43.0;"Non-responder"
88.0;5.0;5.0;88.0;7.0;2.0;1951.0;43.0;"Non-responder"
94.0;1.0;1.0;94.0;28.0;6.0;1951.0;43.0;"Non-responder"
90.0;1.0;1.0;90.0;31.0;7.0;1951.0;43.0;"Non-responder"
79.0;1.0;1.0;79.0;30.0;7.0;1951.0;43.0;"Non-responder"
78.0;2.0;2.0;78.0;11.0;3.0;1951.0;43.0;"Non-responder"
330.0;24.0;26.0;424.0;2.0;1.0;1950.0;44.0;"Responder"
106.0;11.0;12.0;121.0;14.0;4.0;1950.0;44.0;"Responder"
66.0;2.0;4.0;90.0;6.0;2.0;1950.0;44.0;"Responder"
67.0;9.0;11.0;91.0;8.0;2.0;1950.0;44.0;"Responder"
72.0;3.0;9.0;140.0;1.0;1.0;1950.0;44.0;"Responder"
98.0;2.0;4.0;109.0;9.0;3.0;1950.0;44.0;"Responder"
57.0;3.0;3.0;57.0;12.0;3.0;1950.0;44.0;"Non-responder"
74.0;7.0;7.0;74.0;43.0;10.0;1950.0;44.0;"Non-responder"
54.0;1.0;1.0;54.0;24.0;6.0;1950.0;44.0;"Non-responder"
0.0;0.0;0.0;0.0;29.0;6.0;1950.0;44.0;"Non-responder"
70.0;3.0;3.0;70.0;32.0;7.0;1950.0;44.0;"Non-responder"
79.0;3.0;3.0;79.0;27.0;6.0;1950.0;44.0;"Non-responder"
95.0;5.0;5.0;95.0;27.0;6.0;1950.0;44.0;"Non-responder"
92.0;1.0;1.0;92.0;30.0;7.0;1950.0;44.0;"Non-responder"
77.0;2.0;2.0;77.0;5.0;1.0;1950.0;44.0;"Non-responder"
84.0;1.0;1.0;84.0;36.0;8.0;1950.0;44.0;"Non-responder"
66.0;1.0;1.0;66.0;8.0;2.0;1950.0;44.0;"Non-responder"
72.0;1.0;1.0;72.0;8.0;2.0;1950.0;44.0;"Non-responder"
77.0;4.0;4.0;77.0;3.0;1.0;1950.0;44.0;"Non-responder"
52.0;3.0;3.0;52.0;26.0;6.0;1950.0;44.0;"Non-responder"
86.0;3.0;3.0;86.0;9.0;3.0;1950.0;44.0;"Non-responder"
78.0;4.0;4.0;78.0;9.0;3.0;1950.0;44.0;"Non-responder"
1303.0;116.0;131.0;1526.0;37.0;9.0;1950.0;44.0;"Responder"
890.0;71.0;75.0;932.0;9.0;3.0;1950.0;44.0;"Responder"
92.0;10.0;15.0;119.0;2.0;1.0;1950.0;44.0;"Responder"
80.0;2.0;3.0;97.0;14.0;4.0;1950.0;44.0;"Responder"
74.0;6.0;9.0;111.0;24.0;6.0;1950.0;44.0;"Responder"
81.0;6.0;8.0;101.0;8.0;2.0;1950.0;44.0;"Responder"
78.0;6.0;9.0;95.0;10.0;3.0;1950.0;44.0;"Responder"
81.0;2.0;4.0;90.0;13.0;4.0;1950.0;44.0;"Responder"
59.0;3.0;4.0;109.0;39.0;9.0;1950.0;44.0;"Responder"
90.0;5.0;6.0;83.0;3.0;1.0;1950.0;44.0;"Responder"
46.0;7.0;11.0;65.0;2.0;1.0;1950.0;44.0;"Responder"
190.0;7.0;8.0;201.0;16.0;4.0;1950.0;44.0;"Responder"
63.0;2.0;3.0;84.0;48.0;11.0;1950.0;44.0;"Responder"
93.0;9.0;21.0;305.0;43.0;10.0;1950.0;44.0;"Responder"
71.0;1.0;1.0;71.0;2.0;1.0;1950.0;44.0;"Non-responder"
70.0;1.0;1.0;70.0;39.0;9.0;1950.0;44.0;"Non-responder"
67.0;5.0;5.0;67.0;17.0;4.0;1950.0;44.0;"Non-responder"
79.0;3.0;3.0;79.0;3.0;1.0;1950.0;44.0;"Non-responder"
68.0;1.0;1.0;68.0;13.0;4.0;1950.0;44.0;"Non-responder"
80.0;1.0;1.0;80.0;2.0;1.0;1950.0;44.0;"Non-responder"
82.0;2.0;2.0;82.0;2.0;1.0;1950.0;44.0;"Non-responder"
92.0;2.0;2.0;92.0;9.0;3.0;1950.0;44.0;"Non-responder"
58.0;7.0;7.0;58.0;3.0;1.0;1950.0;44.0;"Non-responder"
90.0;4.0;4.0;90.0;3.0;1.0;1950.0;44.0;"Non-responder"
0.0;0.0;0.0;0.0;39.0;9.0;1950.0;44.0;"Non-responder"
67.0;4.0;4.0;67.0;44.0;10.0;1950.0;44.0;"Non-responder"
55.0;1.0;1.0;55.0;3.0;1.0;1950.0;44.0;"Non-responder"
59.0;1.0;1.0;59.0;34.0;8.0;1950.0;44.0;"Non-responder"
72.0;1.0;1.0;72.0;31.0;7.0;1950.0;44.0;"Non-responder"
280.0;5.0;5.0;280.0;7.0;2.0;1950.0;44.0;"Non-responder"
79.0;3.0;3.0;79.0;16.0;4.0;1950.0;44.0;"Non-responder"
60.0;3.0;3.0;60.0;9.0;3.0;1950.0;44.0;"Non-responder"
96.0;5.0;5.0;96.0;43.0;10.0;1950.0;44.0;"Non-responder"
92.0;1.0;1.0;92.0;6.0;2.0;1950.0;44.0;"Non-responder"
59.0;2.0;2.0;59.0;9.0;3.0;1950.0;44.0;"Non-responder"
53.0;1.0;1.0;53.0;3.0;1.0;1950.0;44.0;"Non-responder"
64.0;14.0;14.0;64.0;29.0;6.0;1950.0;44.0;"Non-responder"
58.0;2.0;2.0;58.0;3.0;1.0;1950.0;44.0;"Non-responder"
70.0;1.0;1.0;70.0;5.0;1.0;1950.0;44.0;"Non-responder"
102.0;8.0;8.0;102.0;6.0;2.0;1950.0;44.0;"Non-responder"
78.0;3.0;3.0;78.0;45.0;11.0;1950.0;44.0;"Non-responder"
1010.0;45.0;48.0;1050.0;44.0;10.0;1949.0;45.0;"Responder"
317.0;17.0;19.0;352.0;7.0;2.0;1949.0;45.0;"Responder"
86.0;7.0;10.0;136.0;10.0;3.0;1949.0;45.0;"Responder"
89.0;6.0;9.0;247.0;10.0;3.0;1949.0;45.0;"Responder"
56.0;3.0;7.0;130.0;2.0;1.0;1949.0;45.0;"Responder"
95.0;1.0;1.0;95.0;3.0;1.0;1949.0;45.0;"Non-responder"
57.0;3.0;3.0;57.0;31.0;7.0;1949.0;45.0;"Non-responder"
61.0;1.0;1.0;61.0;1.0;1.0;1949.0;45.0;"Non-responder"
79.0;2.0;2.0;79.0;9.0;3.0;1949.0;45.0;"Non-responder"
56.0;4.0;4.0;56.0;43.0;10.0;1949.0;45.0;"Non-responder"
82.0;3.0;3.0;82.0;3.0;1.0;1949.0;45.0;"Non-responder"
55.0;2.0;2.0;55.0;8.0;2.0;1949.0;45.0;"Non-responder"
51.0;8.0;8.0;51.0;39.0;9.0;1949.0;45.0;"Non-responder"
87.0;1.0;1.0;87.0;4.0;1.0;1949.0;45.0;"Non-responder"
56.0;1.0;1.0;56.0;39.0;9.0;1949.0;45.0;"Non-responder"
66.0;2.0;2.0;66.0;13.0;4.0;1949.0;45.0;"Non-responder"
78.0;2.0;2.0;78.0;10.0;3.0;1949.0;45.0;"Non-responder"
55.0;2.0;2.0;55.0;3.0;1.0;1949.0;45.0;"Non-responder"
807.0;44.0;81.0;1587.0;30.0;7.0;1949.0;45.0;"Responder"
165.0;17.0;19.0;197.0;8.0;2.0;1949.0;45.0;"Responder"
123.0;6.0;7.0;132.0;8.0;2.0;1949.0;45.0;"Responder"
78.0;9.0;12.0;112.0;40.0;9.0;1949.0;45.0;"Responder"
83.0;2.0;5.0;103.0;30.0;7.0;1949.0;45.0;"Responder"
106.0;8.0;10.0;122.0;3.0;1.0;1949.0;45.0;"Responder"
78.0;3.0;5.0;93.0;37.0;9.0;1949.0;45.0;"Responder"
71.0;7.0;8.0;108.0;50.0;11.0;1949.0;45.0;"Responder"
58.0;9.0;10.0;61.0;44.0;10.0;1949.0;45.0;"Responder"
42.0;6.0;7.0;54.0;32.0;7.0;1949.0;45.0;"Responder"
59.0;2.0;3.0;72.0;8.0;2.0;1949.0;45.0;"Responder"
82.0;2.0;4.0;116.0;30.0;7.0;1949.0;45.0;"Responder"
145.0;10.0;10.0;145.0;10.0;3.0;1949.0;45.0;"Non-responder"
115.0;5.0;5.0;115.0;3.0;1.0;1949.0;45.0;"Non-responder"
137.0;2.0;2.0;137.0;38.0;9.0;1949.0;45.0;"Non-responder"
55.0;2.0;2.0;55.0;3.0;1.0;1949.0;45.0;"Non-responder"
54.0;1.0;1.0;54.0;9.0;3.0;1949.0;45.0;"Non-responder"
63.0;6.0;6.0;63.0;31.0;7.0;1949.0;45.0;"Non-responder"
75.0;4.0;4.0;75.0;24.0;6.0;1949.0;45.0;"Non-responder"
83.0;1.0;1.0;83.0;13.0;4.0;1949.0;45.0;"Non-responder"
54.0;2.0;2.0;54.0;4.0;1.0;1949.0;45.0;"Non-responder"
58.0;3.0;3.0;58.0;44.0;10.0;1949.0;45.0;"Non-responder"
90.0;4.0;4.0;90.0;12.0;3.0;1949.0;45.0;"Non-responder"
58.0;4.0;4.0;58.0;16.0;4.0;1949.0;45.0;"Non-responder"
76.0;2.0;2.0;76.0;5.0;1.0;1949.0;45.0;"Non-responder"
90.0;4.0;4.0;90.0;7.0;2.0;1949.0;45.0;"Non-responder"
71.0;4.0;4.0;71.0;7.0;2.0;1949.0;45.0;"Non-responder"
64.0;2.0;2.0;64.0;1.0;1.0;1949.0;45.0;"Non-responder"
94.0;8.0;8.0;94.0;3.0;1.0;1949.0;45.0;"Non-responder"
75.0;2.0;2.0;75.0;3.0;1.0;1949.0;45.0;"Non-responder"
70.0;1.0;1.0;70.0;33.0;8.0;1949.0;45.0;"Non-responder"
65.0;3.0;3.0;65.0;7.0;2.0;1949.0;45.0;"Non-responder"
94.0;3.0;3.0;94.0;29.0;6.0;1949.0;45.0;"Non-responder"
86.0;6.0;6.0;86.0;10.0;3.0;1949.0;45.0;"Non-responder"
62.0;3.0;3.0;62.0;3.0;1.0;1949.0;45.0;"Non-responder"
92.0;4.0;4.0;92.0;7.0;2.0;1949.0;45.0;"Non-responder"
69.0;2.0;2.0;69.0;1.0;1.0;1949.0;45.0;"Non-responder"
78.0;2.0;2.0;78.0;12.0;3.0;1949.0;45.0;"Non-responder"
61.0;6.0;6.0;61.0;10.0;3.0;1949.0;45.0;"Non-responder"
90.0;3.0;4.0;139.0;31.0;7.0;1948.0;46.0;"Responder"
83.0;7.0;9.0;129.0;44.0;10.0;1948.0;46.0;"Responder"
12.0;1.0;2.0;25.0;6.0;2.0;1948.0;46.0;"Responder"
57.0;3.0;4.0;76.0;47.0;11.0;1948.0;46.0;"Responder"
62.0;8.0;8.0;62.0;44.0;10.0;1948.0;46.0;"Non-responder"
94.0;2.0;2.0;94.0;3.0;1.0;1948.0;46.0;"Non-responder"
88.0;1.0;1.0;88.0;6.0;2.0;1948.0;46.0;"Non-responder"
95.0;1.0;1.0;95.0;1.0;1.0;1948.0;46.0;"Non-responder"
64.0;5.0;5.0;64.0;29.0;6.0;1948.0;46.0;"Non-responder"
83.0;2.0;2.0;83.0;28.0;6.0;1948.0;46.0;"Non-responder"
60.0;4.0;4.0;60.0;31.0;7.0;1948.0;46.0;"Non-responder"
99.0;1.0;1.0;99.0;10.0;3.0;1948.0;46.0;"Non-responder"
62.0;1.0;1.0;62.0;6.0;2.0;1948.0;46.0;"Non-responder"
56.0;2.0;2.0;56.0;31.0;7.0;1948.0;46.0;"Non-responder"
88.0;2.0;2.0;88.0;3.0;1.0;1948.0;46.0;"Non-responder"
51.0;1.0;1.0;51.0;9.0;3.0;1948.0;46.0;"Non-responder"
82.0;1.0;1.0;82.0;32.0;7.0;1948.0;46.0;"Non-responder"
527.0;43.0;45.0;547.0;10.0;3.0;1948.0;46.0;"Responder"
96.0;14.0;15.0;108.0;5.0;1.0;1948.0;46.0;"Responder"
96.0;1.0;2.0;101.0;42.0;10.0;1948.0;46.0;"Responder"
90.0;9.0;17.0;223.0;46.0;11.0;1948.0;46.0;"Responder"
50.0;5.0;6.0;56.0;8.0;2.0;1948.0;46.0;"Responder"
54.0;6.0;10.0;102.0;10.0;3.0;1948.0;46.0;"Responder"
80.0;4.0;10.0;244.0;9.0;3.0;1948.0;46.0;"Responder"
96.0;5.0;10.0;179.0;17.0;4.0;1948.0;46.0;"Responder"
93.0;2.0;2.0;93.0;2.0;1.0;1948.0;46.0;"Non-responder"
129.0;9.0;9.0;129.0;9.0;3.0;1948.0;46.0;"Non-responder"
78.0;6.0;6.0;78.0;30.0;7.0;1948.0;46.0;"Non-responder"
57.0;2.0;2.0;57.0;13.0;4.0;1948.0;46.0;"Non-responder"
55.0;4.0;4.0;55.0;6.0;2.0;1948.0;46.0;"Non-responder"
100.0;4.0;4.0;100.0;44.0;10.0;1948.0;46.0;"Non-responder"
65.0;3.0;3.0;65.0;34.0;8.0;1948.0;46.0;"Non-responder"
68.0;2.0;2.0;68.0;31.0;7.0;1948.0;46.0;"Non-responder"
55.0;2.0;2.0;55.0;32.0;7.0;1948.0;46.0;"Non-responder"
86.0;3.0;3.0;86.0;8.0;2.0;1948.0;46.0;"Non-responder"
31.0;2.0;2.0;31.0;3.0;1.0;1948.0;46.0;"Non-responder"
56.0;5.0;5.0;56.0;1.0;1.0;1948.0;46.0;"Non-responder"
22.0;1.0;1.0;22.0;11.0;3.0;1948.0;46.0;"Non-responder"
33.0;1.0;1.0;33.0;4.0;1.0;1948.0;46.0;"Non-responder"
78.0;1.0;1.0;78.0;10.0;3.0;1948.0;46.0;"Non-responder"
75.0;7.0;7.0;75.0;30.0;7.0;1948.0;46.0;"Non-responder"
67.0;2.0;2.0;67.0;3.0;1.0;1948.0;46.0;"Non-responder"
72.0;1.0;1.0;72.0;3.0;1.0;1948.0;46.0;"Non-responder"
55.0;2.0;2.0;55.0;1.0;1.0;1948.0;46.0;"Non-responder"
55.0;3.0;3.0;55.0;11.0;3.0;1948.0;46.0;"Non-responder"
74.0;5.0;5.0;74.0;6.0;2.0;1948.0;46.0;"Non-responder"
99.0;5.0;7.0;153.0;17.0;4.0;1947.0;47.0;"Responder"
51.0;2.0;5.0;132.0;3.0;1.0;1947.0;47.0;"Responder"
52.0;3.0;5.0;60.0;40.0;9.0;1947.0;47.0;"Responder"
17.0;2.0;3.0;38.0;2.0;1.0;1947.0;47.0;"Responder"
53.0;3.0;5.0;53.0;9.0;3.0;1947.0;47.0;"Responder"
94.0;1.0;1.0;94.0;4.0;1.0;1947.0;47.0;"Non-responder"
57.0;8.0;8.0;57.0;3.0;1.0;1947.0;47.0;"Non-responder"
84.0;1.0;1.0;84.0;47.0;11.0;1947.0;47.0;"Non-responder"
75.0;1.0;1.0;75.0;13.0;4.0;1947.0;47.0;"Non-responder"
69.0;1.0;1.0;69.0;8.0;2.0;1947.0;47.0;"Non-responder"
55.0;1.0;1.0;55.0;32.0;7.0;1947.0;47.0;"Non-responder"
57.0;5.0;5.0;57.0;10.0;3.0;1947.0;47.0;"Non-responder"
94.0;1.0;1.0;94.0;31.0;7.0;1947.0;47.0;"Non-responder"
62.0;3.0;3.0;62.0;10.0;3.0;1947.0;47.0;"Non-responder"
95.0;1.0;1.0;95.0;26.0;6.0;1947.0;47.0;"Non-responder"
80.0;5.0;5.0;80.0;12.0;3.0;1947.0;47.0;"Non-responder"
78.0;2.0;2.0;78.0;2.0;1.0;1947.0;47.0;"Non-responder"
95.0;9.0;9.0;95.0;16.0;4.0;1947.0;47.0;"Non-responder"
57.0;1.0;1.0;57.0;10.0;3.0;1947.0;47.0;"Non-responder"
73.0;2.0;2.0;73.0;6.0;2.0;1947.0;47.0;"Non-responder"
61.0;2.0;2.0;61.0;8.0;2.0;1947.0;47.0;"Non-responder"
31.0;6.0;7.0;36.0;44.0;10.0;1947.0;47.0;"Responder"
818.0;50.0;74.0;1404.0;45.0;11.0;1947.0;47.0;"Responder"
457.0;44.0;50.0;629.0;3.0;1.0;1947.0;47.0;"Responder"
449.0;20.0;27.0;555.0;31.0;7.0;1947.0;47.0;"Responder"
502.0;31.0;34.0;529.0;31.0;7.0;1947.0;47.0;"Responder"
433.0;30.0;37.0;485.0;13.0;4.0;1947.0;47.0;"Responder"
284.0;11.0;17.0;339.0;31.0;7.0;1947.0;47.0;"Responder"
531.0;24.0;27.0;593.0;1.0;1.0;1947.0;47.0;"Responder"
266.0;16.0;24.0;347.0;44.0;10.0;1947.0;47.0;"Responder"
173.0;11.0;16.0;223.0;11.0;3.0;1947.0;47.0;"Responder"
53.0;2.0;4.0;79.0;30.0;7.0;1947.0;47.0;"Responder"
75.0;14.0;16.0;87.0;44.0;10.0;1947.0;47.0;"Responder"
65.0;5.0;11.0;232.0;10.0;3.0;1947.0;47.0;"Responder"
73.0;10.0;12.0;225.0;6.0;2.0;1947.0;47.0;"Responder"
83.0;7.0;8.0;94.0;30.0;7.0;1947.0;47.0;"Responder"
86.0;3.0;4.0;96.0;15.0;4.0;1947.0;47.0;"Responder"
24.0;3.0;4.0;47.0;3.0;1.0;1947.0;47.0;"Responder"
72.0;22.0;23.0;73.0;30.0;7.0;1947.0;47.0;"Responder"
68.0;8.0;9.0;82.0;4.0;1.0;1947.0;47.0;"Responder"
73.0;2.0;4.0;272.0;5.0;1.0;1947.0;47.0;"Responder"
87.0;6.0;7.0;94.0;6.0;2.0;1947.0;47.0;"Responder"
84.0;7.0;8.0;88.0;9.0;3.0;1947.0;47.0;"Responder"
77.0;3.0;4.0;227.0;2.0;1.0;1947.0;47.0;"Responder"
79.0;8.0;11.0;115.0;3.0;1.0;1947.0;47.0;"Responder"
120.0;3.0;3.0;120.0;44.0;10.0;1947.0;47.0;"Non-responder"
528.0;14.0;14.0;528.0;3.0;1.0;1947.0;47.0;"Non-responder"
60.0;1.0;1.0;60.0;2.0;1.0;1947.0;47.0;"Non-responder"
70.0;2.0;2.0;70.0;5.0;1.0;1947.0;47.0;"Non-responder"
56.0;1.0;1.0;56.0;15.0;4.0;1947.0;47.0;"Non-responder"
63.0;2.0;2.0;63.0;23.0;5.0;1947.0;47.0;"Non-responder"
57.0;1.0;1.0;57.0;12.0;3.0;1947.0;47.0;"Non-responder"
66.0;4.0;4.0;66.0;32.0;7.0;1947.0;47.0;"Non-responder"
83.0;2.0;2.0;83.0;1.0;1.0;1947.0;47.0;"Non-responder"
125.0;5.0;5.0;125.0;43.0;10.0;1947.0;47.0;"Non-responder"
65.0;4.0;4.0;65.0;12.0;3.0;1947.0;47.0;"Non-responder"
58.0;1.0;1.0;58.0;20.0;5.0;1947.0;47.0;"Non-responder"
40.0;3.0;3.0;40.0;30.0;7.0;1947.0;47.0;"Non-responder"
68.0;1.0;1.0;68.0;44.0;10.0;1947.0;47.0;"Non-responder"
86.0;8.0;8.0;86.0;30.0;7.0;1947.0;47.0;"Non-responder"
101.0;2.0;2.0;101.0;1.0;1.0;1947.0;47.0;"Non-responder"
71.0;1.0;1.0;71.0;15.0;4.0;1947.0;47.0;"Non-responder"
52.0;2.0;2.0;52.0;40.0;9.0;1947.0;47.0;"Non-responder"
90.0;1.0;1.0;90.0;29.0;6.0;1947.0;47.0;"Non-responder"
62.0;2.0;2.0;62.0;41.0;10.0;1947.0;47.0;"Non-responder"
88.0;2.0;2.0;88.0;36.0;8.0;1947.0;47.0;"Non-responder"
74.0;7.0;7.0;74.0;8.0;2.0;1947.0;47.0;"Non-responder"
57.0;1.0;1.0;57.0;12.0;3.0;1947.0;47.0;"Non-responder"
62.0;1.0;1.0;62.0;30.0;7.0;1947.0;47.0;"Non-responder"
78.0;2.0;2.0;78.0;32.0;7.0;1947.0;47.0;"Non-responder"
65.0;1.0;1.0;65.0;4.0;1.0;1947.0;47.0;"Non-responder"
20.0;2.0;2.0;20.0;4.0;1.0;1947.0;47.0;"Non-responder"
78.0;4.0;4.0;78.0;9.0;3.0;1947.0;47.0;"Non-responder"
30.0;1.0;1.0;30.0;10.0;3.0;1947.0;47.0;"Non-responder"
362.0;11.0;14.0;393.0;8.0;2.0;1946.0;48.0;"Responder"
32.0;1.0;2.0;38.0;17.0;4.0;1946.0;48.0;"Responder"
58.0;4.0;7.0;150.0;2.0;1.0;1946.0;48.0;"Responder"
78.0;11.0;13.0;90.0;29.0;6.0;1946.0;48.0;"Responder"
51.0;3.0;3.0;51.0;31.0;7.0;1946.0;48.0;"Non-responder"
52.0;1.0;1.0;52.0;9.0;3.0;1946.0;48.0;"Non-responder"
85.0;5.0;5.0;85.0;11.0;3.0;1946.0;48.0;"Non-responder"
90.0;1.0;1.0;90.0;12.0;3.0;1946.0;48.0;"Non-responder"
86.0;2.0;2.0;86.0;9.0;3.0;1946.0;48.0;"Non-responder"
68.0;2.0;2.0;68.0;9.0;3.0;1946.0;48.0;"Non-responder"
85.0;3.0;3.0;85.0;5.0;1.0;1946.0;48.0;"Non-responder"
51.0;1.0;1.0;51.0;7.0;2.0;1946.0;48.0;"Non-responder"
47.0;5.0;5.0;47.0;13.0;4.0;1946.0;48.0;"Non-responder"
90.0;1.0;1.0;90.0;10.0;3.0;1946.0;48.0;"Non-responder"
53.0;1.0;1.0;53.0;37.0;9.0;1946.0;48.0;"Non-responder"
74.0;2.0;2.0;74.0;28.0;6.0;1946.0;48.0;"Non-responder"
68.0;1.0;1.0;68.0;17.0;4.0;1946.0;48.0;"Non-responder"
527.0;24.0;29.0;548.0;8.0;2.0;1946.0;48.0;"Responder"
1299.0;57.0;75.0;1787.0;15.0;4.0;1946.0;48.0;"Responder"
796.0;32.0;33.0;839.0;5.0;1.0;1946.0;48.0;"Responder"
93.0;6.0;8.0;122.0;3.0;1.0;1946.0;48.0;"Responder"
221.0;21.0;25.0;268.0;1.0;1.0;1946.0;48.0;"Responder"
53.0;3.0;5.0;73.0;7.0;2.0;1946.0;48.0;"Responder"
191.0;22.0;23.0;209.0;9.0;3.0;1946.0;48.0;"Responder"
55.0;9.0;12.0;79.0;8.0;2.0;1946.0;48.0;"Responder"
108.0;7.0;9.0;190.0;42.0;10.0;1946.0;48.0;"Responder"
125.0;6.0;17.0;574.0;43.0;10.0;1946.0;48.0;"Responder"
66.0;7.0;8.0;71.0;41.0;10.0;1946.0;48.0;"Responder"
82.0;6.0;8.0;197.0;14.0;4.0;1946.0;48.0;"Responder"
77.0;2.0;4.0;97.0;2.0;1.0;1946.0;48.0;"Responder"
78.0;1.0;3.0;78.0;24.0;6.0;1946.0;48.0;"Responder"
98.0;9.0;11.0;108.0;6.0;2.0;1946.0;48.0;"Responder"
102.0;7.0;8.0;112.0;9.0;3.0;1946.0;48.0;"Responder"
19.0;1.0;2.0;23.0;36.0;8.0;1946.0;48.0;"Responder"
87.0;8.0;9.0;93.0;9.0;3.0;1946.0;48.0;"Responder"
104.0;4.0;5.0;124.0;2.0;1.0;1946.0;48.0;"Responder"
84.0;3.0;5.0;123.0;44.0;10.0;1946.0;48.0;"Responder"
57.0;3.0;3.0;57.0;8.0;2.0;1946.0;48.0;"Non-responder"
52.0;1.0;1.0;52.0;3.0;1.0;1946.0;48.0;"Non-responder"
309.0;20.0;20.0;309.0;2.0;1.0;1946.0;48.0;"Non-responder"
64.0;2.0;2.0;64.0;36.0;8.0;1946.0;48.0;"Non-responder"
76.0;1.0;1.0;76.0;22.0;5.0;1946.0;48.0;"Non-responder"
54.0;4.0;4.0;54.0;7.0;2.0;1946.0;48.0;"Non-responder"
80.0;2.0;2.0;80.0;24.0;6.0;1946.0;48.0;"Non-responder"
75.0;2.0;2.0;75.0;29.0;6.0;1946.0;48.0;"Non-responder"
99.0;2.0;2.0;99.0;13.0;4.0;1946.0;48.0;"Non-responder"
51.0;1.0;1.0;51.0;6.0;2.0;1946.0;48.0;"Non-responder"
90.0;10.0;10.0;90.0;8.0;2.0;1946.0;48.0;"Non-responder"
99.0;5.0;5.0;99.0;44.0;10.0;1946.0;48.0;"Non-responder"
66.0;4.0;4.0;66.0;31.0;7.0;1946.0;48.0;"Non-responder"
53.0;1.0;1.0;53.0;11.0;3.0;1946.0;48.0;"Non-responder"
61.0;3.0;3.0;61.0;11.0;3.0;1946.0;48.0;"Non-responder"
50.0;4.0;4.0;50.0;29.0;6.0;1946.0;48.0;"Non-responder"
72.0;1.0;1.0;72.0;1.0;1.0;1946.0;48.0;"Non-responder"
22.0;3.0;3.0;22.0;9.0;3.0;1946.0;48.0;"Non-responder"
68.0;6.0;6.0;68.0;44.0;10.0;1946.0;48.0;"Non-responder"
19.0;1.0;1.0;19.0;6.0;2.0;1946.0;48.0;"Non-responder"
72.0;5.0;5.0;72.0;2.0;1.0;1946.0;48.0;"Non-responder"
88.0;2.0;2.0;88.0;11.0;3.0;1946.0;48.0;"Non-responder"
65.0;1.0;1.0;65.0;8.0;2.0;1946.0;48.0;"Non-responder"
73.0;2.0;2.0;73.0;24.0;6.0;1946.0;48.0;"Non-responder"
75.0;1.0;1.0;75.0;9.0;3.0;1946.0;48.0;"Non-responder"
59.0;2.0;2.0;59.0;31.0;7.0;1946.0;48.0;"Non-responder"
63.0;1.0;1.0;63.0;30.0;7.0;1946.0;48.0;"Non-responder"
54.0;4.0;4.0;54.0;4.0;1.0;1946.0;48.0;"Non-responder"
74.0;1.0;1.0;74.0;9.0;3.0;1946.0;48.0;"Non-responder"
54.0;3.0;3.0;54.0;10.0;3.0;1946.0;48.0;"Non-responder"
60.0;4.0;4.0;60.0;11.0;3.0;1946.0;48.0;"Non-responder"
54.0;2.0;2.0;54.0;4.0;1.0;1946.0;48.0;"Non-responder"
67.0;2.0;2.0;67.0;10.0;3.0;1946.0;48.0;"Non-responder"
74.0;4.0;4.0;74.0;3.0;1.0;1946.0;48.0;"Non-responder"
62.0;3.0;3.0;62.0;2.0;1.0;1946.0;48.0;"Non-responder"
77.0;7.0;7.0;77.0;27.0;6.0;1946.0;48.0;"Non-responder"
159.0;16.0;22.0;293.0;44.0;10.0;1945.0;49.0;"Responder"
68.0;2.0;3.0;83.0;1.0;1.0;1945.0;49.0;"Responder"
189.0;8.0;11.0;264.0;30.0;7.0;1945.0;49.0;"Responder"
62.0;5.0;6.0;98.0;6.0;2.0;1945.0;49.0;"Responder"
100.0;11.0;15.0;113.0;8.0;2.0;1945.0;49.0;"Responder"
56.0;4.0;6.0;100.0;6.0;2.0;1945.0;49.0;"Responder"
81.0;1.0;2.0;88.0;5.0;1.0;1945.0;49.0;"Responder"
130.0;9.0;13.0;194.0;13.0;4.0;1945.0;49.0;"Responder"
70.0;2.0;3.0;89.0;7.0;2.0;1945.0;49.0;"Responder"
82.0;4.0;6.0;117.0;2.0;1.0;1945.0;49.0;"Responder"
56.0;1.0;1.0;56.0;8.0;2.0;1945.0;49.0;"Non-responder"
69.0;3.0;3.0;69.0;40.0;9.0;1945.0;49.0;"Non-responder"
70.0;1.0;1.0;70.0;43.0;10.0;1945.0;49.0;"Non-responder"
83.0;1.0;1.0;83.0;16.0;4.0;1945.0;49.0;"Non-responder"
60.0;1.0;1.0;60.0;44.0;10.0;1945.0;49.0;"Non-responder"
90.0;1.0;1.0;90.0;5.0;1.0;1945.0;49.0;"Non-responder"
82.0;1.0;1.0;82.0;30.0;7.0;1945.0;49.0;"Non-responder"
60.0;4.0;4.0;60.0;10.0;3.0;1945.0;49.0;"Non-responder"
77.0;2.0;2.0;77.0;3.0;1.0;1945.0;49.0;"Non-responder"
81.0;4.0;4.0;81.0;2.0;1.0;1945.0;49.0;"Non-responder"
85.0;1.0;1.0;85.0;6.0;2.0;1945.0;49.0;"Non-responder"
50.0;3.0;3.0;50.0;30.0;7.0;1945.0;49.0;"Non-responder"
94.0;3.0;5.0;103.0;11.0;3.0;1945.0;49.0;"Responder"
70.0;1.0;2.0;74.0;6.0;2.0;1945.0;49.0;"Responder"
63.0;8.0;22.0;314.0;3.0;1.0;1945.0;49.0;"Responder"
103.0;7.0;8.0;119.0;9.0;3.0;1945.0;49.0;"Responder"
188.0;7.0;8.0;214.0;32.0;7.0;1945.0;49.0;"Responder"
124.0;15.0;16.0;129.0;29.0;6.0;1945.0;49.0;"Responder"
94.0;6.0;8.0;203.0;9.0;3.0;1945.0;49.0;"Responder"
72.0;3.0;4.0;111.0;1.0;1.0;1945.0;49.0;"Responder"
109.0;7.0;8.0;122.0;1.0;1.0;1945.0;49.0;"Responder"
80.0;1.0;2.0;167.0;3.0;1.0;1945.0;49.0;"Responder"
19.0;2.0;2.0;19.0;1.0;1.0;1945.0;49.0;"Non-responder"
68.0;2.0;2.0;68.0;9.0;3.0;1945.0;49.0;"Non-responder"
53.0;3.0;3.0;53.0;33.0;8.0;1945.0;49.0;"Non-responder"
74.0;1.0;1.0;74.0;3.0;1.0;1945.0;49.0;"Non-responder"
60.0;3.0;3.0;60.0;30.0;7.0;1945.0;49.0;"Non-responder"
18.0;1.0;1.0;18.0;10.0;3.0;1945.0;49.0;"Non-responder"
65.0;3.0;3.0;65.0;3.0;1.0;1945.0;49.0;"Non-responder"
120.0;9.0;9.0;120.0;17.0;4.0;1945.0;49.0;"Non-responder"
78.0;2.0;2.0;78.0;16.0;4.0;1945.0;49.0;"Non-responder"
0.0;0.0;0.0;0.0;11.0;3.0;1945.0;49.0;"Non-responder"
52.0;2.0;2.0;52.0;11.0;3.0;1945.0;49.0;"Non-responder"
67.0;2.0;2.0;67.0;10.0;3.0;1945.0;49.0;"Non-responder"
82.0;2.0;2.0;82.0;3.0;1.0;1945.0;49.0;"Non-responder"
30.0;1.0;1.0;30.0;8.0;2.0;1945.0;49.0;"Non-responder"
57.0;1.0;1.0;57.0;17.0;4.0;1945.0;49.0;"Non-responder"
55.0;9.0;9.0;55.0;44.0;10.0;1945.0;49.0;"Non-responder"
111.0;3.0;3.0;111.0;14.0;4.0;1945.0;49.0;"Non-responder"
91.0;3.0;3.0;91.0;2.0;1.0;1945.0;49.0;"Non-responder"
62.0;1.0;1.0;62.0;8.0;2.0;1945.0;49.0;"Non-responder"
155.0;7.0;9.0;179.0;4.0;1.0;1944.0;50.0;"Responder"
89.0;3.0;4.0;105.0;9.0;3.0;1944.0;50.0;"Responder"
85.0;3.0;9.0;103.0;2.0;1.0;1944.0;50.0;"Responder"
97.0;3.0;6.0;143.0;6.0;2.0;1944.0;50.0;"Responder"
91.0;3.0;4.0;103.0;4.0;1.0;1944.0;50.0;"Responder"
58.0;2.0;5.0;270.0;9.0;3.0;1944.0;50.0;"Responder"
92.0;1.0;1.0;92.0;12.0;3.0;1944.0;50.0;"Non-responder"
74.0;4.0;4.0;74.0;44.0;10.0;1944.0;50.0;"Non-responder"
56.0;2.0;2.0;56.0;44.0;10.0;1944.0;50.0;"Non-responder"
94.0;2.0;2.0;94.0;13.0;4.0;1944.0;50.0;"Non-responder"
63.0;3.0;3.0;63.0;41.0;10.0;1944.0;50.0;"Non-responder"
51.0;2.0;2.0;51.0;30.0;7.0;1944.0;50.0;"Non-responder"
98.0;3.0;3.0;98.0;2.0;1.0;1944.0;50.0;"Non-responder"
46.0;3.0;3.0;46.0;47.0;11.0;1944.0;50.0;"Non-responder"
85.0;3.0;3.0;85.0;34.0;8.0;1944.0;50.0;"Non-responder"
53.0;1.0;1.0;53.0;6.0;2.0;1944.0;50.0;"Non-responder"
82.0;1.0;1.0;82.0;9.0;3.0;1944.0;50.0;"Non-responder"
54.0;1.0;1.0;54.0;28.0;6.0;1944.0;50.0;"Non-responder"
51.0;2.0;2.0;51.0;6.0;2.0;1944.0;50.0;"Non-responder"
82.0;4.0;4.0;82.0;45.0;11.0;1944.0;50.0;"Non-responder"
1128.0;28.0;34.0;1213.0;3.0;1.0;1944.0;50.0;"Responder"
59.0;1.0;3.0;90.0;1.0;1.0;1944.0;50.0;"Responder"
689.0;40.0;46.0;832.0;6.0;2.0;1944.0;50.0;"Responder"
390.0;17.0;27.0;605.0;9.0;3.0;1944.0;50.0;"Responder"
78.0;1.0;5.0;121.0;44.0;10.0;1944.0;50.0;"Responder"
71.0;2.0;3.0;85.0;9.0;3.0;1944.0;50.0;"Responder"
60.0;5.0;8.0;88.0;17.0;4.0;1944.0;50.0;"Responder"
96.0;3.0;4.0;126.0;5.0;1.0;1944.0;50.0;"Responder"
64.0;3.0;4.0;74.0;11.0;3.0;1944.0;50.0;"Responder"
57.0;4.0;5.0;235.0;6.0;2.0;1944.0;50.0;"Responder"
98.0;2.0;9.0;336.0;30.0;7.0;1944.0;50.0;"Responder"
376.0;26.0;26.0;376.0;29.0;6.0;1944.0;50.0;"Non-responder"
52.0;1.0;1.0;52.0;7.0;2.0;1944.0;50.0;"Non-responder"
93.0;7.0;7.0;93.0;10.0;3.0;1944.0;50.0;"Non-responder"
13.0;1.0;1.0;13.0;3.0;1.0;1944.0;50.0;"Non-responder"
265.0;5.0;5.0;265.0;3.0;1.0;1944.0;50.0;"Non-responder"
80.0;1.0;1.0;80.0;3.0;1.0;1944.0;50.0;"Non-responder"
55.0;4.0;4.0;55.0;44.0;10.0;1944.0;50.0;"Non-responder"
71.0;1.0;1.0;71.0;9.0;3.0;1944.0;50.0;"Non-responder"
71.0;1.0;1.0;71.0;14.0;4.0;1944.0;50.0;"Non-responder"
54.0;7.0;7.0;54.0;27.0;6.0;1944.0;50.0;"Non-responder"
82.0;1.0;1.0;82.0;9.0;3.0;1944.0;50.0;"Non-responder"
60.0;4.0;4.0;60.0;15.0;4.0;1944.0;50.0;"Non-responder"
79.0;6.0;6.0;79.0;9.0;3.0;1944.0;50.0;"Non-responder"
95.0;2.0;2.0;95.0;44.0;10.0;1944.0;50.0;"Non-responder"
91.0;1.0;1.0;91.0;14.0;4.0;1944.0;50.0;"Non-responder"
61.0;1.0;1.0;61.0;16.0;4.0;1944.0;50.0;"Non-responder"
55.0;6.0;6.0;55.0;20.0;5.0;1944.0;50.0;"Non-responder"
189.0;8.0;8.0;189.0;30.0;7.0;1944.0;50.0;"Non-responder"
90.0;1.0;1.0;90.0;2.0;1.0;1944.0;50.0;"Non-responder"
66.0;2.0;2.0;66.0;8.0;2.0;1944.0;50.0;"Non-responder"
80.0;5.0;5.0;80.0;8.0;2.0;1944.0;50.0;"Non-responder"
70.0;1.0;1.0;70.0;39.0;9.0;1944.0;50.0;"Non-responder"
80.0;3.0;3.0;80.0;32.0;7.0;1944.0;50.0;"Non-responder"
55.0;1.0;3.0;164.0;15.0;4.0;1943.0;51.0;"Responder"
64.0;1.0;2.0;77.0;1.0;1.0;1943.0;51.0;"Responder"
102.0;6.0;7.0;106.0;47.0;11.0;1943.0;51.0;"Responder"
77.0;31.0;38.0;101.0;1.0;1.0;1943.0;51.0;"Responder"
59.0;3.0;3.0;59.0;39.0;9.0;1943.0;51.0;"Non-responder"
74.0;1.0;1.0;74.0;13.0;4.0;1943.0;51.0;"Non-responder"
286.0;6.0;6.0;286.0;9.0;3.0;1943.0;51.0;"Non-responder"
107.0;5.0;5.0;107.0;3.0;1.0;1943.0;51.0;"Non-responder"
97.0;5.0;5.0;97.0;5.0;1.0;1943.0;51.0;"Non-responder"
53.0;5.0;5.0;53.0;29.0;6.0;1943.0;51.0;"Non-responder"
52.0;3.0;3.0;52.0;24.0;6.0;1943.0;51.0;"Non-responder"
53.0;2.0;2.0;53.0;11.0;3.0;1943.0;51.0;"Non-responder"
64.0;3.0;3.0;64.0;42.0;10.0;1943.0;51.0;"Non-responder"
124.0;11.0;13.0;141.0;9.0;3.0;1943.0;51.0;"Responder"
141.0;5.0;9.0;212.0;9.0;3.0;1943.0;51.0;"Responder"
91.0;6.0;7.0;171.0;5.0;1.0;1943.0;51.0;"Responder"
55.0;3.0;5.0;64.0;6.0;2.0;1943.0;51.0;"Responder"
99.0;2.0;3.0;102.0;8.0;2.0;1943.0;51.0;"Responder"
58.0;2.0;4.0;106.0;10.0;3.0;1943.0;51.0;"Responder"
48.0;4.0;5.0;53.0;1.0;1.0;1943.0;51.0;"Responder"
65.0;5.0;6.0;77.0;3.0;1.0;1943.0;51.0;"Responder"
90.0;1.0;2.0;118.0;11.0;3.0;1943.0;51.0;"Responder"
121.0;6.0;8.0;134.0;14.0;4.0;1943.0;51.0;"Responder"
96.0;5.0;6.0;103.0;9.0;3.0;1943.0;51.0;"Responder"
87.0;4.0;12.0;454.0;47.0;11.0;1943.0;51.0;"Responder"
65.0;4.0;6.0;139.0;3.0;1.0;1943.0;51.0;"Responder"
65.0;3.0;5.0;92.0;31.0;7.0;1943.0;51.0;"Responder"
83.0;4.0;6.0;97.0;8.0;2.0;1943.0;51.0;"Responder"
76.0;4.0;4.0;76.0;9.0;3.0;1943.0;51.0;"Non-responder"
65.0;3.0;3.0;65.0;24.0;6.0;1943.0;51.0;"Non-responder"
67.0;5.0;5.0;67.0;31.0;7.0;1943.0;51.0;"Non-responder"
76.0;1.0;1.0;76.0;9.0;3.0;1943.0;51.0;"Non-responder"
0.0;0.0;0.0;0.0;29.0;6.0;1943.0;51.0;"Non-responder"
70.0;2.0;2.0;70.0;6.0;2.0;1943.0;51.0;"Non-responder"
70.0;5.0;5.0;70.0;3.0;1.0;1943.0;51.0;"Non-responder"
78.0;1.0;1.0;78.0;24.0;6.0;1943.0;51.0;"Non-responder"
93.0;2.0;2.0;93.0;3.0;1.0;1943.0;51.0;"Non-responder"
85.0;1.0;1.0;85.0;11.0;3.0;1943.0;51.0;"Non-responder"
56.0;3.0;3.0;56.0;39.0;9.0;1943.0;51.0;"Non-responder"
52.0;1.0;1.0;52.0;5.0;1.0;1943.0;51.0;"Non-responder"
91.0;6.0;6.0;91.0;6.0;2.0;1943.0;51.0;"Non-responder"
65.0;5.0;5.0;65.0;3.0;1.0;1943.0;51.0;"Non-responder"
0.0;0.0;1.0;13.0;10.0;3.0;1942.0;52.0;"Responder"
113.0;11.0;12.0;114.0;31.0;7.0;1942.0;52.0;"Responder"
91.0;6.0;9.0;102.0;4.0;1.0;1942.0;52.0;"Responder"
57.0;2.0;3.0;131.0;8.0;2.0;1942.0;52.0;"Responder"
70.0;6.0;9.0;92.0;50.0;11.0;1942.0;52.0;"Responder"
66.0;3.0;4.0;83.0;9.0;3.0;1942.0;52.0;"Responder"
33.0;5.0;5.0;33.0;16.0;4.0;1942.0;52.0;"Non-responder"
93.0;2.0;2.0;93.0;26.0;6.0;1942.0;52.0;"Non-responder"
93.0;5.0;5.0;93.0;13.0;4.0;1942.0;52.0;"Non-responder"
53.0;1.0;1.0;53.0;10.0;3.0;1942.0;52.0;"Non-responder"
56.0;2.0;2.0;56.0;43.0;10.0;1942.0;52.0;"Non-responder"
93.0;3.0;3.0;93.0;45.0;11.0;1942.0;52.0;"Non-responder"
95.0;1.0;1.0;95.0;37.0;9.0;1942.0;52.0;"Non-responder"
97.0;2.0;2.0;97.0;1.0;1.0;1942.0;52.0;"Non-responder"
63.0;1.0;1.0;63.0;9.0;3.0;1942.0;52.0;"Non-responder"
84.0;2.0;2.0;84.0;31.0;7.0;1942.0;52.0;"Non-responder"
142.0;11.0;12.0;149.0;48.0;11.0;1942.0;52.0;"Responder"
240.0;20.0;25.0;339.0;9.0;3.0;1942.0;52.0;"Responder"
508.0;27.0;29.0;514.0;9.0;3.0;1942.0;52.0;"Responder"
106.0;5.0;14.0;559.0;16.0;4.0;1942.0;52.0;"Responder"
31.0;4.0;5.0;39.0;10.0;3.0;1942.0;52.0;"Responder"
93.0;3.0;5.0;104.0;10.0;3.0;1942.0;52.0;"Responder"
90.0;8.0;11.0;107.0;31.0;7.0;1942.0;52.0;"Responder"
52.0;2.0;7.0;457.0;39.0;9.0;1942.0;52.0;"Responder"
92.0;2.0;7.0;130.0;51.0;12.0;1942.0;52.0;"Responder"
83.0;5.0;8.0;235.0;14.0;4.0;1942.0;52.0;"Responder"
75.0;5.0;10.0;231.0;5.0;1.0;1942.0;52.0;"Responder"
51.0;3.0;4.0;94.0;6.0;2.0;1942.0;52.0;"Responder"
60.0;7.0;11.0;135.0;9.0;3.0;1942.0;52.0;"Responder"
68.0;2.0;3.0;87.0;8.0;2.0;1942.0;52.0;"Responder"
76.0;4.0;5.0;79.0;11.0;3.0;1942.0;52.0;"Responder"
203.0;11.0;12.0;211.0;8.0;2.0;1942.0;52.0;"Responder"
97.0;6.0;7.0;101.0;8.0;2.0;1942.0;52.0;"Responder"
55.0;9.0;10.0;63.0;44.0;10.0;1942.0;52.0;"Responder"
175.0;7.0;7.0;175.0;3.0;1.0;1942.0;52.0;"Non-responder"
342.0;19.0;19.0;342.0;32.0;7.0;1942.0;52.0;"Non-responder"
50.0;1.0;1.0;50.0;8.0;2.0;1942.0;52.0;"Non-responder"
86.0;2.0;2.0;86.0;14.0;4.0;1942.0;52.0;"Non-responder"
60.0;2.0;2.0;60.0;36.0;8.0;1942.0;52.0;"Non-responder"
60.0;2.0;2.0;60.0;16.0;4.0;1942.0;52.0;"Non-responder"
52.0;3.0;3.0;52.0;13.0;4.0;1942.0;52.0;"Non-responder"
96.0;1.0;1.0;96.0;9.0;3.0;1942.0;52.0;"Non-responder"
92.0;1.0;1.0;92.0;3.0;1.0;1942.0;52.0;"Non-responder"
62.0;2.0;2.0;62.0;1.0;1.0;1942.0;52.0;"Non-responder"
55.0;3.0;3.0;55.0;12.0;3.0;1942.0;52.0;"Non-responder"
63.0;3.0;3.0;63.0;24.0;6.0;1942.0;52.0;"Non-responder"
60.0;1.0;1.0;60.0;34.0;8.0;1942.0;52.0;"Non-responder"
97.0;2.0;2.0;97.0;13.0;4.0;1942.0;52.0;"Non-responder"
94.0;5.0;5.0;94.0;7.0;2.0;1942.0;52.0;"Non-responder"
90.0;1.0;1.0;90.0;15.0;4.0;1942.0;52.0;"Non-responder"
51.0;2.0;2.0;51.0;9.0;3.0;1942.0;52.0;"Non-responder"
78.0;4.0;4.0;78.0;32.0;7.0;1942.0;52.0;"Non-responder"
191.0;7.0;8.0;240.0;30.0;7.0;1941.0;53.0;"Responder"
57.0;6.0;7.0;117.0;9.0;3.0;1941.0;53.0;"Responder"
78.0;9.0;13.0;98.0;11.0;3.0;1941.0;53.0;"Responder"
63.0;2.0;2.0;63.0;8.0;2.0;1941.0;53.0;"Non-responder"
40.0;5.0;5.0;40.0;11.0;3.0;1941.0;53.0;"Non-responder"
60.0;1.0;1.0;60.0;7.0;2.0;1941.0;53.0;"Non-responder"
0.0;0.0;0.0;0.0;6.0;2.0;1941.0;53.0;"Non-responder"
71.0;1.0;1.0;71.0;4.0;1.0;1941.0;53.0;"Non-responder"
65.0;1.0;1.0;65.0;48.0;11.0;1941.0;53.0;"Non-responder"
91.0;4.0;4.0;91.0;14.0;4.0;1941.0;53.0;"Non-responder"
169.0;7.0;9.0;174.0;38.0;9.0;1941.0;53.0;"Responder"
491.0;30.0;32.0;504.0;10.0;3.0;1941.0;53.0;"Responder"
169.0;8.0;9.0;183.0;44.0;10.0;1941.0;53.0;"Responder"
60.0;6.0;8.0;68.0;24.0;6.0;1941.0;53.0;"Responder"
66.0;3.0;7.0;100.0;31.0;7.0;1941.0;53.0;"Responder"
116.0;12.0;15.0;187.0;5.0;1.0;1941.0;53.0;"Responder"
79.0;4.0;6.0;219.0;39.0;9.0;1941.0;53.0;"Responder"
81.0;11.0;18.0;137.0;39.0;9.0;1941.0;53.0;"Responder"
76.0;7.0;8.0;80.0;27.0;6.0;1941.0;53.0;"Responder"
63.0;1.0;1.0;63.0;11.0;3.0;1941.0;53.0;"Non-responder"
93.0;1.0;1.0;93.0;10.0;3.0;1941.0;53.0;"Non-responder"
75.0;1.0;1.0;75.0;30.0;7.0;1941.0;53.0;"Non-responder"
67.0;1.0;1.0;67.0;11.0;3.0;1941.0;53.0;"Non-responder"
83.0;5.0;5.0;83.0;10.0;3.0;1941.0;53.0;"Non-responder"
74.0;2.0;2.0;74.0;44.0;10.0;1941.0;53.0;"Non-responder"
0.0;0.0;0.0;0.0;13.0;4.0;1941.0;53.0;"Non-responder"
95.0;5.0;5.0;95.0;13.0;4.0;1941.0;53.0;"Non-responder"
97.0;2.0;2.0;97.0;30.0;7.0;1941.0;53.0;"Non-responder"
50.0;1.0;1.0;50.0;7.0;2.0;1941.0;53.0;"Non-responder"
70.0;2.0;2.0;70.0;9.0;3.0;1941.0;53.0;"Non-responder"
56.0;4.0;4.0;56.0;30.0;7.0;1941.0;53.0;"Non-responder"
57.0;8.0;8.0;57.0;44.0;10.0;1941.0;53.0;"Non-responder"
114.0;5.0;6.0;135.0;6.0;2.0;1940.0;54.0;"Responder"
107.0;7.0;9.0;124.0;7.0;2.0;1940.0;54.0;"Responder"
75.0;5.0;7.0;170.0;40.0;9.0;1940.0;54.0;"Responder"
221.0;4.0;9.0;295.0;1.0;1.0;1940.0;54.0;"Responder"
66.0;1.0;1.0;66.0;7.0;2.0;1940.0;54.0;"Non-responder"
61.0;1.0;1.0;61.0;30.0;7.0;1940.0;54.0;"Non-responder"
66.0;2.0;2.0;66.0;5.0;1.0;1940.0;54.0;"Non-responder"
58.0;1.0;1.0;58.0;2.0;1.0;1940.0;54.0;"Non-responder"
61.0;2.0;2.0;61.0;11.0;3.0;1940.0;54.0;"Non-responder"
82.0;1.0;1.0;82.0;5.0;1.0;1940.0;54.0;"Non-responder"
912.0;37.0;44.0;1048.0;10.0;3.0;1940.0;54.0;"Responder"
198.0;14.0;18.0;276.0;8.0;2.0;1940.0;54.0;"Responder"
364.0;28.0;34.0;445.0;6.0;2.0;1940.0;54.0;"Responder"
74.0;6.0;7.0;103.0;39.0;9.0;1940.0;54.0;"Responder"
468.0;16.0;25.0;939.0;1.0;1.0;1940.0;54.0;"Responder"
80.0;4.0;6.0;94.0;7.0;2.0;1940.0;54.0;"Responder"
94.0;5.0;11.0;124.0;31.0;7.0;1940.0;54.0;"Responder"
83.0;11.0;13.0;120.0;12.0;3.0;1940.0;54.0;"Responder"
71.0;2.0;4.0;93.0;4.0;1.0;1940.0;54.0;"Responder"
64.0;2.0;4.0;78.0;36.0;8.0;1940.0;54.0;"Responder"
36.0;3.0;4.0;63.0;9.0;3.0;1940.0;54.0;"Responder"
18.0;2.0;4.0;52.0;9.0;3.0;1940.0;54.0;"Responder"
302.0;10.0;10.0;302.0;2.0;1.0;1940.0;54.0;"Non-responder"
60.0;3.0;3.0;60.0;6.0;2.0;1940.0;54.0;"Non-responder"
101.0;6.0;6.0;101.0;44.0;10.0;1940.0;54.0;"Non-responder"
55.0;4.0;4.0;55.0;8.0;2.0;1940.0;54.0;"Non-responder"
80.0;3.0;3.0;80.0;3.0;1.0;1940.0;54.0;"Non-responder"
84.0;3.0;3.0;84.0;3.0;1.0;1940.0;54.0;"Non-responder"
98.0;1.0;1.0;98.0;9.0;3.0;1940.0;54.0;"Non-responder"
64.0;1.0;1.0;64.0;7.0;2.0;1940.0;54.0;"Non-responder"
56.0;2.0;2.0;56.0;3.0;1.0;1940.0;54.0;"Non-responder"
87.0;1.0;1.0;87.0;10.0;3.0;1940.0;54.0;"Non-responder"
63.0;2.0;2.0;63.0;10.0;3.0;1940.0;54.0;"Non-responder"
55.0;1.0;1.0;55.0;37.0;9.0;1940.0;54.0;"Non-responder"
94.0;1.0;1.0;94.0;6.0;2.0;1940.0;54.0;"Non-responder"
52.0;2.0;2.0;52.0;15.0;4.0;1940.0;54.0;"Non-responder"
52.0;6.0;6.0;52.0;31.0;7.0;1940.0;54.0;"Non-responder"
99.0;1.0;1.0;99.0;10.0;3.0;1940.0;54.0;"Non-responder"
61.0;1.0;1.0;61.0;8.0;2.0;1940.0;54.0;"Non-responder"
54.0;5.0;5.0;54.0;8.0;2.0;1940.0;54.0;"Non-responder"
50.0;3.0;3.0;50.0;32.0;7.0;1940.0;54.0;"Non-responder"
69.0;1.0;1.0;69.0;10.0;3.0;1940.0;54.0;"Non-responder"
53.0;2.0;4.0;68.0;9.0;3.0;1939.0;55.0;"Responder"
0.0;0.0;0.0;0.0;8.0;2.0;1939.0;55.0;"Non-responder"
60.0;1.0;1.0;60.0;6.0;2.0;1939.0;55.0;"Non-responder"
62.0;2.0;2.0;62.0;8.0;2.0;1939.0;55.0;"Non-responder"
51.0;2.0;2.0;51.0;13.0;4.0;1939.0;55.0;"Non-responder"
60.0;1.0;1.0;60.0;2.0;1.0;1939.0;55.0;"Non-responder"
55.0;3.0;3.0;55.0;1.0;1.0;1939.0;55.0;"Non-responder"
215.0;15.0;22.0;303.0;9.0;3.0;1939.0;55.0;"Responder"
419.0;30.0;33.0;463.0;50.0;11.0;1939.0;55.0;"Responder"
81.0;12.0;18.0;187.0;9.0;3.0;1939.0;55.0;"Responder"
95.0;11.0;14.0;125.0;3.0;1.0;1939.0;55.0;"Responder"
64.0;4.0;5.0;67.0;7.0;2.0;1939.0;55.0;"Responder"
97.0;4.0;7.0;179.0;8.0;2.0;1939.0;55.0;"Responder"
65.0;3.0;5.0;76.0;13.0;4.0;1939.0;55.0;"Responder"
82.0;3.0;3.0;82.0;10.0;3.0;1939.0;55.0;"Non-responder"
61.0;6.0;6.0;61.0;6.0;2.0;1939.0;55.0;"Non-responder"
98.0;10.0;10.0;98.0;14.0;4.0;1939.0;55.0;"Non-responder"
84.0;1.0;1.0;84.0;24.0;6.0;1939.0;55.0;"Non-responder"
79.0;6.0;6.0;79.0;34.0;8.0;1939.0;55.0;"Non-responder"
99.0;6.0;6.0;99.0;24.0;6.0;1939.0;55.0;"Non-responder"
67.0;3.0;3.0;67.0;44.0;10.0;1939.0;55.0;"Non-responder"
94.0;5.0;5.0;94.0;6.0;2.0;1939.0;55.0;"Non-responder"
82.0;1.0;1.0;82.0;31.0;7.0;1939.0;55.0;"Non-responder"
71.0;3.0;3.0;71.0;10.0;3.0;1939.0;55.0;"Non-responder"
95.0;3.0;5.0;126.0;10.0;3.0;1938.0;56.0;"Responder"
72.0;3.0;6.0;195.0;2.0;1.0;1938.0;56.0;"Responder"
20.0;4.0;5.0;24.0;39.0;9.0;1938.0;56.0;"Responder"
56.0;1.0;1.0;56.0;10.0;3.0;1938.0;56.0;"Non-responder"
107.0;4.0;4.0;107.0;29.0;6.0;1938.0;56.0;"Non-responder"
66.0;1.0;1.0;66.0;3.0;1.0;1938.0;56.0;"Non-responder"
92.0;4.0;4.0;92.0;20.0;5.0;1938.0;56.0;"Non-responder"
50.0;2.0;2.0;50.0;41.0;10.0;1938.0;56.0;"Non-responder"
55.0;3.0;3.0;55.0;7.0;2.0;1938.0;56.0;"Non-responder"
76.0;3.0;3.0;76.0;9.0;3.0;1938.0;56.0;"Non-responder"
119.0;10.0;14.0;140.0;31.0;7.0;1938.0;56.0;"Responder"
61.0;4.0;6.0;71.0;5.0;1.0;1938.0;56.0;"Responder"
73.0;4.0;5.0;74.0;10.0;3.0;1938.0;56.0;"Responder"
85.0;1.0;2.0;93.0;1.0;1.0;1938.0;56.0;"Responder"
65.0;2.0;6.0;97.0;32.0;7.0;1938.0;56.0;"Responder"
68.0;6.0;9.0;148.0;9.0;3.0;1938.0;56.0;"Responder"
63.0;2.0;5.0;78.0;44.0;10.0;1938.0;56.0;"Responder"
72.0;1.0;6.0;100.0;3.0;1.0;1938.0;56.0;"Responder"
101.0;5.0;12.0;153.0;10.0;3.0;1938.0;56.0;"Responder"
90.0;1.0;6.0;285.0;31.0;7.0;1938.0;56.0;"Responder"
68.0;2.0;3.0;82.0;6.0;2.0;1938.0;56.0;"Responder"
266.0;5.0;7.0;304.0;31.0;7.0;1938.0;56.0;"Responder"
96.0;1.0;1.0;96.0;5.0;1.0;1938.0;56.0;"Non-responder"
80.0;1.0;1.0;80.0;8.0;2.0;1938.0;56.0;"Non-responder"
76.0;3.0;3.0;76.0;10.0;3.0;1938.0;56.0;"Non-responder"
71.0;3.0;3.0;71.0;7.0;2.0;1938.0;56.0;"Non-responder"
62.0;1.0;1.0;62.0;8.0;2.0;1938.0;56.0;"Non-responder"
52.0;4.0;4.0;52.0;6.0;2.0;1938.0;56.0;"Non-responder"
55.0;2.0;2.0;55.0;10.0;3.0;1938.0;56.0;"Non-responder"
53.0;2.0;2.0;53.0;3.0;1.0;1938.0;56.0;"Non-responder"
59.0;6.0;6.0;59.0;3.0;1.0;1938.0;56.0;"Non-responder"
66.0;9.0;9.0;66.0;8.0;2.0;1938.0;56.0;"Non-responder"
94.0;4.0;4.0;94.0;33.0;8.0;1938.0;56.0;"Non-responder"
88.0;10.0;10.0;88.0;29.0;6.0;1938.0;56.0;"Non-responder"
63.0;5.0;5.0;63.0;4.0;1.0;1938.0;56.0;"Non-responder"
74.0;1.0;1.0;74.0;9.0;3.0;1938.0;56.0;"Non-responder"
70.0;4.0;4.0;70.0;11.0;3.0;1938.0;56.0;"Non-responder"
58.0;1.0;1.0;58.0;8.0;2.0;1938.0;56.0;"Non-responder"
78.0;1.0;1.0;78.0;8.0;2.0;1938.0;56.0;"Non-responder"
69.0;3.0;3.0;69.0;27.0;6.0;1938.0;56.0;"Non-responder"
51.0;3.0;3.0;51.0;1.0;1.0;1938.0;56.0;"Non-responder"
92.0;4.0;13.0;175.0;11.0;3.0;1937.0;57.0;"Responder"
164.0;25.0;33.0;269.0;9.0;3.0;1937.0;57.0;"Responder"
75.0;5.0;5.0;75.0;10.0;3.0;1937.0;57.0;"Non-responder"
72.0;1.0;1.0;72.0;10.0;3.0;1937.0;57.0;"Non-responder"
111.0;3.0;3.0;111.0;24.0;6.0;1937.0;57.0;"Non-responder"
60.0;1.0;1.0;60.0;11.0;3.0;1937.0;57.0;"Non-responder"
96.0;2.0;2.0;96.0;13.0;4.0;1937.0;57.0;"Non-responder"
57.0;1.0;1.0;57.0;2.0;1.0;1937.0;57.0;"Non-responder"
67.0;4.0;4.0;67.0;23.0;5.0;1937.0;57.0;"Non-responder"
56.0;3.0;3.0;56.0;3.0;1.0;1937.0;57.0;"Non-responder"
64.0;5.0;5.0;64.0;10.0;3.0;1937.0;57.0;"Non-responder"
75.0;4.0;6.0;102.0;6.0;2.0;1937.0;57.0;"Responder"
86.0;10.0;12.0;123.0;34.0;8.0;1937.0;57.0;"Responder"
86.0;7.0;8.0;90.0;5.0;1.0;1937.0;57.0;"Responder"
74.0;9.0;13.0;132.0;3.0;1.0;1937.0;57.0;"Responder"
72.0;11.0;13.0;82.0;9.0;3.0;1937.0;57.0;"Responder"
98.0;3.0;7.0;158.0;44.0;10.0;1937.0;57.0;"Responder"
93.0;4.0;5.0;98.0;6.0;2.0;1937.0;57.0;"Responder"
79.0;11.0;14.0;110.0;16.0;4.0;1937.0;57.0;"Responder"
80.0;1.0;3.0;177.0;9.0;3.0;1937.0;57.0;"Responder"
63.0;3.0;4.0;104.0;5.0;1.0;1937.0;57.0;"Responder"
94.0;5.0;6.0;116.0;3.0;1.0;1937.0;57.0;"Responder"
145.0;10.0;14.0;194.0;10.0;3.0;1937.0;57.0;"Responder"
84.0;4.0;4.0;84.0;40.0;9.0;1937.0;57.0;"Non-responder"
0.0;0.0;0.0;0.0;8.0;2.0;1937.0;57.0;"Non-responder"
82.0;3.0;3.0;82.0;30.0;7.0;1937.0;57.0;"Non-responder"
66.0;1.0;1.0;66.0;3.0;1.0;1937.0;57.0;"Non-responder"
40.0;1.0;1.0;40.0;8.0;2.0;1937.0;57.0;"Non-responder"
52.0;1.0;1.0;52.0;13.0;4.0;1937.0;57.0;"Non-responder"
55.0;1.0;1.0;55.0;27.0;6.0;1937.0;57.0;"Non-responder"
93.0;5.0;5.0;93.0;3.0;1.0;1937.0;57.0;"Non-responder"
91.0;4.0;4.0;91.0;36.0;8.0;1937.0;57.0;"Non-responder"
59.0;2.0;2.0;59.0;37.0;9.0;1937.0;57.0;"Non-responder"
83.0;6.0;6.0;83.0;4.0;1.0;1937.0;57.0;"Non-responder"
56.0;2.0;2.0;56.0;12.0;3.0;1937.0;57.0;"Non-responder"
112.0;4.0;4.0;112.0;16.0;4.0;1937.0;57.0;"Non-responder"
93.0;8.0;8.0;93.0;9.0;3.0;1937.0;57.0;"Non-responder"
60.0;1.0;1.0;60.0;37.0;9.0;1937.0;57.0;"Non-responder"
89.0;5.0;5.0;89.0;3.0;1.0;1937.0;57.0;"Non-responder"
63.0;2.0;2.0;63.0;8.0;2.0;1937.0;57.0;"Non-responder"
84.0;1.0;1.0;84.0;7.0;2.0;1937.0;57.0;"Non-responder"
52.0;1.0;1.0;52.0;47.0;11.0;1937.0;57.0;"Non-responder"
75.0;6.0;6.0;75.0;11.0;3.0;1937.0;57.0;"Non-responder"
99.0;3.0;4.0;105.0;16.0;4.0;1936.0;58.0;"Responder"
74.0;7.0;11.0;109.0;8.0;2.0;1936.0;58.0;"Responder"
90.0;3.0;3.0;90.0;1.0;1.0;1936.0;58.0;"Non-responder"
60.0;1.0;1.0;60.0;3.0;1.0;1936.0;58.0;"Non-responder"
87.0;2.0;2.0;87.0;39.0;9.0;1936.0;58.0;"Non-responder"
70.0;6.0;6.0;70.0;16.0;4.0;1936.0;58.0;"Non-responder"
64.0;3.0;3.0;64.0;3.0;1.0;1936.0;58.0;"Non-responder"
82.0;4.0;4.0;82.0;8.0;2.0;1936.0;58.0;"Non-responder"
55.0;2.0;2.0;55.0;20.0;5.0;1936.0;58.0;"Non-responder"
97.0;8.0;9.0;119.0;10.0;3.0;1936.0;58.0;"Responder"
66.0;5.0;7.0;106.0;1.0;1.0;1936.0;58.0;"Responder"
154.0;13.0;16.0;178.0;7.0;2.0;1936.0;58.0;"Responder"
81.0;10.0;11.0;95.0;7.0;2.0;1936.0;58.0;"Responder"
51.0;8.0;13.0;672.0;31.0;7.0;1936.0;58.0;"Responder"
177.0;5.0;8.0;212.0;44.0;10.0;1936.0;58.0;"Responder"
63.0;4.0;7.0;97.0;29.0;6.0;1936.0;58.0;"Responder"
72.0;2.0;2.0;72.0;8.0;2.0;1936.0;58.0;"Non-responder"
56.0;4.0;4.0;56.0;23.0;5.0;1936.0;58.0;"Non-responder"
70.0;4.0;4.0;70.0;13.0;4.0;1936.0;58.0;"Non-responder"
77.0;3.0;3.0;77.0;31.0;7.0;1936.0;58.0;"Non-responder"
53.0;4.0;4.0;53.0;31.0;7.0;1936.0;58.0;"Non-responder"
89.0;1.0;1.0;89.0;6.0;2.0;1936.0;58.0;"Non-responder"
58.0;3.0;3.0;58.0;8.0;2.0;1936.0;58.0;"Non-responder"
60.0;3.0;3.0;60.0;8.0;2.0;1936.0;58.0;"Non-responder"
42.0;2.0;2.0;42.0;6.0;2.0;1936.0;58.0;"Non-responder"
84.0;3.0;3.0;84.0;50.0;11.0;1936.0;58.0;"Non-responder"
73.0;8.0;8.0;73.0;13.0;4.0;1936.0;58.0;"Non-responder"
56.0;1.0;1.0;56.0;29.0;6.0;1936.0;58.0;"Non-responder"
60.0;4.0;4.0;60.0;8.0;2.0;1936.0;58.0;"Non-responder"
61.0;2.0;3.0;65.0;5.0;1.0;1935.0;59.0;"Responder"
80.0;1.0;1.0;80.0;4.0;1.0;1935.0;59.0;"Non-responder"
84.0;3.0;3.0;84.0;6.0;2.0;1935.0;59.0;"Non-responder"
50.0;6.0;6.0;50.0;3.0;1.0;1935.0;59.0;"Non-responder"
1065.0;69.0;78.0;1183.0;12.0;3.0;1935.0;59.0;"Responder"
87.0;6.0;11.0;165.0;3.0;1.0;1935.0;59.0;"Responder"
58.0;4.0;11.0;114.0;44.0;10.0;1935.0;59.0;"Responder"
96.0;12.0;14.0;141.0;14.0;4.0;1935.0;59.0;"Responder"
89.0;7.0;8.0;118.0;10.0;3.0;1935.0;59.0;"Responder"
211.0;6.0;8.0;225.0;29.0;6.0;1935.0;59.0;"Responder"
130.0;8.0;9.0;142.0;7.0;2.0;1935.0;59.0;"Responder"
57.0;3.0;5.0;85.0;7.0;2.0;1935.0;59.0;"Responder"
47.0;3.0;4.0;52.0;6.0;2.0;1935.0;59.0;"Responder"
117.0;5.0;7.0;201.0;9.0;3.0;1935.0;59.0;"Responder"
92.0;11.0;13.0;105.0;48.0;11.0;1935.0;59.0;"Responder"
81.0;1.0;1.0;81.0;8.0;2.0;1935.0;59.0;"Non-responder"
50.0;4.0;4.0;50.0;2.0;1.0;1935.0;59.0;"Non-responder"
60.0;6.0;6.0;60.0;10.0;3.0;1935.0;59.0;"Non-responder"
87.0;2.0;2.0;87.0;10.0;3.0;1935.0;59.0;"Non-responder"
74.0;10.0;10.0;74.0;16.0;4.0;1935.0;59.0;"Non-responder"
62.0;1.0;1.0;62.0;13.0;4.0;1935.0;59.0;"Non-responder"
89.0;3.0;3.0;89.0;9.0;3.0;1935.0;59.0;"Non-responder"
69.0;6.0;11.0;181.0;11.0;3.0;1934.0;60.0;"Responder"
0.0;0.0;0.0;0.0;4.0;1.0;1934.0;60.0;"Non-responder"
72.0;3.0;3.0;72.0;29.0;6.0;1934.0;60.0;"Non-responder"
73.0;2.0;2.0;73.0;32.0;7.0;1934.0;60.0;"Non-responder"
84.0;1.0;1.0;84.0;12.0;3.0;1934.0;60.0;"Non-responder"
370.0;11.0;12.0;404.0;15.0;4.0;1934.0;60.0;"Responder"
747.0;21.0;22.0;771.0;8.0;2.0;1934.0;60.0;"Responder"
73.0;6.0;8.0;89.0;30.0;7.0;1934.0;60.0;"Responder"
93.0;5.0;9.0;138.0;31.0;7.0;1934.0;60.0;"Responder"
134.0;8.0;10.0;164.0;1.0;1.0;1934.0;60.0;"Responder"
107.0;2.0;3.0;137.0;5.0;1.0;1934.0;60.0;"Responder"
41.0;4.0;6.0;59.0;41.0;10.0;1934.0;60.0;"Responder"
83.0;1.0;5.0;110.0;7.0;2.0;1934.0;60.0;"Responder"
101.0;6.0;7.0;108.0;5.0;1.0;1934.0;60.0;"Responder"
88.0;5.0;6.0;126.0;9.0;3.0;1934.0;60.0;"Responder"
94.0;9.0;11.0;103.0;8.0;2.0;1934.0;60.0;"Responder"
109.0;5.0;5.0;109.0;9.0;3.0;1934.0;60.0;"Non-responder"
56.0;1.0;1.0;56.0;37.0;9.0;1934.0;60.0;"Non-responder"
81.0;1.0;1.0;81.0;47.0;11.0;1934.0;60.0;"Non-responder"
64.0;2.0;2.0;64.0;1.0;1.0;1934.0;60.0;"Non-responder"
99.0;1.0;1.0;99.0;13.0;4.0;1934.0;60.0;"Non-responder"
60.0;1.0;1.0;60.0;5.0;1.0;1934.0;60.0;"Non-responder"
0.0;1.0;1.0;0.0;13.0;4.0;1934.0;60.0;"Non-responder"
75.0;5.0;5.0;75.0;3.0;1.0;1934.0;60.0;"Non-responder"
151.0;4.0;4.0;151.0;20.0;5.0;1934.0;60.0;"Non-responder"
56.0;1.0;1.0;56.0;37.0;9.0;1934.0;60.0;"Non-responder"
53.0;1.0;1.0;53.0;20.0;5.0;1934.0;60.0;"Non-responder"
77.0;2.0;2.0;77.0;10.0;3.0;1934.0;60.0;"Non-responder"
62.0;2.0;2.0;62.0;37.0;9.0;1934.0;60.0;"Non-responder"
73.0;1.0;1.0;73.0;44.0;10.0;1934.0;60.0;"Non-responder"
100.0;7.0;9.0;112.0;8.0;2.0;1933.0;61.0;"Responder"
52.0;1.0;1.0;52.0;31.0;7.0;1933.0;61.0;"Non-responder"
61.0;1.0;1.0;61.0;8.0;2.0;1933.0;61.0;"Non-responder"
70.0;1.0;1.0;70.0;13.0;4.0;1933.0;61.0;"Non-responder"
51.0;2.0;2.0;51.0;48.0;11.0;1933.0;61.0;"Non-responder"
81.0;4.0;4.0;81.0;29.0;6.0;1933.0;61.0;"Non-responder"
81.0;6.0;6.0;81.0;8.0;2.0;1933.0;61.0;"Non-responder"
69.0;1.0;1.0;69.0;5.0;1.0;1933.0;61.0;"Non-responder"
293.0;11.0;14.0;334.0;3.0;1.0;1933.0;61.0;"Responder"
57.0;3.0;4.0;91.0;37.0;9.0;1933.0;61.0;"Responder"
99.0;4.0;6.0;249.0;41.0;10.0;1933.0;61.0;"Responder"
76.0;3.0;5.0;130.0;39.0;9.0;1933.0;61.0;"Responder"
123.0;6.0;10.0;437.0;36.0;8.0;1933.0;61.0;"Responder"
71.0;6.0;8.0;130.0;30.0;7.0;1933.0;61.0;"Responder"
79.0;1.0;1.0;79.0;3.0;1.0;1933.0;61.0;"Non-responder"
60.0;2.0;2.0;60.0;30.0;7.0;1933.0;61.0;"Non-responder"
58.0;2.0;2.0;58.0;2.0;1.0;1933.0;61.0;"Non-responder"
71.0;5.0;5.0;71.0;2.0;1.0;1933.0;61.0;"Non-responder"
54.0;1.0;1.0;54.0;11.0;3.0;1933.0;61.0;"Non-responder"
82.0;4.0;4.0;82.0;5.0;1.0;1933.0;61.0;"Non-responder"
86.0;1.0;1.0;86.0;31.0;7.0;1933.0;61.0;"Non-responder"
55.0;2.0;2.0;55.0;11.0;3.0;1933.0;61.0;"Non-responder"
98.0;1.0;1.0;98.0;2.0;1.0;1933.0;61.0;"Non-responder"
61.0;5.0;5.0;61.0;24.0;6.0;1933.0;61.0;"Non-responder"
91.0;2.0;5.0;128.0;32.0;7.0;1932.0;62.0;"Responder"
94.0;5.0;8.0;117.0;30.0;7.0;1932.0;62.0;"Responder"
0.0;0.0;0.0;0.0;16.0;4.0;1932.0;62.0;"Non-responder"
55.0;1.0;1.0;55.0;39.0;9.0;1932.0;62.0;"Non-responder"
72.0;3.0;3.0;72.0;48.0;11.0;1932.0;62.0;"Non-responder"
1265.0;67.0;78.0;1399.0;31.0;7.0;1932.0;62.0;"Responder"
68.0;10.0;13.0;85.0;8.0;2.0;1932.0;62.0;"Responder"
114.0;16.0;17.0;118.0;1.0;1.0;1932.0;62.0;"Responder"
54.0;4.0;6.0;104.0;49.0;11.0;1932.0;62.0;"Responder"
100.0;5.0;7.0;206.0;3.0;1.0;1932.0;62.0;"Responder"
137.0;9.0;10.0;144.0;31.0;7.0;1932.0;62.0;"Responder"
98.0;7.0;10.0;116.0;10.0;3.0;1932.0;62.0;"Responder"
51.0;4.0;8.0;75.0;1.0;1.0;1932.0;62.0;"Responder"
54.0;5.0;6.0;58.0;3.0;1.0;1932.0;62.0;"Responder"
78.0;8.0;11.0;122.0;1.0;1.0;1932.0;62.0;"Responder"
80.0;2.0;3.0;150.0;10.0;3.0;1932.0;62.0;"Responder"
97.0;3.0;4.0;107.0;39.0;9.0;1932.0;62.0;"Responder"
89.0;3.0;4.0;198.0;10.0;3.0;1932.0;62.0;"Responder"
73.0;1.0;1.0;73.0;44.0;10.0;1932.0;62.0;"Non-responder"
55.0;2.0;2.0;55.0;5.0;1.0;1932.0;62.0;"Non-responder"
118.0;9.0;9.0;118.0;36.0;8.0;1932.0;62.0;"Non-responder"
70.0;1.0;1.0;70.0;5.0;1.0;1932.0;62.0;"Non-responder"
67.0;1.0;1.0;67.0;14.0;4.0;1932.0;62.0;"Non-responder"
53.0;4.0;4.0;53.0;3.0;1.0;1932.0;62.0;"Non-responder"
52.0;5.0;5.0;52.0;3.0;1.0;1932.0;62.0;"Non-responder"
55.0;1.0;1.0;55.0;22.0;5.0;1932.0;62.0;"Non-responder"
75.0;3.0;3.0;75.0;24.0;6.0;1932.0;62.0;"Non-responder"
92.0;6.0;8.0;138.0;11.0;3.0;1931.0;63.0;"Responder"
58.0;2.0;4.0;94.0;45.0;11.0;1931.0;63.0;"Responder"
69.0;3.0;7.0;145.0;15.0;4.0;1931.0;63.0;"Responder"
78.0;11.0;12.0;86.0;43.0;10.0;1931.0;63.0;"Responder"
38.0;6.0;7.0;51.0;10.0;3.0;1931.0;63.0;"Responder"
83.0;3.0;3.0;83.0;8.0;2.0;1931.0;63.0;"Non-responder"
58.0;1.0;1.0;58.0;1.0;1.0;1931.0;63.0;"Non-responder"
0.0;0.0;0.0;0.0;30.0;7.0;1931.0;63.0;"Non-responder"
89.0;5.0;5.0;89.0;30.0;7.0;1931.0;63.0;"Non-responder"
129.0;5.0;6.0;138.0;1.0;1.0;1931.0;63.0;"Responder"
512.0;45.0;48.0;592.0;11.0;3.0;1931.0;63.0;"Responder"
151.0;9.0;11.0;165.0;7.0;2.0;1931.0;63.0;"Responder"
84.0;2.0;3.0;170.0;38.0;9.0;1931.0;63.0;"Responder"
76.0;7.0;14.0;165.0;39.0;9.0;1931.0;63.0;"Responder"
73.0;2.0;3.0;100.0;3.0;1.0;1931.0;63.0;"Responder"
95.0;4.0;6.0;141.0;31.0;7.0;1931.0;63.0;"Responder"
90.0;12.0;13.0;93.0;7.0;2.0;1931.0;63.0;"Responder"
77.0;3.0;5.0;138.0;9.0;3.0;1931.0;63.0;"Responder"
64.0;3.0;4.0;72.0;1.0;1.0;1931.0;63.0;"Responder"
71.0;3.0;4.0;121.0;10.0;3.0;1931.0;63.0;"Responder"
107.0;10.0;11.0;110.0;5.0;1.0;1931.0;63.0;"Responder"
70.0;5.0;8.0;111.0;38.0;9.0;1931.0;63.0;"Responder"
88.0;2.0;2.0;88.0;4.0;1.0;1931.0;63.0;"Non-responder"
79.0;2.0;2.0;79.0;11.0;3.0;1931.0;63.0;"Non-responder"
54.0;2.0;2.0;54.0;40.0;9.0;1931.0;63.0;"Non-responder"
85.0;4.0;4.0;85.0;8.0;2.0;1931.0;63.0;"Non-responder"
64.0;3.0;3.0;64.0;30.0;7.0;1931.0;63.0;"Non-responder"
50.0;3.0;3.0;50.0;11.0;3.0;1931.0;63.0;"Non-responder"
51.0;3.0;3.0;51.0;39.0;9.0;1931.0;63.0;"Non-responder"
130.0;2.0;2.0;130.0;14.0;4.0;1931.0;63.0;"Non-responder"
63.0;1.0;1.0;63.0;9.0;3.0;1931.0;63.0;"Non-responder"
55.0;1.0;1.0;55.0;3.0;1.0;1931.0;63.0;"Non-responder"
94.0;4.0;4.0;94.0;3.0;1.0;1931.0;63.0;"Non-responder"
56.0;1.0;1.0;56.0;10.0;3.0;1931.0;63.0;"Non-responder"
65.0;1.0;2.0;71.0;18.0;5.0;1930.0;64.0;"Responder"
0.0;0.0;0.0;0.0;9.0;3.0;1930.0;64.0;"Non-responder"
69.0;5.0;5.0;69.0;36.0;8.0;1930.0;64.0;"Non-responder"
77.0;1.0;1.0;77.0;40.0;9.0;1930.0;64.0;"Non-responder"
76.0;6.0;6.0;76.0;9.0;3.0;1930.0;64.0;"Non-responder"
75.0;2.0;2.0;75.0;6.0;2.0;1930.0;64.0;"Non-responder"
66.0;3.0;3.0;66.0;12.0;3.0;1930.0;64.0;"Non-responder"
166.0;15.0;21.0;770.0;39.0;9.0;1930.0;64.0;"Responder"
67.0;1.0;2.0;81.0;39.0;9.0;1930.0;64.0;"Responder"
128.0;17.0;18.0;134.0;29.0;6.0;1930.0;64.0;"Responder"
20.0;5.0;6.0;31.0;31.0;7.0;1930.0;64.0;"Responder"
23.0;2.0;3.0;27.0;39.0;9.0;1930.0;64.0;"Responder"
78.0;5.0;6.0;81.0;44.0;10.0;1930.0;64.0;"Responder"
92.0;6.0;8.0;105.0;9.0;3.0;1930.0;64.0;"Responder"
77.0;5.0;6.0;114.0;50.0;11.0;1930.0;64.0;"Responder"
62.0;2.0;2.0;62.0;9.0;3.0;1930.0;64.0;"Non-responder"
69.0;4.0;4.0;69.0;24.0;6.0;1930.0;64.0;"Non-responder"
90.0;4.0;4.0;90.0;31.0;7.0;1930.0;64.0;"Non-responder"
60.0;3.0;3.0;60.0;3.0;1.0;1930.0;64.0;"Non-responder"
79.0;2.0;2.0;79.0;6.0;2.0;1930.0;64.0;"Non-responder"
83.0;1.0;1.0;83.0;21.0;5.0;1930.0;64.0;"Non-responder"
86.0;3.0;3.0;86.0;7.0;2.0;1930.0;64.0;"Non-responder"
51.0;3.0;3.0;51.0;8.0;2.0;1930.0;64.0;"Non-responder"
76.0;2.0;2.0;76.0;1.0;1.0;1930.0;64.0;"Non-responder"
67.0;3.0;3.0;67.0;10.0;3.0;1930.0;64.0;"Non-responder"
95.0;1.0;1.0;95.0;3.0;1.0;1930.0;64.0;"Non-responder"
70.0;1.0;1.0;70.0;44.0;10.0;1930.0;64.0;"Non-responder"
95.0;1.0;1.0;95.0;12.0;3.0;1930.0;64.0;"Non-responder"
88.0;4.0;4.0;88.0;37.0;9.0;1929.0;65.0;"Non-responder"
99.0;4.0;6.0;134.0;39.0;9.0;1929.0;65.0;"Responder"
39.0;3.0;4.0;57.0;2.0;1.0;1929.0;65.0;"Responder"
85.0;5.0;6.0;94.0;38.0;9.0;1929.0;65.0;"Responder"
56.0;5.0;6.0;58.0;8.0;2.0;1929.0;65.0;"Responder"
59.0;4.0;6.0;101.0;8.0;2.0;1929.0;65.0;"Responder"
98.0;6.0;7.0;106.0;42.0;10.0;1929.0;65.0;"Responder"
58.0;5.0;8.0;86.0;30.0;7.0;1929.0;65.0;"Responder"
47.0;4.0;7.0;69.0;13.0;4.0;1929.0;65.0;"Responder"
63.0;4.0;6.0;71.0;37.0;9.0;1929.0;65.0;"Responder"
87.0;8.0;9.0;108.0;48.0;11.0;1929.0;65.0;"Responder"
56.0;9.0;11.0;73.0;1.0;1.0;1929.0;65.0;"Responder"
60.0;2.0;2.0;60.0;31.0;7.0;1929.0;65.0;"Non-responder"
61.0;6.0;6.0;61.0;9.0;3.0;1929.0;65.0;"Non-responder"
62.0;1.0;1.0;62.0;6.0;2.0;1929.0;65.0;"Non-responder"
63.0;1.0;1.0;63.0;39.0;9.0;1929.0;65.0;"Non-responder"
50.0;5.0;5.0;50.0;10.0;3.0;1929.0;65.0;"Non-responder"
54.0;4.0;4.0;54.0;13.0;4.0;1928.0;66.0;"Non-responder"
54.0;3.0;3.0;54.0;31.0;7.0;1928.0;66.0;"Non-responder"
53.0;2.0;2.0;53.0;8.0;2.0;1928.0;66.0;"Non-responder"
90.0;8.0;8.0;90.0;44.0;10.0;1928.0;66.0;"Non-responder"
516.0;42.0;64.0;689.0;9.0;3.0;1928.0;66.0;"Responder"
605.0;57.0;78.0;843.0;31.0;7.0;1928.0;66.0;"Responder"
67.0;9.0;12.0;78.0;8.0;2.0;1928.0;66.0;"Responder"
85.0;14.0;16.0;87.0;7.0;2.0;1928.0;66.0;"Responder"
71.0;9.0;14.0;244.0;8.0;2.0;1928.0;66.0;"Responder"
94.0;3.0;4.0;99.0;9.0;3.0;1928.0;66.0;"Responder"
97.0;6.0;10.0;181.0;33.0;8.0;1928.0;66.0;"Responder"
64.0;10.0;14.0;80.0;39.0;9.0;1928.0;66.0;"Responder"
93.0;2.0;6.0;165.0;4.0;1.0;1928.0;66.0;"Responder"
53.0;1.0;1.0;53.0;33.0;8.0;1928.0;66.0;"Non-responder"
69.0;2.0;2.0;69.0;9.0;3.0;1928.0;66.0;"Non-responder"
90.0;2.0;2.0;90.0;30.0;7.0;1928.0;66.0;"Non-responder"
75.0;1.0;1.0;75.0;39.0;9.0;1928.0;66.0;"Non-responder"
59.0;1.0;1.0;59.0;12.0;3.0;1928.0;66.0;"Non-responder"
80.0;9.0;9.0;80.0;8.0;2.0;1928.0;66.0;"Non-responder"
67.0;2.0;2.0;67.0;5.0;1.0;1928.0;66.0;"Non-responder"
75.0;1.0;1.0;75.0;39.0;9.0;1928.0;66.0;"Non-responder"
79.0;7.0;7.0;79.0;7.0;2.0;1928.0;66.0;"Non-responder"
64.0;1.0;1.0;64.0;10.0;3.0;1928.0;66.0;"Non-responder"
88.0;5.0;5.0;88.0;47.0;11.0;1928.0;66.0;"Non-responder"
50.0;3.0;3.0;50.0;30.0;7.0;1927.0;67.0;"Non-responder"
65.0;4.0;4.0;65.0;5.0;1.0;1927.0;67.0;"Non-responder"
77.0;4.0;4.0;77.0;13.0;4.0;1927.0;67.0;"Non-responder"
82.0;1.0;1.0;82.0;33.0;8.0;1927.0;67.0;"Non-responder"
58.0;1.0;1.0;58.0;49.0;11.0;1927.0;67.0;"Non-responder"
72.0;1.0;1.0;72.0;8.0;2.0;1927.0;67.0;"Non-responder"
201.0;19.0;34.0;415.0;38.0;9.0;1927.0;67.0;"Responder"
73.0;5.0;7.0;109.0;15.0;4.0;1927.0;67.0;"Responder"
95.0;5.0;6.0;100.0;5.0;1.0;1927.0;67.0;"Responder"
59.0;1.0;2.0;110.0;13.0;4.0;1927.0;67.0;"Responder"
58.0;6.0;8.0;71.0;31.0;7.0;1927.0;67.0;"Responder"
118.0;5.0;7.0;130.0;2.0;1.0;1927.0;67.0;"Responder"
59.0;3.0;4.0;70.0;8.0;2.0;1927.0;67.0;"Responder"
62.0;4.0;5.0;70.0;39.0;9.0;1927.0;67.0;"Responder"
80.0;1.0;1.0;80.0;4.0;1.0;1927.0;67.0;"Non-responder"
83.0;4.0;4.0;83.0;37.0;9.0;1927.0;67.0;"Non-responder"
81.0;3.0;3.0;81.0;12.0;3.0;1927.0;67.0;"Non-responder"
72.0;2.0;2.0;72.0;10.0;3.0;1927.0;67.0;"Non-responder"
87.0;4.0;4.0;87.0;13.0;4.0;1927.0;67.0;"Non-responder"
70.0;2.0;2.0;70.0;38.0;9.0;1927.0;67.0;"Non-responder"
59.0;4.0;4.0;59.0;43.0;10.0;1927.0;67.0;"Non-responder"
63.0;5.0;5.0;63.0;7.0;2.0;1927.0;67.0;"Non-responder"
107.0;8.0;8.0;107.0;39.0;9.0;1927.0;67.0;"Non-responder"
85.0;12.0;14.0;91.0;20.0;5.0;1926.0;68.0;"Responder"
57.0;2.0;2.0;57.0;1.0;1.0;1926.0;68.0;"Non-responder"
73.0;2.0;2.0;73.0;3.0;1.0;1926.0;68.0;"Non-responder"
68.0;6.0;6.0;68.0;31.0;7.0;1926.0;68.0;"Non-responder"
99.0;2.0;3.0;101.0;5.0;1.0;1926.0;68.0;"Responder"
70.0;6.0;8.0;105.0;5.0;1.0;1926.0;68.0;"Responder"
65.0;2.0;3.0;88.0;13.0;4.0;1926.0;68.0;"Responder"
105.0;5.0;6.0;110.0;16.0;4.0;1926.0;68.0;"Responder"
62.0;6.0;7.0;66.0;42.0;10.0;1926.0;68.0;"Responder"
87.0;3.0;5.0;98.0;6.0;2.0;1926.0;68.0;"Responder"
211.0;16.0;21.0;242.0;39.0;9.0;1926.0;68.0;"Responder"
61.0;1.0;1.0;61.0;24.0;6.0;1926.0;68.0;"Non-responder"
66.0;2.0;2.0;66.0;5.0;1.0;1926.0;68.0;"Non-responder"
76.0;5.0;5.0;76.0;9.0;3.0;1926.0;68.0;"Non-responder"
93.0;11.0;11.0;93.0;39.0;9.0;1926.0;68.0;"Non-responder"
70.0;4.0;4.0;70.0;11.0;3.0;1926.0;68.0;"Non-responder"
4.0;3.0;3.0;4.0;32.0;7.0;1926.0;68.0;"Non-responder"
102.0;12.0;12.0;102.0;10.0;3.0;1926.0;68.0;"Non-responder"
78.0;5.0;5.0;78.0;10.0;3.0;1926.0;68.0;"Non-responder"
53.0;2.0;2.0;53.0;20.0;5.0;1926.0;68.0;"Non-responder"
94.0;9.0;10.0;100.0;8.0;2.0;1925.0;69.0;"Responder"
82.0;1.0;1.0;82.0;20.0;5.0;1925.0;69.0;"Non-responder"
56.0;1.0;1.0;56.0;38.0;9.0;1925.0;69.0;"Non-responder"
0.0;2.0;3.0;0.0;29.0;6.0;1925.0;69.0;"Responder"
364.0;24.0;28.0;417.0;16.0;4.0;1925.0;69.0;"Responder"
83.0;6.0;11.0;137.0;10.0;3.0;1925.0;69.0;"Responder"
97.0;5.0;9.0;120.0;6.0;2.0;1925.0;69.0;"Responder"
76.0;4.0;5.0;85.0;10.0;3.0;1925.0;69.0;"Responder"
104.0;12.0;14.0;110.0;5.0;1.0;1925.0;69.0;"Responder"
47.0;7.0;9.0;77.0;3.0;1.0;1925.0;69.0;"Responder"
62.0;2.0;7.0;81.0;9.0;3.0;1925.0;69.0;"Responder"
77.0;9.0;16.0;123.0;10.0;3.0;1925.0;69.0;"Responder"
534.0;16.0;16.0;534.0;10.0;3.0;1925.0;69.0;"Non-responder"
50.0;4.0;4.0;50.0;4.0;1.0;1925.0;69.0;"Non-responder"
15.0;2.0;2.0;15.0;10.0;3.0;1925.0;69.0;"Non-responder"
83.0;4.0;4.0;83.0;31.0;7.0;1925.0;69.0;"Non-responder"
55.0;8.0;8.0;55.0;5.0;1.0;1925.0;69.0;"Non-responder"
58.0;5.0;5.0;58.0;12.0;3.0;1925.0;69.0;"Non-responder"
58.0;9.0;9.0;58.0;44.0;10.0;1925.0;69.0;"Non-responder"
63.0;3.0;5.0;81.0;11.0;3.0;1924.0;70.0;"Responder"
78.0;5.0;5.0;78.0;8.0;2.0;1924.0;70.0;"Non-responder"
44.0;8.0;9.0;48.0;12.0;3.0;1924.0;70.0;"Responder"
91.0;4.0;7.0;157.0;38.0;9.0;1924.0;70.0;"Responder"
52.0;4.0;8.0;98.0;39.0;9.0;1924.0;70.0;"Responder"
61.0;3.0;3.0;61.0;1.0;1.0;1924.0;70.0;"Non-responder"
97.0;4.0;4.0;97.0;8.0;2.0;1924.0;70.0;"Non-responder"
60.0;5.0;5.0;60.0;3.0;1.0;1924.0;70.0;"Non-responder"
87.0;10.0;10.0;87.0;1.0;1.0;1924.0;70.0;"Non-responder"
59.0;4.0;4.0;59.0;10.0;3.0;1924.0;70.0;"Non-responder"
68.0;2.0;2.0;68.0;30.0;7.0;1924.0;70.0;"Non-responder"
50.0;5.0;6.0;54.0;7.0;2.0;1923.0;71.0;"Responder"
86.0;9.0;10.0;89.0;4.0;1.0;1923.0;71.0;"Responder"
66.0;1.0;1.0;66.0;29.0;6.0;1923.0;71.0;"Non-responder"
84.0;1.0;1.0;84.0;1.0;1.0;1923.0;71.0;"Non-responder"
56.0;2.0;2.0;56.0;50.0;11.0;1923.0;71.0;"Non-responder"
504.0;37.0;43.0;577.0;9.0;3.0;1923.0;71.0;"Responder"
99.0;1.0;2.0;109.0;5.0;1.0;1923.0;71.0;"Responder"
60.0;2.0;3.0;71.0;4.0;1.0;1923.0;71.0;"Responder"
71.0;4.0;5.0;73.0;3.0;1.0;1923.0;71.0;"Responder"
69.0;7.0;9.0;80.0;7.0;2.0;1923.0;71.0;"Responder"
78.0;1.0;5.0;205.0;5.0;1.0;1923.0;71.0;"Responder"
85.0;10.0;10.0;85.0;10.0;3.0;1923.0;71.0;"Non-responder"
53.0;3.0;3.0;53.0;46.0;11.0;1923.0;71.0;"Non-responder"
87.0;1.0;1.0;87.0;16.0;4.0;1923.0;71.0;"Non-responder"
56.0;1.0;1.0;56.0;39.0;9.0;1923.0;71.0;"Non-responder"
56.0;4.0;4.0;56.0;40.0;9.0;1923.0;71.0;"Non-responder"
81.0;4.0;4.0;81.0;8.0;2.0;1923.0;71.0;"Non-responder"
86.0;2.0;2.0;86.0;20.0;5.0;1923.0;71.0;"Non-responder"
97.0;6.0;9.0;127.0;8.0;2.0;1922.0;72.0;"Responder"
55.0;6.0;7.0;62.0;40.0;9.0;1922.0;72.0;"Responder"
72.0;5.0;5.0;72.0;29.0;6.0;1922.0;72.0;"Non-responder"
73.0;4.0;7.0;277.0;1.0;1.0;1922.0;72.0;"Responder"
80.0;2.0;2.0;80.0;39.0;9.0;1922.0;72.0;"Non-responder"
55.0;1.0;1.0;55.0;7.0;2.0;1922.0;72.0;"Non-responder"
97.0;3.0;3.0;97.0;5.0;1.0;1922.0;72.0;"Non-responder"
87.0;3.0;3.0;87.0;7.0;2.0;1922.0;72.0;"Non-responder"
69.0;2.0;2.0;69.0;8.0;2.0;1922.0;72.0;"Non-responder"
69.0;1.0;1.0;69.0;3.0;1.0;1921.0;73.0;"Non-responder"
95.0;1.0;1.0;95.0;27.0;6.0;1921.0;73.0;"Non-responder"
63.0;17.0;24.0;112.0;20.0;5.0;1921.0;73.0;"Responder"
72.0;12.0;15.0;118.0;10.0;3.0;1921.0;73.0;"Responder"
89.0;5.0;6.0;91.0;8.0;2.0;1921.0;73.0;"Responder"
61.0;10.0;15.0;75.0;3.0;1.0;1921.0;73.0;"Responder"
88.0;3.0;5.0;122.0;7.0;2.0;1921.0;73.0;"Responder"
60.0;7.0;9.0;67.0;5.0;1.0;1921.0;73.0;"Responder"
68.0;12.0;12.0;68.0;13.0;4.0;1921.0;73.0;"Non-responder"
70.0;2.0;2.0;70.0;4.0;1.0;1921.0;73.0;"Non-responder"
80.0;1.0;1.0;80.0;7.0;2.0;1921.0;73.0;"Non-responder"
84.0;1.0;1.0;84.0;7.0;2.0;1921.0;73.0;"Non-responder"
99.0;1.0;2.0;104.0;15.0;4.0;1920.0;74.0;"Responder"
69.0;4.0;6.0;121.0;15.0;4.0;1920.0;74.0;"Responder"
80.0;1.0;1.0;80.0;5.0;1.0;1920.0;74.0;"Non-responder"
59.0;4.0;5.0;63.0;45.0;11.0;1920.0;74.0;"Responder"
52.0;2.0;3.0;60.0;8.0;2.0;1920.0;74.0;"Responder"
70.0;1.0;1.0;70.0;37.0;9.0;1920.0;74.0;"Non-responder"
62.0;2.0;2.0;62.0;3.0;1.0;1920.0;74.0;"Non-responder"
79.0;9.0;9.0;79.0;38.0;9.0;1920.0;74.0;"Non-responder"
57.0;8.0;8.0;57.0;36.0;8.0;1920.0;74.0;"Non-responder"
51.0;2.0;2.0;51.0;16.0;4.0;1920.0;74.0;"Non-responder"
81.0;1.0;1.0;81.0;28.0;6.0;1920.0;74.0;"Non-responder"
73.0;2.0;2.0;73.0;9.0;3.0;1920.0;74.0;"Non-responder"
69.0;1.0;1.0;69.0;10.0;3.0;1920.0;74.0;"Non-responder"
102.0;14.0;14.0;102.0;39.0;9.0;1920.0;74.0;"Non-responder"
95.0;1.0;1.0;95.0;5.0;1.0;1920.0;74.0;"Non-responder"
44.0;3.0;3.0;44.0;15.0;4.0;1920.0;74.0;"Non-responder"
81.0;5.0;5.0;81.0;39.0;9.0;1920.0;74.0;"Non-responder"
60.0;3.0;3.0;60.0;15.0;4.0;1919.0;75.0;"Non-responder"
75.0;4.0;5.0;78.0;19.0;5.0;1919.0;75.0;"Responder"
56.0;4.0;4.0;56.0;5.0;1.0;1919.0;75.0;"Non-responder"
52.0;6.0;6.0;52.0;3.0;1.0;1919.0;75.0;"Non-responder"
167.0;6.0;12.0;243.0;8.0;2.0;1918.0;76.0;"Responder"
80.0;10.0;13.0;96.0;39.0;9.0;1918.0;76.0;"Responder"
56.0;4.0;4.0;56.0;3.0;1.0;1918.0;76.0;"Non-responder"
43.0;2.0;2.0;43.0;7.0;2.0;1918.0;76.0;"Non-responder"
78.0;5.0;5.0;78.0;34.0;8.0;1918.0;76.0;"Non-responder"
73.0;5.0;5.0;73.0;39.0;9.0;1918.0;76.0;"Non-responder"
64.0;6.0;6.0;64.0;17.0;4.0;1918.0;76.0;"Non-responder"
56.0;3.0;3.0;56.0;15.0;4.0;1918.0;76.0;"Non-responder"
79.0;10.0;10.0;79.0;33.0;8.0;1918.0;76.0;"Non-responder"
56.0;1.0;1.0;56.0;30.0;7.0;1917.0;77.0;"Non-responder"
93.0;2.0;3.0;109.0;6.0;2.0;1917.0;77.0;"Responder"
74.0;11.0;14.0;133.0;15.0;4.0;1917.0;77.0;"Responder"
58.0;3.0;4.0;62.0;1.0;1.0;1916.0;78.0;"Responder"
50.0;2.0;2.0;50.0;10.0;3.0;1916.0;78.0;"Non-responder"
53.0;2.0;2.0;53.0;39.0;9.0;1916.0;78.0;"Non-responder"
51.0;4.0;4.0;51.0;16.0;4.0;1916.0;78.0;"Non-responder"
65.0;4.0;4.0;65.0;42.0;10.0;1916.0;78.0;"Non-responder"
73.0;4.0;4.0;73.0;29.0;6.0;1915.0;79.0;"Non-responder"
91.0;1.0;1.0;91.0;15.0;4.0;1915.0;79.0;"Non-responder"
60.0;2.0;2.0;60.0;8.0;2.0;1915.0;79.0;"Non-responder"
80.0;2.0;2.0;80.0;8.0;2.0;1914.0;80.0;"Non-responder"
51.0;1.0;1.0;51.0;30.0;7.0;1914.0;80.0;"Non-responder"
81.0;1.0;1.0;81.0;38.0;9.0;1913.0;81.0;"Non-responder"
70.0;5.0;5.0;70.0;10.0;3.0;1913.0;81.0;"Non-responder"
65.0;2.0;3.0;71.0;8.0;2.0;1912.0;82.0;"Responder"
84.0;1.0;1.0;84.0;8.0;2.0;1912.0;82.0;"Non-responder"
77.0;5.0;5.0;77.0;39.0;9.0;1912.0;82.0;"Non-responder"
56.0;2.0;3.0;79.0;10.0;3.0;1911.0;83.0;"Responder"
76.0;1.0;1.0;76.0;36.0;8.0;1909.0;85.0;"Non-responder"
61.0;4.0;5.0;180.0;5.0;1.0;1909.0;85.0;"Responder"
55.0;1.0;1.0;55.0;7.0;2.0;1905.0;89.0;"Non-responder"
103.0;10.0;10.0;103.0;9.0;3.0;1902.0;92.0;"Non-responder"
79.0;7.0;7.0;79.0;11.0;3.0;1902.0;92.0;"Non-responder"
