cause_topic,relation_type,effect_topic,policy_share,sentiment_share,signed_gap,absolute_gap,country
0,causes_or_increases,0,0.001995081358232042,0.0,0.001995081358232042,0.001995081358232042,france
0,causes_or_increases,1,0.001342560860000351,0.0,0.001342560860000351,0.001342560860000351,france
0,causes_or_increases,2,0.004138017059031914,0.0,0.004138017059031914,0.004138017059031914,france
0,causes_or_increases,3,0.001951106923788816,0.0,0.001951106923788816,0.001951106923788816,france
0,causes_or_increases,4,0.0,0.0,0.0,0.0,france
0,causes_or_increases,5,0.0,0.0,0.0,0.0,france
0,causes_or_increases,6,0.005516472255728735,0.0,0.005516472255728735,0.005516472255728735,france
0,causes_or_increases,7,0.0012148498488551967,0.0,0.0012148498488551967,0.0012148498488551967,france
0,causes_or_increases,8,0.0066662744501316115,0.0,0.0066662744501316115,0.0066662744501316115,france
0,enables_or_supports,0,0.0023916713000139596,0.0,0.0023916713000139596,0.0023916713000139596,france
0,enables_or_supports,1,0.0,0.0,0.0,0.0,france
0,enables_or_supports,2,0.005814068421877311,0.0,0.005814068421877311,0.005814068421877311,france
0,enables_or_supports,3,0.0013916195117689393,0.0,0.0013916195117689393,0.0013916195117689393,france
0,enables_or_supports,4,0.0,0.0,0.0,0.0,france
0,enables_or_supports,5,0.0,0.0,0.0,0.0,france
0,enables_or_supports,6,0.009803411730876717,0.0,0.009803411730876717,0.009803411730876717,france
0,enables_or_supports,7,0.0016003632508435485,0.0,0.0016003632508435485,0.0016003632508435485,france
0,enables_or_supports,8,0.002989195411835553,0.0,0.002989195411835553,0.002989195411835553,france
0,expected_to_improve,0,0.0010819287763644983,0.0,0.0010819287763644983,0.0010819287763644983,france
0,expected_to_improve,1,0.0,0.0,0.0,0.0,france
0,expected_to_improve,2,0.0,0.0,0.0,0.0,france
0,expected_to_improve,3,0.0,0.0,0.0,0.0,france
0,expected_to_improve,4,0.0,0.0,0.0,0.0,france
0,expected_to_improve,5,0.0,0.0,0.0,0.0,france
0,expected_to_improve,6,0.0,0.0,0.0,0.0,france
0,expected_to_improve,7,0.0,0.0,0.0,0.0,france
0,expected_to_improve,8,0.0,0.0,0.0,0.0,france
0,reduces_or_prevents,0,0.0,0.0,0.0,0.0,france
0,reduces_or_prevents,1,0.0,0.0,0.0,0.0,france
0,reduces_or_prevents,2,0.007709618039135693,0.0,0.007709618039135693,0.007709618039135693,france
0,reduces_or_prevents,3,0.0,0.0,0.0,0.0,france
0,reduces_or_prevents,4,0.0,0.0,0.0,0.0,france
0,reduces_or_prevents,5,0.0,0.0,0.0,0.0,france
0,reduces_or_prevents,6,0.0,0.0,0.0,0.0,france
0,reduces_or_prevents,7,0.0,0.0,0.0,0.0,france
0,reduces_or_prevents,8,0.0,0.0,0.0,0.0,france
0,requires_or_depends_on,0,0.0,0.0,0.0,0.0,france
0,requires_or_depends_on,1,0.0,0.0,0.0,0.0,france
0,requires_or_depends_on,2,0.006428116113949205,0.0,0.006428116113949205,0.006428116113949205,france
0,requires_or_depends_on,3,0.0,0.0,0.0,0.0,france
0,requires_or_depends_on,4,0.0,0.0,0.0,0.0,france
0,requires_or_depends_on,5,0.0,0.0,0.0,0.0,france
0,requires_or_depends_on,6,0.0,0.0,0.0,0.0,france
0,requires_or_depends_on,7,0.0,0.0,0.0,0.0,france
0,requires_or_depends_on,8,0.0,0.0,0.0,0.0,france
0,risks_or_threatens,0,0.0007468361607379943,0.0,0.0007468361607379943,0.0007468361607379943,france
0,risks_or_threatens,1,0.0,0.0,0.0,0.0,france
0,risks_or_threatens,2,0.0,0.0,0.0,0.0,france
0,risks_or_threatens,3,0.0,0.0,0.0,0.0,france
0,risks_or_threatens,4,0.0,0.0,0.0,0.0,france
0,risks_or_threatens,5,0.0,0.0,0.0,0.0,france
0,risks_or_threatens,6,0.0,0.0,0.0,0.0,france
0,risks_or_threatens,7,0.0,0.0,0.0,0.0,france
0,risks_or_threatens,8,0.0,0.0,0.0,0.0,france
1,causes_or_increases,0,0.0,0.0,0.0,0.0,france
1,causes_or_increases,1,0.0,0.0,0.0,0.0,france
1,causes_or_increases,2,0.0,0.0,0.0,0.0,france
1,causes_or_increases,3,0.0,0.0,0.0,0.0,france
1,causes_or_increases,4,0.0,0.0,0.0,0.0,france
1,causes_or_increases,5,0.0,0.007251943160859323,-0.007251943160859323,0.007251943160859323,france
1,causes_or_increases,6,0.0021422641567217884,0.0,0.0021422641567217884,0.0021422641567217884,france
1,causes_or_increases,7,0.0,0.0,0.0,0.0,france
1,causes_or_increases,8,0.001679889790548567,0.0,0.001679889790548567,0.001679889790548567,france
1,enables_or_supports,0,0.0,0.0,0.0,0.0,france
1,enables_or_supports,1,0.0,0.0,0.0,0.0,france
1,enables_or_supports,2,0.0,0.0,0.0,0.0,france
1,enables_or_supports,3,0.0,0.0,0.0,0.0,france
1,enables_or_supports,4,0.0,0.0,0.0,0.0,france
1,enables_or_supports,5,0.0,0.0,0.0,0.0,france
1,enables_or_supports,6,0.0,0.0,0.0,0.0,france
1,enables_or_supports,7,0.0,0.0,0.0,0.0,france
1,enables_or_supports,8,0.0,0.0,0.0,0.0,france
1,expected_to_improve,0,0.0,0.0,0.0,0.0,france
1,expected_to_improve,1,0.0,0.0,0.0,0.0,france
1,expected_to_improve,2,0.0,0.0,0.0,0.0,france
1,expected_to_improve,3,0.0011655808720852207,0.0,0.0011655808720852207,0.0011655808720852207,france
1,expected_to_improve,4,0.0,0.0,0.0,0.0,france
1,expected_to_improve,5,0.0,0.0,0.0,0.0,france
1,expected_to_improve,6,0.0,0.0,0.0,0.0,france
1,expected_to_improve,7,0.0,0.0,0.0,0.0,france
1,expected_to_improve,8,0.0,0.0,0.0,0.0,france
1,reduces_or_prevents,0,0.005529813688980571,0.0,0.005529813688980571,0.005529813688980571,france
1,reduces_or_prevents,1,0.0,0.0,0.0,0.0,france
1,reduces_or_prevents,2,0.0,0.0,0.0,0.0,france
1,reduces_or_prevents,3,0.0,0.0,0.0,0.0,france
1,reduces_or_prevents,4,0.0,0.0,0.0,0.0,france
1,reduces_or_prevents,5,0.0,0.0,0.0,0.0,france
1,reduces_or_prevents,6,0.001497509447414195,0.0,0.001497509447414195,0.001497509447414195,france
1,reduces_or_prevents,7,0.0,0.0,0.0,0.0,france
1,reduces_or_prevents,8,0.0,0.0,0.0,0.0,france
1,requires_or_depends_on,0,0.0012435058641891328,0.0,0.0012435058641891328,0.0012435058641891328,france
1,requires_or_depends_on,1,0.0,0.0,0.0,0.0,france
1,requires_or_depends_on,2,0.0,0.0,0.0,0.0,france
1,requires_or_depends_on,3,0.0,0.0,0.0,0.0,france
1,requires_or_depends_on,4,0.0,0.0,0.0,0.0,france
1,requires_or_depends_on,5,0.0,0.0,0.0,0.0,france
1,requires_or_depends_on,6,0.001538988102081268,0.0,0.001538988102081268,0.001538988102081268,france
1,requires_or_depends_on,7,0.0,0.0,0.0,0.0,france
1,requires_or_depends_on,8,0.0,0.0,0.0,0.0,france
1,risks_or_threatens,0,0.0,0.0,0.0,0.0,france
1,risks_or_threatens,1,0.0,0.0,0.0,0.0,france
1,risks_or_threatens,2,0.0,0.0,0.0,0.0,france
1,risks_or_threatens,3,0.0,0.0,0.0,0.0,france
1,risks_or_threatens,4,0.0,0.0,0.0,0.0,france
1,risks_or_threatens,5,0.0,0.0,0.0,0.0,france
1,risks_or_threatens,6,0.0,0.0,0.0,0.0,france
1,risks_or_threatens,7,0.0,0.0,0.0,0.0,france
1,risks_or_threatens,8,0.0,0.0,0.0,0.0,france
2,causes_or_increases,0,0.0,0.0,0.0,0.0,france
2,causes_or_increases,1,0.0,0.0,0.0,0.0,france
2,causes_or_increases,2,0.05899867123560174,0.0,0.05899867123560174,0.05899867123560174,france
2,causes_or_increases,3,0.0,0.0,0.0,0.0,france
2,causes_or_increases,4,0.0,0.0,0.0,0.0,france
2,causes_or_increases,5,0.0015082416068040924,0.0,0.0015082416068040924,0.0015082416068040924,france
2,causes_or_increases,6,0.007826188663708272,0.0,0.007826188663708272,0.007826188663708272,france
2,causes_or_increases,7,0.0017934100092752365,0.0,0.0017934100092752365,0.0017934100092752365,france
2,causes_or_increases,8,0.009466719732523329,0.0,0.009466719732523329,0.009466719732523329,france
2,enables_or_supports,0,0.018167173296249683,0.0,0.018167173296249683,0.018167173296249683,france
2,enables_or_supports,1,0.0,0.09666522316580542,-0.09666522316580542,0.09666522316580542,france
2,enables_or_supports,2,0.12556572566822216,0.0,0.12556572566822216,0.12556572566822216,france
2,enables_or_supports,3,0.0,0.0,0.0,0.0,france
2,enables_or_supports,4,0.0,0.0,0.0,0.0,france
2,enables_or_supports,5,0.0,0.0,0.0,0.0,france
2,enables_or_supports,6,0.007151738525355844,0.0,0.007151738525355844,0.007151738525355844,france
2,enables_or_supports,7,0.005146111583734356,0.0,0.005146111583734356,0.005146111583734356,france
2,enables_or_supports,8,0.0,0.0,0.0,0.0,france
2,expected_to_improve,0,0.0,0.0,0.0,0.0,france
2,expected_to_improve,1,0.0,0.0,0.0,0.0,france
2,expected_to_improve,2,0.013298526755095965,0.0,0.013298526755095965,0.013298526755095965,france
2,expected_to_improve,3,0.0,0.0,0.0,0.0,france
2,expected_to_improve,4,0.0,0.0,0.0,0.0,france
2,expected_to_improve,5,0.0,0.0,0.0,0.0,france
2,expected_to_improve,6,0.0,0.0,0.0,0.0,france
2,expected_to_improve,7,0.006366942394981961,0.0,0.006366942394981961,0.006366942394981961,france
2,expected_to_improve,8,0.007620762364063005,0.0,0.007620762364063005,0.007620762364063005,france
2,reduces_or_prevents,0,0.0,0.0,0.0,0.0,france
2,reduces_or_prevents,1,0.0015746875965601292,0.0,0.0015746875965601292,0.0015746875965601292,france
2,reduces_or_prevents,2,0.04171662829655574,0.0,0.04171662829655574,0.04171662829655574,france
2,reduces_or_prevents,3,0.0,0.0,0.0,0.0,france
2,reduces_or_prevents,4,0.0,0.0,0.0,0.0,france
2,reduces_or_prevents,5,0.0,0.0,0.0,0.0,france
2,reduces_or_prevents,6,0.0,0.0,0.0,0.0,france
2,reduces_or_prevents,7,0.0,0.0,0.0,0.0,france
2,reduces_or_prevents,8,0.0,0.0,0.0,0.0,france
2,requires_or_depends_on,0,0.0,0.0,0.0,0.0,france
2,requires_or_depends_on,1,0.0,0.0,0.0,0.0,france
2,requires_or_depends_on,2,0.2662450313331377,0.0,0.2662450313331377,0.2662450313331377,france
2,requires_or_depends_on,3,0.0,0.0,0.0,0.0,france
2,requires_or_depends_on,4,0.0,0.0,0.0,0.0,france
2,requires_or_depends_on,5,0.0,0.0,0.0,0.0,france
2,requires_or_depends_on,6,0.0,0.0,0.0,0.0,france
2,requires_or_depends_on,7,0.0,0.0,0.0,0.0,france
2,requires_or_depends_on,8,0.0,0.0,0.0,0.0,france
2,risks_or_threatens,0,0.0,0.0,0.0,0.0,france
2,risks_or_threatens,1,0.0,0.0,0.0,0.0,france
2,risks_or_threatens,2,0.012154175686924949,0.0,0.012154175686924949,0.012154175686924949,france
2,risks_or_threatens,3,0.0,0.0,0.0,0.0,france
2,risks_or_threatens,4,0.0,0.0,0.0,0.0,france
2,risks_or_threatens,5,0.0,0.0,0.0,0.0,france
2,risks_or_threatens,6,0.0023519131514791007,0.0,0.0023519131514791007,0.0023519131514791007,france
2,risks_or_threatens,7,0.0,0.0,0.0,0.0,france
2,risks_or_threatens,8,0.008072790608548841,0.0,0.008072790608548841,0.008072790608548841,france
3,causes_or_increases,0,0.0,0.0,0.0,0.0,france
3,causes_or_increases,1,0.0,0.0,0.0,0.0,france
3,causes_or_increases,2,0.0,0.0,0.0,0.0,france
3,causes_or_increases,3,0.00391567690827465,0.0,0.00391567690827465,0.00391567690827465,france
3,causes_or_increases,4,0.0,0.0,0.0,0.0,france
3,causes_or_increases,5,0.0,0.0,0.0,0.0,france
3,causes_or_increases,6,0.0020838250566067237,0.0,0.0020838250566067237,0.0020838250566067237,france
3,causes_or_increases,7,0.0,0.0,0.0,0.0,france
3,causes_or_increases,8,0.0,0.0,0.0,0.0,france
3,enables_or_supports,0,0.001496501670041147,0.0,0.001496501670041147,0.001496501670041147,france
3,enables_or_supports,1,0.0,0.0,0.0,0.0,france
3,enables_or_supports,2,0.0,0.0,0.0,0.0,france
3,enables_or_supports,3,0.0,0.02102061193236923,-0.02102061193236923,0.02102061193236923,france
3,enables_or_supports,4,0.0,0.0,0.0,0.0,france
3,enables_or_supports,5,0.0020360527445538786,0.013951043422759185,-0.011914990678205306,0.011914990678205306,france
3,enables_or_supports,6,0.005971350273720894,0.0,0.005971350273720894,0.005971350273720894,france
3,enables_or_supports,7,0.0,0.0,0.0,0.0,france
3,enables_or_supports,8,0.003918557998106314,0.0,0.003918557998106314,0.003918557998106314,france
3,expected_to_improve,0,0.0,0.0,0.0,0.0,france
3,expected_to_improve,1,0.0,0.0,0.0,0.0,france
3,expected_to_improve,2,0.0,0.0,0.0,0.0,france
3,expected_to_improve,3,0.0008790761349819774,0.0,0.0008790761349819774,0.0008790761349819774,france
3,expected_to_improve,4,0.0,0.0,0.0,0.0,france
3,expected_to_improve,5,0.0,0.0,0.0,0.0,france
3,expected_to_improve,6,0.0,0.0,0.0,0.0,france
3,expected_to_improve,7,0.0,0.0,0.0,0.0,france
3,expected_to_improve,8,0.0,0.0,0.0,0.0,france
3,reduces_or_prevents,0,0.0,0.0,0.0,0.0,france
3,reduces_or_prevents,1,0.0,0.0,0.0,0.0,france
3,reduces_or_prevents,2,0.0,0.0,0.0,0.0,france
3,reduces_or_prevents,3,0.0005137103255363046,0.0,0.0005137103255363046,0.0005137103255363046,france
3,reduces_or_prevents,4,0.0,0.0,0.0,0.0,france
3,reduces_or_prevents,5,0.0,0.0,0.0,0.0,france
3,reduces_or_prevents,6,0.0,0.0,0.0,0.0,france
3,reduces_or_prevents,7,0.0,0.0,0.0,0.0,france
3,reduces_or_prevents,8,0.0,0.0,0.0,0.0,france
3,requires_or_depends_on,0,0.0,0.0,0.0,0.0,france
3,requires_or_depends_on,1,0.0,0.0,0.0,0.0,france
3,requires_or_depends_on,2,0.004879880742955731,0.0,0.004879880742955731,0.004879880742955731,france
3,requires_or_depends_on,3,0.0,0.0,0.0,0.0,france
3,requires_or_depends_on,4,0.002296923365802952,0.0,0.002296923365802952,0.002296923365802952,france
3,requires_or_depends_on,5,0.0,0.0,0.0,0.0,france
3,requires_or_depends_on,6,0.0,0.0,0.0,0.0,france
3,requires_or_depends_on,7,0.0,0.0,0.0,0.0,france
3,requires_or_depends_on,8,0.0,0.0,0.0,0.0,france
3,risks_or_threatens,0,0.0,0.0,0.0,0.0,france
3,risks_or_threatens,1,0.0,0.0,0.0,0.0,france
3,risks_or_threatens,2,0.0,0.0,0.0,0.0,france
3,risks_or_threatens,3,0.0,0.0,0.0,0.0,france
3,risks_or_threatens,4,0.0,0.0,0.0,0.0,france
3,risks_or_threatens,5,0.0017074295710575924,0.0,0.0017074295710575924,0.0017074295710575924,france
3,risks_or_threatens,6,0.0,0.0,0.0,0.0,france
3,risks_or_threatens,7,0.0,0.0,0.0,0.0,france
3,risks_or_threatens,8,0.0,0.0,0.0,0.0,france
4,causes_or_increases,0,0.002429826331097013,0.0,0.002429826331097013,0.002429826331097013,france
4,causes_or_increases,1,0.0,0.0,0.0,0.0,france
4,causes_or_increases,2,0.0,0.0,0.0,0.0,france
4,causes_or_increases,3,0.0,0.0,0.0,0.0,france
4,causes_or_increases,4,0.0,0.0,0.0,0.0,france
4,causes_or_increases,5,0.0,0.0,0.0,0.0,france
4,causes_or_increases,6,0.004953944619761691,0.0,0.004953944619761691,0.004953944619761691,france
4,causes_or_increases,7,0.0,0.0,0.0,0.0,france
4,causes_or_increases,8,0.0,0.0,0.0,0.0,france
4,enables_or_supports,0,0.001939408423928317,0.0,0.001939408423928317,0.001939408423928317,france
4,enables_or_supports,1,0.0,0.0,0.0,0.0,france
4,enables_or_supports,2,0.0009390139123197492,0.0,0.0009390139123197492,0.0009390139123197492,france
4,enables_or_supports,3,0.0,0.0,0.0,0.0,france
4,enables_or_supports,4,0.0,0.0,0.0,0.0,france
4,enables_or_supports,5,0.0,0.0,0.0,0.0,france
4,enables_or_supports,6,0.012472306193600633,0.0,0.012472306193600633,0.012472306193600633,france
4,enables_or_supports,7,0.0,0.0,0.0,0.0,france
4,enables_or_supports,8,0.0014164534273809583,0.07449372105894636,-0.0730772676315654,0.0730772676315654,france
4,expected_to_improve,0,0.0,0.0,0.0,0.0,france
4,expected_to_improve,1,0.0,0.0,0.0,0.0,france
4,expected_to_improve,2,0.0,0.0,0.0,0.0,france
4,expected_to_improve,3,0.0,0.0,0.0,0.0,france
4,expected_to_improve,4,0.0,0.0,0.0,0.0,france
4,expected_to_improve,5,0.0,0.0,0.0,0.0,france
4,expected_to_improve,6,0.0,0.0,0.0,0.0,france
4,expected_to_improve,7,0.0,0.0,0.0,0.0,france
4,expected_to_improve,8,0.0,0.0,0.0,0.0,france
4,reduces_or_prevents,0,0.0,0.0,0.0,0.0,france
4,reduces_or_prevents,1,0.0,0.0,0.0,0.0,france
4,reduces_or_prevents,2,0.0,0.0,0.0,0.0,france
4,reduces_or_prevents,3,0.0,0.0,0.0,0.0,france
4,reduces_or_prevents,4,0.0,0.0,0.0,0.0,france
4,reduces_or_prevents,5,0.0,0.0,0.0,0.0,france
4,reduces_or_prevents,6,0.0,0.0,0.0,0.0,france
4,reduces_or_prevents,7,0.0,0.0,0.0,0.0,france
4,reduces_or_prevents,8,0.0,0.0,0.0,0.0,france
4,requires_or_depends_on,0,0.002145006793934494,0.0,0.002145006793934494,0.002145006793934494,france
4,requires_or_depends_on,1,0.0,0.0,0.0,0.0,france
4,requires_or_depends_on,2,0.0,0.0,0.0,0.0,france
4,requires_or_depends_on,3,0.0,0.0,0.0,0.0,france
4,requires_or_depends_on,4,0.0,0.0,0.0,0.0,france
4,requires_or_depends_on,5,0.0012232645224901297,0.0,0.0012232645224901297,0.0012232645224901297,france
4,requires_or_depends_on,6,0.0,0.0,0.0,0.0,france
4,requires_or_depends_on,7,0.0,0.0,0.0,0.0,france
4,requires_or_depends_on,8,0.0,0.0,0.0,0.0,france
4,risks_or_threatens,0,0.0,0.0,0.0,0.0,france
4,risks_or_threatens,1,0.0,0.0,0.0,0.0,france
4,risks_or_threatens,2,0.0,0.0,0.0,0.0,france
4,risks_or_threatens,3,0.0,0.0,0.0,0.0,france
4,risks_or_threatens,4,0.0,0.0,0.0,0.0,france
4,risks_or_threatens,5,0.0,0.0,0.0,0.0,france
4,risks_or_threatens,6,0.0,0.0,0.0,0.0,france
4,risks_or_threatens,7,0.0,0.0,0.0,0.0,france
4,risks_or_threatens,8,0.0,0.0,0.0,0.0,france
5,causes_or_increases,0,0.004003050752372084,0.0,0.004003050752372084,0.004003050752372084,france
5,causes_or_increases,1,0.001287167476122188,0.0,0.001287167476122188,0.001287167476122188,france
5,causes_or_increases,2,0.0058758154308267505,0.0,0.0058758154308267505,0.0058758154308267505,france
5,causes_or_increases,3,0.0,0.0,0.0,0.0,france
5,causes_or_increases,4,0.0,0.0,0.0,0.0,france
5,causes_or_increases,5,0.0009185883017614145,0.004026887562073402,-0.003108299260311988,0.003108299260311988,france
5,causes_or_increases,6,0.0,0.0,0.0,0.0,france
5,causes_or_increases,7,0.0,0.0,0.0,0.0,france
5,causes_or_increases,8,0.003940738638407612,0.0,0.003940738638407612,0.003940738638407612,france
5,enables_or_supports,0,0.0,0.0,0.0,0.0,france
5,enables_or_supports,1,0.0030354444291336956,0.0,0.0030354444291336956,0.0030354444291336956,france
5,enables_or_supports,2,0.0,0.0,0.0,0.0,france
5,enables_or_supports,3,0.0,0.0,0.0,0.0,france
5,enables_or_supports,4,0.001172152037147936,0.0,0.001172152037147936,0.001172152037147936,france
5,enables_or_supports,5,0.0,0.10327322572755117,-0.10327322572755117,0.10327322572755117,france
5,enables_or_supports,6,0.0,0.0,0.0,0.0,france
5,enables_or_supports,7,0.0019156430566482957,0.0,0.0019156430566482957,0.0019156430566482957,france
5,enables_or_supports,8,0.0,0.0,0.0,0.0,france
5,expected_to_improve,0,0.0030293741668600558,0.0,0.0030293741668600558,0.0030293741668600558,france
5,expected_to_improve,1,0.0,0.0,0.0,0.0,france
5,expected_to_improve,2,0.0,0.0,0.0,0.0,france
5,expected_to_improve,3,0.001469404607958027,0.0,0.001469404607958027,0.001469404607958027,france
5,expected_to_improve,4,0.0,0.0,0.0,0.0,france
5,expected_to_improve,5,0.0012659810391257328,0.026839114374987184,-0.02557313333586145,0.02557313333586145,france
5,expected_to_improve,6,0.0,0.0,0.0,0.0,france
5,expected_to_improve,7,0.0,0.0,0.0,0.0,france
5,expected_to_improve,8,0.0,0.0,0.0,0.0,france
5,reduces_or_prevents,0,0.0,0.0,0.0,0.0,france
5,reduces_or_prevents,1,0.0,0.0,0.0,0.0,france
5,reduces_or_prevents,2,0.005033455707578745,0.0,0.005033455707578745,0.005033455707578745,france
5,reduces_or_prevents,3,0.0,0.0,0.0,0.0,france
5,reduces_or_prevents,4,0.0,0.0,0.0,0.0,france
5,reduces_or_prevents,5,0.0,0.0,0.0,0.0,france
5,reduces_or_prevents,6,0.0,0.0,0.0,0.0,france
5,reduces_or_prevents,7,0.0,0.0,0.0,0.0,france
5,reduces_or_prevents,8,0.0,0.0,0.0,0.0,france
5,requires_or_depends_on,0,0.0,0.0,0.0,0.0,france
5,requires_or_depends_on,1,0.0,0.009778386877024127,-0.009778386877024127,0.009778386877024127,france
5,requires_or_depends_on,2,0.0,0.0,0.0,0.0,france
5,requires_or_depends_on,3,0.0,0.0,0.0,0.0,france
5,requires_or_depends_on,4,0.0,0.0,0.0,0.0,france
5,requires_or_depends_on,5,0.0,0.0,0.0,0.0,france
5,requires_or_depends_on,6,0.0,0.0,0.0,0.0,france
5,requires_or_depends_on,7,0.0,0.028731851479027796,-0.028731851479027796,0.028731851479027796,france
5,requires_or_depends_on,8,0.0,0.0,0.0,0.0,france
5,risks_or_threatens,0,0.0,0.0,0.0,0.0,france
5,risks_or_threatens,1,0.0,0.0,0.0,0.0,france
5,risks_or_threatens,2,0.003503420746945385,0.0,0.003503420746945385,0.003503420746945385,france
5,risks_or_threatens,3,0.0,0.0,0.0,0.0,france
5,risks_or_threatens,4,0.0,0.0,0.0,0.0,france
5,risks_or_threatens,5,0.0,0.0,0.0,0.0,france
5,risks_or_threatens,6,0.0,0.0,0.0,0.0,france
5,risks_or_threatens,7,0.002051890917050196,0.0,0.002051890917050196,0.002051890917050196,france
5,risks_or_threatens,8,0.0,0.0,0.0,0.0,france
6,causes_or_increases,0,0.005277968872212058,0.0,0.005277968872212058,0.005277968872212058,france
6,causes_or_increases,1,0.011466587656073408,0.0,0.011466587656073408,0.011466587656073408,france
6,causes_or_increases,2,0.004516194838811882,0.0,0.004516194838811882,0.004516194838811882,france
6,causes_or_increases,3,0.0015361449620050992,0.0,0.0015361449620050992,0.0015361449620050992,france
6,causes_or_increases,4,0.007682191462694568,0.0,0.007682191462694568,0.007682191462694568,france
6,causes_or_increases,5,0.010610211941801484,0.0,0.010610211941801484,0.010610211941801484,france
6,causes_or_increases,6,0.017005866714665144,0.0,0.017005866714665144,0.017005866714665144,france
6,causes_or_increases,7,0.0,0.0,0.0,0.0,france
6,causes_or_increases,8,0.004111823850386097,0.0,0.004111823850386097,0.004111823850386097,france
6,enables_or_supports,0,0.003355608180025159,0.0,0.003355608180025159,0.003355608180025159,france
6,enables_or_supports,1,0.0032741394967365617,0.0,0.0032741394967365617,0.0032741394967365617,france
6,enables_or_supports,2,0.0007923199200497906,0.0,0.0007923199200497906,0.0007923199200497906,france
6,enables_or_supports,3,0.0,0.0,0.0,0.0,france
6,enables_or_supports,4,0.0,0.0,0.0,0.0,france
6,enables_or_supports,5,0.0,0.008890224955267494,-0.008890224955267494,0.008890224955267494,france
6,enables_or_supports,6,0.00839154389352814,0.0,0.00839154389352814,0.00839154389352814,france
6,enables_or_supports,7,0.0,0.014906706803348383,-0.014906706803348383,0.014906706803348383,france
6,enables_or_supports,8,0.005179069885713363,0.0,0.005179069885713363,0.005179069885713363,france
6,expected_to_improve,0,0.0,0.0,0.0,0.0,france
6,expected_to_improve,1,0.0,0.0,0.0,0.0,france
6,expected_to_improve,2,0.0,0.0,0.0,0.0,france
6,expected_to_improve,3,0.0,0.0,0.0,0.0,france
6,expected_to_improve,4,0.0019516614552219894,0.0,0.0019516614552219894,0.0019516614552219894,france
6,expected_to_improve,5,0.0,0.0,0.0,0.0,france
6,expected_to_improve,6,0.0,0.0,0.0,0.0,france
6,expected_to_improve,7,0.0,0.0,0.0,0.0,france
6,expected_to_improve,8,0.0,0.0,0.0,0.0,france
6,reduces_or_prevents,0,0.0,0.0,0.0,0.0,france
6,reduces_or_prevents,1,0.0,0.0,0.0,0.0,france
6,reduces_or_prevents,2,0.0,0.0,0.0,0.0,france
6,reduces_or_prevents,3,0.0,0.0,0.0,0.0,france
6,reduces_or_prevents,4,0.0,0.0,0.0,0.0,france
6,reduces_or_prevents,5,0.0,0.0,0.0,0.0,france
6,reduces_or_prevents,6,0.0028035832563443695,0.0,0.0028035832563443695,0.0028035832563443695,france
6,reduces_or_prevents,7,0.0011040035420721095,0.0,0.0011040035420721095,0.0011040035420721095,france
6,reduces_or_prevents,8,0.0,0.0,0.0,0.0,france
6,requires_or_depends_on,0,0.0,0.0,0.0,0.0,france
6,requires_or_depends_on,1,0.007816612586089188,0.0,0.007816612586089188,0.007816612586089188,france
6,requires_or_depends_on,2,0.0,0.0,0.0,0.0,france
6,requires_or_depends_on,3,0.0,0.0,0.0,0.0,france
6,requires_or_depends_on,4,0.0,0.0,0.0,0.0,france
6,requires_or_depends_on,5,0.0,0.0,0.0,0.0,france
6,requires_or_depends_on,6,0.004105575273738044,0.0,0.004105575273738044,0.004105575273738044,france
6,requires_or_depends_on,7,0.0,0.0,0.0,0.0,france
6,requires_or_depends_on,8,0.0,0.0,0.0,0.0,france
6,risks_or_threatens,0,0.0,0.0,0.0,0.0,france
6,risks_or_threatens,1,0.0,0.0,0.0,0.0,france
6,risks_or_threatens,2,0.0,0.0,0.0,0.0,france
6,risks_or_threatens,3,0.0,0.0,0.0,0.0,france
6,risks_or_threatens,4,0.0,0.0,0.0,0.0,france
6,risks_or_threatens,5,0.0,0.0,0.0,0.0,france
6,risks_or_threatens,6,0.0024380324531209333,0.0,0.0024380324531209333,0.0024380324531209333,france
6,risks_or_threatens,7,0.0,0.0,0.0,0.0,france
6,risks_or_threatens,8,0.0,0.0,0.0,0.0,france
7,causes_or_increases,0,0.0,0.0,0.0,0.0,france
7,causes_or_increases,1,0.0,0.0,0.0,0.0,france
7,causes_or_increases,2,0.0009463946490861755,0.0,0.0009463946490861755,0.0009463946490861755,france
7,causes_or_increases,3,0.0,0.0,0.0,0.0,france
7,causes_or_increases,4,0.0,0.0,0.0,0.0,france
7,causes_or_increases,5,0.0,0.02929629807219548,-0.02929629807219548,0.02929629807219548,france
7,causes_or_increases,6,0.0,0.0,0.0,0.0,france
7,causes_or_increases,7,0.0,0.0,0.0,0.0,france
7,causes_or_increases,8,0.0006256405138480789,0.0,0.0006256405138480789,0.0006256405138480789,france
7,enables_or_supports,0,0.0,0.0,0.0,0.0,france
7,enables_or_supports,1,0.0,0.0,0.0,0.0,france
7,enables_or_supports,2,0.000917035800677867,0.0,0.000917035800677867,0.000917035800677867,france
7,enables_or_supports,3,0.0,0.0,0.0,0.0,france
7,enables_or_supports,4,0.0,0.0,0.0,0.0,france
7,enables_or_supports,5,0.0,0.0,0.0,0.0,france
7,enables_or_supports,6,0.0008802509538950279,0.0,0.0008802509538950279,0.0008802509538950279,france
7,enables_or_supports,7,0.0,0.0,0.0,0.0,france
7,enables_or_supports,8,0.0,0.008346526778464251,-0.008346526778464251,0.008346526778464251,france
7,expected_to_improve,0,0.0,0.0,0.0,0.0,france
7,expected_to_improve,1,0.0,0.0,0.0,0.0,france
7,expected_to_improve,2,0.0,0.0,0.0,0.0,france
7,expected_to_improve,3,0.0,0.0,0.0,0.0,france
7,expected_to_improve,4,0.0,0.0,0.0,0.0,france
7,expected_to_improve,5,0.0,0.0,0.0,0.0,france
7,expected_to_improve,6,0.0,0.0,0.0,0.0,france
7,expected_to_improve,7,0.0,0.0,0.0,0.0,france
7,expected_to_improve,8,0.0,0.0,0.0,0.0,france
7,reduces_or_prevents,0,0.0,0.0,0.0,0.0,france
7,reduces_or_prevents,1,0.0,0.0,0.0,0.0,france
7,reduces_or_prevents,2,0.0,0.0,0.0,0.0,france
7,reduces_or_prevents,3,0.0,0.0,0.0,0.0,france
7,reduces_or_prevents,4,0.0,0.0,0.0,0.0,france
7,reduces_or_prevents,5,0.0,0.0,0.0,0.0,france
7,reduces_or_prevents,6,0.0029325835706919315,0.0,0.0029325835706919315,0.0029325835706919315,france
7,reduces_or_prevents,7,0.0,0.0,0.0,0.0,france
7,reduces_or_prevents,8,0.0,0.0,0.0,0.0,france
7,requires_or_depends_on,0,0.0,0.0,0.0,0.0,france
7,requires_or_depends_on,1,0.002381730371538682,0.0,0.002381730371538682,0.002381730371538682,france
7,requires_or_depends_on,2,0.0,0.0,0.0,0.0,france
7,requires_or_depends_on,3,0.0,0.0,0.0,0.0,france
7,requires_or_depends_on,4,0.0,0.0,0.0,0.0,france
7,requires_or_depends_on,5,0.0,0.0,0.0,0.0,france
7,requires_or_depends_on,6,0.0,0.0,0.0,0.0,france
7,requires_or_depends_on,7,0.0,0.0,0.0,0.0,france
7,requires_or_depends_on,8,0.0,0.0,0.0,0.0,france
7,risks_or_threatens,0,0.0,0.0,0.0,0.0,france
7,risks_or_threatens,1,0.0,0.0,0.0,0.0,france
7,risks_or_threatens,2,0.0,0.0,0.0,0.0,france
7,risks_or_threatens,3,0.0,0.0,0.0,0.0,france
7,risks_or_threatens,4,0.0,0.0,0.0,0.0,france
7,risks_or_threatens,5,0.0,0.0,0.0,0.0,france
7,risks_or_threatens,6,0.0,0.0,0.0,0.0,france
7,risks_or_threatens,7,0.0,0.0,0.0,0.0,france
7,risks_or_threatens,8,0.0,0.0,0.0,0.0,france
8,causes_or_increases,0,0.0037751796476405758,0.0,0.0037751796476405758,0.0037751796476405758,france
8,causes_or_increases,1,0.0,0.0,0.0,0.0,france
8,causes_or_increases,2,0.0007548671560979573,0.0,0.0007548671560979573,0.0007548671560979573,france
8,causes_or_increases,3,0.002832663835653546,0.0,0.002832663835653546,0.002832663835653546,france
8,causes_or_increases,4,0.0030155406589272966,0.0,0.0030155406589272966,0.0030155406589272966,france
8,causes_or_increases,5,0.0018907467482845676,0.0,0.0018907467482845676,0.0018907467482845676,france
8,causes_or_increases,6,0.002569563228381706,0.0,0.002569563228381706,0.002569563228381706,france
8,causes_or_increases,7,0.004708679699270192,0.02930236761962249,-0.0245936879203523,0.0245936879203523,france
8,causes_or_increases,8,0.013383178057534308,0.0,0.013383178057534308,0.013383178057534308,france
8,enables_or_supports,0,0.0,0.0,0.0,0.0,france
8,enables_or_supports,1,0.001649142598968841,0.0,0.001649142598968841,0.001649142598968841,france
8,enables_or_supports,2,0.003942508796999186,0.39270103474967205,-0.38875852595267285,0.38875852595267285,france
8,enables_or_supports,3,0.005462365681361085,0.0,0.005462365681361085,0.005462365681361085,france
8,enables_or_supports,4,0.0,0.0,0.0,0.0,france
8,enables_or_supports,5,0.0020337599749603286,0.0,0.0020337599749603286,0.0020337599749603286,france
8,enables_or_supports,6,0.008857791858601596,0.0,0.008857791858601596,0.008857791858601596,france
8,enables_or_supports,7,0.002334442501795333,0.0,0.002334442501795333,0.002334442501795333,france
8,enables_or_supports,8,0.014816420567288996,0.0,0.014816420567288996,0.014816420567288996,france
8,expected_to_improve,0,0.0042194979729372134,0.0,0.0042194979729372134,0.0042194979729372134,france
8,expected_to_improve,1,0.0016850985091821217,0.0,0.0016850985091821217,0.0016850985091821217,france
8,expected_to_improve,2,0.0,0.0,0.0,0.0,france
8,expected_to_improve,3,0.0,0.0,0.0,0.0,france
8,expected_to_improve,4,0.0,0.0,0.0,0.0,france
8,expected_to_improve,5,0.0,0.0,0.0,0.0,france
8,expected_to_improve,6,0.004722585966405274,0.0,0.004722585966405274,0.004722585966405274,france
8,expected_to_improve,7,0.0,0.0,0.0,0.0,france
8,expected_to_improve,8,0.01319448601955303,0.0,0.01319448601955303,0.01319448601955303,france
8,reduces_or_prevents,0,0.0,0.0,0.0,0.0,france
8,reduces_or_prevents,1,0.0,0.0,0.0,0.0,france
8,reduces_or_prevents,2,0.0010753244706124194,0.0,0.0010753244706124194,0.0010753244706124194,france
8,reduces_or_prevents,3,0.002876432327009855,0.0,0.002876432327009855,0.002876432327009855,france
8,reduces_or_prevents,4,0.0,0.05193365485562466,-0.05193365485562466,0.05193365485562466,france
8,reduces_or_prevents,5,0.0,0.0,0.0,0.0,france
8,reduces_or_prevents,6,0.0037328505836105594,0.0,0.0037328505836105594,0.0037328505836105594,france
8,reduces_or_prevents,7,0.0,0.0,0.0,0.0,france
8,reduces_or_prevents,8,0.00918630133359154,0.07859117740440201,-0.06940487607081047,0.06940487607081047,france
8,requires_or_depends_on,0,0.0027459593797547355,0.0,0.0027459593797547355,0.0027459593797547355,france
8,requires_or_depends_on,1,0.0,0.0,0.0,0.0,france
8,requires_or_depends_on,2,0.0,0.0,0.0,0.0,france
8,requires_or_depends_on,3,0.0,0.0,0.0,0.0,france
8,requires_or_depends_on,4,0.0,0.0,0.0,0.0,france
8,requires_or_depends_on,5,0.0,0.0,0.0,0.0,france
8,requires_or_depends_on,6,0.004107318096446419,0.0,0.004107318096446419,0.004107318096446419,france
8,requires_or_depends_on,7,0.0,0.0,0.0,0.0,france
8,requires_or_depends_on,8,0.0,0.0,0.0,0.0,france
8,risks_or_threatens,0,0.0,0.0,0.0,0.0,france
8,risks_or_threatens,1,0.0,0.0,0.0,0.0,france
8,risks_or_threatens,2,0.0,0.0,0.0,0.0,france
8,risks_or_threatens,3,0.0,0.0,0.0,0.0,france
8,risks_or_threatens,4,0.0,0.0,0.0,0.0,france
8,risks_or_threatens,5,0.0,0.0,0.0,0.0,france
8,risks_or_threatens,6,0.0,0.0,0.0,0.0,france
8,risks_or_threatens,7,0.0,0.0,0.0,0.0,france
8,risks_or_threatens,8,0.0,0.0,0.0,0.0,france
0,causes_or_increases,0,0.04730746162935932,0.008094715398725211,0.0392127462306341,0.0392127462306341,ireland
0,causes_or_increases,1,0.0007701729316910325,0.005636643230260662,-0.0048664702985696294,0.0048664702985696294,ireland
0,causes_or_increases,2,0.0032048760387527906,0.0,0.0032048760387527906,0.0032048760387527906,ireland
0,causes_or_increases,3,0.0017384804190162238,0.0,0.0017384804190162238,0.0017384804190162238,ireland
0,causes_or_increases,4,0.00046006880737035644,0.0,0.00046006880737035644,0.00046006880737035644,ireland
0,causes_or_increases,5,0.0045888719851914185,0.006589973691047863,-0.0020011017058564444,0.0020011017058564444,ireland
0,causes_or_increases,6,0.006354883058625317,0.003339665823443268,0.003015217235182049,0.003015217235182049,ireland
0,causes_or_increases,7,0.0007859259154013399,0.007289734910918885,-0.006503808995517546,0.006503808995517546,ireland
0,causes_or_increases,8,0.003643132854544264,0.013612290364793778,-0.009969157510249514,0.009969157510249514,ireland
0,enables_or_supports,0,0.018056859631746847,0.0036887717881472016,0.014368087843599647,0.014368087843599647,ireland
0,enables_or_supports,1,0.002868759082833364,0.013596020593345972,-0.010727261510512608,0.010727261510512608,ireland
0,enables_or_supports,2,0.002720018797544151,0.0,0.002720018797544151,0.002720018797544151,ireland
0,enables_or_supports,3,0.00034546818249287474,0.0032227089660294087,-0.002877240783536534,0.002877240783536534,ireland
0,enables_or_supports,4,0.004724288836395862,0.0,0.004724288836395862,0.004724288836395862,ireland
0,enables_or_supports,5,0.0025909497766135278,0.008543495443932871,-0.005952545667319344,0.005952545667319344,ireland
0,enables_or_supports,6,0.0015872631268369262,0.00347026247839211,-0.001882999351555184,0.001882999351555184,ireland
0,enables_or_supports,7,0.01638499416747116,0.058097023889372296,-0.041712029721901134,0.041712029721901134,ireland
0,enables_or_supports,8,0.0029171291393705664,0.007261315228852928,-0.0043441860894823615,0.0043441860894823615,ireland
0,expected_to_improve,0,0.003388350899082274,0.0,0.003388350899082274,0.003388350899082274,ireland
0,expected_to_improve,1,0.0,0.0,0.0,0.0,ireland
0,expected_to_improve,2,0.0,0.0,0.0,0.0,ireland
0,expected_to_improve,3,0.0,0.0,0.0,0.0,ireland
0,expected_to_improve,4,0.0,0.0,0.0,0.0,ireland
0,expected_to_improve,5,0.0019113063355146833,0.0,0.0019113063355146833,0.0019113063355146833,ireland
0,expected_to_improve,6,0.0014651515416165756,0.0,0.0014651515416165756,0.0014651515416165756,ireland
0,expected_to_improve,7,0.0019442363390548968,0.0,0.0019442363390548968,0.0019442363390548968,ireland
0,expected_to_improve,8,0.0,0.0,0.0,0.0,ireland
0,reduces_or_prevents,0,0.001087333466436174,0.0,0.001087333466436174,0.001087333466436174,ireland
0,reduces_or_prevents,1,0.0004511815785536233,0.0,0.0004511815785536233,0.0004511815785536233,ireland
0,reduces_or_prevents,2,0.0,0.0,0.0,0.0,ireland
0,reduces_or_prevents,3,0.0,0.0,0.0,0.0,ireland
0,reduces_or_prevents,4,0.0,0.0,0.0,0.0,ireland
0,reduces_or_prevents,5,0.0,0.0,0.0,0.0,ireland
0,reduces_or_prevents,6,0.0005562773543384119,0.0,0.0005562773543384119,0.0005562773543384119,ireland
0,reduces_or_prevents,7,0.0,0.0,0.0,0.0,ireland
0,reduces_or_prevents,8,0.0,0.0,0.0,0.0,ireland
0,requires_or_depends_on,0,0.00045058787476343775,0.0,0.00045058787476343775,0.00045058787476343775,ireland
0,requires_or_depends_on,1,0.0,0.0,0.0,0.0,ireland
0,requires_or_depends_on,2,0.0038853024930583435,0.0,0.0038853024930583435,0.0038853024930583435,ireland
0,requires_or_depends_on,3,0.0,0.0,0.0,0.0,ireland
0,requires_or_depends_on,4,0.0,0.0,0.0,0.0,ireland
0,requires_or_depends_on,5,0.0,0.0,0.0,0.0,ireland
0,requires_or_depends_on,6,0.0,0.0,0.0,0.0,ireland
0,requires_or_depends_on,7,0.0,0.0,0.0,0.0,ireland
0,requires_or_depends_on,8,0.0,0.0,0.0,0.0,ireland
0,risks_or_threatens,0,0.0,0.0,0.0,0.0,ireland
0,risks_or_threatens,1,0.0,0.0,0.0,0.0,ireland
0,risks_or_threatens,2,0.0,0.0,0.0,0.0,ireland
0,risks_or_threatens,3,0.0,0.0,0.0,0.0,ireland
0,risks_or_threatens,4,0.0,0.0,0.0,0.0,ireland
0,risks_or_threatens,5,0.0,0.0,0.0,0.0,ireland
0,risks_or_threatens,6,0.0,0.0,0.0,0.0,ireland
0,risks_or_threatens,7,0.0,0.0,0.0,0.0,ireland
0,risks_or_threatens,8,0.0001685627596485586,0.0,0.0001685627596485586,0.0001685627596485586,ireland
1,causes_or_increases,0,0.00046588015679011285,0.04668834798148542,-0.04622246782469531,0.04622246782469531,ireland
1,causes_or_increases,1,0.01675094488812268,0.002116485023807851,0.014634459864314829,0.014634459864314829,ireland
1,causes_or_increases,2,0.00035202812021206025,0.0,0.00035202812021206025,0.00035202812021206025,ireland
1,causes_or_increases,3,0.00043205360230120853,0.0,0.00043205360230120853,0.00043205360230120853,ireland
1,causes_or_increases,4,0.0,0.0,0.0,0.0,ireland
1,causes_or_increases,5,0.002377712170492137,0.003295545501760019,-0.0009178333312678819,0.0009178333312678819,ireland
1,causes_or_increases,6,0.0035377892735442614,0.0,0.0035377892735442614,0.0035377892735442614,ireland
1,causes_or_increases,7,0.0004508940699495879,0.0,0.0004508940699495879,0.0004508940699495879,ireland
1,causes_or_increases,8,0.004669636976873284,0.0,0.004669636976873284,0.004669636976873284,ireland
1,enables_or_supports,0,0.000522395786139859,0.0048046774394204786,-0.0042822816532806195,0.0042822816532806195,ireland
1,enables_or_supports,1,0.017544971646906594,0.0,0.017544971646906594,0.017544971646906594,ireland
1,enables_or_supports,2,0.0,0.0,0.0,0.0,ireland
1,enables_or_supports,3,0.0006172080873537916,0.0032873891656677173,-0.002670181078313926,0.002670181078313926,ireland
1,enables_or_supports,4,0.0005880842748881396,0.018702802666482193,-0.018114718391594054,0.018114718391594054,ireland
1,enables_or_supports,5,0.001005270730889984,0.0027409277143041547,-0.0017356569834141708,0.0017356569834141708,ireland
1,enables_or_supports,6,0.0006281905371855923,0.002984730767076867,-0.0023565402298912747,0.0023565402298912747,ireland
1,enables_or_supports,7,0.001630042169104453,0.0,0.001630042169104453,0.001630042169104453,ireland
1,enables_or_supports,8,0.0006367591222837134,0.0,0.0006367591222837134,0.0006367591222837134,ireland
1,expected_to_improve,0,0.0011033917187273784,0.0,0.0011033917187273784,0.0011033917187273784,ireland
1,expected_to_improve,1,0.00239895771637655,0.0,0.00239895771637655,0.00239895771637655,ireland
1,expected_to_improve,2,0.0002890892228325399,0.0,0.0002890892228325399,0.0002890892228325399,ireland
1,expected_to_improve,3,0.0,0.0,0.0,0.0,ireland
1,expected_to_improve,4,0.0,0.0,0.0,0.0,ireland
1,expected_to_improve,5,0.00029156813768460463,0.0,0.00029156813768460463,0.00029156813768460463,ireland
1,expected_to_improve,6,0.00027494799184598446,0.0,0.00027494799184598446,0.00027494799184598446,ireland
1,expected_to_improve,7,0.0,0.0,0.0,0.0,ireland
1,expected_to_improve,8,0.000548171744015874,0.0,0.000548171744015874,0.000548171744015874,ireland
1,reduces_or_prevents,0,0.0,0.0,0.0,0.0,ireland
1,reduces_or_prevents,1,0.001549917653695759,0.0,0.001549917653695759,0.001549917653695759,ireland
1,reduces_or_prevents,2,0.0,0.019156444390263837,-0.019156444390263837,0.019156444390263837,ireland
1,reduces_or_prevents,3,0.0,0.0,0.0,0.0,ireland
1,reduces_or_prevents,4,0.0,0.0,0.0,0.0,ireland
1,reduces_or_prevents,5,0.0016755153861630508,0.0,0.0016755153861630508,0.0016755153861630508,ireland
1,reduces_or_prevents,6,0.0,0.0,0.0,0.0,ireland
1,reduces_or_prevents,7,0.0006678641913793378,0.0,0.0006678641913793378,0.0006678641913793378,ireland
1,reduces_or_prevents,8,0.0,0.0,0.0,0.0,ireland
1,requires_or_depends_on,0,0.0,0.0,0.0,0.0,ireland
1,requires_or_depends_on,1,0.0036464469429529646,0.0,0.0036464469429529646,0.0036464469429529646,ireland
1,requires_or_depends_on,2,0.0,0.0,0.0,0.0,ireland
1,requires_or_depends_on,3,0.001415440167075549,0.0,0.001415440167075549,0.001415440167075549,ireland
1,requires_or_depends_on,4,0.0,0.0,0.0,0.0,ireland
1,requires_or_depends_on,5,0.0,0.0,0.0,0.0,ireland
1,requires_or_depends_on,6,0.0022660783329708626,0.0,0.0022660783329708626,0.0022660783329708626,ireland
1,requires_or_depends_on,7,0.0,0.0,0.0,0.0,ireland
1,requires_or_depends_on,8,0.0,0.0,0.0,0.0,ireland
1,risks_or_threatens,0,0.0005105067813308045,0.0,0.0005105067813308045,0.0005105067813308045,ireland
1,risks_or_threatens,1,0.004577908380689009,0.0,0.004577908380689009,0.004577908380689009,ireland
1,risks_or_threatens,2,0.0,0.0,0.0,0.0,ireland
1,risks_or_threatens,3,0.0,0.0,0.0,0.0,ireland
1,risks_or_threatens,4,0.0,0.0,0.0,0.0,ireland
1,risks_or_threatens,5,0.0,0.0,0.0,0.0,ireland
1,risks_or_threatens,6,0.0020756001842026305,0.0,0.0020756001842026305,0.0020756001842026305,ireland
1,risks_or_threatens,7,0.0,0.0,0.0,0.0,ireland
1,risks_or_threatens,8,0.0015711188742141033,0.0,0.0015711188742141033,0.0015711188742141033,ireland
2,causes_or_increases,0,0.00926334527924115,0.06502658106648442,-0.055763235787243265,0.055763235787243265,ireland
2,causes_or_increases,1,0.0006563754638342326,0.049932334883147404,-0.04927595941931317,0.04927595941931317,ireland
2,causes_or_increases,2,0.008380427104505338,0.010041495305421106,-0.0016610682009157683,0.0016610682009157683,ireland
2,causes_or_increases,3,0.000571956772834914,0.012140856202275518,-0.011568899429440603,0.011568899429440603,ireland
2,causes_or_increases,4,0.0032600188057842513,0.0,0.0032600188057842513,0.0032600188057842513,ireland
2,causes_or_increases,5,0.0012431528551407533,0.0,0.0012431528551407533,0.0012431528551407533,ireland
2,causes_or_increases,6,0.013220775477982878,0.0,0.013220775477982878,0.013220775477982878,ireland
2,causes_or_increases,7,0.003038241217300731,0.0,0.003038241217300731,0.003038241217300731,ireland
2,causes_or_increases,8,0.00430994845155208,0.013964635013674951,-0.009654686562122872,0.009654686562122872,ireland
2,enables_or_supports,0,0.006047506894757432,0.002490754408299436,0.0035567524864579957,0.0035567524864579957,ireland
2,enables_or_supports,1,0.0010600735188503177,0.0,0.0010600735188503177,0.0010600735188503177,ireland
2,enables_or_supports,2,0.005365336402383899,0.025730123910095274,-0.020364787507711375,0.020364787507711375,ireland
2,enables_or_supports,3,0.0,0.0,0.0,0.0,ireland
2,enables_or_supports,4,0.0,0.0,0.0,0.0,ireland
2,enables_or_supports,5,0.02291878396880011,0.0,0.02291878396880011,0.02291878396880011,ireland
2,enables_or_supports,6,0.001555077175377046,0.0,0.001555077175377046,0.001555077175377046,ireland
2,enables_or_supports,7,0.004333651141658632,0.006662772944232696,-0.0023291218025740645,0.0023291218025740645,ireland
2,enables_or_supports,8,0.00043568087290231806,0.00423653236888902,-0.0038008514959867023,0.0038008514959867023,ireland
2,expected_to_improve,0,0.0,0.0,0.0,0.0,ireland
2,expected_to_improve,1,0.0,0.0,0.0,0.0,ireland
2,expected_to_improve,2,0.0,0.0,0.0,0.0,ireland
2,expected_to_improve,3,0.0,0.0,0.0,0.0,ireland
2,expected_to_improve,4,0.0,0.0,0.0,0.0,ireland
2,expected_to_improve,5,0.0005671083991023115,0.0,0.0005671083991023115,0.0005671083991023115,ireland
2,expected_to_improve,6,0.0,0.0,0.0,0.0,ireland
2,expected_to_improve,7,0.0,0.0,0.0,0.0,ireland
2,expected_to_improve,8,0.0,0.0,0.0,0.0,ireland
2,reduces_or_prevents,0,0.0,0.0,0.0,0.0,ireland
2,reduces_or_prevents,1,0.0,0.0,0.0,0.0,ireland
2,reduces_or_prevents,2,0.0,0.0,0.0,0.0,ireland
2,reduces_or_prevents,3,0.0,0.0,0.0,0.0,ireland
2,reduces_or_prevents,4,0.0,0.0,0.0,0.0,ireland
2,reduces_or_prevents,5,0.0,0.0,0.0,0.0,ireland
2,reduces_or_prevents,6,0.0032544232622738344,0.0,0.0032544232622738344,0.0032544232622738344,ireland
2,reduces_or_prevents,7,0.0,0.008886870100440432,-0.008886870100440432,0.008886870100440432,ireland
2,reduces_or_prevents,8,0.0,0.0,0.0,0.0,ireland
2,requires_or_depends_on,0,0.0,0.0,0.0,0.0,ireland
2,requires_or_depends_on,1,0.0020697889836337204,0.0,0.0020697889836337204,0.0020697889836337204,ireland
2,requires_or_depends_on,2,0.0,0.0,0.0,0.0,ireland
2,requires_or_depends_on,3,0.0,0.0,0.0,0.0,ireland
2,requires_or_depends_on,4,0.0,0.0,0.0,0.0,ireland
2,requires_or_depends_on,5,0.0,0.0,0.0,0.0,ireland
2,requires_or_depends_on,6,0.0,0.0,0.0,0.0,ireland
2,requires_or_depends_on,7,0.0,0.0,0.0,0.0,ireland
2,requires_or_depends_on,8,0.0,0.0022245718511603734,-0.0022245718511603734,0.0022245718511603734,ireland
2,risks_or_threatens,0,0.0,0.0,0.0,0.0,ireland
2,risks_or_threatens,1,0.0,0.0,0.0,0.0,ireland
2,risks_or_threatens,2,0.0,0.0,0.0,0.0,ireland
2,risks_or_threatens,3,0.0,0.0,0.0,0.0,ireland
2,risks_or_threatens,4,0.0,0.0,0.0,0.0,ireland
2,risks_or_threatens,5,0.0,0.0,0.0,0.0,ireland
2,risks_or_threatens,6,0.0,0.0,0.0,0.0,ireland
2,risks_or_threatens,7,0.0,0.0,0.0,0.0,ireland
2,risks_or_threatens,8,0.0,0.0,0.0,0.0,ireland
3,causes_or_increases,0,0.00026184782065897383,0.005611357809457544,-0.0053495099887985705,0.0053495099887985705,ireland
3,causes_or_increases,1,0.0,0.002366944587374126,-0.002366944587374126,0.002366944587374126,ireland
3,causes_or_increases,2,0.0,0.0,0.0,0.0,ireland
3,causes_or_increases,3,0.0,0.0,0.0,0.0,ireland
3,causes_or_increases,4,0.0,0.0,0.0,0.0,ireland
3,causes_or_increases,5,0.0004388601574085089,0.0030336801767356977,-0.0025948200193271886,0.0025948200193271886,ireland
3,causes_or_increases,6,0.0,0.0,0.0,0.0,ireland
3,causes_or_increases,7,0.0,0.0,0.0,0.0,ireland
3,causes_or_increases,8,0.00033128932901442163,0.0018084586610751401,-0.0014771693320607185,0.0014771693320607185,ireland
3,enables_or_supports,0,0.0004941194147560378,0.008355384487732015,-0.007861265072975977,0.007861265072975977,ireland
3,enables_or_supports,1,0.0015309179025415585,0.0,0.0015309179025415585,0.0015309179025415585,ireland
3,enables_or_supports,2,0.0038190824668989146,0.0021058220731211058,0.0017132603937778088,0.0017132603937778088,ireland
3,enables_or_supports,3,0.0008937742192836663,0.0038720390355164347,-0.0029782648162327684,0.0029782648162327684,ireland
3,enables_or_supports,4,0.0,0.0,0.0,0.0,ireland
3,enables_or_supports,5,0.0033895897792783638,0.0014978721522315834,0.0018917176270467804,0.0018917176270467804,ireland
3,enables_or_supports,6,0.011020878223523801,0.0,0.011020878223523801,0.011020878223523801,ireland
3,enables_or_supports,7,0.0010526132488843968,0.003383792835256554,-0.0023311795863721575,0.0023311795863721575,ireland
3,enables_or_supports,8,0.0011117719233389885,0.0,0.0011117719233389885,0.0011117719233389885,ireland
3,expected_to_improve,0,0.0,0.0,0.0,0.0,ireland
3,expected_to_improve,1,0.0,0.0,0.0,0.0,ireland
3,expected_to_improve,2,0.0,0.0,0.0,0.0,ireland
3,expected_to_improve,3,0.0,0.0,0.0,0.0,ireland
3,expected_to_improve,4,0.0,0.0,0.0,0.0,ireland
3,expected_to_improve,5,0.0,0.0,0.0,0.0,ireland
3,expected_to_improve,6,0.009669777286434483,0.0,0.009669777286434483,0.009669777286434483,ireland
3,expected_to_improve,7,0.0,0.0,0.0,0.0,ireland
3,expected_to_improve,8,0.0,0.0,0.0,0.0,ireland
3,reduces_or_prevents,0,0.0,0.0,0.0,0.0,ireland
3,reduces_or_prevents,1,0.0,0.0,0.0,0.0,ireland
3,reduces_or_prevents,2,0.0,0.0,0.0,0.0,ireland
3,reduces_or_prevents,3,0.0,0.0,0.0,0.0,ireland
3,reduces_or_prevents,4,0.0,0.0,0.0,0.0,ireland
3,reduces_or_prevents,5,0.0,0.0,0.0,0.0,ireland
3,reduces_or_prevents,6,0.0,0.0,0.0,0.0,ireland
3,reduces_or_prevents,7,0.0,0.0,0.0,0.0,ireland
3,reduces_or_prevents,8,0.0,0.0,0.0,0.0,ireland
3,requires_or_depends_on,0,0.0,0.0,0.0,0.0,ireland
3,requires_or_depends_on,1,0.0,0.0,0.0,0.0,ireland
3,requires_or_depends_on,2,0.0,0.0,0.0,0.0,ireland
3,requires_or_depends_on,3,0.0,0.0,0.0,0.0,ireland
3,requires_or_depends_on,4,0.0,0.009013356891560898,-0.009013356891560898,0.009013356891560898,ireland
3,requires_or_depends_on,5,0.00018744219976919377,0.0,0.00018744219976919377,0.00018744219976919377,ireland
3,requires_or_depends_on,6,0.0,0.0,0.0,0.0,ireland
3,requires_or_depends_on,7,0.0,0.009653229826238894,-0.009653229826238894,0.009653229826238894,ireland
3,requires_or_depends_on,8,0.0,0.0,0.0,0.0,ireland
3,risks_or_threatens,0,0.0,0.0,0.0,0.0,ireland
3,risks_or_threatens,1,0.0,0.0,0.0,0.0,ireland
3,risks_or_threatens,2,0.0,0.0,0.0,0.0,ireland
3,risks_or_threatens,3,0.0,0.0,0.0,0.0,ireland
3,risks_or_threatens,4,0.0,0.0,0.0,0.0,ireland
3,risks_or_threatens,5,0.0,0.0,0.0,0.0,ireland
3,risks_or_threatens,6,0.0,0.0,0.0,0.0,ireland
3,risks_or_threatens,7,0.0,0.0,0.0,0.0,ireland
3,risks_or_threatens,8,0.0,0.0,0.0,0.0,ireland
4,causes_or_increases,0,0.0002783997943278402,0.0,0.0002783997943278402,0.0002783997943278402,ireland
4,causes_or_increases,1,0.0,0.0,0.0,0.0,ireland
4,causes_or_increases,2,0.0,0.009644532590614924,-0.009644532590614924,0.009644532590614924,ireland
4,causes_or_increases,3,0.0,0.0,0.0,0.0,ireland
4,causes_or_increases,4,0.0,0.0,0.0,0.0,ireland
4,causes_or_increases,5,0.0,0.0,0.0,0.0,ireland
4,causes_or_increases,6,0.0005490306373182784,0.0,0.0005490306373182784,0.0005490306373182784,ireland
4,causes_or_increases,7,0.0,0.0,0.0,0.0,ireland
4,causes_or_increases,8,0.0,0.0,0.0,0.0,ireland
4,enables_or_supports,0,0.0004187432946918311,0.0,0.0004187432946918311,0.0004187432946918311,ireland
4,enables_or_supports,1,0.0,0.0,0.0,0.0,ireland
4,enables_or_supports,2,0.0,0.005515332347249129,-0.005515332347249129,0.005515332347249129,ireland
4,enables_or_supports,3,0.0007447269957051436,0.0,0.0007447269957051436,0.0007447269957051436,ireland
4,enables_or_supports,4,0.0,0.0,0.0,0.0,ireland
4,enables_or_supports,5,0.0008419933309030531,0.0,0.0008419933309030531,0.0008419933309030531,ireland
4,enables_or_supports,6,0.0002462057150454126,0.0,0.0002462057150454126,0.0002462057150454126,ireland
4,enables_or_supports,7,0.002314578367213215,0.0,0.002314578367213215,0.002314578367213215,ireland
4,enables_or_supports,8,0.0,0.0,0.0,0.0,ireland
4,expected_to_improve,0,0.0,0.0,0.0,0.0,ireland
4,expected_to_improve,1,0.0033985925539789567,0.0,0.0033985925539789567,0.0033985925539789567,ireland
4,expected_to_improve,2,0.0,0.0,0.0,0.0,ireland
4,expected_to_improve,3,0.0,0.0,0.0,0.0,ireland
4,expected_to_improve,4,0.0,0.0,0.0,0.0,ireland
4,expected_to_improve,5,0.0005189742898533361,0.0,0.0005189742898533361,0.0005189742898533361,ireland
4,expected_to_improve,6,0.0050803723064315265,0.0,0.0050803723064315265,0.0050803723064315265,ireland
4,expected_to_improve,7,0.0007169278852085817,0.0,0.0007169278852085817,0.0007169278852085817,ireland
4,expected_to_improve,8,0.0,0.0,0.0,0.0,ireland
4,reduces_or_prevents,0,0.0,0.0,0.0,0.0,ireland
4,reduces_or_prevents,1,0.0,0.0,0.0,0.0,ireland
4,reduces_or_prevents,2,0.0,0.0,0.0,0.0,ireland
4,reduces_or_prevents,3,0.0,0.0,0.0,0.0,ireland
4,reduces_or_prevents,4,0.0,0.0,0.0,0.0,ireland
4,reduces_or_prevents,5,0.0,0.0,0.0,0.0,ireland
4,reduces_or_prevents,6,0.0,0.0,0.0,0.0,ireland
4,reduces_or_prevents,7,0.0,0.0,0.0,0.0,ireland
4,reduces_or_prevents,8,0.0,0.0,0.0,0.0,ireland
4,requires_or_depends_on,0,0.0,0.0,0.0,0.0,ireland
4,requires_or_depends_on,1,0.0,0.0,0.0,0.0,ireland
4,requires_or_depends_on,2,0.0,0.0,0.0,0.0,ireland
4,requires_or_depends_on,3,0.0,0.0,0.0,0.0,ireland
4,requires_or_depends_on,4,0.006487520810254519,0.0,0.006487520810254519,0.006487520810254519,ireland
4,requires_or_depends_on,5,0.0,0.0,0.0,0.0,ireland
4,requires_or_depends_on,6,0.0,0.0,0.0,0.0,ireland
4,requires_or_depends_on,7,0.0007065206464417525,0.005668318932498935,-0.004961798286057183,0.004961798286057183,ireland
4,requires_or_depends_on,8,0.0,0.0,0.0,0.0,ireland
4,risks_or_threatens,0,0.0,0.0,0.0,0.0,ireland
4,risks_or_threatens,1,0.0,0.027247966228492723,-0.027247966228492723,0.027247966228492723,ireland
4,risks_or_threatens,2,0.0,0.0,0.0,0.0,ireland
4,risks_or_threatens,3,0.0,0.0,0.0,0.0,ireland
4,risks_or_threatens,4,0.0,0.0,0.0,0.0,ireland
4,risks_or_threatens,5,0.0,0.0,0.0,0.0,ireland
4,risks_or_threatens,6,0.0,0.0,0.0,0.0,ireland
4,risks_or_threatens,7,0.0,0.0,0.0,0.0,ireland
4,risks_or_threatens,8,0.0,0.0044680528337539315,-0.0044680528337539315,0.0044680528337539315,ireland
5,causes_or_increases,0,0.00576247562932739,0.0026300879909190527,0.0031323876384083374,0.0031323876384083374,ireland
5,causes_or_increases,1,0.000502425508110633,0.0018863272901178867,-0.0013839017820072535,0.0013839017820072535,ireland
5,causes_or_increases,2,0.00037741185420155256,0.0,0.00037741185420155256,0.00037741185420155256,ireland
5,causes_or_increases,3,0.0007650232844507439,0.00321346061489758,-0.002448437330446836,0.002448437330446836,ireland
5,causes_or_increases,4,0.0005207333305378227,0.0,0.0005207333305378227,0.0005207333305378227,ireland
5,causes_or_increases,5,0.016313371028097004,0.015999662182032706,0.00031370884606429783,0.00031370884606429783,ireland
5,causes_or_increases,6,0.0003644297688249159,0.012899725354087675,-0.012535295585262759,0.012535295585262759,ireland
5,causes_or_increases,7,0.0006095258151899263,0.0,0.0006095258151899263,0.0006095258151899263,ireland
5,causes_or_increases,8,0.0013250124990404,0.004063471638541389,-0.0027384591395009893,0.0027384591395009893,ireland
5,enables_or_supports,0,0.0025208788598858303,0.0,0.0025208788598858303,0.0025208788598858303,ireland
5,enables_or_supports,1,0.0016075551037734086,0.003097504854535538,-0.0014899497507621293,0.0014899497507621293,ireland
5,enables_or_supports,2,0.005498984993102154,0.0,0.005498984993102154,0.005498984993102154,ireland
5,enables_or_supports,3,0.008277508712802856,0.002647688991324821,0.005629819721478035,0.005629819721478035,ireland
5,enables_or_supports,4,0.0012812526664524495,0.0,0.0012812526664524495,0.0012812526664524495,ireland
5,enables_or_supports,5,0.10202282244512119,0.02340717913759585,0.07861564330752534,0.07861564330752534,ireland
5,enables_or_supports,6,0.0006897074511949859,0.004074303192383546,-0.0033845957411885604,0.0033845957411885604,ireland
5,enables_or_supports,7,0.005147856322394532,0.012587125796326678,-0.007439269473932145,0.007439269473932145,ireland
5,enables_or_supports,8,0.004170991658419743,0.0,0.004170991658419743,0.004170991658419743,ireland
5,expected_to_improve,0,0.01120195040843907,0.0,0.01120195040843907,0.01120195040843907,ireland
5,expected_to_improve,1,0.0,0.0,0.0,0.0,ireland
5,expected_to_improve,2,0.0,0.0,0.0,0.0,ireland
5,expected_to_improve,3,0.0,0.0,0.0,0.0,ireland
5,expected_to_improve,4,0.0,0.0,0.0,0.0,ireland
5,expected_to_improve,5,0.02665361113350547,0.0030146820600988585,0.023638929073406614,0.023638929073406614,ireland
5,expected_to_improve,6,0.0024228230853062587,0.0,0.0024228230853062587,0.0024228230853062587,ireland
5,expected_to_improve,7,0.000834896363090371,0.0037869271944728643,-0.0029520308313824932,0.0029520308313824932,ireland
5,expected_to_improve,8,0.000814714256438791,0.0,0.000814714256438791,0.000814714256438791,ireland
5,reduces_or_prevents,0,0.0,0.0,0.0,0.0,ireland
5,reduces_or_prevents,1,0.0,0.0,0.0,0.0,ireland
5,reduces_or_prevents,2,0.0,0.0,0.0,0.0,ireland
5,reduces_or_prevents,3,0.0,0.0,0.0,0.0,ireland
5,reduces_or_prevents,4,0.0,0.0,0.0,0.0,ireland
5,reduces_or_prevents,5,0.0,0.0,0.0,0.0,ireland
5,reduces_or_prevents,6,0.0,0.0,0.0,0.0,ireland
5,reduces_or_prevents,7,0.0,0.0,0.0,0.0,ireland
5,reduces_or_prevents,8,0.009069537316301012,0.0,0.009069537316301012,0.009069537316301012,ireland
5,requires_or_depends_on,0,0.000320064704463898,0.0,0.000320064704463898,0.000320064704463898,ireland
5,requires_or_depends_on,1,0.0,0.0023173122144574845,-0.0023173122144574845,0.0023173122144574845,ireland
5,requires_or_depends_on,2,0.0,0.0,0.0,0.0,ireland
5,requires_or_depends_on,3,0.00030065334693163854,0.0,0.00030065334693163854,0.00030065334693163854,ireland
5,requires_or_depends_on,4,0.0,0.0,0.0,0.0,ireland
5,requires_or_depends_on,5,0.004504790619228608,0.0,0.004504790619228608,0.004504790619228608,ireland
5,requires_or_depends_on,6,0.0,0.0,0.0,0.0,ireland
5,requires_or_depends_on,7,0.0,0.0,0.0,0.0,ireland
5,requires_or_depends_on,8,0.0,0.0,0.0,0.0,ireland
5,risks_or_threatens,0,0.0,0.0,0.0,0.0,ireland
5,risks_or_threatens,1,0.0,0.0,0.0,0.0,ireland
5,risks_or_threatens,2,0.0,0.0,0.0,0.0,ireland
5,risks_or_threatens,3,0.0,0.0,0.0,0.0,ireland
5,risks_or_threatens,4,0.0,0.0,0.0,0.0,ireland
5,risks_or_threatens,5,0.0,0.0,0.0,0.0,ireland
5,risks_or_threatens,6,0.0,0.0,0.0,0.0,ireland
5,risks_or_threatens,7,0.0,0.0,0.0,0.0,ireland
5,risks_or_threatens,8,0.0,0.0,0.0,0.0,ireland
6,causes_or_increases,0,0.006635360881565632,0.0023173147380690217,0.00431804614349661,0.00431804614349661,ireland
6,causes_or_increases,1,0.0014082328183903552,0.0,0.0014082328183903552,0.0014082328183903552,ireland
6,causes_or_increases,2,0.0,0.0,0.0,0.0,ireland
6,causes_or_increases,3,0.0,0.0,0.0,0.0,ireland
6,causes_or_increases,4,0.012720554622387314,0.0,0.012720554622387314,0.012720554622387314,ireland
6,causes_or_increases,5,0.0018933703422127418,0.0017840392788061707,0.00010933106340657106,0.00010933106340657106,ireland
6,causes_or_increases,6,0.027960169924708737,0.007326849513929887,0.02063332041077885,0.02063332041077885,ireland
6,causes_or_increases,7,0.0026044756045087683,0.0037269229350560085,-0.0011224473305472401,0.0011224473305472401,ireland
6,causes_or_increases,8,0.0011437131732002885,0.0,0.0011437131732002885,0.0011437131732002885,ireland
6,enables_or_supports,0,0.0016786534261589998,0.0,0.0016786534261589998,0.0016786534261589998,ireland
6,enables_or_supports,1,0.002544212093470165,0.0,0.002544212093470165,0.002544212093470165,ireland
6,enables_or_supports,2,0.003588216388382869,0.0,0.003588216388382869,0.003588216388382869,ireland
6,enables_or_supports,3,0.00021806571202854448,0.0,0.00021806571202854448,0.00021806571202854448,ireland
6,enables_or_supports,4,0.006702378107530506,0.0,0.006702378107530506,0.006702378107530506,ireland
6,enables_or_supports,5,0.001328945530677051,0.0,0.001328945530677051,0.001328945530677051,ireland
6,enables_or_supports,6,0.017853153089662722,0.0,0.017853153089662722,0.017853153089662722,ireland
6,enables_or_supports,7,0.003855036998514484,0.0,0.003855036998514484,0.003855036998514484,ireland
6,enables_or_supports,8,0.002371858804426455,0.0,0.002371858804426455,0.002371858804426455,ireland
6,expected_to_improve,0,0.0,0.0,0.0,0.0,ireland
6,expected_to_improve,1,0.0,0.0,0.0,0.0,ireland
6,expected_to_improve,2,0.0,0.0,0.0,0.0,ireland
6,expected_to_improve,3,0.0,0.0,0.0,0.0,ireland
6,expected_to_improve,4,0.0,0.0,0.0,0.0,ireland
6,expected_to_improve,5,0.0005069547944096763,0.0,0.0005069547944096763,0.0005069547944096763,ireland
6,expected_to_improve,6,0.023391328873509528,0.03764344345933348,-0.014252114585823952,0.014252114585823952,ireland
6,expected_to_improve,7,0.0,0.0,0.0,0.0,ireland
6,expected_to_improve,8,0.011840063700702862,0.0,0.011840063700702862,0.011840063700702862,ireland
6,reduces_or_prevents,0,0.0,0.0,0.0,0.0,ireland
6,reduces_or_prevents,1,0.0,0.0,0.0,0.0,ireland
6,reduces_or_prevents,2,0.0,0.0,0.0,0.0,ireland
6,reduces_or_prevents,3,0.0,0.0,0.0,0.0,ireland
6,reduces_or_prevents,4,0.0036687860318359274,0.0,0.0036687860318359274,0.0036687860318359274,ireland
6,reduces_or_prevents,5,0.0,0.0,0.0,0.0,ireland
6,reduces_or_prevents,6,0.026809614308769502,0.0,0.026809614308769502,0.026809614308769502,ireland
6,reduces_or_prevents,7,0.0,0.0,0.0,0.0,ireland
6,reduces_or_prevents,8,0.0011269177873642537,0.0,0.0011269177873642537,0.0011269177873642537,ireland
6,requires_or_depends_on,0,0.0004557489478546452,0.0,0.0004557489478546452,0.0004557489478546452,ireland
6,requires_or_depends_on,1,0.0,0.0,0.0,0.0,ireland
6,requires_or_depends_on,2,0.0002904634194946708,0.0,0.0002904634194946708,0.0002904634194946708,ireland
6,requires_or_depends_on,3,0.0,0.0,0.0,0.0,ireland
6,requires_or_depends_on,4,0.0,0.0,0.0,0.0,ireland
6,requires_or_depends_on,5,0.0010999964069235914,0.0,0.0010999964069235914,0.0010999964069235914,ireland
6,requires_or_depends_on,6,0.0021525987791242464,0.0,0.0021525987791242464,0.0021525987791242464,ireland
6,requires_or_depends_on,7,0.0015048377344782083,0.0,0.0015048377344782083,0.0015048377344782083,ireland
6,requires_or_depends_on,8,0.0002181821613105946,0.0,0.0002181821613105946,0.0002181821613105946,ireland
6,risks_or_threatens,0,0.0,0.0,0.0,0.0,ireland
6,risks_or_threatens,1,0.001198520723017881,0.0,0.001198520723017881,0.001198520723017881,ireland
6,risks_or_threatens,2,0.0,0.0,0.0,0.0,ireland
6,risks_or_threatens,3,0.0005399886452187209,0.0,0.0005399886452187209,0.0005399886452187209,ireland
6,risks_or_threatens,4,0.0,0.0,0.0,0.0,ireland
6,risks_or_threatens,5,0.0,0.0,0.0,0.0,ireland
6,risks_or_threatens,6,0.0015197638440728953,0.0,0.0015197638440728953,0.0015197638440728953,ireland
6,risks_or_threatens,7,0.0,0.0,0.0,0.0,ireland
6,risks_or_threatens,8,0.0002027646353959413,0.0,0.0002027646353959413,0.0002027646353959413,ireland
7,causes_or_increases,0,0.004113095729793385,0.011455945860785813,-0.007342850130992428,0.007342850130992428,ireland
7,causes_or_increases,1,0.0,0.0,0.0,0.0,ireland
7,causes_or_increases,2,0.0,0.0027940389293465823,-0.0027940389293465823,0.0027940389293465823,ireland
7,causes_or_increases,3,0.0008663301557723446,0.0,0.0008663301557723446,0.0008663301557723446,ireland
7,causes_or_increases,4,0.005151162480320614,0.0032438823755090735,0.0019072801048115404,0.0019072801048115404,ireland
7,causes_or_increases,5,0.001267667876754069,0.0,0.001267667876754069,0.001267667876754069,ireland
7,causes_or_increases,6,0.004893678387000401,0.006554572476298079,-0.0016608940892976782,0.0016608940892976782,ireland
7,causes_or_increases,7,0.0004062468322768194,0.061411146376439726,-0.06100489954416291,0.06100489954416291,ireland
7,causes_or_increases,8,0.0008756214089446275,0.003673307104369459,-0.0027976856954248317,0.0027976856954248317,ireland
7,enables_or_supports,0,0.007672055495596146,0.006558732646666472,0.0011133228489296739,0.0011133228489296739,ireland
7,enables_or_supports,1,0.0018915991915933999,0.0,0.0018915991915933999,0.0018915991915933999,ireland
7,enables_or_supports,2,0.0014180994452602372,0.00785810358854436,-0.006440004143284123,0.006440004143284123,ireland
7,enables_or_supports,3,0.0,0.0,0.0,0.0,ireland
7,enables_or_supports,4,0.0015565888822719773,0.0,0.0015565888822719773,0.0015565888822719773,ireland
7,enables_or_supports,5,0.0429125055183749,0.0037273045379549985,0.0391852009804199,0.0391852009804199,ireland
7,enables_or_supports,6,0.017207992135418584,0.0,0.017207992135418584,0.017207992135418584,ireland
7,enables_or_supports,7,0.006475631223127884,0.02996613322341206,-0.023490502000284175,0.023490502000284175,ireland
7,enables_or_supports,8,0.012299815995924066,0.0,0.012299815995924066,0.012299815995924066,ireland
7,expected_to_improve,0,0.007069272389833684,0.0024759292204941234,0.004593343169339561,0.004593343169339561,ireland
7,expected_to_improve,1,0.0,0.0,0.0,0.0,ireland
7,expected_to_improve,2,0.001533675567698017,0.0,0.001533675567698017,0.001533675567698017,ireland
7,expected_to_improve,3,0.0,0.0,0.0,0.0,ireland
7,expected_to_improve,4,0.00030802874645518294,0.0,0.00030802874645518294,0.00030802874645518294,ireland
7,expected_to_improve,5,0.0,0.0,0.0,0.0,ireland
7,expected_to_improve,6,0.0031600184062091216,0.0,0.0031600184062091216,0.0031600184062091216,ireland
7,expected_to_improve,7,0.0031442505282872667,0.0032144289737013774,-7.017844541411071e-05,7.017844541411071e-05,ireland
7,expected_to_improve,8,0.0,0.0,0.0,0.0,ireland
7,reduces_or_prevents,0,0.0,0.0,0.0,0.0,ireland
7,reduces_or_prevents,1,0.0,0.0,0.0,0.0,ireland
7,reduces_or_prevents,2,0.0,0.008259486626758357,-0.008259486626758357,0.008259486626758357,ireland
7,reduces_or_prevents,3,0.0,0.0,0.0,0.0,ireland
7,reduces_or_prevents,4,0.0,0.0,0.0,0.0,ireland
7,reduces_or_prevents,5,0.0,0.0,0.0,0.0,ireland
7,reduces_or_prevents,6,0.0006090843058100087,0.0,0.0006090843058100087,0.0006090843058100087,ireland
7,reduces_or_prevents,7,0.0,0.0,0.0,0.0,ireland
7,reduces_or_prevents,8,0.00028893242572693135,0.0,0.00028893242572693135,0.00028893242572693135,ireland
7,requires_or_depends_on,0,0.0,0.0,0.0,0.0,ireland
7,requires_or_depends_on,1,0.0,0.0,0.0,0.0,ireland
7,requires_or_depends_on,2,0.0,0.0,0.0,0.0,ireland
7,requires_or_depends_on,3,0.0,0.0,0.0,0.0,ireland
7,requires_or_depends_on,4,0.0,0.0,0.0,0.0,ireland
7,requires_or_depends_on,5,0.0003251238076928258,0.0,0.0003251238076928258,0.0003251238076928258,ireland
7,requires_or_depends_on,6,0.00019910457535282237,0.0,0.00019910457535282237,0.00019910457535282237,ireland
7,requires_or_depends_on,7,0.008811243900565821,0.0,0.008811243900565821,0.008811243900565821,ireland
7,requires_or_depends_on,8,0.0,0.0,0.0,0.0,ireland
7,risks_or_threatens,0,0.0,0.0,0.0,0.0,ireland
7,risks_or_threatens,1,0.0,0.010590887483130355,-0.010590887483130355,0.010590887483130355,ireland
7,risks_or_threatens,2,0.0,0.0,0.0,0.0,ireland
7,risks_or_threatens,3,0.0,0.0,0.0,0.0,ireland
7,risks_or_threatens,4,0.0,0.0,0.0,0.0,ireland
7,risks_or_threatens,5,0.0,0.0,0.0,0.0,ireland
7,risks_or_threatens,6,0.0,0.0,0.0,0.0,ireland
7,risks_or_threatens,7,0.0,0.007660882350897935,-0.007660882350897935,0.007660882350897935,ireland
7,risks_or_threatens,8,0.0002622263187867575,0.0,0.0002622263187867575,0.0002622263187867575,ireland
8,causes_or_increases,0,0.0016170141852366747,0.0021591792794374703,-0.0005421650942007957,0.0005421650942007957,ireland
8,causes_or_increases,1,0.001267240984635969,0.0,0.001267240984635969,0.001267240984635969,ireland
8,causes_or_increases,2,0.0,0.00759896221636433,-0.00759896221636433,0.00759896221636433,ireland
8,causes_or_increases,3,0.0,0.0,0.0,0.0,ireland
8,causes_or_increases,4,0.0008243143963380227,0.0,0.0008243143963380227,0.0008243143963380227,ireland
8,causes_or_increases,5,0.001250801788541146,0.0036778927516943117,-0.0024270909631531655,0.0024270909631531655,ireland
8,causes_or_increases,6,0.001944443386145513,0.0031262626621504346,-0.0011818192760049216,0.0011818192760049216,ireland
8,causes_or_increases,7,0.001008261714957369,0.010901365169482268,-0.009893103454524899,0.009893103454524899,ireland
8,causes_or_increases,8,0.016668867413007507,0.0063038785912098725,0.010364988821797635,0.010364988821797635,ireland
8,enables_or_supports,0,0.0002587843856383513,0.0,0.0002587843856383513,0.0002587843856383513,ireland
8,enables_or_supports,1,0.00905591066505145,0.0,0.00905591066505145,0.00905591066505145,ireland
8,enables_or_supports,2,0.0007794228979271376,0.0,0.0007794228979271376,0.0007794228979271376,ireland
8,enables_or_supports,3,0.00047645600132201215,0.003882359806947606,-0.003405903805625594,0.003405903805625594,ireland
8,enables_or_supports,4,0.0,0.0,0.0,0.0,ireland
8,enables_or_supports,5,0.005266021040920205,0.0,0.005266021040920205,0.005266021040920205,ireland
8,enables_or_supports,6,0.009439974391455082,0.0,0.009439974391455082,0.009439974391455082,ireland
8,enables_or_supports,7,0.015719879816510934,0.00500359844244415,0.010716281374066786,0.010716281374066786,ireland
8,enables_or_supports,8,0.01152685891347038,0.010389316184225813,0.0011375427292445676,0.0011375427292445676,ireland
8,expected_to_improve,0,0.0,0.0,0.0,0.0,ireland
8,expected_to_improve,1,0.0003727224692493294,0.0,0.0003727224692493294,0.0003727224692493294,ireland
8,expected_to_improve,2,0.0,0.0,0.0,0.0,ireland
8,expected_to_improve,3,0.0,0.0,0.0,0.0,ireland
8,expected_to_improve,4,0.0151812812555521,0.0,0.0151812812555521,0.0151812812555521,ireland
8,expected_to_improve,5,0.0005865791133107324,0.0,0.0005865791133107324,0.0005865791133107324,ireland
8,expected_to_improve,6,0.006516827512432933,0.0,0.006516827512432933,0.006516827512432933,ireland
8,expected_to_improve,7,0.0005323647213259871,0.0,0.0005323647213259871,0.0005323647213259871,ireland
8,expected_to_improve,8,0.00036972544515721865,0.0,0.00036972544515721865,0.00036972544515721865,ireland
8,reduces_or_prevents,0,0.0,0.0,0.0,0.0,ireland
8,reduces_or_prevents,1,0.00145016450892125,0.0,0.00145016450892125,0.00145016450892125,ireland
8,reduces_or_prevents,2,0.0,0.0,0.0,0.0,ireland
8,reduces_or_prevents,3,0.0,0.0,0.0,0.0,ireland
8,reduces_or_prevents,4,0.0008493489382417356,0.0,0.0008493489382417356,0.0008493489382417356,ireland
8,reduces_or_prevents,5,0.0,0.0,0.0,0.0,ireland
8,reduces_or_prevents,6,0.00041784373880084585,0.0,0.00041784373880084585,0.00041784373880084585,ireland
8,reduces_or_prevents,7,0.004469282444881338,0.0,0.004469282444881338,0.004469282444881338,ireland
8,reduces_or_prevents,8,0.006330299204763931,0.0,0.006330299204763931,0.006330299204763931,ireland
8,requires_or_depends_on,0,0.0,0.0,0.0,0.0,ireland
8,requires_or_depends_on,1,0.0,0.0,0.0,0.0,ireland
8,requires_or_depends_on,2,0.0002477111711247456,0.0,0.0002477111711247456,0.0002477111711247456,ireland
8,requires_or_depends_on,3,0.0,0.0,0.0,0.0,ireland
8,requires_or_depends_on,4,0.0,0.0,0.0,0.0,ireland
8,requires_or_depends_on,5,0.00025759762165759956,0.0,0.00025759762165759956,0.00025759762165759956,ireland
8,requires_or_depends_on,6,0.0,0.0,0.0,0.0,ireland
8,requires_or_depends_on,7,0.0,0.0,0.0,0.0,ireland
8,requires_or_depends_on,8,0.0,0.0,0.0,0.0,ireland
8,risks_or_threatens,0,0.0,0.0,0.0,0.0,ireland
8,risks_or_threatens,1,0.0004603862776772653,0.0,0.0004603862776772653,0.0004603862776772653,ireland
8,risks_or_threatens,2,0.0,0.0,0.0,0.0,ireland
8,risks_or_threatens,3,0.0,0.0,0.0,0.0,ireland
8,risks_or_threatens,4,0.0,0.0,0.0,0.0,ireland
8,risks_or_threatens,5,0.0,0.0,0.0,0.0,ireland
8,risks_or_threatens,6,0.0,0.0,0.0,0.0,ireland
8,risks_or_threatens,7,0.0,0.07828473270418732,-0.07828473270418732,0.07828473270418732,ireland
8,risks_or_threatens,8,0.0037341226793564334,0.0,0.0037341226793564334,0.0037341226793564334,ireland
0,causes_or_increases,0,0.006316884197939136,0.027382482697098746,-0.02106559849915961,0.02106559849915961,other
0,causes_or_increases,1,0.0,0.012120275308277768,-0.012120275308277768,0.012120275308277768,other
0,causes_or_increases,2,0.0,0.0033682885898365937,-0.0033682885898365937,0.0033682885898365937,other
0,causes_or_increases,3,0.003348766405017138,0.003986789302003721,-0.0006380228969865829,0.0006380228969865829,other
0,causes_or_increases,4,0.0,0.003398611648673767,-0.003398611648673767,0.003398611648673767,other
0,causes_or_increases,5,0.003852605125514115,0.00023869298823797467,0.0036139121372761405,0.0036139121372761405,other
0,causes_or_increases,6,0.0,0.0041910769832061295,-0.0041910769832061295,0.0041910769832061295,other
0,causes_or_increases,7,0.001995823577052541,0.003494408753294967,-0.0014985851762424258,0.0014985851762424258,other
0,causes_or_increases,8,0.001291396778911817,0.006500968518262575,-0.005209571739350758,0.005209571739350758,other
0,enables_or_supports,0,0.006711525598000151,0.011159787676630615,-0.004448262078630465,0.004448262078630465,other
0,enables_or_supports,1,0.0011645937219575816,0.0018465195206891453,-0.0006819257987315636,0.0006819257987315636,other
0,enables_or_supports,2,0.0,0.0006090063612516509,-0.0006090063612516509,0.0006090063612516509,other
0,enables_or_supports,3,0.014933863889521691,0.001725387221018013,0.013208476668503678,0.013208476668503678,other
0,enables_or_supports,4,0.0061964051019594265,0.0020049876672251104,0.004191417434734316,0.004191417434734316,other
0,enables_or_supports,5,0.019903410313774184,0.002307342420669723,0.017596067893104462,0.017596067893104462,other
0,enables_or_supports,6,0.004141606985491493,0.00928810295090476,-0.005146495965413268,0.005146495965413268,other
0,enables_or_supports,7,0.016398784746644815,0.004646336488370778,0.011752448258274036,0.011752448258274036,other
0,enables_or_supports,8,0.006192060342974606,0.005167299272274802,0.0010247610706998044,0.0010247610706998044,other
0,expected_to_improve,0,0.0,0.003478539703238698,-0.003478539703238698,0.003478539703238698,other
0,expected_to_improve,1,0.0,0.0,0.0,0.0,other
0,expected_to_improve,2,0.0,0.0,0.0,0.0,other
0,expected_to_improve,3,0.0016640407578037318,0.0,0.0016640407578037318,0.0016640407578037318,other
0,expected_to_improve,4,0.0,0.012459709601077182,-0.012459709601077182,0.012459709601077182,other
0,expected_to_improve,5,0.008978593767193418,0.0019223621215782398,0.007056231645615178,0.007056231645615178,other
0,expected_to_improve,6,0.0,0.0,0.0,0.0,other
0,expected_to_improve,7,0.005972721860199961,0.0,0.005972721860199961,0.005972721860199961,other
0,expected_to_improve,8,0.0,0.0013134409058869617,-0.0013134409058869617,0.0013134409058869617,other
0,reduces_or_prevents,0,0.0,0.0009606809800179688,-0.0009606809800179688,0.0009606809800179688,other
0,reduces_or_prevents,1,0.0,0.008422035394990693,-0.008422035394990693,0.008422035394990693,other
0,reduces_or_prevents,2,0.0,0.0,0.0,0.0,other
0,reduces_or_prevents,3,0.007249995938919604,0.0,0.007249995938919604,0.007249995938919604,other
0,reduces_or_prevents,4,0.0,0.0,0.0,0.0,other
0,reduces_or_prevents,5,0.0,0.0,0.0,0.0,other
0,reduces_or_prevents,6,0.0,0.0008828774835729971,-0.0008828774835729971,0.0008828774835729971,other
0,reduces_or_prevents,7,0.0,0.0035286200098947605,-0.0035286200098947605,0.0035286200098947605,other
0,reduces_or_prevents,8,0.001093300755413296,0.0,0.001093300755413296,0.001093300755413296,other
0,requires_or_depends_on,0,0.0,0.0007430163346370402,-0.0007430163346370402,0.0007430163346370402,other
0,requires_or_depends_on,1,0.0,0.0,0.0,0.0,other
0,requires_or_depends_on,2,0.0,0.0,0.0,0.0,other
0,requires_or_depends_on,3,0.0055840851276238715,0.0,0.0055840851276238715,0.0055840851276238715,other
0,requires_or_depends_on,4,0.0,0.0,0.0,0.0,other
0,requires_or_depends_on,5,0.0,0.0024178503292434823,-0.0024178503292434823,0.0024178503292434823,other
0,requires_or_depends_on,6,0.0,0.0,0.0,0.0,other
0,requires_or_depends_on,7,0.0,0.0,0.0,0.0,other
0,requires_or_depends_on,8,0.0,0.0,0.0,0.0,other
0,risks_or_threatens,0,0.0,0.0009103853943987322,-0.0009103853943987322,0.0009103853943987322,other
0,risks_or_threatens,1,0.0018255122999032223,0.0,0.0018255122999032223,0.0018255122999032223,other
0,risks_or_threatens,2,0.0,0.0,0.0,0.0,other
0,risks_or_threatens,3,0.006092016131806893,0.0,0.006092016131806893,0.006092016131806893,other
0,risks_or_threatens,4,0.0,0.0,0.0,0.0,other
0,risks_or_threatens,5,0.0,0.0,0.0,0.0,other
0,risks_or_threatens,6,0.0,0.0013706442938665022,-0.0013706442938665022,0.0013706442938665022,other
0,risks_or_threatens,7,0.0,0.0,0.0,0.0,other
0,risks_or_threatens,8,0.0,0.0,0.0,0.0,other
1,causes_or_increases,0,0.0,0.010526845967222776,-0.010526845967222776,0.010526845967222776,other
1,causes_or_increases,1,0.0012982186075144407,0.06292917023104501,-0.06163095162353057,0.06163095162353057,other
1,causes_or_increases,2,0.0,0.0,0.0,0.0,other
1,causes_or_increases,3,0.0,0.000487112189291179,-0.000487112189291179,0.000487112189291179,other
1,causes_or_increases,4,0.0,0.0023389460052946668,-0.0023389460052946668,0.0023389460052946668,other
1,causes_or_increases,5,0.0009666242143547419,0.0029598251486438946,-0.0019932009342891526,0.0019932009342891526,other
1,causes_or_increases,6,0.0017848980364262737,0.00198287628642987,-0.0001979782500035963,0.0001979782500035963,other
1,causes_or_increases,7,0.0,0.0,0.0,0.0,other
1,causes_or_increases,8,0.0,0.0017301650036796088,-0.0017301650036796088,0.0017301650036796088,other
1,enables_or_supports,0,0.0011224052128811601,0.0020506449552657124,-0.0009282397423845522,0.0009282397423845522,other
1,enables_or_supports,1,0.0,0.008917217456048258,-0.008917217456048258,0.008917217456048258,other
1,enables_or_supports,2,0.0,0.0,0.0,0.0,other
1,enables_or_supports,3,0.0019685658332116982,0.004209602814954298,-0.0022410369817426,0.0022410369817426,other
1,enables_or_supports,4,0.0,0.002066171048049256,-0.002066171048049256,0.002066171048049256,other
1,enables_or_supports,5,0.0,0.0014595609723512006,-0.0014595609723512006,0.0014595609723512006,other
1,enables_or_supports,6,0.0011785941869761982,0.0007823508959650196,0.0003962432910111786,0.0003962432910111786,other
1,enables_or_supports,7,0.0,0.0030744608087730028,-0.0030744608087730028,0.0030744608087730028,other
1,enables_or_supports,8,0.0,0.0009882325511765104,-0.0009882325511765104,0.0009882325511765104,other
1,expected_to_improve,0,0.0,0.0023602982817788527,-0.0023602982817788527,0.0023602982817788527,other
1,expected_to_improve,1,0.0,0.0003699179990341606,-0.0003699179990341606,0.0003699179990341606,other
1,expected_to_improve,2,0.0020170078163794384,0.0,0.0020170078163794384,0.0020170078163794384,other
1,expected_to_improve,3,0.0022561476197733303,0.0,0.0022561476197733303,0.0022561476197733303,other
1,expected_to_improve,4,0.0,0.0004461899573349363,-0.0004461899573349363,0.0004461899573349363,other
1,expected_to_improve,5,0.0,0.0,0.0,0.0,other
1,expected_to_improve,6,0.0015302251882823806,0.0,0.0015302251882823806,0.0015302251882823806,other
1,expected_to_improve,7,0.0,0.0,0.0,0.0,other
1,expected_to_improve,8,0.0,0.0,0.0,0.0,other
1,reduces_or_prevents,0,0.0,0.0,0.0,0.0,other
1,reduces_or_prevents,1,0.0,0.0,0.0,0.0,other
1,reduces_or_prevents,2,0.0,0.0,0.0,0.0,other
1,reduces_or_prevents,3,0.0026794670952152324,0.0,0.0026794670952152324,0.0026794670952152324,other
1,reduces_or_prevents,4,0.0,0.0,0.0,0.0,other
1,reduces_or_prevents,5,0.0,0.0,0.0,0.0,other
1,reduces_or_prevents,6,0.0015929156353607814,0.0,0.0015929156353607814,0.0015929156353607814,other
1,reduces_or_prevents,7,0.0,0.0,0.0,0.0,other
1,reduces_or_prevents,8,0.0,0.0,0.0,0.0,other
1,requires_or_depends_on,0,0.0,0.0,0.0,0.0,other
1,requires_or_depends_on,1,0.0,0.00032048592689612156,-0.00032048592689612156,0.00032048592689612156,other
1,requires_or_depends_on,2,0.0,0.0,0.0,0.0,other
1,requires_or_depends_on,3,0.0,0.0,0.0,0.0,other
1,requires_or_depends_on,4,0.0,0.0,0.0,0.0,other
1,requires_or_depends_on,5,0.0,0.0015026237995282305,-0.0015026237995282305,0.0015026237995282305,other
1,requires_or_depends_on,6,0.0,0.0035168524236714274,-0.0035168524236714274,0.0035168524236714274,other
1,requires_or_depends_on,7,0.0,0.0007404790282022536,-0.0007404790282022536,0.0007404790282022536,other
1,requires_or_depends_on,8,0.0,0.0,0.0,0.0,other
1,risks_or_threatens,0,0.0,0.0,0.0,0.0,other
1,risks_or_threatens,1,0.0,0.0016216827785672614,-0.0016216827785672614,0.0016216827785672614,other
1,risks_or_threatens,2,0.0,0.0,0.0,0.0,other
1,risks_or_threatens,3,0.003039515507341619,0.0009982037807001539,0.002041311726641465,0.002041311726641465,other
1,risks_or_threatens,4,0.0,0.0,0.0,0.0,other
1,risks_or_threatens,5,0.0,0.0,0.0,0.0,other
1,risks_or_threatens,6,0.0,0.0,0.0,0.0,other
1,risks_or_threatens,7,0.0,0.0,0.0,0.0,other
1,risks_or_threatens,8,0.0,0.0,0.0,0.0,other
2,causes_or_increases,0,0.0,0.0,0.0,0.0,other
2,causes_or_increases,1,0.0,0.0026097973038170926,-0.0026097973038170926,0.0026097973038170926,other
2,causes_or_increases,2,0.0,0.00441976236334409,-0.00441976236334409,0.00441976236334409,other
2,causes_or_increases,3,0.00465501605141812,0.00126881084518465,0.00338620520623347,0.00338620520623347,other
2,causes_or_increases,4,0.0,0.0,0.0,0.0,other
2,causes_or_increases,5,0.0012226159597679763,0.00020356002250850814,0.0010190559372594682,0.0010190559372594682,other
2,causes_or_increases,6,0.0,0.001987831355521742,-0.001987831355521742,0.001987831355521742,other
2,causes_or_increases,7,0.0,0.0,0.0,0.0,other
2,causes_or_increases,8,0.0,0.0,0.0,0.0,other
2,enables_or_supports,0,0.003172179424557299,0.0,0.003172179424557299,0.003172179424557299,other
2,enables_or_supports,1,0.0,0.007688744288747574,-0.007688744288747574,0.007688744288747574,other
2,enables_or_supports,2,0.0,0.0,0.0,0.0,other
2,enables_or_supports,3,0.008964677868794332,0.0017513162414253378,0.007213361627368995,0.007213361627368995,other
2,enables_or_supports,4,0.0,0.0,0.0,0.0,other
2,enables_or_supports,5,0.0037788009040464593,0.005185270498680786,-0.001406469594634327,0.001406469594634327,other
2,enables_or_supports,6,0.0,0.004737424601354621,-0.004737424601354621,0.004737424601354621,other
2,enables_or_supports,7,0.002296375236487811,0.0018039807280731954,0.0004923945084146155,0.0004923945084146155,other
2,enables_or_supports,8,0.002436682884767997,0.0,0.002436682884767997,0.002436682884767997,other
2,expected_to_improve,0,0.0,0.0,0.0,0.0,other
2,expected_to_improve,1,0.0,0.0,0.0,0.0,other
2,expected_to_improve,2,0.0,0.0,0.0,0.0,other
2,expected_to_improve,3,0.0015875980144112378,0.0,0.0015875980144112378,0.0015875980144112378,other
2,expected_to_improve,4,0.0,0.0,0.0,0.0,other
2,expected_to_improve,5,0.0,0.0073574048564583015,-0.0073574048564583015,0.0073574048564583015,other
2,expected_to_improve,6,0.0,0.0,0.0,0.0,other
2,expected_to_improve,7,0.0,0.0,0.0,0.0,other
2,expected_to_improve,8,0.0,0.0,0.0,0.0,other
2,reduces_or_prevents,0,0.0,0.0,0.0,0.0,other
2,reduces_or_prevents,1,0.0,0.0,0.0,0.0,other
2,reduces_or_prevents,2,0.0,0.0,0.0,0.0,other
2,reduces_or_prevents,3,0.0,0.0,0.0,0.0,other
2,reduces_or_prevents,4,0.0,0.0,0.0,0.0,other
2,reduces_or_prevents,5,0.0,0.0,0.0,0.0,other
2,reduces_or_prevents,6,0.0,0.002459241907959028,-0.002459241907959028,0.002459241907959028,other
2,reduces_or_prevents,7,0.0,0.0,0.0,0.0,other
2,reduces_or_prevents,8,0.0,0.001222494347870661,-0.001222494347870661,0.001222494347870661,other
2,requires_or_depends_on,0,0.0,0.0,0.0,0.0,other
2,requires_or_depends_on,1,0.0,0.0,0.0,0.0,other
2,requires_or_depends_on,2,0.0,0.0010987338254270413,-0.0010987338254270413,0.0010987338254270413,other
2,requires_or_depends_on,3,0.0,0.0,0.0,0.0,other
2,requires_or_depends_on,4,0.0,0.0,0.0,0.0,other
2,requires_or_depends_on,5,0.0,0.001459056187412303,-0.001459056187412303,0.001459056187412303,other
2,requires_or_depends_on,6,0.0,0.0006177777477117339,-0.0006177777477117339,0.0006177777477117339,other
2,requires_or_depends_on,7,0.0,0.0,0.0,0.0,other
2,requires_or_depends_on,8,0.0,0.0,0.0,0.0,other
2,risks_or_threatens,0,0.0,0.0,0.0,0.0,other
2,risks_or_threatens,1,0.0,0.002661434521972424,-0.002661434521972424,0.002661434521972424,other
2,risks_or_threatens,2,0.0,0.0,0.0,0.0,other
2,risks_or_threatens,3,0.0,0.0,0.0,0.0,other
2,risks_or_threatens,4,0.0,0.0,0.0,0.0,other
2,risks_or_threatens,5,0.0,0.0,0.0,0.0,other
2,risks_or_threatens,6,0.0,0.0,0.0,0.0,other
2,risks_or_threatens,7,0.0,0.0,0.0,0.0,other
2,risks_or_threatens,8,0.0,0.0,0.0,0.0,other
3,causes_or_increases,0,0.008117352272528914,0.008153610896548428,-3.625862401951396e-05,3.625862401951396e-05,other
3,causes_or_increases,1,0.0020663949611947497,0.010195126373366229,-0.00812873141217148,0.00812873141217148,other
3,causes_or_increases,2,0.0,0.0,0.0,0.0,other
3,causes_or_increases,3,0.030572466486562092,0.006725454693940046,0.023847011792622046,0.023847011792622046,other
3,causes_or_increases,4,0.0017823653171738889,0.0009628363812908337,0.0008195289358830552,0.0008195289358830552,other
3,causes_or_increases,5,0.0028548277827647006,0.004256782570281309,-0.0014019547875166083,0.0014019547875166083,other
3,causes_or_increases,6,0.017867057255501747,0.017980495931822885,-0.00011343867632113841,0.00011343867632113841,other
3,causes_or_increases,7,0.0023155230372342932,0.009526852163588525,-0.007211329126354232,0.007211329126354232,other
3,causes_or_increases,8,0.001548227686543855,0.0007098595491395613,0.0008383681374042938,0.0008383681374042938,other
3,enables_or_supports,0,0.034518571872801454,0.0014809377390094635,0.03303763413379199,0.03303763413379199,other
3,enables_or_supports,1,0.004956285488382875,0.0,0.004956285488382875,0.004956285488382875,other
3,enables_or_supports,2,0.003666062038106364,0.0,0.003666062038106364,0.003666062038106364,other
3,enables_or_supports,3,0.1379897989933796,0.008168248097671615,0.129821550895708,0.129821550895708,other
3,enables_or_supports,4,0.011390641645169034,0.00830988703452006,0.003080754610648974,0.003080754610648974,other
3,enables_or_supports,5,0.02470708547772359,0.0,0.02470708547772359,0.02470708547772359,other
3,enables_or_supports,6,0.016642231444230382,0.010563801156863579,0.006078430287366803,0.006078430287366803,other
3,enables_or_supports,7,0.03997838865072562,0.003802181541632095,0.03617620710909353,0.03617620710909353,other
3,enables_or_supports,8,0.004703982449806655,0.0005988684790316147,0.004105113970775041,0.004105113970775041,other
3,expected_to_improve,0,0.005248220159211348,0.0,0.005248220159211348,0.005248220159211348,other
3,expected_to_improve,1,0.002092799458164636,0.0,0.002092799458164636,0.002092799458164636,other
3,expected_to_improve,2,0.0,0.0,0.0,0.0,other
3,expected_to_improve,3,0.011508565815514016,0.0007581363205601304,0.010750429494953886,0.010750429494953886,other
3,expected_to_improve,4,0.004556859087768538,0.0,0.004556859087768538,0.004556859087768538,other
3,expected_to_improve,5,0.0,0.0,0.0,0.0,other
3,expected_to_improve,6,0.0,0.0,0.0,0.0,other
3,expected_to_improve,7,0.002847335389350384,0.0071304376416770525,-0.004283102252326669,0.004283102252326669,other
3,expected_to_improve,8,0.0,0.00033267571834048225,-0.00033267571834048225,0.00033267571834048225,other
3,reduces_or_prevents,0,0.0,0.0,0.0,0.0,other
3,reduces_or_prevents,1,0.0,0.00040043295661221684,-0.00040043295661221684,0.00040043295661221684,other
3,reduces_or_prevents,2,0.0,0.0,0.0,0.0,other
3,reduces_or_prevents,3,0.0,0.011471616199548729,-0.011471616199548729,0.011471616199548729,other
3,reduces_or_prevents,4,0.001109944031830088,0.0,0.001109944031830088,0.001109944031830088,other
3,reduces_or_prevents,5,0.0013489381181572536,0.0006522627393872042,0.0006966753787700494,0.0006966753787700494,other
3,reduces_or_prevents,6,0.004025102490592146,0.0,0.004025102490592146,0.004025102490592146,other
3,reduces_or_prevents,7,0.0,0.0,0.0,0.0,other
3,reduces_or_prevents,8,0.0,0.0,0.0,0.0,other
3,requires_or_depends_on,0,0.0,0.00029737301998398086,-0.00029737301998398086,0.00029737301998398086,other
3,requires_or_depends_on,1,0.0,0.0,0.0,0.0,other
3,requires_or_depends_on,2,0.0,0.0,0.0,0.0,other
3,requires_or_depends_on,3,0.03589253622847115,0.005664625453504408,0.03022791077496674,0.03022791077496674,other
3,requires_or_depends_on,4,0.0067410866531421336,0.00044965786295390794,0.006291428790188226,0.006291428790188226,other
3,requires_or_depends_on,5,0.00264124157473123,0.0,0.00264124157473123,0.00264124157473123,other
3,requires_or_depends_on,6,0.003466293143263869,0.002403455954743733,0.0010628371885201362,0.0010628371885201362,other
3,requires_or_depends_on,7,0.004580940408008662,0.0,0.004580940408008662,0.004580940408008662,other
3,requires_or_depends_on,8,0.007210045268439183,0.0,0.007210045268439183,0.007210045268439183,other
3,risks_or_threatens,0,0.0023584762888999955,0.0,0.0023584762888999955,0.0023584762888999955,other
3,risks_or_threatens,1,0.0,0.0,0.0,0.0,other
3,risks_or_threatens,2,0.0,0.0,0.0,0.0,other
3,risks_or_threatens,3,0.004186103290273672,0.0,0.004186103290273672,0.004186103290273672,other
3,risks_or_threatens,4,0.0016696387536439677,0.0,0.0016696387536439677,0.0016696387536439677,other
3,risks_or_threatens,5,0.0,0.0,0.0,0.0,other
3,risks_or_threatens,6,0.007178208625704275,0.002210072580386305,0.00496813604531797,0.00496813604531797,other
3,risks_or_threatens,7,0.0,0.0,0.0,0.0,other
3,risks_or_threatens,8,0.0,0.0,0.0,0.0,other
4,causes_or_increases,0,0.0,0.0,0.0,0.0,other
4,causes_or_increases,1,0.0,0.02025481995319362,-0.02025481995319362,0.02025481995319362,other
4,causes_or_increases,2,0.0,0.0021605058931525776,-0.0021605058931525776,0.0021605058931525776,other
4,causes_or_increases,3,0.004788318603965372,0.005008420811170521,-0.00022010220720514867,0.00022010220720514867,other
4,causes_or_increases,4,0.0,0.015584565081159785,-0.015584565081159785,0.015584565081159785,other
4,causes_or_increases,5,0.003827729571183795,0.006339376336805509,-0.002511646765621714,0.002511646765621714,other
4,causes_or_increases,6,0.0,0.0053910032838221334,-0.0053910032838221334,0.0053910032838221334,other
4,causes_or_increases,7,0.0,0.006262738647594063,-0.006262738647594063,0.006262738647594063,other
4,causes_or_increases,8,0.0,0.002855812989316321,-0.002855812989316321,0.002855812989316321,other
4,enables_or_supports,0,0.0,0.0,0.0,0.0,other
4,enables_or_supports,1,0.0,0.019003220833046387,-0.019003220833046387,0.019003220833046387,other
4,enables_or_supports,2,0.0,0.005739560082418076,-0.005739560082418076,0.005739560082418076,other
4,enables_or_supports,3,0.015543418358316538,0.001725444929196219,0.013817973429120318,0.013817973429120318,other
4,enables_or_supports,4,0.0,0.0033895868920664433,-0.0033895868920664433,0.0033895868920664433,other
4,enables_or_supports,5,0.003110122531252177,0.005317656259624267,-0.00220753372837209,0.00220753372837209,other
4,enables_or_supports,6,0.0030650486888987357,0.001838509241098655,0.0012265394478000807,0.0012265394478000807,other
4,enables_or_supports,7,0.005228848960210336,0.005681146090031058,-0.0004522971298207218,0.0004522971298207218,other
4,enables_or_supports,8,0.00088669478905396,0.004069276798204809,-0.0031825820091508487,0.0031825820091508487,other
4,expected_to_improve,0,0.0,0.0,0.0,0.0,other
4,expected_to_improve,1,0.0,0.0,0.0,0.0,other
4,expected_to_improve,2,0.0,0.0,0.0,0.0,other
4,expected_to_improve,3,0.0,0.0,0.0,0.0,other
4,expected_to_improve,4,0.0,0.008192363267702405,-0.008192363267702405,0.008192363267702405,other
4,expected_to_improve,5,0.0,0.0,0.0,0.0,other
4,expected_to_improve,6,0.0,0.0012088248045503906,-0.0012088248045503906,0.0012088248045503906,other
4,expected_to_improve,7,0.0,0.003585981342165404,-0.003585981342165404,0.003585981342165404,other
4,expected_to_improve,8,0.0,0.0010746676342724066,-0.0010746676342724066,0.0010746676342724066,other
4,reduces_or_prevents,0,0.0,0.0,0.0,0.0,other
4,reduces_or_prevents,1,0.0,0.0,0.0,0.0,other
4,reduces_or_prevents,2,0.0,0.0,0.0,0.0,other
4,reduces_or_prevents,3,0.0,0.0,0.0,0.0,other
4,reduces_or_prevents,4,0.0,0.019611401199116925,-0.019611401199116925,0.019611401199116925,other
4,reduces_or_prevents,5,0.0,0.0,0.0,0.0,other
4,reduces_or_prevents,6,0.0,0.0018295124964264032,-0.0018295124964264032,0.0018295124964264032,other
4,reduces_or_prevents,7,0.0,0.0,0.0,0.0,other
4,reduces_or_prevents,8,0.0,0.0,0.0,0.0,other
4,requires_or_depends_on,0,0.0,0.0,0.0,0.0,other
4,requires_or_depends_on,1,0.0,0.0,0.0,0.0,other
4,requires_or_depends_on,2,0.0,0.0,0.0,0.0,other
4,requires_or_depends_on,3,0.0,0.002652192543682469,-0.002652192543682469,0.002652192543682469,other
4,requires_or_depends_on,4,0.0,0.0,0.0,0.0,other
4,requires_or_depends_on,5,0.0,0.0,0.0,0.0,other
4,requires_or_depends_on,6,0.0,0.0015484932975256894,-0.0015484932975256894,0.0015484932975256894,other
4,requires_or_depends_on,7,0.0,0.0014309560581873832,-0.0014309560581873832,0.0014309560581873832,other
4,requires_or_depends_on,8,0.0,0.0,0.0,0.0,other
4,risks_or_threatens,0,0.003110826727398459,0.0,0.003110826727398459,0.003110826727398459,other
4,risks_or_threatens,1,0.0011374715935812327,0.0,0.0011374715935812327,0.0011374715935812327,other
4,risks_or_threatens,2,0.0,0.0,0.0,0.0,other
4,risks_or_threatens,3,0.0,0.0,0.0,0.0,other
4,risks_or_threatens,4,0.0,0.0,0.0,0.0,other
4,risks_or_threatens,5,0.0,0.0,0.0,0.0,other
4,risks_or_threatens,6,0.0,0.0,0.0,0.0,other
4,risks_or_threatens,7,0.0,0.0,0.0,0.0,other
4,risks_or_threatens,8,0.0,0.0,0.0,0.0,other
5,causes_or_increases,0,0.0,0.0014056340148166215,-0.0014056340148166215,0.0014056340148166215,other
5,causes_or_increases,1,0.0,0.0017808598176380476,-0.0017808598176380476,0.0017808598176380476,other
5,causes_or_increases,2,0.0036680574217570383,0.0011551763153873763,0.002512881106369662,0.002512881106369662,other
5,causes_or_increases,3,0.004230524683478851,0.01161441390861105,-0.007383889225132199,0.007383889225132199,other
5,causes_or_increases,4,0.0,0.0022361465993152984,-0.0022361465993152984,0.0022361465993152984,other
5,causes_or_increases,5,0.0,0.0027185757558916847,-0.0027185757558916847,0.0027185757558916847,other
5,causes_or_increases,6,0.0,0.0037363765295350074,-0.0037363765295350074,0.0037363765295350074,other
5,causes_or_increases,7,0.0,0.0059332701728740155,-0.0059332701728740155,0.0059332701728740155,other
5,causes_or_increases,8,0.0,0.0012987528100647696,-0.0012987528100647696,0.0012987528100647696,other
5,enables_or_supports,0,0.0018117207961795873,0.0009370814895502607,0.0008746393066293266,0.0008746393066293266,other
5,enables_or_supports,1,0.004834193385368949,0.0005035369073996739,0.004330656477969275,0.004330656477969275,other
5,enables_or_supports,2,0.0,0.0004663182460959988,-0.0004663182460959988,0.0004663182460959988,other
5,enables_or_supports,3,0.019673949385593335,0.0017961060509836453,0.017877843334609688,0.017877843334609688,other
5,enables_or_supports,4,0.0023512906973056687,0.0023845503767803006,-3.3259679474631834e-05,3.3259679474631834e-05,other
5,enables_or_supports,5,0.009021703535173549,0.003994565724738177,0.005027137810435372,0.005027137810435372,other
5,enables_or_supports,6,0.00282020942808404,0.0,0.00282020942808404,0.00282020942808404,other
5,enables_or_supports,7,0.005373774823712278,0.0034418819887734606,0.001931892834938817,0.001931892834938817,other
5,enables_or_supports,8,0.0,0.0007610203595278681,-0.0007610203595278681,0.0007610203595278681,other
5,expected_to_improve,0,0.0,0.0,0.0,0.0,other
5,expected_to_improve,1,0.0,0.0,0.0,0.0,other
5,expected_to_improve,2,0.0,0.0,0.0,0.0,other
5,expected_to_improve,3,0.002672887868883797,0.0,0.002672887868883797,0.002672887868883797,other
5,expected_to_improve,4,0.001013103018889312,0.0,0.001013103018889312,0.001013103018889312,other
5,expected_to_improve,5,0.0016898198904863688,0.0028792442716196196,-0.0011894243811332507,0.0011894243811332507,other
5,expected_to_improve,6,0.0017402019805101302,0.0,0.0017402019805101302,0.0017402019805101302,other
5,expected_to_improve,7,0.001832617667483551,0.007271104050144782,-0.005438486382661231,0.005438486382661231,other
5,expected_to_improve,8,0.0,0.0005716193880843348,-0.0005716193880843348,0.0005716193880843348,other
5,reduces_or_prevents,0,0.0,0.006016828774725053,-0.006016828774725053,0.006016828774725053,other
5,reduces_or_prevents,1,0.0,0.0009287057372376429,-0.0009287057372376429,0.0009287057372376429,other
5,reduces_or_prevents,2,0.0,0.0,0.0,0.0,other
5,reduces_or_prevents,3,0.003793712460404998,0.0,0.003793712460404998,0.003793712460404998,other
5,reduces_or_prevents,4,0.0,0.0,0.0,0.0,other
5,reduces_or_prevents,5,0.0,0.003528611693200685,-0.003528611693200685,0.003528611693200685,other
5,reduces_or_prevents,6,0.0,0.0,0.0,0.0,other
5,reduces_or_prevents,7,0.0,0.0,0.0,0.0,other
5,reduces_or_prevents,8,0.0014427192428511154,0.0,0.0014427192428511154,0.0014427192428511154,other
5,requires_or_depends_on,0,0.0,0.0031864653814060876,-0.0031864653814060876,0.0031864653814060876,other
5,requires_or_depends_on,1,0.0,0.0,0.0,0.0,other
5,requires_or_depends_on,2,0.0,0.0,0.0,0.0,other
5,requires_or_depends_on,3,0.0,0.005084975910662077,-0.005084975910662077,0.005084975910662077,other
5,requires_or_depends_on,4,0.0,0.0,0.0,0.0,other
5,requires_or_depends_on,5,0.0,0.014799870299600688,-0.014799870299600688,0.014799870299600688,other
5,requires_or_depends_on,6,0.004259376086469026,0.001121103061088774,0.003138273025380252,0.003138273025380252,other
5,requires_or_depends_on,7,0.0,0.0006669867950100616,-0.0006669867950100616,0.0006669867950100616,other
5,requires_or_depends_on,8,0.0,0.0026765890927392725,-0.0026765890927392725,0.0026765890927392725,other
5,risks_or_threatens,0,0.0,0.0,0.0,0.0,other
5,risks_or_threatens,1,0.0,0.0,0.0,0.0,other
5,risks_or_threatens,2,0.0,0.0,0.0,0.0,other
5,risks_or_threatens,3,0.0,0.0,0.0,0.0,other
5,risks_or_threatens,4,0.0,0.0,0.0,0.0,other
5,risks_or_threatens,5,0.0,0.0018879094151939744,-0.0018879094151939744,0.0018879094151939744,other
5,risks_or_threatens,6,0.0,0.0,0.0,0.0,other
5,risks_or_threatens,7,0.0,0.0,0.0,0.0,other
5,risks_or_threatens,8,0.0,0.0,0.0,0.0,other
6,causes_or_increases,0,0.0,0.0,0.0,0.0,other
6,causes_or_increases,1,0.004282550664290616,0.0025253346886408416,0.0017572159756497744,0.0017572159756497744,other
6,causes_or_increases,2,0.0013550626323529235,0.0,0.0013550626323529235,0.0013550626323529235,other
6,causes_or_increases,3,0.012032980040468343,0.0036025218081535584,0.008430458232314784,0.008430458232314784,other
6,causes_or_increases,4,0.0,0.003403468726252565,-0.003403468726252565,0.003403468726252565,other
6,causes_or_increases,5,0.0,0.0003597125461067494,-0.0003597125461067494,0.0003597125461067494,other
6,causes_or_increases,6,0.011495313307846427,0.045044453083323346,-0.03354913977547692,0.03354913977547692,other
6,causes_or_increases,7,0.0032946060810739456,0.0033442534126569283,-4.9647331582982745e-05,4.9647331582982745e-05,other
6,causes_or_increases,8,0.0024111854562697765,0.01593502391998991,-0.013523838463720133,0.013523838463720133,other
6,enables_or_supports,0,0.0014641402637544593,0.0034865114604511033,-0.002022371196696644,0.002022371196696644,other
6,enables_or_supports,1,0.0,0.0034411658269195215,-0.0034411658269195215,0.0034411658269195215,other
6,enables_or_supports,2,0.0,0.0,0.0,0.0,other
6,enables_or_supports,3,0.008864875876334097,0.006810176671108607,0.0020546992052254895,0.0020546992052254895,other
6,enables_or_supports,4,0.0,0.0026519513222370795,-0.0026519513222370795,0.0026519513222370795,other
6,enables_or_supports,5,0.003486502551731568,0.0,0.003486502551731568,0.003486502551731568,other
6,enables_or_supports,6,0.028202294474675378,0.00994630392145545,0.018255990553219928,0.018255990553219928,other
6,enables_or_supports,7,0.0020160835959374735,0.000995440391900049,0.0010206432040374244,0.0010206432040374244,other
6,enables_or_supports,8,0.0,0.0,0.0,0.0,other
6,expected_to_improve,0,0.0,0.0,0.0,0.0,other
6,expected_to_improve,1,0.0,0.0,0.0,0.0,other
6,expected_to_improve,2,0.0,0.0,0.0,0.0,other
6,expected_to_improve,3,0.001503286788079918,0.0,0.001503286788079918,0.001503286788079918,other
6,expected_to_improve,4,0.0,0.0019506112961625234,-0.0019506112961625234,0.0019506112961625234,other
6,expected_to_improve,5,0.0026087288306801,0.0,0.0026087288306801,0.0026087288306801,other
6,expected_to_improve,6,0.0031671194128456426,0.003119878755051254,4.7240657794388446e-05,4.7240657794388446e-05,other
6,expected_to_improve,7,0.0018133454856291789,0.0,0.0018133454856291789,0.0018133454856291789,other
6,expected_to_improve,8,0.0033788704992538643,0.0018447725664948245,0.0015340979327590398,0.0015340979327590398,other
6,reduces_or_prevents,0,0.003069653506951911,0.0,0.003069653506951911,0.003069653506951911,other
6,reduces_or_prevents,1,0.0,0.0,0.0,0.0,other
6,reduces_or_prevents,2,0.0,0.0,0.0,0.0,other
6,reduces_or_prevents,3,0.0,0.0015022868213921746,-0.0015022868213921746,0.0015022868213921746,other
6,reduces_or_prevents,4,0.0008643223136305951,0.008602071696351866,-0.007737749382721271,0.007737749382721271,other
6,reduces_or_prevents,5,0.0,0.0,0.0,0.0,other
6,reduces_or_prevents,6,0.0010870868581842944,0.00805792223956019,-0.006970835381375895,0.006970835381375895,other
6,reduces_or_prevents,7,0.0,0.0,0.0,0.0,other
6,reduces_or_prevents,8,0.0,0.0,0.0,0.0,other
6,requires_or_depends_on,0,0.002087189727379684,0.0,0.002087189727379684,0.002087189727379684,other
6,requires_or_depends_on,1,0.0,0.0020552725267609004,-0.0020552725267609004,0.0020552725267609004,other
6,requires_or_depends_on,2,0.0,0.0,0.0,0.0,other
6,requires_or_depends_on,3,0.0019741020595943014,0.004503289294900496,-0.0025291872353061947,0.0025291872353061947,other
6,requires_or_depends_on,4,0.0,0.0014988174571234788,-0.0014988174571234788,0.0014988174571234788,other
6,requires_or_depends_on,5,0.0,0.010164345851902382,-0.010164345851902382,0.010164345851902382,other
6,requires_or_depends_on,6,0.008831351800320198,0.007157932094107552,0.0016734197062126463,0.0016734197062126463,other
6,requires_or_depends_on,7,0.0,0.0,0.0,0.0,other
6,requires_or_depends_on,8,0.0,0.0,0.0,0.0,other
6,risks_or_threatens,0,0.0,0.0,0.0,0.0,other
6,risks_or_threatens,1,0.0033653567675417497,0.002053347359322317,0.0013120094082194325,0.0013120094082194325,other
6,risks_or_threatens,2,0.0,0.0,0.0,0.0,other
6,risks_or_threatens,3,0.0,0.002110389290641744,-0.002110389290641744,0.002110389290641744,other
6,risks_or_threatens,4,0.0021889950725224308,0.0,0.0021889950725224308,0.0021889950725224308,other
6,risks_or_threatens,5,0.0,0.0,0.0,0.0,other
6,risks_or_threatens,6,0.008119718389880785,0.0,0.008119718389880785,0.008119718389880785,other
6,risks_or_threatens,7,0.0,0.0,0.0,0.0,other
6,risks_or_threatens,8,0.0,0.006892977036445691,-0.006892977036445691,0.006892977036445691,other
7,causes_or_increases,0,0.0,0.005298104010828798,-0.005298104010828798,0.005298104010828798,other
7,causes_or_increases,1,0.0030014300535982515,0.0019344848254993555,0.001066945228098896,0.001066945228098896,other
7,causes_or_increases,2,0.0,0.0,0.0,0.0,other
7,causes_or_increases,3,0.005681807931341269,0.0007537571476334829,0.004928050783707787,0.004928050783707787,other
7,causes_or_increases,4,0.0012125566599734115,0.0,0.0012125566599734115,0.0012125566599734115,other
7,causes_or_increases,5,0.0,0.0030211738332335957,-0.0030211738332335957,0.0030211738332335957,other
7,causes_or_increases,6,0.0020132037852952684,0.015063869864478135,-0.013050666079182868,0.013050666079182868,other
7,causes_or_increases,7,0.0052549288075388915,0.0012623068646898125,0.003992621942849079,0.003992621942849079,other
7,causes_or_increases,8,0.0,0.0010441934509065945,-0.0010441934509065945,0.0010441934509065945,other
7,enables_or_supports,0,0.0,0.005068306346416865,-0.005068306346416865,0.005068306346416865,other
7,enables_or_supports,1,0.0,0.0033156432437109946,-0.0033156432437109946,0.0033156432437109946,other
7,enables_or_supports,2,0.0,0.0024062329825537665,-0.0024062329825537665,0.0024062329825537665,other
7,enables_or_supports,3,0.01654718240459179,0.0014377527047614025,0.015109429699830389,0.015109429699830389,other
7,enables_or_supports,4,0.0040411567514073215,0.001971241329984511,0.0020699154214228106,0.0020699154214228106,other
7,enables_or_supports,5,0.0038967585711689526,0.0,0.0038967585711689526,0.0038967585711689526,other
7,enables_or_supports,6,0.0,0.0,0.0,0.0,other
7,enables_or_supports,7,0.006723764050505974,0.0022441188052744225,0.004479645245231551,0.004479645245231551,other
7,enables_or_supports,8,0.0017778239877721026,0.00723981906604003,-0.005461995078267928,0.005461995078267928,other
7,expected_to_improve,0,0.0,0.0003186076502167927,-0.0003186076502167927,0.0003186076502167927,other
7,expected_to_improve,1,0.0,0.0,0.0,0.0,other
7,expected_to_improve,2,0.001312909859143852,0.0,0.001312909859143852,0.001312909859143852,other
7,expected_to_improve,3,0.004306684550719468,0.0,0.004306684550719468,0.004306684550719468,other
7,expected_to_improve,4,0.0,0.0,0.0,0.0,other
7,expected_to_improve,5,0.001031401484278959,0.0006113149265832595,0.0004200865576956996,0.0004200865576956996,other
7,expected_to_improve,6,0.0,0.0,0.0,0.0,other
7,expected_to_improve,7,0.0,0.001139963895426354,-0.001139963895426354,0.001139963895426354,other
7,expected_to_improve,8,0.0,0.0012324191612522674,-0.0012324191612522674,0.0012324191612522674,other
7,reduces_or_prevents,0,0.0,0.00032774647721694767,-0.00032774647721694767,0.00032774647721694767,other
7,reduces_or_prevents,1,0.0,0.0009194933933666431,-0.0009194933933666431,0.0009194933933666431,other
7,reduces_or_prevents,2,0.0,0.0,0.0,0.0,other
7,reduces_or_prevents,3,0.0,0.0,0.0,0.0,other
7,reduces_or_prevents,4,0.0,0.004313194153905948,-0.004313194153905948,0.004313194153905948,other
7,reduces_or_prevents,5,0.0,0.0,0.0,0.0,other
7,reduces_or_prevents,6,0.0,0.0,0.0,0.0,other
7,reduces_or_prevents,7,0.0,0.0,0.0,0.0,other
7,reduces_or_prevents,8,0.0,0.0,0.0,0.0,other
7,requires_or_depends_on,0,0.0,0.00535074987308107,-0.00535074987308107,0.00535074987308107,other
7,requires_or_depends_on,1,0.0,0.0,0.0,0.0,other
7,requires_or_depends_on,2,0.00353281125224275,0.0,0.00353281125224275,0.00353281125224275,other
7,requires_or_depends_on,3,0.002560201552323879,0.0,0.002560201552323879,0.002560201552323879,other
7,requires_or_depends_on,4,0.0,0.0007748397116428997,-0.0007748397116428997,0.0007748397116428997,other
7,requires_or_depends_on,5,0.0,0.00061681167466167,-0.00061681167466167,0.00061681167466167,other
7,requires_or_depends_on,6,0.0017477477489163016,0.0,0.0017477477489163016,0.0017477477489163016,other
7,requires_or_depends_on,7,0.0,0.0011135580935100352,-0.0011135580935100352,0.0011135580935100352,other
7,requires_or_depends_on,8,0.0014631075508687917,0.0,0.0014631075508687917,0.0014631075508687917,other
7,risks_or_threatens,0,0.0,0.0,0.0,0.0,other
7,risks_or_threatens,1,0.0,0.0,0.0,0.0,other
7,risks_or_threatens,2,0.001029847488807597,0.0,0.001029847488807597,0.001029847488807597,other
7,risks_or_threatens,3,0.0,0.0023877321373936907,-0.0023877321373936907,0.0023877321373936907,other
7,risks_or_threatens,4,0.0,0.0,0.0,0.0,other
7,risks_or_threatens,5,0.0,0.0,0.0,0.0,other
7,risks_or_threatens,6,0.0,0.0,0.0,0.0,other
7,risks_or_threatens,7,0.0,0.0,0.0,0.0,other
7,risks_or_threatens,8,0.0018173580238896349,0.0,0.0018173580238896349,0.0018173580238896349,other
8,causes_or_increases,0,0.0022344389914600348,0.010017834892706752,-0.007783395901246717,0.007783395901246717,other
8,causes_or_increases,1,0.0,0.0024948385706895964,-0.0024948385706895964,0.0024948385706895964,other
8,causes_or_increases,2,0.0,0.0,0.0,0.0,other
8,causes_or_increases,3,0.008246362270970208,0.0,0.008246362270970208,0.008246362270970208,other
8,causes_or_increases,4,0.0,0.0,0.0,0.0,other
8,causes_or_increases,5,0.002099955832183066,0.003774916533776179,-0.0016749607015931131,0.0016749607015931131,other
8,causes_or_increases,6,0.0,0.009853514420814577,-0.009853514420814577,0.009853514420814577,other
8,causes_or_increases,7,0.001381995789413829,0.0004061217154253095,0.0009758740739885196,0.0009758740739885196,other
8,causes_or_increases,8,0.0,0.004945978461134446,-0.004945978461134446,0.004945978461134446,other
8,enables_or_supports,0,0.0,0.0052593077979826595,-0.0052593077979826595,0.0052593077979826595,other
8,enables_or_supports,1,0.0013571937403910224,0.0006516115664250947,0.0007055821739659277,0.0007055821739659277,other
8,enables_or_supports,2,0.0059606865986539465,0.0010617021690571915,0.004898984429596755,0.004898984429596755,other
8,enables_or_supports,3,0.013982794214458876,0.004006745263808988,0.009976048950649888,0.009976048950649888,other
8,enables_or_supports,4,0.0,0.002885838445765325,-0.002885838445765325,0.002885838445765325,other
8,enables_or_supports,5,0.0022272649139641527,0.018115736743343977,-0.015888471829379823,0.015888471829379823,other
8,enables_or_supports,6,0.001167668518841516,0.0007246992957031139,0.00044296922313840205,0.00044296922313840205,other
8,enables_or_supports,7,0.00513824182915929,0.0007477491676897343,0.0043904926614695555,0.0043904926614695555,other
8,enables_or_supports,8,0.0,0.0030311650623905447,-0.0030311650623905447,0.0030311650623905447,other
8,expected_to_improve,0,0.0,0.0,0.0,0.0,other
8,expected_to_improve,1,0.0,0.0,0.0,0.0,other
8,expected_to_improve,2,0.00421619312820014,0.0,0.00421619312820014,0.00421619312820014,other
8,expected_to_improve,3,0.003984788971826838,0.0,0.003984788971826838,0.003984788971826838,other
8,expected_to_improve,4,0.0,0.0011683738429480257,-0.0011683738429480257,0.0011683738429480257,other
8,expected_to_improve,5,0.0,0.0005146039604674767,-0.0005146039604674767,0.0005146039604674767,other
8,expected_to_improve,6,0.0,0.005017944658200556,-0.005017944658200556,0.005017944658200556,other
8,expected_to_improve,7,0.0012019054161753508,0.0007780070471798101,0.00042389836899554064,0.00042389836899554064,other
8,expected_to_improve,8,0.0,0.0,0.0,0.0,other
8,reduces_or_prevents,0,0.0,0.0,0.0,0.0,other
8,reduces_or_prevents,1,0.0,0.0,0.0,0.0,other
8,reduces_or_prevents,2,0.0,0.0009573939985092926,-0.0009573939985092926,0.0009573939985092926,other
8,reduces_or_prevents,3,0.0028456674822779637,0.0,0.0028456674822779637,0.0028456674822779637,other
8,reduces_or_prevents,4,0.0,0.0,0.0,0.0,other
8,reduces_or_prevents,5,0.0,0.004805914236137017,-0.004805914236137017,0.004805914236137017,other
8,reduces_or_prevents,6,0.0,0.0,0.0,0.0,other
8,reduces_or_prevents,7,0.0,0.0,0.0,0.0,other
8,reduces_or_prevents,8,0.0,0.0,0.0,0.0,other
8,requires_or_depends_on,0,0.0,0.0040472428258284746,-0.0040472428258284746,0.0040472428258284746,other
8,requires_or_depends_on,1,0.0,0.0,0.0,0.0,other
8,requires_or_depends_on,2,0.0,0.0,0.0,0.0,other
8,requires_or_depends_on,3,0.001846144723982928,0.0,0.001846144723982928,0.001846144723982928,other
8,requires_or_depends_on,4,0.0,0.0,0.0,0.0,other
8,requires_or_depends_on,5,0.0,0.0,0.0,0.0,other
8,requires_or_depends_on,6,0.0,0.0,0.0,0.0,other
8,requires_or_depends_on,7,0.0,0.0,0.0,0.0,other
8,requires_or_depends_on,8,0.0,0.0,0.0,0.0,other
8,risks_or_threatens,0,0.0,0.0,0.0,0.0,other
8,risks_or_threatens,1,0.0,0.0,0.0,0.0,other
8,risks_or_threatens,2,0.0,0.0,0.0,0.0,other
8,risks_or_threatens,3,0.0,0.0,0.0,0.0,other
8,risks_or_threatens,4,0.001384530311160576,0.0,0.001384530311160576,0.001384530311160576,other
8,risks_or_threatens,5,0.0010822977321864385,0.0,0.0010822977321864385,0.0010822977321864385,other
8,risks_or_threatens,6,0.0,0.0,0.0,0.0,other
8,risks_or_threatens,7,0.0,0.0,0.0,0.0,other
8,risks_or_threatens,8,0.0,0.0,0.0,0.0,other
