cause_topic,relation_type,effect_topic,policy_share,sentiment_share,signed_gap,absolute_gap,log_ratio,cause_topic_code,effect_topic_code,policy_frames,policy_documents,policy_sources,policy_mean_quality,policy_mean_assignment_confidence,sentiment_frames,sentiment_documents,sentiment_sources,sentiment_mean_quality,sentiment_mean_assignment_confidence,documentary_support_score,evidence_rank_score
0,causes_or_increases,0,0.03241030613455417,0.017681966479975275,0.014728339654578898,0.014728339654578898,0.6059309285195869,P0,P0,90,26,26,0.7300525595150499,0.37212202960620433,12,6,6,0.7636154332809068,0.36866147445400915,3.4965075614664802,0.051497750970081725
0,causes_or_increases,1,0.0005637401732370671,0.008247904186072852,-0.007684164012835785,0.007684164012835785,-2.6831044233213266,P0,P1,4,4,4,0.7024047619047619,0.4565940675409894,10,5,5,0.6787909562840597,0.2989303512496764,2.302585092994046,0.017693441508076987
0,causes_or_increases,2,0.001317622903172984,0.001970746049947579,-0.0006531231467745949,0.0006531231467745949,-0.402580379204392,P0,P2,3,3,3,0.7328839562140645,0.2498529594062965,3,2,2,0.7749726662226663,0.28758816906162205,1.791759469228055,0.0011702395828054053
0,causes_or_increases,3,0.001008015876773278,0.0023326235443733943,-0.0013246076676001162,0.0013246076676001162,-0.8390040651293462,P0,P3,7,5,5,0.7405102768380079,0.2993784871188384,4,3,3,0.7867530959752321,0.4397368318096639,2.1972245773362196,0.002910460522578981
0,causes_or_increases,4,0.0016483309684579112,0.001988487715138027,-0.00034015674668011584,0.00034015674668011584,-0.18761012820411122,P0,P4,13,7,7,0.7686506129507802,0.3456216827567947,4,2,2,0.7722886904761904,0.31237345931460203,2.302585092994046,0.0007832398541869867
0,causes_or_increases,5,0.0045130329730922675,0.0014917254790185453,0.003021307494073722,0.003021307494073722,1.1070314496870775,P0,P5,17,11,11,0.7456579974282471,0.4496866518034617,2,2,2,0.4757563025210084,0.454077413721201,2.639057329615259,0.007973403687256766
0,causes_or_increases,6,0.01631004482531316,0.003137351187521157,0.013172693637792004,0.013172693637792004,1.6483997176231704,P0,P6,22,17,17,0.7190864880866615,0.40456397994034693,2,2,2,0.7814945697577276,0.4464606978759882,2.995732273553991,0.03946186346037283
0,causes_or_increases,7,0.0027814455417470773,0.003540176939340871,-0.0007587313975937937,0.0007587313975937937,-0.24120516662243283,P0,P7,13,11,11,0.7401271218659882,0.34132764630774726,3,2,2,0.7849288960666669,0.30668104176076116,2.639057329615259,0.0020023356560291304
0,causes_or_increases,8,0.0028840711036309066,0.006596482358408009,-0.0037124112547771023,0.0037124112547771023,-0.8273317059577217,P0,P8,17,10,10,0.7130307410755954,0.2983623711278332,5,5,5,0.8043656343656342,0.6201007256672995,2.772588722239781,0.01029298957731103
0,enables_or_supports,0,0.022249122074070808,0.007286288165733172,0.014962833908337636,0.014962833908337636,1.1163073790917994,P0,P0,81,25,25,0.692541982370524,0.39903005621910076,6,5,5,0.7302921207060913,0.4310660237832695,3.4339872044851463,0.05138218018406791
0,enables_or_supports,1,0.0029583705073967822,0.0038698808972562116,-0.0009115103898594294,0.0009115103898594294,-0.2685843219923074,P0,P1,10,9,9,0.6313011618735207,0.48866954964856835,8,2,2,0.6964138101073762,0.4034900282751729,2.4849066497880004,0.002265018229112549
0,enables_or_supports,2,0.0034890737099548593,0.00035632246133870157,0.0031327512486161576,0.0031327512486161576,2.2815302582118875,P0,P2,7,6,6,0.7470285043464024,0.26317681402241727,1,1,1,0.7172100840336133,0.34292347038118753,2.0794415416798357,0.006514373086121813
0,enables_or_supports,3,0.0025239242476277567,0.0016707089874892652,0.0008532152601384915,0.0008532152601384915,0.41256482827170476,P0,P3,15,8,8,0.6837189444957172,0.34086313359351533,3,2,2,0.7012010892333472,0.516251566533485,2.3978952727983707,0.002045920838965521
0,enables_or_supports,4,0.012395027962921669,0.0011730947096695143,0.011221933253252155,0.011221933253252155,2.3576423960006467,P0,P4,25,16,16,0.6746657172827172,0.40502755971039456,3,1,1,0.7579936702936703,0.27002714639552455,2.8903717578961645,0.03243555894419586
0,enables_or_supports,5,0.01116087378604559,0.00310287321714308,0.00805800056890251,0.00805800056890251,1.2800833968255096,P0,P5,38,20,20,0.6751578739519107,0.4066193435598932,4,2,2,0.6186061386530135,0.3280353758957143,3.1354942159291497,0.025265814175747615
0,enables_or_supports,6,0.00556711639607434,0.00614635574821564,-0.0005792393521412992,0.0005792393521412992,-0.09898195843219344,P0,P6,21,12,12,0.6434524983458806,0.3680733081407329,4,4,4,0.634548593073593,0.3888466878639302,2.833213344056216,0.0016411086618892067
0,enables_or_supports,7,0.014338504603161679,0.01463831952557575,-0.00029981492241407115,0.00029981492241407115,-0.02069415293120677,P0,P7,38,18,18,0.6948679174267606,0.4578511288592726,9,4,4,0.6976978594553594,0.5584114569616049,3.1354942159291497,0.0009400679550785668
0,enables_or_supports,8,0.0017757000363625953,0.004513134628414023,-0.0027374345920514282,0.0027374345920514282,-0.9327938039720285,P0,P8,11,8,8,0.7465309030690047,0.3966791414130169,3,3,3,0.6434320728291315,0.3874688348859669,2.4849066497880004,0.006802269421148296
0,expected_to_improve,0,0.023442706032127492,0.002035252680078716,0.021407453352048775,0.021407453352048775,2.443934937989932,P0,P0,10,8,8,0.6247344078800556,0.43927257379081175,3,3,3,0.7889797557997557,0.32893061238476023,2.4849066497880004,0.05319552318953242
0,expected_to_improve,1,0.0,0.0,0.0,0.0,0.0,P0,P1,0,0,0,,,0,0,0,,,0.0,0.0
0,expected_to_improve,2,0.0010370152606505834,0.0,0.0010370152606505834,0.0010370152606505834,11.549281753275402,P0,P2,3,3,3,0.6548886548636549,0.4331830583720992,0,0,0,,,1.3862943611198906,0.0014376084082351774
0,expected_to_improve,3,6.963710038191406e-05,0.0,6.963710038191406e-05,6.963710038191406e-05,8.848611254075427,P0,P3,1,1,1,0.5102857142857142,0.7453563654301556,0,0,0,,,0.6931471805599453,4.826875979209361e-05
0,expected_to_improve,4,0.0025034214042172305,0.007290029587698724,-0.004786608183481493,0.004786608183481493,-1.0688466239578662,P0,P4,6,6,6,0.6962965858807291,0.3297706300408599,2,2,2,0.6807080357142856,0.49483200079621104,2.1972245773362196,0.010517253142824213
0,expected_to_improve,5,0.002390273494711357,0.0011247514744135848,0.0012655220202977722,0.0012655220202977722,0.753840985510112,P0,P5,11,7,7,0.603390520753756,0.5428560487146442,1,1,1,0.7094464285714285,0.4648948609629095,2.1972245773362196,0.002780636086158451
0,expected_to_improve,6,0.0006306591314865434,0.0,0.0006306591314865434,0.0006306591314865434,11.051951555200928,P0,P6,3,3,3,0.6843690476190476,0.5106716508165561,0,0,0,,,1.3862943611198906,0.0008742791977685628
0,expected_to_improve,7,0.002459127033907785,0.0,0.002459127033907785,0.002459127033907785,12.41273595414558,P0,P7,9,7,7,0.663815831499655,0.4114058105600611,0,0,0,,,2.0794415416798357,0.005113610910575767
0,expected_to_improve,8,8.176437183837006e-05,0.0007684788307411254,-0.0006867144589027554,0.0006867144589027554,-2.2404621372196036,P0,P8,2,1,1,0.779843018018018,0.17498896270036868,1,1,1,0.6644071428571428,0.42995389163363307,1.0986122886681096,0.0007544329433566385
0,reduces_or_prevents,0,0.0034395835538728603,0.0005620831458274865,0.002877500408045374,0.002877500408045374,1.8114410143759894,P0,P0,15,7,7,0.7317752751865108,0.31182416527211443,1,1,1,0.8125,0.37372738567345665,2.1972245773362196,0.006322514617852296
0,reduces_or_prevents,1,0.0001189689051247615,0.004927633884245592,-0.004808664979120831,0.004808664979120831,-3.7236700293147615,P0,P1,1,1,1,0.7435714285714285,0.19109731302137264,1,1,1,0.7438961038961038,0.287182804951386,1.0986122886681096,0.0052828584381501235
0,reduces_or_prevents,2,0.0009214491307660025,0.0,0.0009214491307660025,0.0009214491307660025,11.43112861134505,P0,P2,2,2,2,0.686135531135531,0.5215290207383783,0,0,0,,,1.0986122886681096,0.0010123153384420781
0,reduces_or_prevents,3,0.0003033992362262568,0.0,0.0003033992362262568,0.0003033992362262568,10.320252694846074,P0,P3,3,1,1,0.7038868538868539,0.4403669176741416,0,0,0,,,0.6931471805599453,0.00021030032517427072
0,reduces_or_prevents,4,0.00023654035927468778,0.0,0.00023654035927468778,0.00023654035927468778,10.071331306874866,P0,P4,3,3,3,0.6428998825336586,0.36506004830136424,0,0,0,,,1.3862943611198906,0.0003279145662397727
0,reduces_or_prevents,5,0.0,0.0,0.0,0.0,0.0,P0,P5,0,0,0,,,0,0,0,,,0.0,0.0
0,reduces_or_prevents,6,0.0029831547013241845,0.0005165612348624652,0.0024665934664617195,0.0024665934664617195,1.7535267988404195,P0,P6,6,6,6,0.6814693785746417,0.5289097911882276,1,1,1,0.6585714285714286,0.7243111592131615,2.0794415416798357,0.005129136920596568
0,reduces_or_prevents,7,0.0008489002241134401,0.0020645540786644553,-0.0012156538545510152,0.0012156538545510152,-0.8887209455636058,P0,P7,2,2,2,0.7606493506493506,0.44201761449589677,1,1,1,0.8327272727272726,0.1879937307272865,1.3862943611198906,0.001685254083637732
0,reduces_or_prevents,8,0.0006061275576849409,0.0,0.0006061275576849409,0.0006061275576849409,11.012277139177861,P0,P8,2,2,2,0.6882488479262673,0.4004397659435569,0,0,0,,,1.0986122886681096,0.0006658991833730645
0,requires_or_depends_on,0,0.0013327582869681555,0.00043473012109200327,0.0008980281658761522,0.0008980281658761522,1.1202650470543047,P0,P0,8,6,6,0.6185561104442152,0.4203291773788791,1,1,1,0.6493263305322128,0.2821588682657712,2.0794415416798357,0.0018673970737214211
0,requires_or_depends_on,1,0.0001976218743294112,0.0,0.0001976218743294112,0.0001976218743294112,9.891576265628306,P0,P1,1,1,1,0.9370454545454545,0.2877379745590998,0,0,0,,,0.6931471805599453,0.0001369810450084032
0,requires_or_depends_on,2,0.00514868665000767,0.0,0.00514868665000767,0.00514868665000767,13.151669069947902,P0,P2,4,4,4,0.7825364010989011,0.5109993177884457,0,0,0,,,1.6094379124341003,0.008286491493765666
0,requires_or_depends_on,3,0.0008529177051721927,0.0,0.0008529177051721927,0.0008529177051721927,11.353844976279765,P0,P3,5,4,4,0.7122527128908663,0.5200951855508213,0,0,0,,,1.6094379124341003,0.0013727180908904171
0,requires_or_depends_on,4,0.0,0.0,0.0,0.0,0.0,P0,P4,0,0,0,,,0,0,0,,,0.0,0.0
0,requires_or_depends_on,5,0.00017766528117688817,0.001414655798822811,-0.0012369905176459227,0.0012369905176459227,-2.074690976357244,P0,P5,2,2,2,0.6751785714285713,0.39723768383441826,1,1,1,0.43699999999999994,0.8210733183768808,1.3862943611198906,0.0017148329793713172
0,requires_or_depends_on,6,5.532384537392746e-05,0.0,5.532384537392746e-05,5.532384537392746e-05,8.618554939379386,P0,P6,1,1,1,0.6046071428571428,0.1495821039632329,0,0,0,,,0.6931471805599453,3.834756743867219e-05
0,requires_or_depends_on,7,4.358288247747062e-05,0.0,4.358288247747062e-05,4.358288247747062e-05,8.38006407708744,P0,P7,1,1,1,0.4957272727272726,0.2985506843907177,0,0,0,,,0.6931471805599453,3.0209352109934202e-05
0,requires_or_depends_on,8,0.0,0.0,0.0,0.0,0.0,P0,P8,0,0,0,,,0,0,0,,,0.0,0.0
0,risks_or_threatens,0,0.0009824358761548416,0.0005326557900516207,0.0004497800861032209,0.0004497800861032209,0.6121510623965031,P0,P0,4,3,3,0.5870488095238096,0.38831496046721237,1,1,1,0.7955911330049261,0.2821588682657712,1.6094379124341003,0.0007238931228323978
0,risks_or_threatens,1,7.639439279393738e-05,0.0,7.639439279393738e-05,7.639439279393738e-05,8.941210377810505,P0,P1,1,1,1,0.6161428571428571,0.27498998144074466,0,0,0,,,0.6931471805599453,5.295255797570669e-05
0,risks_or_threatens,2,0.0,0.0,0.0,0.0,0.0,P0,P2,0,0,0,,,0,0,0,,,0.0,0.0
0,risks_or_threatens,3,0.00025493987266200904,0.0,0.00025493987266200904,0.00025493987266200904,10.146237134026528,P0,P3,3,2,2,0.7521428571428571,0.4510273216627649,0,0,0,,,1.0986122886681096,0.00028008007697796614
0,risks_or_threatens,4,0.0,0.0,0.0,0.0,0.0,P0,P4,0,0,0,,,0,0,0,,,0.0,0.0
0,risks_or_threatens,5,0.005972210906419193,0.0,0.005972210906419193,0.005972210906419193,13.30004433432125,P0,P5,4,2,2,0.6663650793650793,0.44821261904176396,0,0,0,,,1.0986122886681096,0.006561144292309834
0,risks_or_threatens,6,0.004969640541851525,0.0008019478604568265,0.004167692681394698,0.004167692681394698,1.8240487396930136,P0,P6,4,3,3,0.6527782772782773,0.4076799471297004,1,1,1,0.7685714285714286,0.2821588682657712,1.6094379124341003,0.006707642608810761
0,risks_or_threatens,7,6.675707459612998e-05,0.0,6.675707459612998e-05,6.675707459612998e-05,8.806380249750374,P0,P7,1,1,1,0.6224436090225564,0.18567002532699922,0,0,0,,,0.6931471805599453,4.627247803873745e-05
0,risks_or_threatens,8,9.037593839764536e-05,0.0,9.037593839764536e-05,9.037593839764536e-05,9.109258892588656,P0,P8,2,2,2,0.6539821428571428,0.2213443631156689,0,0,0,,,1.0986122886681096,9.928811652356525e-05
1,causes_or_increases,0,0.00027719064539821287,0.015738211317673015,-0.015461020672274802,0.015461020672274802,-4.039105916036764,P1,P0,4,3,3,0.7259781551509492,0.24140645437452168,7,5,5,0.7628067137867711,0.3706088985781099,2.1972245773362196,0.033971334611825554
1,causes_or_increases,1,0.004853028192083312,0.03725335814217886,-0.03240032995009555,0.03240032995009555,-2.038137420481643,P1,P1,33,8,8,0.7796591753698437,0.4498578590652357,7,4,4,0.7664443026830244,0.39357618732038546,2.5649493574615367,0.08310520548703937
1,causes_or_increases,2,9.282382531887704e-05,0.0,9.282382531887704e-05,9.282382531887704e-05,9.13598125633802,P1,P2,1,1,1,0.807142857142857,0.1262529591403314,0,0,0,,,0.6931471805599453,6.434057280856849e-05
1,causes_or_increases,3,0.0005851323919384796,0.0002850036145428619,0.00030012877739561775,0.00030012877739561775,0.7193182731831861,P1,P3,5,5,5,0.6594702190258255,0.3118001582363062,1,1,1,0.8245238095238094,0.3382614043885952,1.9459101490553132,0.0005840236339576955
1,causes_or_increases,4,0.00027287594788997523,0.001368489806628699,-0.0010956138587387238,0.0010956138587387238,-1.61241645258249,P1,P4,3,2,2,0.8483652841253461,0.3344645175279055,2,1,1,0.6876015243902439,0.5524950627284686,1.3862943611198906,0.0015188433143342973
1,causes_or_increases,5,0.0008270237897706397,0.00392893879937715,-0.0031019150096065107,0.0031019150096065107,-1.5582816355728832,P1,P5,5,4,4,0.7272781267065914,0.47874762130149495,4,4,4,0.6478124723573639,0.22236703812852499,2.1972245773362196,0.0068156038959155405
1,causes_or_increases,6,0.001535367411294605,0.0011601576007493964,0.0003752098105452087,0.0003752098105452087,0.28021174328197823,P1,P6,12,7,7,0.7815516335919068,0.31932426884953663,2,2,2,0.9001196172248803,0.30367619824224257,2.302585092994046,0.0008639525165065176
1,causes_or_increases,7,0.00019472563256876674,0.0,0.00019472563256876674,0.00019472563256876674,9.876813094301317,P1,P7,2,2,2,0.7464810744810744,0.5298954784464835,0,0,0,,,1.0986122886681096,0.0002139279728587182
1,causes_or_increases,8,0.0018033343097729492,0.0010122992005636143,0.000791035109209335,0.000791035109209335,0.5774088325690171,P1,P8,11,6,6,0.7697429106636187,0.34194598537027066,2,2,2,0.7068891926786662,0.3502999780758188,2.1972245773362196,0.0017380817834905912
1,enables_or_supports,0,0.0008298127880451245,0.0021855869231969223,-0.0013557741351517979,0.0013557741351517979,-0.9684320919990723,P1,P0,4,4,4,0.6871283251954763,0.23778836064832337,5,2,2,0.6668999999999998,0.4358128248065693,1.9459101490553132,0.0026382146494185734
1,enables_or_supports,1,0.007394028530042419,0.005217359085874305,0.0021766694441681146,0.0021766694441681146,0.34868080318540684,P1,P1,36,9,9,0.6908106758734845,0.5339019240752679,8,3,3,0.676348370480326,0.4968845781808039,2.5649493574615367,0.005583046892225166
1,enables_or_supports,2,0.0002716167375862512,0.0,0.0002716167375862512,0.0002716167375862512,10.209599021548371,P1,P2,2,2,2,0.7686567028985507,0.49522841136906587,0,0,0,,,1.0986122886681096,0.00029840148572019676
1,enables_or_supports,3,0.0007568801712970149,0.0031374647993258104,-0.0023805846280287955,0.0023805846280287955,-1.4219553925605615,P1,P3,6,5,5,0.7242700384800385,0.38788791180677945,3,3,3,0.8086498015873015,0.5229805014387011,2.1972245773362196,0.005230679053133671
1,enables_or_supports,4,0.0004910108965737508,0.005046158090790902,-0.004555147194217151,0.004555147194217151,-2.3298977542345627,P1,P4,4,3,3,0.6746383241758241,0.2618962576121784,3,3,3,0.5192613481289952,0.2661492342332971,1.9459101490553132,0.008863907155667988
1,enables_or_supports,5,0.0004563056817312713,0.0014163298146249463,-0.000960024132893675,0.000960024132893675,-1.1326463730479246,P1,P5,4,3,3,0.7039258768724881,0.2962198874529644,4,3,3,0.7283763776078993,0.2851548175789611,1.9459101490553132,0.001868120703535829
1,enables_or_supports,6,0.0012884775974890232,0.0010701233861035075,0.00021835421138551568,0.00021835421138551568,0.18568582490763758,P1,P6,8,6,6,0.6774164438046678,0.4404012382123192,2,2,2,0.6787354497354496,0.3258034672292639,2.1972245773362196,0.0004797732398211232
1,enables_or_supports,7,0.0016842121900846538,0.0017988308700419206,-0.00011461867995726685,0.00011461867995726685,-0.06583864741022985,P1,P7,6,6,6,0.7089197595704948,0.4245734429865513,5,1,1,0.6903894440853262,0.4311379178725366,2.0794415416798357,0.00023834284455564667
1,enables_or_supports,8,0.00043259642166292364,0.0005782032461640137,-0.00014560682450109002,0.00014560682450109002,-0.2901143808794019,P1,P8,2,2,2,0.6173575,0.2448073023580227,2,1,1,0.7023107843137255,0.3680397060409788,1.3862943611198906,0.0002018539197464346
1,expected_to_improve,0,0.0003391475679446639,0.0013809827725418838,-0.0010418352045972199,0.0010418352045972199,-1.4040931183094774,P1,P0,3,2,2,0.759953601953602,0.27146543831914044,2,2,2,0.6659330357142856,0.3386562125355358,1.6094379124341003,0.0016767690767873033
1,expected_to_improve,1,0.0006325643300261561,0.00021643467177984624,0.0004161296582463099,0.0004161296582463099,1.072462774341637,P1,P1,4,1,1,0.7395934986897985,0.5569392822778585,1,1,1,0.6638571428571428,0.2645695808917237,1.0986122886681096,0.0004571651562286568
1,expected_to_improve,2,0.0001606360433340146,0.0,0.0001606360433340146,0.0001606360433340146,9.684373642139995,P1,P2,2,2,2,0.5252142857142856,0.2500735391625841,0,0,0,,,1.0986122886681096,0.0001764767312097714
1,expected_to_improve,3,0.0003700249465226308,0.0,0.0003700249465226308,0.0003700249465226308,10.5187676372274,P1,P3,3,3,3,0.6689786324786325,0.5272315480520092,0,0,0,,,1.3862943611198906,0.0005129634968380121
1,expected_to_improve,4,0.0,0.00026106049778435505,-0.00026106049778435505,0.00026106049778435505,-10.169960663292072,P1,P4,0,0,0,,,1,1,1,0.5957857142857143,0.24620010360461578,0.6931471805599453,0.00018095334799480154
1,expected_to_improve,5,0.0001291945089030352,0.0,0.0001291945089030352,0.0001291945089030352,9.466566675357953,P1,P5,2,2,2,0.6010546218487394,0.12649465492192405,0,0,0,,,1.0986122886681096,0.00014193467510931597
1,expected_to_improve,6,0.00015930455587065395,0.0,0.00015930455587065395,0.00015930455587065395,9.676050772682379,P1,P6,3,3,3,0.7088809523809524,0.14070766225509312,0,0,0,,,1.3862943611198906,0.00022084300750419613
1,expected_to_improve,7,0.0003792077615370583,0.0,0.0003792077615370583,0.0003792077615370583,10.543280794768485,P1,P7,2,2,2,0.642673669467787,0.3435150409527329,0,0,0,,,1.0986122886681096,0.0004166023067829383
1,expected_to_improve,8,0.00022874905630204168,0.0,0.00022874905630204168,0.00022874905630204168,10.037839479751483,P1,P8,2,2,2,0.8281220397249809,0.6080201269563705,0,0,0,,,1.0986122886681096,0.00025130652427465626
1,reduces_or_prevents,0,0.0023325969387249634,0.0,0.0023325969387249634,0.0023325969387249634,12.359911964914785,P1,P0,2,2,2,0.8055194805194805,0.5015870911482784,0,0,0,,,1.0986122886681096,0.002562619661392858
1,reduces_or_prevents,1,0.0004086869124507231,0.0,0.0004086869124507231,0.0004086869124507231,10.618144021968307,P1,P1,3,2,2,0.8427059977059977,0.29814628964433,0,0,0,,,1.0986122886681096,0.00044898846423619223
1,reduces_or_prevents,2,0.0,0.003930339660190269,-0.003930339660190269,0.003930339660190269,-12.881653858952212,P1,P2,0,0,0,,,1,1,1,0.9049673202614379,0.2189236152032131,0.6931471805599453,0.0027243038541038185
1,reduces_or_prevents,3,0.00011213085869712005,0.0,0.00011213085869712005,0.00011213085869712005,9.324925934021163,P1,P3,1,1,1,0.6976190476190476,0.7994378626184058,0,0,0,,,0.6931471805599453,7.772318855967439e-05
1,reduces_or_prevents,4,0.0,0.0,0.0,0.0,0.0,P1,P4,0,0,0,,,0,0,0,,,0.0,0.0
1,reduces_or_prevents,5,0.000441804897377518,0.0,0.000441804897377518,0.000441804897377518,10.69606119613743,P1,P5,1,1,1,0.7476923076923077,0.9272592717713461,0,0,0,,,0.6931471805599453,0.00030623581897480255
1,reduces_or_prevents,6,0.000237672630174084,0.0,0.000237672630174084,0.000237672630174084,10.076106483111525,P1,P6,2,2,2,0.7894805194805194,0.2054935482766806,0,0,0,,,1.0986122886681096,0.0002611100721893196
1,reduces_or_prevents,7,0.00017610442313524264,0.0,0.00017610442313524264,0.00017610442313524264,9.776304101232586,P1,P7,2,1,1,0.6137708333333333,0.5956894262475225,0,0,0,,,0.6931471805599453,0.00012206628438032904
1,reduces_or_prevents,8,0.0,0.0,0.0,0.0,0.0,P1,P8,0,0,0,,,0,0,0,,,0.0,0.0
1,requires_or_depends_on,0,0.0030672984457422877,0.0,0.0030672984457422877,0.0030672984457422877,12.633725914247519,P1,P0,4,4,4,0.6303309523809523,0.40152317871662496,0,0,0,,,1.6094379124341003,0.004936626407327828
1,requires_or_depends_on,1,0.0009615060122564129,0.00018751254758873282,0.00077399346466768,0.00077399346466768,1.6346121263158426,P1,P1,6,1,1,0.7218306849551414,0.5657254428867624,1,1,1,0.6180588235294117,0.24620010360461578,1.0986122886681096,0.0008503187316327195
1,requires_or_depends_on,2,0.0,0.0,0.0,0.0,0.0,P1,P2,0,0,0,,,0,0,0,,,0.0,0.0
1,requires_or_depends_on,3,0.00037322748744843503,0.0,0.00037322748744843503,0.00037322748744843503,10.527385098599487,P1,P3,2,1,1,0.714848901098901,0.6918944931768003,0,0,0,,,0.6931471805599453,0.0002587015806323551
1,requires_or_depends_on,4,0.0,0.0,0.0,0.0,0.0,P1,P4,0,0,0,,,0,0,0,,,0.0,0.0
1,requires_or_depends_on,5,0.0,0.0008791675174190299,-0.0008791675174190299,0.0008791675174190299,-11.384157017116136,P1,P5,0,0,0,,,2,1,1,0.741350802686666,0.33555789846007505,0.6931471805599453,0.0006093924859388872
1,requires_or_depends_on,6,0.0007732750482529009,0.002057669002327164,-0.001284393954074263,0.001284393954074263,-0.9786861922440184,P1,P6,4,2,2,0.7123739779196134,0.6248314062590964,1,1,1,0.7301428571428571,0.6431175573337871,1.3862943611198906,0.0017805480959896304
1,requires_or_depends_on,7,0.0,0.00043324557293037894,-0.00043324557293037894,0.00043324557293037894,-10.676497977583315,P1,P7,0,0,0,,,1,1,1,0.6568571428571428,0.890400720426195,0.6931471805599453,0.00030030294736677033
1,requires_or_depends_on,8,6.32762442067151e-05,0.0,6.32762442067151e-05,6.32762442067151e-05,8.752838180412395,P1,P8,1,1,1,0.7595615384615384,0.37771464717249664,0,0,0,,,0.6931471805599453,4.385975026830714e-05
1,risks_or_threatens,0,0.0002091655794801931,0.0,0.0002091655794801931,0.0002091655794801931,9.948344178478779,P1,P0,2,2,2,0.6675884776987718,0.3104257439879853,0,0,0,,,1.0986122886681096,0.00022979187598332632
1,risks_or_threatens,1,0.0016600968479516078,0.00094882752617242,0.0007112693217791878,0.0007112693217791878,0.559399666860218,P1,P1,7,3,3,0.8045308848997431,0.497212189519943,1,1,1,0.865,0.3551150853795687,1.6094379124341003,0.0011447438124227143
1,risks_or_threatens,2,0.0,0.0,0.0,0.0,0.0,P1,P2,0,0,0,,,0,0,0,,,0.0,0.0
1,risks_or_threatens,3,0.00012719823448104374,0.0005840372953176803,-0.0004568390608366365,0.0004568390608366365,-1.5241565793852239,P1,P3,2,2,2,0.5698051948051948,0.5402495210860767,1,1,1,0.5519999999999999,0.13246168064357697,1.3862943611198906,0.0006333134139771358
1,risks_or_threatens,4,0.0,0.0,0.0,0.0,0.0,P1,P4,0,0,0,,,0,0,0,,,0.0,0.0
1,risks_or_threatens,5,0.000108565555915093,0.0,0.000108565555915093,0.000108565555915093,9.292616484498039,P1,P5,2,1,1,0.7288492063492062,0.21601728256342095,0,0,0,,,0.6931471805599453,7.525190898846981e-05
1,risks_or_threatens,6,0.0008938721385701976,0.0,0.0008938721385701976,0.0008938721385701976,11.400744116419236,P1,P6,4,2,2,0.8414321205110679,0.5125129669636271,0,0,0,,,1.0986122886681096,0.0009820189159312623
1,risks_or_threatens,7,0.00022517232373729225,0.0,0.00022517232373729225,0.00022517232373729225,10.022080587775557,P1,P7,1,1,1,0.859327731092437,0.3156634274663753,0,0,0,,,0.6931471805599453,0.00015607756133863537
1,risks_or_threatens,8,0.0004142773135492384,0.0,0.0004142773135492384,0.0004142773135492384,10.631729913191158,P1,P8,2,2,2,0.6828571428571428,0.7504457555447883,0,0,0,,,1.0986122886681096,0.0004551301475816048
2,causes_or_increases,0,0.011976833469674392,0.013341544251399641,-0.0013647107817252487,0.0013647107817252487,-0.10790846966353515,P2,P0,6,6,6,0.7205158880756604,0.6512135590110845,3,2,2,0.6937391304347825,0.3326696834706033,2.1972245773362196,0.002998576070562441
2,causes_or_increases,1,0.0001730750411695616,0.011771610051227222,-0.011598535010057661,0.011598535010057661,-4.219663792025511,P2,P1,1,1,1,0.778095238095238,0.5942215739189876,2,2,2,0.8883333333333332,0.5065682489384162,1.3862943611198906,0.01607898368169457
2,causes_or_increases,2,0.010267484665163777,0.004646170855196191,0.005621313809967586,0.005621313809967586,0.7929374865968968,P2,P2,25,7,7,0.7417179497196458,0.592522538538793,3,2,2,0.7647310547875064,0.4541676111068053,2.302585092994046,0.012943553381872929
2,causes_or_increases,3,0.00034561928337471846,0.0032333133568779367,-0.0028876940735032184,0.0028876940735032184,-2.2358990249895543,P2,P3,2,2,2,0.8620138888888889,0.4691687627324405,2,2,2,0.8271445221445222,0.5868501681901219,1.6094379124341003,0.004647564321407343
2,causes_or_increases,4,0.0008596114878041052,0.0,0.0008596114878041052,0.0008596114878041052,11.361662347889462,P2,P4,1,1,1,0.7096428571428571,0.7320160889189664,0,0,0,,,0.6931471805599453,0.0005958372791483554
2,causes_or_increases,5,0.0007929318424370998,0.00011910057573343038,0.0006738312667036694,0.0006738312667036694,1.8956976107693535,P2,P5,5,5,5,0.7747055562807666,0.37736054223513743,1,1,1,0.5761904761904761,0.1427734969268516,1.9459101490553132,0.0013112151006294678
2,causes_or_increases,6,0.006338921961639052,0.0011630567534138948,0.005175865208225158,0.005175865208225158,1.6956500244550765,P2,P6,10,7,7,0.7789640582364494,0.41539768374540076,1,1,1,0.748,0.25725855214868953,2.1972245773362196,0.011372538244491765
2,causes_or_increases,7,0.0012835210685024552,0.0,0.0012835210685024552,0.0012835210685024552,11.76254039208537,P2,P7,5,5,5,0.6607378151260505,0.44212509920515475,0,0,0,,,1.791759469228055,0.002299761028442985
2,causes_or_increases,8,0.002806718593323826,0.0028651328877202153,-5.841429439638933e-05,5.841429439638933e-05,-0.020598619000526546,P2,P8,10,8,8,0.7743619557343242,0.5987205910486069,2,1,1,0.7345021645021645,0.46565085198790857,2.302585092994046,0.0001345038834948917
2,enables_or_supports,0,0.0074926899436439,0.0005110296376141958,0.006981660306029705,0.006981660306029705,2.685237328761083,P2,P0,11,9,9,0.6545997529644269,0.5648181120340866,1,1,1,0.785551724137931,0.31012505300788695,2.3978952727983707,0.016741290244112656
2,enables_or_supports,1,0.0016239589472705298,0.024773267338837772,-0.02314930839156724,0.02314930839156724,-2.7248924251441164,P2,P1,4,3,3,0.7319338369963369,0.6435674923585921,5,3,3,0.7090084213988626,0.624002551465673,1.9459101490553132,0.04504647414276202
2,enables_or_supports,2,0.01915465287129827,0.005279065593031201,0.01387558727826707,0.01387558727826707,1.2887951726481304,P2,P2,50,6,6,0.7021442349714171,0.5001411642526603,3,1,1,0.668345009157509,0.4467560921683435,2.0794415416798357,0.028853472601632794
2,enables_or_supports,3,0.0007283001014333027,0.0010246745410747193,-0.00029637443964141655,0.00029637443964141655,-0.3414131583907796,P2,P3,6,2,2,0.7186806361362067,0.3774857809335281,1,1,1,0.7327857142857143,0.22133695839297574,1.3862943611198906,0.00041086221445496313
2,enables_or_supports,4,0.00025845066600372517,0.0,0.00025845066600372517,0.00025845066600372517,10.159913705897281,P2,P4,1,1,1,0.8184615384615384,0.8125371905628578,0,0,0,,,0.6931471805599453,0.0001791443504543222
2,enables_or_supports,5,0.006454865287016189,0.0030338408009393937,0.0034210244860767955,0.0034210244860767955,0.7550029997211433,P2,P5,8,7,7,0.6841666252094679,0.3896793654781809,2,1,1,0.6477084033613445,0.5506249866261894,2.1972245773362196,0.007516759080476945
2,enables_or_supports,6,0.0018936768541110117,0.0027718114321365304,-0.0008781345780255188,0.0008781345780255188,-0.3809790154757518,P2,P6,7,5,5,0.6796145609382936,0.5514699367280494,3,3,3,0.6092821492233257,0.47136706638411346,2.1972245773362196,0.00192945887704644
2,enables_or_supports,7,0.0033317987205591397,0.0024224931993600345,0.0009093055211991052,0.0009093055211991052,0.3187139303946181,P2,P7,10,9,9,0.6752600308830954,0.5018006755758031,3,2,2,0.6700404927099045,0.6309829409669042,2.4849066497880004,0.0022595393363166
2,enables_or_supports,8,0.00021685241076788581,0.0008692119921579571,-0.0006523595813900712,0.0006523595813900712,-1.3883354489867816,P2,P8,2,2,2,0.6310427777777778,0.4583114065923426,1,1,1,0.6450541125541126,0.903346806382417,1.3862943611198906,0.0009043624091035881
2,expected_to_improve,0,4.435987331357409e-05,0.0,4.435987331357409e-05,4.435987331357409e-05,8.397730896147745,P2,P0,1,1,1,0.4431071428571428,0.24038209922108764,0,0,0,,,0.6931471805599453,3.074792111730024e-05
2,expected_to_improve,1,0.0,0.0,0.0,0.0,0.0,P2,P1,0,0,0,,,0,0,0,,,0.0,0.0
2,expected_to_improve,2,0.001518659864181257,0.0,0.001518659864181257,0.001518659864181257,11.930760327359765,P2,P2,8,1,1,0.6618101274979689,0.5893104198782702,0,0,0,,,0.6931471805599453,0.0010526548030867877
2,expected_to_improve,3,0.00037358958244821554,0.0,0.00037358958244821554,0.00037358958244821554,10.528354774698192,P2,P3,2,2,2,0.7225089285714286,0.5335622964436858,0,0,0,,,1.0986122886681096,0.0004104301061959975
2,expected_to_improve,4,0.0002552984213472528,0.0,0.0002552984213472528,0.0002552984213472528,10.14764249577553,P2,P4,2,2,2,0.7104642857142857,0.8509360824593639,0,0,0,,,1.0986122886681096,0.0002804739829696608
2,expected_to_improve,5,0.0015581362619192813,0.004304731073958764,-0.0027465948120394823,0.0027465948120394823,-1.0162201696097313,P2,P5,3,3,3,0.8168492063492062,0.5760918390735683,1,1,1,0.7636944444444443,0.5310869233726482,1.6094379124341003,0.004420473820591154
2,expected_to_improve,6,9.143971712421922e-05,0.0,9.143971712421922e-05,9.143971712421922e-05,9.120959467591305,P2,P6,1,1,1,0.6568571428571428,0.2583252260794684,0,0,0,,,0.6931471805599453,6.33811821158515e-05
2,expected_to_improve,7,0.0014397215431267228,0.0,0.0014397215431267228,0.0014397215431267228,11.877382132793986,P2,P7,2,2,2,0.6661909420289855,0.5565631511385838,0,0,0,,,1.0986122886681096,0.0015816957795392313
2,expected_to_improve,8,0.0008702727865950023,0.0,0.0008702727865950023,0.0008702727865950023,11.373988386885214,P2,P8,3,2,2,0.5750468504828504,0.34111722730915345,0,0,0,,,1.0986122886681096,0.0009560923778467087
2,reduces_or_prevents,0,0.0,0.0,0.0,0.0,0.0,P2,P0,0,0,0,,,0,0,0,,,0.0,0.0
2,reduces_or_prevents,1,0.00017982554726248386,0.0,0.00017982554726248386,0.00017982554726248386,9.797212992947863,P2,P1,1,1,1,0.8442307692307693,0.48876269603628747,0,0,0,,,0.6931471805599453,0.00012464557107763987
2,reduces_or_prevents,2,0.0047639389106519225,0.0,0.0047639389106519225,0.0047639389106519225,13.074002392361262,P2,P2,19,2,2,0.7294922096269274,0.509071880963385,0,0,0,,,1.0986122886681096,0.005233721829706369
2,reduces_or_prevents,3,0.000883117143680252,0.0,0.000883117143680252,0.000883117143680252,11.388639366804265,P2,P3,1,1,1,0.7048447204968944,0.25838295169528686,0,0,0,,,0.6931471805599453,0.0006121301582461188
2,reduces_or_prevents,4,0.00014118870812479073,0.0,0.00014118870812479073,0.00014118870812479073,9.555338361747522,P2,P4,1,1,1,0.7323082706766917,0.5560570612216204,0,0,0,,,0.6931471805599453,9.786455496359973e-05
2,reduces_or_prevents,5,0.0,0.0,0.0,0.0,0.0,P2,P5,0,0,0,,,0,0,0,,,0.0,0.0
2,reduces_or_prevents,6,0.0009403080072051701,0.0014388735248516582,-0.0004985655176464881,0.0004985655176464881,-0.42540463829314384,P2,P6,2,2,2,0.6457714285714286,0.3170263083486403,1,1,1,0.7201680672268906,0.36251907090796187,1.3862943611198906,0.0006911585657621458
2,reduces_or_prevents,7,0.00018431022007111514,0.0018233246890259187,-0.0016390144689548034,0.0016390144689548034,-2.291747778802884,P2,P7,1,1,1,0.7511764705882352,0.5679752670928728,1,1,1,0.7719999999999999,0.3451730231670736,1.0986122886681096,0.0018006414368985828
2,reduces_or_prevents,8,0.0,0.0007152670689853882,-0.0007152670689853882,0.0007152670689853882,-11.177840162690323,P2,P8,0,0,0,,,1,1,1,0.629,0.17929131241059992,0.6931471805599453,0.0004957853522145977
2,requires_or_depends_on,0,0.0007718858313167581,0.0,0.0007718858313167581,0.0007718858313167581,11.254019793381005,P2,P0,2,2,2,0.5174498626373626,0.7481020302357113,0,0,0,,,1.0986122886681096,0.0008480032597333899
2,requires_or_depends_on,1,0.0005457681362159841,0.0,0.0005457681362159841,0.0005457681362159841,10.907382735226163,P2,P1,1,1,1,0.7502605042016806,0.3928972597684214,0,0,0,,,0.6931471805599453,0.00037829764485756555
2,requires_or_depends_on,2,0.03099122043592148,0.0006428562424662019,0.03034836419345528,0.03034836419345528,3.87552287273243,P2,P2,22,4,4,0.695143345767073,0.4845951358787089,1,1,1,0.8537608695652175,0.18567329397008636,1.791759469228055,0.05437696891920514
2,requires_or_depends_on,3,0.0,0.0,0.0,0.0,0.0,P2,P3,0,0,0,,,0,0,0,,,0.0,0.0
2,requires_or_depends_on,4,4.227090238330109e-05,0.0,4.227090238330109e-05,4.227090238330109e-05,8.349505689792196,P2,P4,1,1,1,0.4971318681318681,0.15707076055950553,0,0,0,,,0.6931471805599453,2.9299956806709822e-05
2,requires_or_depends_on,5,0.00019376421507534815,0.0008536766198331795,-0.0006599124047578313,0.0006599124047578313,-1.4828705292869664,P2,P5,3,2,2,0.6030238095238095,0.3521533299946755,2,1,1,0.8831176470588235,0.39860826531660953,1.3862943611198906,0.0009148328455488485
2,requires_or_depends_on,6,0.0,0.00036145449642350136,-0.00036145449642350136,0.00036145449642350136,-10.495334010933941,P2,P6,0,0,0,,,1,1,1,0.8391666666666666,0.27989904712868663,0.6931471805599453,0.0002505411650966648
2,requires_or_depends_on,7,0.00024395351381283154,0.0,0.00024395351381283154,0.00024395351381283154,10.102188866546067,P2,P7,1,1,1,0.88255,0.5841547041454285,0,0,0,,,0.6931471805599453,0.00016909569028705586
2,requires_or_depends_on,8,3.8855876523929895e-05,0.0004564167961149538,-0.0004175609195910239,0.0004175609195910239,-2.46331167270411,P2,P8,1,1,1,0.8449999999999999,0.1985443621764455,1,1,1,0.83,0.1595861946644444,1.0986122886681096,0.0004587375575302553
2,risks_or_threatens,0,0.0,0.0,0.0,0.0,0.0,P2,P0,0,0,0,,,0,0,0,,,0.0,0.0
2,risks_or_threatens,1,0.0,0.0015571740459524369,-0.0015571740459524369,0.0015571740459524369,-11.955804556329266,P2,P1,0,0,0,,,1,1,1,0.775889724310777,0.34950357559815803,0.6931471805599453,0.0010793507995930543
2,risks_or_threatens,2,0.0013879777164690437,0.0,0.0013879777164690437,0.0013879777164690437,11.840780477209517,P2,P2,7,1,1,0.8275646258503401,0.5029785822722844,0,0,0,,,0.6931471805599453,0.0009620728408505488
2,risks_or_threatens,3,0.0,0.0,0.0,0.0,0.0,P2,P3,0,0,0,,,0,0,0,,,0.0,0.0
2,risks_or_threatens,4,0.0,0.0,0.0,0.0,0.0,P2,P4,0,0,0,,,0,0,0,,,0.0,0.0
2,risks_or_threatens,5,0.0,0.0,0.0,0.0,0.0,P2,P5,0,0,0,,,0,0,0,,,0.0,0.0
2,risks_or_threatens,6,0.0002685828417664892,0.0,0.0002685828417664892,0.0002685828417664892,10.198366819560116,P2,P6,1,1,1,0.7302857142857142,0.3237209853780136,0,0,0,,,0.6931471805599453,0.0001861674395172199
2,risks_or_threatens,7,0.0,0.0,0.0,0.0,0.0,P2,P7,0,0,0,,,0,0,0,,,0.0,0.0
2,risks_or_threatens,8,0.0009218933281045266,0.0,0.0009218933281045266,0.0009218933281045266,11.431610553835508,P2,P8,2,1,1,0.5957302839717935,0.5457991610009197,0,0,0,,,0.6931471805599453,0.0006390077611526772
3,causes_or_increases,0,0.0007330117657608422,0.005921867652793934,-0.005188855887033092,0.005188855887033092,-2.089233453143927,P3,P0,7,6,6,0.6623412079983508,0.4063940846593891,4,3,3,0.7780241043785935,0.2648986960169263,2.302585092994046,0.011947782215176795
3,causes_or_increases,1,0.0001071479563411475,0.006450676067211325,-0.006343528110870177,0.006343528110870177,-4.097637797746119,P3,P1,2,2,2,0.6129411764705881,0.24557782922632448,3,3,3,0.6450180375180375,0.43240524303765865,1.791759469228055,0.011366076560965995
3,causes_or_increases,2,9.604163870520622e-05,0.0,9.604163870520622e-05,9.604163870520622e-05,9.170056136017102,P3,P2,1,1,1,0.6914285714285714,0.17229039234691412,0,0,0,,,0.6931471805599453,6.65709910848706e-05
3,causes_or_increases,3,0.0017265634199425982,0.003934984464269657,-0.002208421044327059,0.002208421044327059,-0.8237707128246345,P3,P3,18,4,4,0.7173712861813332,0.37232607653564015,7,3,3,0.6930451453308596,0.3708751944696064,2.0794415416798357,0.0045922824610936525
3,causes_or_increases,4,0.0004691723404467003,0.0005633442457692692,-9.417190532256891e-05,9.417190532256891e-05,-0.18291716273794104,P3,P4,5,2,2,0.716660927960928,0.25792652922305664,1,1,1,0.9037426900584794,0.27077944983473395,1.3862943611198906,0.00013054998132459348
3,causes_or_increases,5,0.0014070772953178878,0.0031130154877137624,-0.0017059381923958746,0.0017059381923958746,-0.794073259146173,P3,P5,6,5,5,0.7048780284043441,0.3335477751051927,3,3,3,0.7584126984126985,0.6362423852992269,2.1972245773362196,0.00374832932374874
3,causes_or_increases,6,0.001476693700109673,0.010520176757021145,-0.009043483056911472,0.009043483056911472,-1.9634835855650365,P3,P6,12,6,6,0.7546760890959704,0.4378867780210188,8,4,4,0.7771694601086048,0.3734901773439663,2.3978952727983707,0.021685325271800178
3,causes_or_increases,7,0.0010830173518995413,0.005574049185238449,-0.004491031833338908,0.004491031833338908,-1.638363323716063,P3,P7,6,4,4,0.7104129365493966,0.45706417155592066,3,2,2,0.765681425786689,0.30788228718041477,1.9459101490553132,0.00873914442422467
3,causes_or_increases,8,0.0005887872176601924,0.000786373068762449,-0.0001975858511022566,0.0001975858511022566,-0.28936219658100615,P3,P8,5,4,4,0.7558159507159508,0.579594402883256,2,2,2,0.7849922360248447,0.26073723359544976,1.9459101490553132,0.0003844843129696131
3,enables_or_supports,0,0.0020812172805202323,0.002580758712305614,-0.0004995414317853818,0.0004995414317853818,-0.21512954664066183,P3,P0,17,5,5,0.7694296295409928,0.5063818927019674,3,3,3,0.7091378976096366,0.26080293064544086,2.1972245773362196,0.0010976047113165654
3,enables_or_supports,1,0.0009686570669677256,0.0,0.0009686570669677256,0.0009686570669677256,11.48109115469967,P3,P1,5,4,4,0.7857537668308702,0.5499735853859237,0,0,0,,,1.6094379124341003,0.0015589934077250747
3,enables_or_supports,2,0.001160445137640806,0.00043205282998647244,0.0007283923076543337,0.0007283923076543337,0.9879965497302461,P3,P2,2,2,2,0.68875,0.9183954718316388,1,1,1,0.7532995169082124,0.11793525170294877,1.3862943611198906,0.0010097661487843072
3,enables_or_supports,3,0.0062180070530699315,0.009982461557543955,-0.0037644545044740237,0.0037644545044740237,-0.47337965655366115,P3,P3,61,5,5,0.7179137823626531,0.5391029964055489,9,5,5,0.7022490334378264,0.3695900715115373,2.3978952727983707,0.009026767660942795
3,enables_or_supports,4,0.0022120122915436275,0.004862017197162281,-0.0026500049056186535,0.0026500049056186535,-0.7875483085395492,P3,P4,10,6,6,0.7272379230444865,0.4980183416559664,1,1,1,0.8043333333333332,0.37464539452062773,2.0794415416798357,0.00551053028639878
3,enables_or_supports,5,0.004302176093309197,0.0032334270234170193,0.0010687490698921775,0.0010687490698921775,0.2855776218789407,P3,P5,29,10,10,0.7331712274979932,0.5039768359023785,2,2,2,0.7309663542340012,0.4320940487634697,2.5649493574615367,0.0027412872401075556
3,enables_or_supports,6,0.005813806218935968,0.006180755848871767,-0.00036694962993579893,0.00036694962993579893,-0.06120499601039992,P3,P6,17,10,10,0.7234964434573823,0.5378379714924116,5,2,2,0.735082857142857,0.452547051899994,2.5649493574615367,0.0009412072175245762
3,enables_or_supports,7,0.00720595233023725,0.0029188666038202763,0.004287085726416973,0.004287085726416973,0.9037099672214755,P3,P7,24,10,10,0.7218672397704626,0.6598388538186352,6,2,2,0.6994506944444444,0.3845655664905563,2.5649493574615367,0.01099615777935574
3,enables_or_supports,8,0.0013954869773155482,0.0003503909056518596,0.0010450960716636886,0.0010450960716636886,1.3819279432697096,P3,P8,12,9,9,0.6901709432173515,0.31303987799707783,1,1,1,0.8338888888888888,0.3655328832961877,2.3978952727983707,0.0025060309298625062
3,expected_to_improve,0,0.001005253546272363,0.0,0.001005253546272363,0.001005253546272363,11.518175207200533,P3,P0,5,4,4,0.7303215388264486,0.3508499289792145,0,0,0,,,1.6094379124341003,0.0016178931689795682
3,expected_to_improve,1,8.757987763459291e-05,0.0,8.757987763459291e-05,8.757987763459291e-05,9.077835625137258,P3,P1,1,1,1,0.7333999999999998,0.32002512643611786,0,0,0,,,0.6931471805599453,6.0705745256203086e-05
3,expected_to_improve,2,0.0,0.0,0.0,0.0,0.0,P3,P2,0,0,0,,,0,0,0,,,0.0,0.0
3,expected_to_improve,3,0.001726378048432263,0.00044357664707647616,0.0012828014013557868,0.0012828014013557868,1.358893517900551,P3,P3,8,4,4,0.6848361476989193,0.4288643536681761,1,1,1,0.6808333333333333,0.5287076219180288,1.791759469228055,0.0022984715580182495
3,expected_to_improve,4,0.00048341078874908436,0.0,0.00048341078874908436,0.00048341078874908436,10.786057658606014,P3,P4,4,2,2,0.7127786825742972,0.4830415255974987,0,0,0,,,1.0986122886681096,0.0005310810329944877
3,expected_to_improve,5,0.00021208936036245737,0.0,0.00021208936036245737,0.00021208936036245737,9.962225031818477,P3,P5,1,1,1,0.6107142857142857,1.0,0,0,0,,,0.6931471805599453,0.00014700914216199954
3,expected_to_improve,6,0.0025497557330583067,0.0,0.0025497557330583067,0.0025497557330583067,12.448926950531414,P3,P6,1,1,1,0.7790999999999999,0.4549460093526333,0,0,0,,,0.6931471805599453,0.0017673559974859217
3,expected_to_improve,7,0.0008177188201288189,0.004171935225245739,-0.0033542164051169198,0.0033542164051169198,-1.6296069209944284,P3,P7,3,2,2,0.7050290047642989,0.27866134584856367,1,1,1,0.6853571428571428,0.3324398381353833,1.3862943611198906,0.004649931288389416
3,expected_to_improve,8,0.0,0.00019464465123660466,-0.00019464465123660466,0.00019464465123660466,-9.876397155143627,P3,P8,0,0,0,,,1,1,1,0.6163690476190475,0.3104850561659004,0.6931471805599453,0.0001349173912157264
3,reduces_or_prevents,0,0.0,0.0,0.0,0.0,0.0,P3,P0,0,0,0,,,0,0,0,,,0.0,0.0
3,reduces_or_prevents,1,0.0,0.00023428861466726067,-0.00023428861466726067,0.00023428861466726067,-10.061766618839293,P3,P1,0,0,0,,,1,1,1,0.71875,0.3171934643705859,0.6931471805599453,0.00016239649269390717
3,reduces_or_prevents,2,0.0,0.0,0.0,0.0,0.0,P3,P2,0,0,0,,,0,0,0,,,0.0,0.0
3,reduces_or_prevents,3,5.86644872454403e-05,0.006711907756357682,-0.006653243269112242,0.006653243269112242,-4.739634992041866,P3,P3,1,1,1,0.43238095238095237,0.14170411832767907,2,2,2,0.7491071428571429,0.4667932211852217,1.3862943611198906,0.009223353627129168
3,reduces_or_prevents,4,4.644915312343253e-05,0.0,4.644915312343253e-05,4.644915312343253e-05,8.443743685084852,P3,P4,1,1,1,0.4974025974025974,0.2087030980239968,0,0,0,,,0.6931471805599453,3.219609952690443e-05
3,reduces_or_prevents,5,5.645062400219549e-05,0.0003816312595820896,-0.0003251806355798941,0.0003251806355798941,-1.9109375814484608,P3,P5,1,1,1,0.736,0.3030650515219168,1,1,1,0.7376923076923078,0.29935334561761495,1.0986122886681096,0.00035724744228497795
3,reduces_or_prevents,6,0.00016844326971582365,0.0,0.00016844326971582365,0.00016844326971582365,9.731828566253776,P3,P6,1,1,1,0.865,1.0,0,0,0,,,0.6931471805599453,0.00011675597748782158
3,reduces_or_prevents,7,0.0,0.0,0.0,0.0,0.0,P3,P7,0,0,0,,,0,0,0,,,0.0,0.0
3,reduces_or_prevents,8,0.0,0.0,0.0,0.0,0.0,P3,P8,0,0,0,,,0,0,0,,,0.0,0.0
3,requires_or_depends_on,0,0.0,0.00017398945751345008,-0.00017398945751345008,0.00017398945751345008,-9.764222367458968,P3,P0,0,0,0,,,1,1,1,0.4971318681318681,0.1846852158756136,0.6931471805599453,0.00012060030192260231
3,requires_or_depends_on,1,0.0,0.0,0.0,0.0,0.0,P3,P1,0,0,0,,,0,0,0,,,0.0,0.0
3,requires_or_depends_on,2,0.0005572706783838331,0.0,0.0005572706783838331,0.0005572706783838331,10.928239209917404,P3,P2,3,2,2,0.4871910866910867,0.5492443070292687,0,0,0,,,1.0986122886681096,0.0006122244153868928
3,requires_or_depends_on,3,0.0015020378176327906,0.0033143057488039954,-0.0018122679311712048,0.0018122679311712048,-0.7914218029059423,P3,P3,13,2,2,0.7389344554779057,0.5846324325330182,4,2,2,0.7687743912337662,0.395910602452268,1.6094379124341003,0.0029167327159154498
3,requires_or_depends_on,4,0.0006496191720934708,0.0021123655915473794,-0.0014627464194539087,0.0014627464194539087,-1.179166770303445,P3,P4,5,4,4,0.7015474318274317,0.49928368170844406,2,2,2,0.7824538398692811,0.4279108545361642,1.9459101490553132,0.002846373103109681
3,requires_or_depends_on,5,0.0001599565083334601,0.0,0.0001599565083334601,0.0001599565083334601,9.680134656394944,P3,P5,2,2,2,0.569547619047619,0.4144326939443793,0,0,0,,,1.0986122886681096,0.00017573018570758212
3,requires_or_depends_on,6,0.00014505810776485606,0.0014062338195504754,-0.0012611757117856194,0.0012611757117856194,-2.2714741300916352,P3,P6,1,1,1,0.6821904761904761,0.6404545001953543,1,1,1,0.8332857142857141,0.49794218224276565,1.0986122886681096,0.0013855431351374313
3,requires_or_depends_on,7,0.0001917040826915196,0.0019805591926172583,-0.0017888551099257387,0.0017888551099257387,-2.3351344439058814,P3,P7,2,2,2,0.7618365683229813,0.6467107956015163,1,1,1,0.867440476190476,0.47860476021887066,1.3862943611198906,0.0024798797517505537
3,requires_or_depends_on,8,0.0003017273728193522,0.0,0.0003017273728193522,0.0003017273728193522,10.314727198592553,P3,P8,3,1,1,0.6845199275038617,0.43608484529773234,0,0,0,,,0.6931471805599453,0.00020914147776749346
3,risks_or_threatens,0,9.869797317660679e-05,0.0,9.869797317660679e-05,9.869797317660679e-05,9.197335911096015,P3,P0,1,1,1,0.865,0.28279870380594846,0,0,0,,,0.6931471805599453,6.84122218343461e-05
3,risks_or_threatens,1,0.0,0.0,0.0,0.0,0.0,P3,P1,0,0,0,,,0,0,0,,,0.0,0.0
3,risks_or_threatens,2,0.0,0.0,0.0,0.0,0.0,P3,P2,0,0,0,,,0,0,0,,,0.0,0.0
3,risks_or_threatens,3,0.00017518086240783705,0.0,0.00017518086240783705,0.00017518086240783705,9.771046207923844,P3,P3,2,1,1,0.8078614718614718,0.3253545030874738,0,0,0,,,0.6931471805599453,0.00012142612086605196
3,risks_or_threatens,4,6.987136639759661e-05,0.0,6.987136639759661e-05,6.987136639759661e-05,8.851969224548707,P3,P4,1,1,1,0.7,0.27340979718199626,0,0,0,,,0.6931471805599453,4.843114062036499e-05
3,risks_or_threatens,5,0.0001949843624210292,0.0,0.0001949843624210292,0.0001949843624210292,9.878140833472528,P3,P5,1,1,1,0.844,0.28177168772476135,0,0,0,,,0.6931471805599453,0.00013515286106541494
3,risks_or_threatens,6,0.0003003950668192996,0.0012930874809943353,-0.0009926924141750357,0.0009926924141750357,-1.4596639806074774,P3,P6,3,2,2,0.7757005494505494,0.37971548081210166,1,1,1,0.6952380952380952,0.34067183800253165,1.3862943611198906,0.001376163896097343
3,risks_or_threatens,7,0.0,0.0,0.0,0.0,0.0,P3,P7,0,0,0,,,0,0,0,,,0.0,0.0
3,risks_or_threatens,8,0.0,0.0,0.0,0.0,0.0,P3,P8,0,0,0,,,0,0,0,,,0.0,0.0
4,causes_or_increases,0,0.0004231454185360605,0.0,0.0004231454185360605,0.0004231454185360605,10.652909717259277,P4,P0,4,3,3,0.7211834092442645,0.18782723761909792,0,0,0,,,1.3862943611198906,0.0005866041076502567
4,causes_or_increases,1,0.00010473255435598788,0.011850857000674113,-0.011746124446318125,0.011746124446318125,-4.728650832358559,P4,P1,1,1,1,0.7276190476190476,0.5191494333197805,5,4,4,0.7124591630591631,0.45872456166067765,1.791759469228055,0.021046229703421643
4,causes_or_increases,2,0.0,0.003242861370445735,-0.003242861370445735,0.003242861370445735,-12.689384627754768,P4,P2,0,0,0,,,3,2,2,0.7552778039191083,0.5430282464643547,1.0986122886681096,0.0035626473520187912
4,causes_or_increases,3,0.00043630201271122146,0.0029303681281562612,-0.00249406611544504,0.00249406611544504,-1.9045291347669442,P4,P3,4,3,3,0.7961309523809523,0.4371647144480082,5,5,5,0.6233369047619047,0.2063432499799513,2.1972245773362196,0.005480023366357315
4,causes_or_increases,4,0.003228284102389382,0.009118345787388904,-0.005890061684999523,0.005890061684999523,-1.038335645318654,P4,P4,25,3,3,0.7025162422512472,0.5290637061052661,8,2,2,0.7798082187420422,0.3801118891575487,1.791759469228055,0.010553573798435247
4,causes_or_increases,5,0.0009292539285299327,0.0037090945569769893,-0.0027798406284470565,0.0027798406284470565,-1.3841529690974037,P4,P5,6,2,2,0.7693780435251023,0.749276610711305,4,3,3,0.8099882055609453,0.49675597384717796,1.791759469228055,0.004980805768964881
4,causes_or_increases,6,0.001591049787937883,0.003154212634542195,-0.0015631628466043117,0.0015631628466043117,-0.6843417465547754,P4,P6,5,5,5,0.7571374488256841,0.40073716471305554,3,3,3,0.6450610249965089,0.2704283750435337,2.1972245773362196,0.0034346198249378406
4,causes_or_increases,7,0.0004684031638643066,0.003664254746116871,-0.0031958515822525643,0.0031958515822525643,-2.0570322439965256,P4,P7,2,2,2,0.7085516657255788,0.6316825129465394,2,2,2,0.7438961038961038,0.5061233467403365,1.6094379124341003,0.005143524698989784
4,causes_or_increases,8,0.001049194126457272,0.0016709026017147665,-0.0006217084752574945,0.0006217084752574945,-0.4653380433033327,P4,P8,7,4,4,0.7429685914154858,0.4526003162058978,3,2,2,0.7487499999999999,0.33633063553314385,1.9459101490553132,0.0012097888317572627
4,enables_or_supports,0,0.0033774151936728676,0.0,0.0033774151936728676,0.0033774151936728676,12.730039107145743,P4,P0,8,6,6,0.6683148160485348,0.36507293923936224,0,0,0,,,1.9459101490553132,0.006572146502941649
4,enables_or_supports,1,0.0,0.011118561071640404,-0.011118561071640404,0.011118561071640404,-13.921542244783973,P4,P1,0,0,0,,,5,4,4,0.6891705266955266,0.40900697350715837,1.6094379124341003,0.017894633720411987
4,enables_or_supports,2,0.0001072331369338611,0.004489733301533115,-0.0043825001645992545,0.0043825001645992545,-3.734452243483288,P4,P2,1,1,1,0.7241355042016806,0.169465509810156,3,2,2,0.5978692723469466,0.5023973114819521,1.3862943611198906,0.006075435265790938
4,enables_or_supports,3,0.0012414696134349704,0.0010095375404814981,0.00023193207295347227,0.00023193207295347227,0.2068016541580331,P4,P3,12,6,6,0.7412642430299878,0.4082328616748563,2,2,2,0.7602083333333333,0.3983713425255223,2.1972245773362196,0.0005096068509659064
4,enables_or_supports,4,0.003032119042125694,0.0019832074361591746,0.0010489116059665196,0.0010489116059665196,0.42454453331030284,P4,P4,22,5,5,0.6600141737119146,0.4995804461173026,2,2,2,0.7257351365546219,0.39291881536168916,2.0794415416798357,0.002181150366996892
4,enables_or_supports,5,0.0016375574668183088,0.003111298153090245,-0.0014737406862719363,0.0014737406862719363,-0.6418313769663324,P4,P5,10,6,6,0.7347785613127693,0.42628049307092236,4,2,2,0.7229489718614718,0.38088358325453775,2.1972245773362196,0.0032381392564970455
4,enables_or_supports,6,0.0024083158520506105,0.001075690139977902,0.0013326257120727086,0.0013326257120727086,0.8059600963275079,P4,P6,7,7,7,0.712746321255775,0.49679997366933154,1,1,1,0.8899999999999999,0.20944095373588173,2.1972245773362196,0.0029280779669563356
4,enables_or_supports,7,0.0027766037426471034,0.003323971778987915,-0.0005473680363408118,0.0005473680363408118,-0.17993128826808452,P4,P7,13,8,8,0.7438453023378844,0.5362707536864387,5,3,3,0.7456998943890247,0.35923054190209697,2.4849066497880004,0.001360158473384683
4,enables_or_supports,8,0.0019177373283252278,0.018005283488242468,-0.01608754615991724,0.01608754615991724,-2.2395145666160197,P4,P8,7,4,4,0.6668370902906616,0.43496534255631414,3,3,3,0.704532212885154,0.6051388626199449,2.0794415416798357,0.03345311178862383
4,expected_to_improve,0,5.788040692522872e-05,0.0,5.788040692522872e-05,5.788040692522872e-05,8.663721873337918,P4,P0,1,1,1,0.6310827053140097,0.23997391376862745,0,0,0,,,0.6931471805599453,4.011964086988462e-05
4,expected_to_improve,1,0.000896151027283107,0.0,0.000896151027283107,0.000896151027283107,11.403290300765581,P4,P1,1,1,1,0.47620634920634913,0.20274267219562836,0,0,0,,,0.6931471805599453,0.0006211645579171842
4,expected_to_improve,2,0.0,0.0,0.0,0.0,0.0,P4,P2,0,0,0,,,0,0,0,,,0.0,0.0
4,expected_to_improve,3,0.0,0.0,0.0,0.0,0.0,P4,P3,0,0,0,,,0,0,0,,,0.0,0.0
4,expected_to_improve,4,0.0007549751715263225,0.004793255423028762,-0.0040382802515024395,0.0040382802515024395,-1.8482690661554813,P4,P4,5,2,2,0.6322245184550581,0.43672350174618846,3,2,2,0.7063986568986568,0.29005629997517723,1.6094379124341003,0.00649936133780194
4,expected_to_improve,5,0.0009756711781948465,0.0,0.0009756711781948465,0.0009756711781948465,11.488306057350025,P4,P5,5,3,3,0.5666678083028083,0.5350023577843939,0,0,0,,,1.3862943611198906,0.0013525674526387156
4,expected_to_improve,6,0.0015172770396441326,0.0007072691799136809,0.0008100078597304517,0.0008100078597304517,0.7632537091682838,P4,P6,3,3,3,0.6419760239760239,0.3985105091071543,1,1,1,0.7699130434782608,0.33021679403035975,1.6094379124341003,0.0013036573588197918
4,expected_to_improve,7,0.00025728208884427325,0.0020981155197277892,-0.001840833430883516,0.001840833430883516,-2.09858764344574,P4,P7,2,2,2,0.8015126050420167,0.4402447219162326,2,2,2,0.7869322660098521,0.30950252666914707,1.6094379124341003,0.0029627071141400687
4,expected_to_improve,8,0.0,0.0006287753969892467,-0.0006287753969892467,0.0006287753969892467,-11.048960203215806,P4,P8,0,0,0,,,1,1,1,0.7134870129870129,0.3911485861183342,0.6931471805599453,0.0004358338936285567
4,reduces_or_prevents,0,0.0,0.0,0.0,0.0,0.0,P4,P0,0,0,0,,,0,0,0,,,0.0,0.0
4,reduces_or_prevents,1,0.0,0.0,0.0,0.0,0.0,P4,P1,0,0,0,,,0,0,0,,,0.0,0.0
4,reduces_or_prevents,2,0.0003408700995400123,0.0,0.0003408700995400123,0.0003408700995400123,10.43670098718866,P4,P2,1,1,1,0.7409852216748769,0.22401078775123784,0,0,0,,,0.6931471805599453,0.00023627314843334743
4,reduces_or_prevents,3,0.0,0.0,0.0,0.0,0.0,P4,P3,0,0,0,,,0,0,0,,,0.0,0.0
4,reduces_or_prevents,4,0.0007982833709614503,0.011474400252910598,-0.010676116881949149,0.010676116881949149,-2.665398476852953,P4,P4,4,1,1,0.698205815018315,0.6211400588801874,1,1,1,0.8066963292547275,0.7971024903129934,1.0986122886681096,0.011728913201766396
4,reduces_or_prevents,5,0.00011941362943334218,0.0,0.00011941362943334218,0.00011941362943334218,9.387847268818462,P4,P5,1,1,1,0.7638961038961039,0.2726347636227159,0,0,0,,,0.6931471805599453,8.277122056215122e-05
4,reduces_or_prevents,6,0.00011124173317139556,0.001070426250452899,-0.0009591845172815035,0.0009591845172815035,-2.2640260550744498,P4,P6,1,1,1,0.6364285714285713,0.46231010213396073,2,2,2,0.6551510989010989,0.2648191773363849,1.3862943611198906,0.0013297120875808525
4,reduces_or_prevents,7,0.00015225062707805914,0.0,0.00015225062707805914,0.00015225062707805914,9.630763890326474,P4,P7,1,1,1,0.6142857142857143,0.5047134643181841,0,0,0,,,0.6931471805599453,0.00010553209289764035
4,reduces_or_prevents,8,0.0,0.0,0.0,0.0,0.0,P4,P8,0,0,0,,,0,0,0,,,0.0,0.0
4,requires_or_depends_on,0,0.0009033828336135276,0.0,0.0009033828336135276,0.0009033828336135276,11.411327676493412,P4,P0,4,4,4,0.6467104437229437,0.6351238549439238,0,0,0,,,1.6094379124341003,0.001453938581859758
4,requires_or_depends_on,1,0.0007028815831497167,0.0,0.0007028815831497167,0.0007028815831497167,11.160372845634914,P4,P1,2,2,2,0.6445645604395605,0.47991642652349387,0,0,0,,,1.0986122886681096,0.0007721943447267744
4,requires_or_depends_on,2,0.0,0.0,0.0,0.0,0.0,P4,P2,0,0,0,,,0,0,0,,,0.0,0.0
4,requires_or_depends_on,3,0.00024204449559098314,0.001551766673121146,-0.001309722177530163,0.001309722177530163,-1.8579929050062076,P4,P3,2,1,1,0.6760949328449328,0.4163264403515543,2,1,1,0.8489199999999999,0.6256133615187808,1.0986122886681096,0.0014388768789757925
4,requires_or_depends_on,4,0.0023552233540397338,0.0,0.0023552233540397338,0.0023552233540397338,12.36956527629386,P4,P4,6,2,2,0.6905064033189032,0.47953003923251253,0,0,0,,,1.0986122886681096,0.002587477319306173
4,requires_or_depends_on,5,0.00013969387495278268,0.0,0.00013969387495278268,0.00013969387495278268,9.544695189538356,P4,P5,1,1,1,0.8400714285714286,0.19793498479859872,0,0,0,,,0.6931471805599453,9.682841556501487e-05
4,requires_or_depends_on,6,0.00013559941829028712,0.0009060052213688436,-0.0007704058030785565,0.0007704058030785565,-1.8992772770173567,P4,P6,1,1,1,0.7391904761904761,0.5400807651163053,1,1,1,0.686758064516129,0.3998670826061388,1.0986122886681096,0.0008463772825233259
4,requires_or_depends_on,7,0.0002966660226868389,0.002000208100294064,-0.0017035420776072253,0.0017035420776072253,-1.9083707930361409,P4,P7,2,2,2,0.6455521428571427,0.5624527726440492,2,2,2,0.8540819327731092,0.6450530797350373,1.6094379124341003,0.0027417452051278226
4,requires_or_depends_on,8,0.0,0.0,0.0,0.0,0.0,P4,P8,0,0,0,,,0,0,0,,,0.0,0.0
4,risks_or_threatens,0,0.00022609284584103787,0.0,0.00022609284584103787,0.00022609284584103787,10.026160151840473,P4,P0,2,2,2,0.6459090909090909,0.5292532729832005,0,0,0,,,1.0986122886681096,0.00024838837882090866
4,risks_or_threatens,1,4.760113186670794e-05,0.005590482249503455,-0.005542881117636747,0.005542881117636747,-4.765756024575635,P4,P1,1,1,1,0.6019642857142857,0.6315276891600505,1,1,1,0.6161511627906977,0.7558744329495956,1.0986122886681096,0.006089477310462155
4,risks_or_threatens,2,0.0,0.0,0.0,0.0,0.0,P4,P2,0,0,0,,,0,0,0,,,0.0,0.0
4,risks_or_threatens,3,0.0,0.0,0.0,0.0,0.0,P4,P3,0,0,0,,,0,0,0,,,0.0,0.0
4,risks_or_threatens,4,0.0009125327784925267,0.0,0.0009125327784925267,0.0009125327784925267,11.421405150885635,P4,P4,5,1,1,0.713976972354159,0.7547093886924515,0,0,0,,,0.6931471805599453,0.000632519522580628
4,risks_or_threatens,5,0.00015252786086205768,0.0,0.00015252786086205768,0.00015252786086205768,9.63258301917009,P4,P5,2,2,2,0.8170488721804511,0.3487655873187856,0,0,0,,,1.0986122886681096,0.00016756898230731616
4,risks_or_threatens,6,0.0,0.0,0.0,0.0,0.0,P4,P6,0,0,0,,,0,0,0,,,0.0,0.0
4,risks_or_threatens,7,0.00023356759308701427,0.0,0.00023356759308701427,0.00023356759308701427,10.058684512337326,P4,P7,1,1,1,0.7628571428571428,0.3269149027661501,0,0,0,,,0.6931471805599453,0.0001618967186184365
4,risks_or_threatens,8,0.00015332343811275237,0.0009167131905362285,-0.0007633897524234761,0.0007633897524234761,-1.7881906783357833,P4,P8,1,1,1,0.6914285714285714,0.48519585539563975,1,1,1,0.7528571428571428,0.3088667115527364,1.0986122886681096,0.0008386693630557366
5,causes_or_increases,0,0.002941411806130528,0.0013620367305640217,0.0015793750755665062,0.0015793750755665062,0.7699045545862252,P5,P0,13,6,6,0.716578201524639,0.318804675289729,2,2,2,0.6598138528138527,0.44901042898089566,2.1972245773362196,0.0034702417328669765
5,causes_or_increases,1,0.0007570078033368446,0.0014289790884133714,-0.0006719712850765268,0.0006719712850765268,-0.6353357706413953,P5,P1,4,4,4,0.85335354596384,0.34399049606328913,2,2,2,0.6393214285714286,0.6204998253260665,1.9459101490553132,0.0013075957435041547
5,causes_or_increases,2,0.0009240226938597978,0.0006758800796974209,0.0002481426141623769,0.0002481426141623769,0.31271699515726825,P5,P2,4,4,4,0.8045342522974102,0.3343207954840345,2,1,1,0.801344537815126,0.21497150782063268,1.791759469228055,0.0004446118786444425
5,causes_or_increases,3,0.0005750235112298288,0.007454764738336631,-0.006879741227106803,0.006879741227106803,-2.562181691057942,P5,P3,5,5,5,0.8183223929854364,0.3785331237528756,3,3,3,0.8182473118279571,0.41660515345880506,2.1972245773362196,0.01511633650991231
5,causes_or_increases,4,0.0009366050067688687,0.0013083430828942503,-0.00037173807612538154,0.00037173807612538154,-0.3342521174173587,P5,P4,8,5,5,0.7582273908523909,0.45379367152138467,1,1,1,0.8772514619883041,0.1805603065432549,1.9459101490553132,0.0007233688951226766
5,causes_or_increases,5,0.004570261460296179,0.005717871353937425,-0.001147609893641246,0.001147609893641246,-0.22402574046669751,P5,P5,26,6,6,0.7209780424675798,0.4216409134898433,7,4,4,0.7746925911020017,0.44227466557328327,2.3978952727983707,0.002751848338978985
5,causes_or_increases,6,0.0007267733187148807,0.00483275468327426,-0.004105981364559379,0.004105981364559379,-1.8945455965097002,P5,P6,4,4,4,0.7107505470073405,0.5184125484056101,5,4,4,0.7702715861561605,0.2664119355584719,2.1972245773362196,0.009021763168294375
5,causes_or_increases,7,0.0008233432049360966,0.0034714866154121663,-0.0026481434104760697,0.0026481434104760697,-1.4389558050161937,P5,P7,9,5,5,0.7079673116828936,0.42585379135682416,2,2,2,0.8850274725274725,0.19458410773998086,2.0794415416798357,0.005506659416069657
5,causes_or_increases,8,0.0017415566227855092,0.0015935900125996672,0.00014796661018584198,0.00014796661018584198,0.08878945031546105,P5,P8,7,6,6,0.8059396698807323,0.3107070196269178,3,2,2,0.8953439153439153,0.3916273194011584,2.1972245773362196,0.0003251158725254598
5,enables_or_supports,0,0.0013480330800952416,0.000548275361435037,0.0007997577186602046,0.0007997577186602046,0.8996133655296558,P5,P0,12,7,7,0.6293555466524215,0.39972395230674174,1,1,1,0.71,0.40503873461099776,2.1972245773362196,0.0017572473153545471
5,enables_or_supports,1,0.0009728276642018935,0.000930130529617848,4.2697134584045475e-05,4.2697134584045475e-05,0.04488154592747152,P5,P1,8,6,6,0.6664766889367694,0.4060425002206663,2,2,2,0.6875285714285714,0.45815191322359966,2.1972245773362196,9.3815193489897e-05
5,enables_or_supports,2,0.0016091408601496388,0.000272837322872253,0.0013363035372773858,0.0013363035372773858,1.7745495209253055,P5,P2,3,3,3,0.7078234126984126,0.7308191826277306,1,1,1,0.7249527027027026,0.30676156196904664,1.6094379124341003,0.00215069757541402
5,enables_or_supports,3,0.0033947293278402727,0.0015941085360446038,0.001800620791795669,0.001800620791795669,0.7559060353713964,P5,P3,15,7,7,0.7301832074152039,0.47178798445590014,3,3,3,0.7058418375151478,0.3290925051057752,2.3978952727983707,0.004317700084749293
5,enables_or_supports,4,0.0034963565419949593,0.0013951723881737723,0.002101184153821187,0.002101184153821187,0.918699147468079,P5,P4,12,9,9,0.6858543618449334,0.3903415452856612,2,2,2,0.8002619047619046,0.2335224689967796,2.4849066497880004,0.0052212464762594404
5,enables_or_supports,5,0.03404708446277504,0.028800282406229838,0.005246802056545201,0.005246802056545201,0.16735915738041227,P5,P5,111,19,19,0.7369088689596383,0.5455242099691487,15,4,4,0.7451148659294041,0.42733080493051057,3.1780538303479458,0.016674619372880953
5,enables_or_supports,6,0.004817661758881848,0.0008359273306900106,0.003981734428191838,0.003981734428191838,1.751492405782681,P5,P6,10,7,7,0.7528773086439704,0.4812191515730578,2,1,1,0.751198731884058,0.3388551598530889,2.1972245773362196,0.008748764746048885
5,enables_or_supports,7,0.008440665615622713,0.004596313143601263,0.0038443524720214494,0.0038443524720214494,0.6078056873857169,P5,P7,29,15,15,0.7301158984493061,0.4523498178972451,5,2,2,0.7300701230876966,0.45445606573945857,2.8903717578961645,0.011111607812529102
5,enables_or_supports,8,0.001570620071636904,0.0004452640643662874,0.0011253560072706167,0.0011253560072706167,1.2605421697756707,P5,P8,18,4,4,0.690143145333486,0.5121850445903923,1,1,1,0.8606373626373627,0.4740662217839875,1.791759469228055,0.0020163672822798035
5,expected_to_improve,0,0.0033907106960802064,0.0,0.0033907106960802064,0.0033907106960802064,12.73396795848146,P5,P0,5,4,4,0.6745042543663233,0.5209529694882973,0,0,0,,,1.6094379124341003,0.005457138344367302
5,expected_to_improve,1,0.00016429293880439636,0.0,0.00016429293880439636,0.00016429293880439636,9.706882097690558,P5,P1,1,1,1,0.4492142857142857,1.0,0,0,0,,,0.6931471805599453,0.00011387918731817497
5,expected_to_improve,2,0.0,0.0,0.0,0.0,0.0,P5,P2,0,0,0,,,0,0,0,,,0.0,0.0
5,expected_to_improve,3,0.0002796580124012109,0.0,0.0002796580124012109,0.0002796580124012109,10.23877341569889,P5,P3,2,2,2,0.8599196428571427,0.39559159839409247,0,0,0,,,1.0986122886681096,0.00030723572904846883
5,expected_to_improve,4,0.0020378150467932968,0.0,0.0020378150467932968,0.0020378150467932968,12.224808550547696,P5,P4,3,3,3,0.7287799145299144,0.3694620896109444,0,0,0,,,1.3862943611198906,0.0028250115083748133
5,expected_to_improve,5,0.007487610607581502,0.007932402436822491,-0.0004447918292409892,0.0004447918292409892,-0.05770613471032901,P5,P5,17,8,8,0.6673425354006599,0.4557918788258184,5,3,3,0.6868198649846231,0.40805087967296166,2.4849066497880004,0.0011052661742523028
5,expected_to_improve,6,0.0029858353233400974,0.0,0.0029858353233400974,0.0029858353233400974,12.606808362122655,P5,P6,6,6,6,0.8184425661596856,0.3023799155327569,0,0,0,,,1.9459101490553132,0.005810167259095348
5,expected_to_improve,7,0.0006744737192811549,0.005031203704610847,-0.004356729985329692,0.004356729985329692,-2.009468989257041,P5,P7,8,5,5,0.7083753046891833,0.27301727194275144,2,2,2,0.8119607142857141,0.36820529358459153,2.0794415416798357,0.009059565317376743
5,expected_to_improve,8,0.0003159469087376135,0.0003344477829304127,-1.850087419279922e-05,1.850087419279922e-05,-0.05690482259359381,P5,P8,4,4,4,0.8125346203689255,0.3188082223254467,1,1,1,0.7970499999999999,0.2648334089075858,1.791759469228055,3.314911652394495e-05
5,reduces_or_prevents,0,4.883167837092609e-05,0.003520375770882382,-0.003471544092511456,0.003471544092511456,-4.277741843256707,P5,P0,1,1,1,0.6228571428571428,0.7458979447269087,1,1,1,0.5565934065934065,0.5707914287356273,1.0986122886681096,0.003813881000686266
5,reduces_or_prevents,1,0.00016318804935820362,0.0005433748072380965,-0.00038018675787989287,0.00038018675787989287,-1.2028532478968514,P5,P1,1,1,1,0.6742857142857143,0.1672609162410182,1,1,1,0.7826666666666666,0.908234173748059,1.0986122886681096,0.00041767784419573755
5,reduces_or_prevents,2,0.0005748085710550384,0.0,0.0005748085710550384,0.0005748085710550384,10.959224648395887,P5,P2,1,1,1,0.8075675675675675,0.2293922849063127,0,0,0,,,0.6931471805599453,0.0003984269403884909
5,reduces_or_prevents,3,0.00015876001485325432,0.0,0.00015876001485325432,0.00015876001485325432,9.672626893629527,P5,P3,1,1,1,0.7727272727272727,0.577422135314297,0,0,0,,,0.6931471805599453,0.00011004405668118827
5,reduces_or_prevents,4,5.8020885083837435e-05,0.0,5.8020885083837435e-05,5.8020885083837435e-05,8.6661455562514,P5,P4,1,1,1,0.7201680672268906,0.34499498147241514,0,0,0,,,0.6931471805599453,4.02170129094545e-05
5,reduces_or_prevents,5,0.00010342308203111668,0.0020645492126645385,-0.0019611261306334217,0.0019611261306334217,-2.9937471730957324,P5,P5,1,1,1,0.6956780538302277,0.7458979447269087,1,1,1,0.7734065934065935,0.2992033909452735,1.0986122886681096,0.0021545172667420173
5,reduces_or_prevents,6,0.0004229512272444644,0.0,0.0004229512272444644,0.0004229512272444644,10.652450699472606,P5,P6,2,2,2,0.7967857142857143,0.2906267956900094,0,0,0,,,1.0986122886681096,0.00046465941575802677
5,reduces_or_prevents,7,3.639678041074567e-05,0.0,3.639678041074567e-05,3.639678041074567e-05,8.199925218304234,P5,P7,1,1,1,0.8323809523809522,0.173047202651324,0,0,0,,,0.6931471805599453,2.522832572316781e-05
5,reduces_or_prevents,8,0.0024518578610944375,0.0,0.0024518578610944375,0.0024518578610944375,12.409775591336938,P5,P8,2,2,2,0.7193428317169734,0.2520856564198743,0,0,0,,,1.0986122886681096,0.0026936411762658557
5,requires_or_depends_on,0,0.00039365178674446175,0.0018643634285521243,-0.0014707116418076626,0.0014707116418076626,-1.5551881810111,P5,P0,4,4,4,0.5871628787878788,0.3057202624850016,2,2,2,0.7662532967032967,0.33421400894992226,1.9459101490553132,0.002861872710127333
5,requires_or_depends_on,1,0.0,0.0025263743399510283,-0.0025263743399510283,0.0025263743399510283,-12.439714630907492,P5,P1,0,0,0,,,2,2,2,0.5808571428571427,0.19282055327210323,1.0986122886681096,0.0027755058956459838
5,requires_or_depends_on,2,0.00012788044489980512,0.0,0.00012788044489980512,0.00012788044489980512,9.456344184196563,P5,P2,1,1,1,0.7746153846153846,0.31828279434663237,0,0,0,,,0.6931471805599453,8.863996983105135e-05
5,requires_or_depends_on,3,7.927717177908008e-05,0.0029751596167423527,-0.0028958824449632726,0.0028958824449632726,-3.624979983064167,P5,P3,1,1,1,0.5519579831932773,0.2240639003093396,2,1,1,0.6818757763975155,0.3858739886105672,1.0986122886681096,0.003181452040574902
5,requires_or_depends_on,4,0.0,0.0,0.0,0.0,0.0,P5,P4,0,0,0,,,0,0,0,,,0.0,0.0
5,requires_or_depends_on,5,0.0011878366344299407,0.008659230097053387,-0.007471393462623446,0.007471393462623446,-1.9864848531068493,P5,P5,5,3,3,0.6812879375621216,0.5878727890770346,2,2,2,0.6817507936507936,0.2351562528587583,1.791759469228055,0.013386939984984145
5,requires_or_depends_on,6,0.000269029316120429,0.0006559442192368754,-0.0003869149031164464,0.0003869149031164464,-0.8912334732566184,P5,P6,3,2,2,0.7649665489384159,0.3121559965471887,1,1,1,0.6850384615384615,0.6886309324900821,1.3862943611198906,0.0005363779484235784
5,requires_or_depends_on,7,0.0,0.006416497222839565,-0.006416497222839565,0.006416497222839565,-13.371799388338546,P5,P7,0,0,0,,,2,2,2,0.7501589743589743,0.4983936186563398,1.0986122886681096,0.0070492426992163435
5,requires_or_depends_on,8,9.476934967868618e-05,0.001566040807122348,-0.0014712714574436618,0.0014712714574436618,-2.804760764769575,P5,P8,1,1,1,0.771016806722689,0.3926748598333263,1,1,1,0.612489010989011,0.7196367186830022,1.0986122886681096,0.0016163569031142466
5,risks_or_threatens,0,0.0,0.0,0.0,0.0,0.0,P5,P0,0,0,0,,,0,0,0,,,0.0,0.0
5,risks_or_threatens,1,0.0,0.0,0.0,0.0,0.0,P5,P1,0,0,0,,,0,0,0,,,0.0,0.0
5,risks_or_threatens,2,0.0004000822477337252,0.0,0.0004000822477337252,0.0004000822477337252,10.596865325841835,P5,P2,1,1,1,0.6070416666666666,0.22998433170136653,0,0,0,,,0.6931471805599453,0.0002773158820087172
5,risks_or_threatens,3,0.0,0.0,0.0,0.0,0.0,P5,P3,0,0,0,,,0,0,0,,,0.0,0.0
5,risks_or_threatens,4,0.0010781952355690383,0.0,0.0010781952355690383,0.0010781952355690383,11.58822330483605,P5,P4,2,2,2,0.6382048345041811,0.43112078362755124,0,0,0,,,1.0986122886681096,0.0011845185353795528
5,risks_or_threatens,5,0.0,0.0011045936009992736,-0.0011045936009992736,0.0011045936009992736,-11.612412003452828,P5,P5,0,0,0,,,2,1,1,0.7633928571428571,0.6844137640600102,0.6931471805599453,0.0007656459401972036
5,risks_or_threatens,6,6.661070044819967e-05,0.0,6.661070044819967e-05,6.661070044819967e-05,8.804185532781206,P5,P6,1,1,1,0.7201680672268906,0.14602135022315932,0,0,0,,,0.6931471805599453,4.617101921079269e-05
5,risks_or_threatens,7,0.00029748994781887467,0.0,0.00029748994781887467,0.00029748994781887467,10.30058423557502,P5,P7,2,2,2,0.8006050420168067,0.31031108993637246,0,0,0,,,1.0986122886681096,0.0003268261124290504
5,risks_or_threatens,8,0.0,0.0,0.0,0.0,0.0,P5,P8,0,0,0,,,0,0,0,,,0.0,0.0
6,causes_or_increases,0,0.006092247902656112,0.0004754449121469071,0.005616802990509205,0.005616802990509205,2.5505019922575793,P6,P0,20,15,15,0.6882633038291103,0.39319242663050735,1,1,1,0.7762406015037594,0.16720857690034963,2.833213344056216,0.01591360118364554
6,causes_or_increases,1,0.0033094353525421633,0.0014775436337169604,0.001831891718825203,0.001831891718825203,0.8063928381848895,P6,P1,15,7,7,0.7947386059955394,0.5158611625628,1,1,1,0.96,0.2173111479123001,2.1972245773362196,0.004025077507621427
6,causes_or_increases,2,0.0011862138259228988,0.0,0.0011862138259228988,0.0011862138259228988,11.683700471114872,P6,P2,7,5,5,0.742245914457737,0.45037461545368335,0,0,0,,,1.791759469228055,0.0021254098551265936
6,causes_or_increases,3,0.002137338838704034,0.002107793151896483,2.9545686807551114e-05,2.9545686807551114e-05,0.013919955727620562,P6,P3,8,4,4,0.7142555573716901,0.4376963877989501,4,4,4,0.6690727200314616,0.44112707011958696,2.1972245773362196,6.491850920782981e-05
6,causes_or_increases,4,0.0042762360568828536,0.001991329534120399,0.0022849065227624546,0.0022849065227624546,0.7642679902042837,P6,P4,9,7,7,0.7703124969171518,0.3754659577229353,2,1,1,0.7883333333333333,0.610611349972157,2.1972245773362196,0.005020452768729505
6,causes_or_increases,5,0.004157074236291471,0.0005764960343659363,0.0035805782019255345,0.0035805782019255345,1.9755833958711844,P6,P5,10,9,9,0.7190425667789462,0.408994966048806,2,2,2,0.657481684981685,0.16570663524291973,2.4849066497880004,0.008897402584050721
6,causes_or_increases,6,0.023348688758778446,0.027858234162281666,-0.004509545403503221,0.004509545403503221,-0.1765876878709878,P6,P6,62,25,25,0.7285852557712105,0.41915663091118055,16,7,7,0.7220942021246297,0.5138765308284403,3.4965075614664802,0.015767659602125422
6,causes_or_increases,7,0.0031040184707717155,0.00272133845671175,0.0003826800140599657,0.0003826800140599657,0.1315732609581553,P6,P7,18,11,11,0.7317013810559734,0.3230483544255823,2,2,2,0.8895294117647059,0.39106246330491023,2.639057329615259,0.0010099144960022228
6,causes_or_increases,8,0.0014279839917476942,0.009323395133332028,-0.007895411141584333,0.007895411141584333,-1.8762572631753522,P6,P8,12,9,9,0.7106605756066263,0.3927301049522476,8,4,4,0.7079147003146162,0.5793156443070558,2.639057329615259,0.020836442643524113
6,enables_or_supports,0,0.00210604028341577,0.0020399168614926525,6.61234219231175e-05,6.61234219231175e-05,0.03190033468861292,P6,P0,11,9,9,0.6759526515470702,0.34270470429337235,2,2,2,0.6658196988196988,0.39126781978505654,2.4849066497880004,0.00016431053084349232
6,enables_or_supports,1,0.0021589507949927892,0.0020133856644822825,0.00014556513051050676,0.00014556513051050676,0.0698043105152789,P6,P1,12,6,6,0.7429537012375618,0.4300321489684342,2,2,2,0.5978214285714285,0.674676137926806,2.1972245773362196,0.0003198392823608398
6,enables_or_supports,2,0.004199731704201739,0.0,0.004199731704201739,0.004199731704201739,12.947948489368825,P6,P2,7,6,6,0.7773986394557822,0.44057724252493585,0,0,0,,,1.9459101490553132,0.008172300546515531
6,enables_or_supports,3,0.0012088643919067794,0.003984554296959317,-0.0027756899050525377,0.0027756899050525377,-1.1927382984644865,P6,P3,8,6,6,0.7154543284795802,0.3728784726057104,4,2,2,0.7892374239350911,0.5632356477627014,2.1972245773362196,0.006098814078445473
6,enables_or_supports,4,0.004213494498936677,0.0015516255372897037,0.002661868961646973,0.002661868961646973,0.9989851640104659,P6,P4,14,9,9,0.696870159518616,0.4201425182935143,2,2,2,0.6967028298498886,0.18935017013952282,2.4849066497880004,0.006614495883660843
6,enables_or_supports,5,0.009456082560908971,0.0018646458575390197,0.007591436703369952,0.007591436703369952,1.6235827399261518,P6,P5,19,13,13,0.6387233861662633,0.4430999808254179,1,1,1,0.8304838709677419,0.15155167438718742,2.70805020110221,0.020557991691215697
6,enables_or_supports,6,0.018628883780448083,0.005819465476898872,0.012809418303549211,0.012809418303549211,1.1635036710149491,P6,P6,49,18,18,0.6907402682829192,0.43757509781120324,2,2,2,0.8443073593073593,0.5432981246914299,3.044522437723423,0.038998561439340676
6,enables_or_supports,7,0.007004820558256369,0.0037089700479442296,0.0032958505103121397,0.0032958505103121397,0.6358430716802609,P6,P7,24,14,14,0.6168429998269703,0.37639687248047826,2,2,2,0.7392046130952381,0.5710013313141727,2.833213344056216,0.009337847645830843
6,enables_or_supports,8,0.0022360008975621684,0.0,0.0022360008975621684,0.0022360008975621684,12.317618893937327,P6,P8,17,7,7,0.6741407110501954,0.4440889431534054,0,0,0,,,2.0794415416798357,0.004649633153624172
6,expected_to_improve,0,0.0,0.0,0.0,0.0,0.0,P6,P0,0,0,0,,,0,0,0,,,0.0,0.0
6,expected_to_improve,1,0.0001996587461940389,0.0,0.0001996587461940389,0.0001996587461940389,9.901829910376382,P6,P1,1,1,1,0.5147272727272726,1.0,0,0,0,,,0.6931471805599453,0.00013839289699853178
6,expected_to_improve,2,0.0,0.0,0.0,0.0,0.0,P6,P2,0,0,0,,,0,0,0,,,0.0,0.0
6,expected_to_improve,3,0.0001544266213890547,0.0,0.0001544266213890547,0.0001544266213890547,9.644953980617085,P6,P3,2,2,2,0.6414761904761904,0.33172720488476126,0,0,0,,,1.0986122886681096,0.00016965498395551303
6,expected_to_improve,4,0.0005874570347516084,0.0011412797343121695,-0.0005538226995605611,0.0005538226995605611,-0.6640941144039897,P6,P4,2,2,2,0.5667637362637362,0.2942641283483877,1,1,1,0.6098095238095238,0.38183354957405624,1.3862943611198906,0.0007677612854610011
6,expected_to_improve,5,0.0005993267662437572,0.0,0.0005993267662437572,0.0005993267662437572,11.000993840216829,P6,P5,4,3,3,0.6060455491071428,0.4076071438902367,0,0,0,,,1.3862943611198906,0.0008308433165119394
6,expected_to_improve,6,0.00844080841973403,0.009548733182102313,-0.0011079247623682828,0.0011079247623682828,-0.12333026879427249,P6,P6,8,7,7,0.6036280547214413,0.5180154476420744,2,2,2,0.8548267857142856,0.3753567033239091,2.302585092994046,0.0025510910419881787
6,expected_to_improve,7,0.0005610363336310841,0.0,0.0005610363336310841,0.0005610363336310841,10.934973679243079,P6,P7,4,3,3,0.6725915521978022,0.3260609603782459,0,0,0,,,1.3862943611198906,0.0007777615056961495
6,expected_to_improve,8,0.003359726991825215,0.0010793547380237114,0.0022803722538015034,0.0022803722538015034,1.1354900321270862,P6,P8,3,3,3,0.7241888888888889,0.8392385541214892,1,1,1,0.6306190476190475,0.49578167589046584,1.6094379124341003,0.0036701175597309357
6,reduces_or_prevents,0,0.0028415195960493976,0.0,0.0028415195960493976,0.0028415195960493976,12.55726796231396,P6,P0,5,3,3,0.7224564935064934,0.5125761228114794,0,0,0,,,1.3862943611198906,0.003939182593014949
6,reduces_or_prevents,1,0.00040934851445043307,0.0,0.00040934851445043307,0.00040934851445043307,10.619761521522005,P6,P1,1,1,1,0.87,0.23668669176361892,0,0,0,,,0.6931471805599453,0.0002837387686577197
6,reduces_or_prevents,2,0.00022474383523388508,0.0,0.00022474383523388508,0.00022474383523388508,10.020175923638652,P6,P2,1,1,1,0.9210526315789473,0.5256036622295562,0,0,0,,,0.6931471805599453,0.00015578055574059634
6,reduces_or_prevents,3,0.0,0.0008789703554737753,-0.0008789703554737753,0.0008789703554737753,-11.383932734702002,P6,P3,0,0,0,,,1,1,1,0.7875,1.0,0.6931471805599453,0.0006092558236924202
6,reduces_or_prevents,4,0.0019847704861019836,0.005032971007325036,-0.0030482005212230526,0.0030482005212230526,-0.9305041324806366,P6,P4,4,4,4,0.6808915278270117,0.5209662721739141,1,1,1,0.7898991935483871,1.0,1.791759469228055,0.0054616421480072974
6,reduces_or_prevents,5,0.00019314274895267146,0.0,0.00019314274895267146,0.00019314274895267146,9.868651507215887,P6,P5,2,2,2,0.7185027472527472,0.23664499197020056,0,0,0,,,1.0986122886681096,0.0002121889974665445
6,reduces_or_prevents,6,0.01714157230841092,0.004714595558205536,0.012426976750205383,0.012426976750205383,1.290841969829082,P6,P6,20,14,14,0.6801849476525927,0.4994408625058995,3,2,2,0.8635469067969068,0.40016748232929594,2.833213344056216,0.03520827635495824
6,reduces_or_prevents,7,0.0003398410081831551,0.0,0.0003398410081831551,0.0003398410081831551,10.433677496329686,P6,P7,3,3,3,0.6509340659340659,0.27105888643298953,0,0,0,,,1.3862943611198906,0.0004711196733216065
6,reduces_or_prevents,8,0.0002971490453092821,0.0,0.0002971490453092821,0.0002971490453092821,10.29943768755043,P6,P8,1,1,1,0.8873202614379085,0.5946264352153787,0,0,0,,,0.6931471805599453,0.00020596802296220834
6,requires_or_depends_on,0,0.013822566570933288,0.0,0.013822566570933288,0.013822566570933288,14.139228703771256,P6,P0,7,7,7,0.707564595453566,0.4106598692722467,0,0,0,,,2.0794415416798357,0.028743219140233676
6,requires_or_depends_on,1,0.0008926384122811842,0.0012025157897400717,-0.00030987737745888746,0.00030987737745888746,-0.2979866604195612,P6,P1,3,1,1,0.6729432773109244,0.4399317319626599,1,1,1,0.7815729166666666,0.14394156396214397,1.0986122886681096,0.00034043509485658
6,requires_or_depends_on,2,7.659026130200984e-05,0.0,7.659026130200984e-05,7.659026130200984e-05,8.943770673982211,P6,P2,1,1,1,0.7667857142857142,0.36564264313996264,0,0,0,,,0.6931471805599453,5.30883236798376e-05
6,requires_or_depends_on,3,0.00017336212759580682,0.0026348216172673365,-0.0024614594896715295,0.0024614594896715295,-2.7211342456505925,P6,P3,2,2,2,0.6094702380952381,0.7736567456322837,1,1,1,0.7040178571428571,0.8516844755432156,1.3862943611198906,0.0034123074106566847
6,requires_or_depends_on,4,0.0004140377990588915,0.0008769404712325638,-0.0004629026721736723,0.0004629026721736723,-0.7504690917332765,P6,P4,2,2,2,0.8802950549450549,0.45576907996157356,1,1,1,0.6561785714285714,0.7084801663893787,1.3862943611198906,0.0006417193641816912
6,requires_or_depends_on,5,0.001399833250777291,0.005947039246690397,-0.004547205995913106,0.004547205995913106,-1.4465349049978171,P6,P5,6,5,5,0.6857124352771411,0.4015990156280879,2,2,2,0.6886488795518206,0.37293604332847263,2.0794415416798357,0.009455649046477341
6,requires_or_depends_on,6,0.0049394836744215,0.004188021906086084,0.0007514617683354163,0.0007514617683354163,0.1650319194570326,P6,P6,29,8,8,0.6435794682779891,0.5156583239973859,4,3,3,0.6831664880952381,0.3480260442730665,2.4849066497880004,0.0018673123451981256
6,requires_or_depends_on,7,0.0017032551168955138,0.0,0.0017032551168955138,0.0017032551168955138,12.045472530926432,P6,P7,7,6,6,0.6367593507682793,0.367461741394513,0,0,0,,,1.9459101490553132,0.003314381418397374
6,requires_or_depends_on,8,5.753092343017843e-05,0.0,5.753092343017843e-05,5.753092343017843e-05,8.657666592473827,P6,P8,1,1,1,0.6835064935064935,0.33140256464227413,0,0,0,,,0.6931471805599453,3.987739737063828e-05
6,risks_or_threatens,0,0.0,0.0,0.0,0.0,0.0,P6,P0,0,0,0,,,0,0,0,,,0.0,0.0
6,risks_or_threatens,1,0.0004568636238084237,0.0012013893969076632,-0.0007445257730992395,0.0007445257730992395,-0.9668355021091626,P6,P1,4,3,3,0.7052199792960662,0.48571163486988406,1,1,1,0.98,0.2104828499959514,1.6094379124341003,0.0011982680060102246
6,risks_or_threatens,2,0.0,0.0,0.0,0.0,0.0,P6,P2,0,0,0,,,0,0,0,,,0.0,0.0
6,risks_or_threatens,3,0.0001423858174959581,0.0012347639602299215,-0.0010923781427339633,0.0010923781427339633,-2.160032577127095,P6,P3,1,1,1,0.9117647058823529,0.24154803234060265,1,1,1,0.9354545454545455,0.31097818340760164,1.0986122886681096,0.0012001000514799782
6,risks_or_threatens,4,9.16054903618767e-05,0.0,9.16054903618767e-05,9.16054903618767e-05,9.122770552125015,P6,P4,1,1,1,0.95,0.284528073055116,0,0,0,,,0.6931471805599453,6.349608736814607e-05
6,risks_or_threatens,5,0.0,0.0,0.0,0.0,0.0,P6,P5,0,0,0,,,0,0,0,,,0.0,0.0
6,risks_or_threatens,6,0.004202735762211912,0.0,0.004202735762211912,0.004202735762211912,12.948663529563808,P6,P6,13,10,10,0.6894808716924101,0.3129745416675445,0,0,0,,,2.3978952727983707,0.0100777202170286
6,risks_or_threatens,7,0.0011251823994300092,0.0,0.0011251823994300092,0.0011251823994300092,11.630879507719628,P6,P7,1,1,1,0.6853781512605042,0.2881273071427834,0,0,0,,,0.6931471805599453,0.0007799170077805851
6,risks_or_threatens,8,5.346558418543587e-05,0.00403299981716048,-0.003979534232975044,0.003979534232975044,-4.323043049710684,P6,P8,1,1,1,0.7257142857142856,0.2449008241087295,1,1,1,0.6142857142857143,0.9053658704682069,1.0986122886681096,0.004371965211521803
7,causes_or_increases,0,0.002799480845164796,0.005450281929570155,-0.002650801084405359,0.002650801084405359,-0.6662316126658363,P7,P0,13,7,7,0.7127696681021161,0.39024138823286086,5,5,5,0.7827798867798867,0.2655860102129517,2.5649493574615367,0.006799170538203871
7,causes_or_increases,1,0.001956985661198745,0.0011318443259404137,0.0008251413352583315,0.0008251413352583315,0.5475531871756251,P7,P1,3,3,3,0.7325564892623716,0.5243647408964582,2,2,2,0.7646031746031745,0.3182571885828322,1.791759469228055,0.0014784548009005964
7,causes_or_increases,2,0.00010807599937281234,0.0005732547122214252,-0.0004651787128486129,0.0004651787128486129,-1.6684203852481698,P7,P2,1,1,1,0.7949999999999999,0.16827226837973996,1,1,1,0.8527272727272727,0.273066821536065,1.0986122886681096,0.0005110510503622999
7,causes_or_increases,3,0.001265730017963068,0.0004410144444869271,0.0008247155734761409,0.0008247155734761409,1.0543119209700353,P7,P3,8,7,7,0.7925161828224543,0.3591446866250624,1,1,1,0.7762406015037594,0.5804373829335159,2.1972245773362196,0.0018120853273537116
7,causes_or_increases,4,0.0029372529870906757,0.000665549373031638,0.002271703614059038,0.002271703614059038,1.4846056204208846,P7,P4,10,8,8,0.7797667917595567,0.33652703785789917,1,1,1,0.5711779448621553,0.1867479263683281,2.302585092994046,0.00523079087743304
7,causes_or_increases,5,0.00294451650191864,0.007912292046779082,-0.004967775544860442,0.004967775544860442,-0.988470745528933,P7,P5,10,7,7,0.6858167578036,0.471555979732517,4,3,3,0.7693154941952582,0.29553333264235404,2.3978952727983707,0.011912205495344205
7,causes_or_increases,6,0.00893987766900667,0.010158498867170818,-0.0012186211981641479,0.0012186211981641479,-0.12778864221863642,P7,P6,16,10,10,0.7524258917025828,0.40246225541798775,5,4,4,0.6289164835164834,0.5633562051347168,2.70805020110221,0.0033000873807558367
7,causes_or_increases,7,0.005463596108316449,0.013338324162397466,-0.007874728054081017,0.007874728054081017,-0.8925331261592923,P7,P7,33,15,15,0.6759776910669033,0.37003444297395777,12,3,3,0.771748961327659,0.47541406314537493,2.9444389791664403,0.02318665623277164
7,causes_or_increases,8,0.0014848047743186976,0.0013646000234739514,0.00012020475084474624,0.00012020475084474624,0.08442134264751779,P7,P8,12,8,8,0.6934699694942533,0.292870172028078,2,2,2,0.7250615634365634,0.379698237691473,2.3978952727983707,0.00028823840381852296
7,enables_or_supports,0,0.01556099314210464,0.004311065724239607,0.011249927417865032,0.011249927417865032,1.2835805249947374,P7,P0,26,15,15,0.7084154266922446,0.4457360848532499,7,3,3,0.7413310621124907,0.4746073972790567,2.9444389791664403,0.033124724801955066
7,enables_or_supports,1,0.001652993958078541,0.0019399438769276652,-0.0002869499188491243,0.0002869499188491243,-0.16006998469516193,P7,P1,5,4,4,0.7289795517525952,0.6115721597476006,2,2,2,0.6909926686217007,0.557051030336809,1.9459101490553132,0.0005583787593591094
7,enables_or_supports,2,0.0035125455134956732,0.0030201106471083043,0.0004924348663873689,0.0004924348663873689,0.1510470591264678,P7,P2,10,9,9,0.6795957722421657,0.4298434107831273,2,2,2,0.8175741758241758,0.23700112697491382,2.4849066497880004,0.0012236546740734384
7,enables_or_supports,3,0.003483252842672668,0.0008412122026181376,0.0026420406400545302,0.0026420406400545302,1.4208688945039851,P7,P3,15,9,9,0.68899409525819,0.5607582088957431,1,1,1,0.8489999999999999,0.4845313688201769,2.3978952727983707,0.0063353367613279395
7,enables_or_supports,4,0.008295570552206297,0.0011533501245357515,0.007142220427670545,0.007142220427670545,1.973043379905887,P7,P4,17,13,13,0.6762174222440457,0.5045698924684853,2,2,2,0.5975082417582417,0.289558761974233,2.772588722239781,0.01980243980950994
7,enables_or_supports,5,0.01876515540489515,0.000764733400034156,0.018000422004860996,0.018000422004860996,3.2002171733059424,P7,P5,36,14,14,0.7029878028971576,0.5176204448926365,2,1,1,0.5196653011204482,0.2706154195470354,2.772588722239781,0.04990776704623439
7,enables_or_supports,6,0.007488387341529012,0.0,0.007488387341529012,0.007488387341529012,13.526280266510257,P7,P6,27,13,13,0.7065231823127247,0.4910874694850322,0,0,0,,,2.639057329615259,0.019762283500660262
7,enables_or_supports,7,0.019343139533240166,0.007461177796415331,0.011881961736824835,0.011881961736824835,0.9526237039219386,P7,P7,75,23,23,0.62572718245408,0.45382010497740616,9,3,3,0.7948829076712325,0.38534308287516056,3.295836866004329,0.03916100753268012
7,enables_or_supports,8,0.005630573676498229,0.005986542996301048,-0.000355969319802819,0.000355969319802819,-0.061302677435464845,P7,P8,23,13,13,0.6820157732296743,0.400253608074924,3,3,3,0.7911641348847231,0.4017852883161112,2.833213344056216,0.0010085370269399614
7,expected_to_improve,0,0.006461988199207447,0.000694401534560963,0.005767586664646484,0.005767586664646484,2.2306290936711624,P7,P0,10,6,6,0.6084457738095238,0.5327963839811449,2,2,2,0.7956756756756757,0.22681597892970096,2.1972245773362196,0.012672683171477886
7,expected_to_improve,1,0.0009006532349959119,0.0,0.0009006532349959119,0.0009006532349959119,11.408301605687692,P7,P1,2,2,2,0.7535562713148919,0.6825783710287069,0,0,0,,,1.0986122886681096,0.0009894687117951956
7,expected_to_improve,2,0.000459347057173616,0.0,0.000459347057173616,0.000459347057173616,10.734997995978464,P7,P2,2,2,2,0.7071948051948052,0.2363860212973141,0,0,0,,,1.0986122886681096,0.0005046443217744673
7,expected_to_improve,3,0.00027351344534823986,0.0,0.00027351344534823986,0.00027351344534823986,10.216557527570018,P7,P3,3,2,2,0.6457594612794612,0.3214291875024853,0,0,0,,,1.0986122886681096,0.0003004852321755297
7,expected_to_improve,4,0.00044450375635466115,0.0,0.00044450375635466115,0.00044450375635466115,10.70215118839267,P7,P4,4,4,4,0.5986889470443348,0.348069397519317,0,0,0,,,1.6094379124341003,0.0007154011976965618
7,expected_to_improve,5,0.015523196334149877,0.00035767317577036916,0.015165523158379508,0.015165523158379508,3.7704437554052728,P7,P5,5,4,4,0.7052655040356063,0.4945734847908552,1,1,1,0.8685714285714285,0.5335022702391321,1.791759469228055,0.02717296972482384
7,expected_to_improve,6,0.0014917955696726727,0.0,0.0014917955696726727,0.0014917955696726727,11.912912643027237,P7,P6,6,5,5,0.6973522702991453,0.45340666560308795,0,0,0,,,1.791759469228055,0.002672938838113472
7,expected_to_improve,7,0.004512604967207546,0.001326485871831072,0.0031861190953764735,0.0031861190953764735,1.2243360183172416,P7,P7,9,7,7,0.6933209469875137,0.5972522637684596,2,2,2,0.7874885730211818,0.5268729152801614,2.302585092994046,0.007336310333517543
7,expected_to_improve,8,0.0015947877925490122,0.0007210739606001047,0.0008737138319489075,0.0008737138319489075,0.7937466506375301,P7,P8,7,5,5,0.6894941237334093,0.5566774396304413,1,1,1,0.6717058823529412,0.693640270059475,1.9459101490553132,0.0017001686129593874
7,reduces_or_prevents,0,0.00022519717994518972,0.00019176061021269815,3.343656973249157e-05,3.343656973249157e-05,0.16072085900151162,P7,P0,1,1,1,0.7999999999999999,0.24419033721110303,1,1,1,0.8999999999999999,0.13625780162614637,1.0986122886681096,3.67338263990234e-05
7,reduces_or_prevents,1,0.000428739499952757,0.0005379847731568979,-0.0001092452732041409,0.0001092452732041409,-0.22697601260431552,P7,P1,1,1,1,0.643956043956044,0.4670735400594863,1,1,1,0.5604395604395603,0.22943364637930108,1.0986122886681096,0.00012001819962097413
7,reduces_or_prevents,2,0.0,0.0016946040298824168,-0.0016946040298824168,0.0016946040298824168,-12.040380468888735,P7,P2,0,0,0,,,1,1,1,0.710375939849624,0.40412574526986556,0.6931471805599453,0.0011746100054785184
7,reduces_or_prevents,3,0.0,0.0,0.0,0.0,0.0,P7,P3,0,0,0,,,0,0,0,,,0.0,0.0
7,reduces_or_prevents,4,0.0007802042571537971,0.002523599185389132,-0.001743394928235335,0.001743394928235335,-1.1738768016636798,P7,P4,4,3,3,0.6311923076923077,0.43652520528939776,1,1,1,0.809172932330827,0.6858420274762409,1.6094379124341003,0.002805885893847276
7,reduces_or_prevents,5,3.3598644758287e-05,0.0,3.3598644758287e-05,3.3598644758287e-05,8.119953504338103,P7,P5,1,1,1,0.7655555555555555,0.20796711656374295,0,0,0,,,0.6931471805599453,2.328880588484182e-05
7,reduces_or_prevents,6,0.013318904741375311,0.0,0.013318904741375311,0.013318904741375311,14.102110650890408,P7,P6,5,5,5,0.7080490783410138,0.562258000513096,0,0,0,,,1.791759469228055,0.02386427369010565
7,reduces_or_prevents,7,0.001277556786691664,0.0,0.001277556786691664,0.001277556786691664,11.757882785910136,P7,P7,7,6,6,0.7224532634377354,0.4309766865830474,0,0,0,,,1.9459101490553132,0.0024860107172178032
7,reduces_or_prevents,8,0.000613228108358491,0.0,0.000613228108358491,0.000613228108358491,11.02392347775807,P7,P8,3,3,3,0.7859999999999999,0.47028060460885457,0,0,0,,,1.3862943611198906,0.0008501146686975933
7,requires_or_depends_on,0,0.0017728176137185518,0.0031306608372127635,-0.0013578432234942117,0.0013578432234942117,-0.5686715127959178,P7,P0,3,3,3,0.5769351898101897,0.7475498466670364,2,2,2,0.6644273873185638,0.3328918789623896,1.791759469228055,0.0024329284534229
7,requires_or_depends_on,1,0.0002719878967924976,0.0,0.0002719878967924976,0.0002719878967924976,10.21096451987367,P7,P1,1,1,1,0.7912142857142856,0.7286594454010784,0,0,0,,,0.6931471805599453,0.0001885276438081491
7,requires_or_depends_on,2,0.00014784177049093682,0.0,0.00014784177049093682,0.00014784177049093682,9.601380407128216,P7,P2,1,1,1,0.8463636363636363,0.7328762143049604,0,0,0,,,0.6931471805599453,0.00010247610638478337
7,requires_or_depends_on,3,0.0003252387689318878,0.0,0.0003252387689318878,0.0003252387689318878,10.38976051838319,P7,P3,2,2,2,0.6877886904761904,0.7992667189380345,0,0,0,,,1.0986122886681096,0.00035731130829985973
7,requires_or_depends_on,4,0.0,0.00045334960480237406,-0.00045334960480237406,0.00045334960480237406,-10.721855826140883,P7,P4,0,0,0,,,1,1,1,0.7695,0.3606295671517987,0.6931471805599453,0.00031423800037673103
7,requires_or_depends_on,5,0.00041883811009941303,0.0003608892584408894,5.794885165852365e-05,5.794885165852365e-05,0.14890949157464073,P7,P5,2,2,2,0.8012232142857142,0.3832906213305843,1,1,1,0.7478142857142855,0.7926620138055764,1.3862943611198906,8.033416628758435e-05
7,requires_or_depends_on,6,0.00153814869463543,0.0,0.00153814869463543,0.00153814869463543,11.943511513198505,P7,P6,4,4,4,0.6346339285714285,0.37771546198739797,0,0,0,,,1.6094379124341003,0.002475554824107283
7,requires_or_depends_on,7,0.004742039129109713,0.000651529747419452,0.004090509381690261,0.004090509381690261,1.9848862232014726,P7,P7,15,8,8,0.7022369243737843,0.390054747388441,1,1,1,0.771875,0.6580332355120211,2.302585092994046,0.009418745925032286
7,requires_or_depends_on,8,0.0008329701094390118,0.0,0.0008329701094390118,0.0008329701094390118,11.33017994964537,P7,P8,6,4,4,0.6346955564043798,0.21343950973629255,0,0,0,,,1.6094379124341003,0.0013406136740555272
7,risks_or_threatens,0,0.0006760807056980928,0.0,0.0006760807056980928,0.0006760807056980928,11.121497433056485,P7,P0,2,2,2,0.5839705882352941,0.5294177560315632,0,0,0,,,1.0986122886681096,0.0007427505714113323
7,risks_or_threatens,1,0.0,0.002172938999719386,-0.002172938999719386,0.002172938999719386,-12.28901069598262,P7,P1,0,0,0,,,1,1,1,0.6750649350649349,0.7325616480751603,0.6931471805599453,0.0015061665411842402
7,risks_or_threatens,2,4.309725745588701e-05,0.0,4.309725745588701e-05,4.309725745588701e-05,8.36886155536988,P7,P2,1,1,1,0.7818181818181817,0.15856674076447702,0,0,0,,,0.6931471805599453,2.9872742495414163e-05
7,risks_or_threatens,3,0.0,0.0013970339988978765,-0.0013970339988978765,0.0013970339988978765,-11.847284040023158,P7,P3,0,0,0,,,1,1,1,0.6323809523809523,0.5524492957958755,0.6931471805599453,0.0009683501774824489
7,risks_or_threatens,4,0.0,0.0,0.0,0.0,0.0,P7,P4,0,0,0,,,0,0,0,,,0.0,0.0
7,risks_or_threatens,5,0.00040936018385318024,0.0,0.00040936018385318024,0.00040936018385318024,10.61979002767495,P7,P5,1,1,1,0.8833333333333333,0.4213990019468261,0,0,0,,,0.6931471805599453,0.00028374685727133273
7,risks_or_threatens,6,0.0,0.0,0.0,0.0,0.0,P7,P6,0,0,0,,,0,0,0,,,0.0,0.0
7,risks_or_threatens,7,0.0011365978040683367,0.0015717880167307565,-0.0004351902126624198,0.0004351902126624198,-0.3241719816576644,P7,P7,2,2,2,0.6603221288515406,0.555630647022451,1,1,1,0.6270329670329671,0.19211208127077317,1.3862943611198906,0.0006033017378284785
7,risks_or_threatens,8,0.00027736225087131257,0.0,0.00027736225087131257,0.00027736225087131257,10.230530655957168,P7,P8,3,3,3,0.6394915824915824,0.4397136239131943,0,0,0,,,1.3862943611198906,0.00038450572437042106
8,causes_or_increases,0,0.006334447374143407,0.006304317568456725,3.0129805686682568e-05,3.0129805686682568e-05,0.004767841671518485,P8,P0,14,11,11,0.7459492473385422,0.30213493374285233,4,4,4,0.8132231527093596,0.22846739827298135,2.772588722239781,8.353755945017211e-05
8,causes_or_increases,1,0.00033414988474190935,0.001459700713673679,-0.0011255508289317695,0.0011255508289317695,-1.4743739784804122,P8,P1,3,1,1,0.6121811521811521,0.38685635000700797,2,1,1,0.9708333333333333,0.2794846160807789,1.0986122886681096,0.0012365439721850192
8,causes_or_increases,2,0.001149025721269802,0.0015590838240547172,-0.00041005810278491516,0.00041005810278491516,-0.30518168307689136,P8,P2,3,3,3,0.828528789293495,0.3382962994099232,1,1,1,0.7890909090909091,0.2262587359999442,1.6094379124341003,0.0006599630569228416
8,causes_or_increases,3,0.0008261250356389395,0.0,0.0008261250356389395,0.0008261250356389395,11.321928427550516,P8,P3,8,5,5,0.7424300172756673,0.31589240721536876,0,0,0,,,1.791759469228055,0.0014802173553724342
8,causes_or_increases,4,0.0014144334894282877,0.0,0.0014144334894282877,0.0014144334894282877,11.859661625014926,P8,P4,9,6,6,0.727969754346566,0.3455427542771805,0,0,0,,,1.9459101490553132,0.0027523604822422263
8,causes_or_increases,5,0.0018423330056921588,0.0029632548318457804,-0.0011209218261536216,0.0011209218261536216,-0.4752535099997085,P8,P5,12,9,9,0.7397744661707476,0.3789582648025816,3,3,3,0.8647719298245614,0.3769448684054176,2.5649493574615367,0.002875107717757344
8,causes_or_increases,6,0.005001218835125304,0.006406592694062105,-0.0014053738589368007,0.0014053738589368007,-0.24764548024270014,P8,P6,13,9,9,0.6336957945900253,0.43265170097922534,6,4,4,0.7740108543417367,0.310553696703124,2.639057329615259,0.003708862183276845
8,causes_or_increases,7,0.003467284180447284,0.008620168734444803,-0.005152884553997519,0.005152884553997519,-0.9107313046262264,P8,P7,20,12,12,0.7389577338867837,0.34067797375968717,4,4,4,0.7329169934640523,0.4042669332340607,2.833213344056216,0.014599221278766934
8,causes_or_increases,8,0.01058745771006607,0.0041872045511451,0.00640025315892097,0.00640025315892097,0.9276352822198638,P8,P8,43,14,14,0.7037471534660006,0.32483817446440205,3,3,3,0.7431926406926407,0.6105110604801961,2.8903717578961645,0.018499110973930883
8,enables_or_supports,0,0.0025737018273363408,0.0030771591542385185,-0.0005034573269021778,0.0005034573269021778,-0.17866092086738017,P8,P0,11,9,9,0.7075427905427905,0.34264535541662267,1,1,1,0.7732262931034481,0.3976279270976527,2.3978952727983707,0.001207237944234436
8,enables_or_supports,1,0.003990298223869428,0.00038125026593837925,0.0036090479579310485,0.0036090479579310485,2.348141501379853,P8,P1,11,9,9,0.6860331179207265,0.39688250458104046,1,1,1,0.8617857142857143,0.21653601838577202,2.3978952727983707,0.008654119037625474
8,enables_or_supports,2,0.002261269714261817,0.08298674953792753,-0.08072547982366572,0.08072547982366572,-3.6027501731554827,P8,P2,7,6,6,0.7911016224671686,0.25193419645163834,3,2,2,0.7218869047619046,0.48452211926086974,2.1972245773362196,0.17737200828581742
8,enables_or_supports,3,0.0019846035157839686,0.0031408457294027007,-0.0011562422136187321,0.0011562422136187321,-0.45907109527302453,P8,P3,14,7,7,0.7601954849699181,0.3969431104522494,4,4,4,0.619205089017589,0.5166787577269893,2.4849066497880004,0.002873153965386785
8,enables_or_supports,4,0.0004040216325622762,0.001688470143247073,-0.0012844485106847966,0.0012844485106847966,-1.4300909064431975,P8,P4,3,3,3,0.5935500345065562,0.44348088709946326,2,1,1,0.7965037278657967,0.39421484481369906,1.6094379124341003,0.002067240129665628
8,enables_or_supports,5,0.003014672468888459,0.010599304565695586,-0.007584632096807127,0.007584632096807127,-1.25729482789896,P8,P5,25,11,11,0.7040268594073096,0.35452884856057343,1,1,1,0.7540285714285715,0.23149904561111012,2.5649493574615367,0.01945419722328759
8,enables_or_supports,6,0.00948431274561281,0.0004240130369814869,0.009060299708631323,0.009060299708631323,3.1076076908837527,P8,P6,22,15,15,0.7096460857536564,0.3473303606016299,1,1,1,0.5473809523809523,0.6004662229643705,2.833213344056216,0.02566976203564291
8,enables_or_supports,7,0.010291631201412218,0.0014640906636227047,0.008827540537789513,0.008827540537789513,1.9500908594398296,P8,P7,30,20,20,0.7424512335676317,0.36407587480392306,4,2,2,0.657086397977023,0.21426809685315742,3.1354942159291497,0.027678702297119114
8,enables_or_supports,8,0.0112769640194516,0.0039050815283268652,0.007371882491124735,0.007371882491124735,1.0604817276256195,P8,P8,37,14,14,0.6914152204262475,0.35557213727775505,2,2,2,0.5928035714285713,0.31890167590031926,2.833213344056216,0.02088611584466898
8,expected_to_improve,0,0.0004818565497143053,0.0,0.0004818565497143053,0.0004818565497143053,10.782837393891079,P8,P0,2,2,2,0.7156522727272727,0.20315807857004783,0,0,0,,,1.0986122886681096,0.0005293735268913516
8,expected_to_improve,1,0.00029071478173963165,0.0,0.00029071478173963165,0.00029071478173963165,10.27754723842182,P8,P1,2,2,2,0.7855972222222222,0.36427017118668636,0,0,0,,,1.0986122886681096,0.00031938283171662667
8,expected_to_improve,2,0.0007573740348706141,0.0,0.0007573740348706141,0.0007573740348706141,11.235040622372539,P8,P2,5,3,3,0.7218130264180264,0.3171437842401278,0,0,0,,,1.3862943611198906,0.0010499433537997517
8,expected_to_improve,3,0.0001667562217635168,0.0,0.0001667562217635168,0.0001667562217635168,9.721763147992375,P8,P3,1,1,1,0.8400714285714286,0.5092677891197369,0,0,0,,,0.6931471805599453,0.00011558660495621067
8,expected_to_improve,4,0.005131731694869653,0.000683601797898083,0.004448129896971569,0.004448129896971569,2.0158101826400676,P8,P4,4,4,4,0.6671947032436162,0.31214616169758447,1,1,1,0.8848571428571427,0.317010612877338,1.791759469228055,0.007969978863255222
8,expected_to_improve,5,0.00047455453946638706,0.0003010887266128997,0.00017346581285348735,0.00017346581285348735,0.45495941817411445,P8,P5,4,4,4,0.6404835912698412,0.3872581751194535,1,1,1,0.6400625,0.41583906292170414,1.791759469228055,0.00031080901276757763
8,expected_to_improve,6,0.002289619699820509,0.0029359404190731917,-0.0006463207192526827,0.0006463207192526827,-0.24864112201738903,P8,P6,5,5,5,0.7374488095238094,0.3489060757679102,2,2,2,0.7832371403106696,0.4415347223578358,2.0794415416798357,0.0013439861528624188
8,expected_to_improve,7,0.0005936030512879269,0.0004552027755838384,0.00013840027570408847,0.00013840027570408847,0.265462729994629,P8,P7,5,4,4,0.6780401779701779,0.3707327785786795,1,1,1,0.8222413793103448,0.5112907308042115,1.791759469228055,0.00024798000453657405
8,expected_to_improve,8,0.0029589238367039084,0.0,0.0029589238367039084,0.0029589238367039084,12.597754478119356,P8,P8,16,7,7,0.6838117806274127,0.3208322660199549,0,0,0,,,2.0794415416798357,0.00615290914470879
8,reduces_or_prevents,0,0.0,0.0,0.0,0.0,0.0,P8,P0,0,0,0,,,0,0,0,,,0.0,0.0
8,reduces_or_prevents,1,0.00038238370553651466,0.0,0.00038238370553651466,0.00038238370553651466,10.551620906612799,P8,P1,2,1,1,0.7673418972332016,0.24226316028366646,0,0,0,,,0.6931471805599453,0.0002650481873846995
8,reduces_or_prevents,2,0.00012279947580398385,0.0005601599715947262,-0.00043736049579074236,0.00043736049579074236,-1.5176060811174037,P8,P2,1,1,1,0.7914390756302521,0.1896042774640641,1,1,1,0.8692016806722689,0.5557677139315366,1.0986122886681096,0.00048048961525368655
8,reduces_or_prevents,3,0.0005729681974655242,0.0,0.0005729681974655242,0.0005729681974655242,10.956017852180532,P8,P3,3,3,3,0.8876190476190476,0.3586776467298729,0,0,0,,,1.3862943611198906,0.0007943025812474842
8,reduces_or_prevents,4,0.00034530607373983334,0.010892623626584936,-0.010547317552845102,0.010547317552845102,-3.4513818722927434,P8,P4,3,3,3,0.673074060269269,0.23438957634683408,1,1,1,0.5517460317460317,0.3368764023675515,1.6094379124341003,0.016975252744030563
8,reduces_or_prevents,5,0.00010955143193118182,0.0028118839121541368,-0.002702332480222955,0.002702332480222955,-3.2451281112439068,P8,P5,1,1,1,0.7398518518518519,0.2081545807329518,3,2,2,0.8161344537815126,0.3402557370608554,1.3862943611198906,0.003746228279204211
8,reduces_or_prevents,6,0.0009865988045637485,0.0,0.0009865988045637485,0.0009865988045637485,11.499443798895232,P8,P6,4,4,4,0.7790589763177999,0.4149665522952063,0,0,0,,,1.6094379124341003,0.0015878695204270582
8,reduces_or_prevents,7,0.0012170111388916918,0.0,0.0012170111388916918,0.0012170111388916918,11.70933164849748,P8,P7,4,4,4,0.6706269841269841,0.2746715155136265,0,0,0,,,1.6094379124341003,0.0019587038667868914
8,reduces_or_prevents,8,0.003553580040257708,0.01648380261732343,-0.012930222577065723,0.012930222577065723,-1.5344204744279464,P8,P8,9,8,8,0.7574948318565966,0.3028966861771604,1,1,1,0.8738345864661654,0.5074445106397452,2.302585092994046,0.02977293775504659
8,requires_or_depends_on,0,0.0006072104235959509,0.002367994190357391,-0.00176078376676144,0.00176078376676144,-1.3609109043649723,P8,P0,4,4,4,0.6419759740259741,0.41742327067042906,1,1,1,0.4994285714285714,0.30634476261862587,1.791759469228055,0.003154900987357853
8,requires_or_depends_on,1,0.0,0.0,0.0,0.0,0.0,P8,P1,0,0,0,,,0,0,0,,,0.0,0.0
8,requires_or_depends_on,2,6.531722086339768e-05,0.0,6.531722086339768e-05,6.531722086339768e-05,8.784578993960356,P8,P2,1,1,1,0.8175014662756599,0.15532941414043433,0,0,0,,,0.6931471805599453,4.527444748347534e-05
8,requires_or_depends_on,3,7.725782247859066e-05,0.0,7.725782247859066e-05,7.725782247859066e-05,8.952447786853062,P8,P3,1,1,1,0.5238571428571428,0.5628426155332391,0,0,0,,,0.6931471805599453,5.355104182723588e-05
8,requires_or_depends_on,4,0.00044598668003110824,0.0,0.00044598668003110824,0.00044598668003110824,10.70548169410401,P8,P4,4,2,2,0.6237448933071239,0.551033702952918,0,0,0,,,1.0986122886681096,0.0004899664472644677
8,requires_or_depends_on,5,0.0006477580956587254,0.0,0.0006477580956587254,0.0006477580956587254,11.078702941217216,P8,P5,2,2,2,0.7518745421245421,0.5797390950989024,0,0,0,,,1.0986122886681096,0.0007116350039749285
8,requires_or_depends_on,6,0.0008871443774921836,0.0,0.0008871443774921836,0.0008871443774921836,11.393189197676998,P8,P6,5,4,4,0.7508192546583851,0.27848898721489734,0,0,0,,,1.6094379124341003,0.0014278037949386694
8,requires_or_depends_on,7,3.504743067559015e-05,0.0,3.504743067559015e-05,3.504743067559015e-05,8.162157779156047,P8,P7,1,1,1,0.6059642857142857,0.19583558437103843,0,0,0,,,0.6931471805599453,2.4293027758655454e-05
8,requires_or_depends_on,8,0.0018550132784034047,0.0,0.0018550132784034047,0.0018550132784034047,12.13082270995542,P8,P8,9,5,5,0.6865297998358455,0.3228029727325975,0,0,0,,,1.791759469228055,0.0033237376071230786
8,risks_or_threatens,0,0.0,0.0,0.0,0.0,0.0,P8,P0,0,0,0,,,0,0,0,,,0.0,0.0
8,risks_or_threatens,1,0.00012139602765989042,0.0,0.00012139602765989042,0.00012139602765989042,9.40431071461559,P8,P1,1,1,1,0.787912087912088,0.29138392937000823,0,0,0,,,0.6931471805599453,8.414531430363018e-05
8,risks_or_threatens,2,0.0,0.0,0.0,0.0,0.0,P8,P2,0,0,0,,,0,0,0,,,0.0,0.0
8,risks_or_threatens,3,0.0,0.0,0.0,0.0,0.0,P8,P3,0,0,0,,,0,0,0,,,0.0,0.0
8,risks_or_threatens,4,5.7940092998289134e-05,0.0,5.7940092998289134e-05,5.7940092998289134e-05,8.664752360574793,P8,P4,1,1,1,0.591111111111111,0.19513124355900546,0,0,0,,,0.6931471805599453,4.0161012103145143e-05
8,risks_or_threatens,5,0.002242551695580089,0.0,0.002242551695580089,0.002242551695580089,12.32054429150696,P8,P5,3,3,3,0.8061759530791788,0.30394345337519935,0,0,0,,,1.3862943611198906,0.0031088367701025267
8,risks_or_threatens,6,0.002275799333157818,0.0,0.002275799333157818,0.002275799333157818,12.335261204947418,P8,P6,1,1,1,0.7206896551724138,0.2574495493108786,0,0,0,,,0.6931471805599453,0.001577463891298545
8,risks_or_threatens,7,0.0003793989525814697,0.016061727503619682,-0.015682328551038214,0.015682328551038214,-3.7455805160136837,P8,P7,1,1,1,0.8234224598930481,0.41082647788668314,2,1,1,0.759963768115942,0.24427278577051048,1.0986122886681096,0.01722879886110133
8,risks_or_threatens,8,0.0011979759189308518,0.0,0.0011979759189308518,0.0011979759189308518,11.69356721078043,P8,P8,2,2,2,0.6676428571428572,0.16455155354674414,0,0,0,,,1.0986122886681096,0.0013161110660659047
